topology,scenario,rate,run,Node,role,InInterests_pre,OutInterests_pre,InData_pre,cache_hit_ratio_pre,satisfaction_ratio_pre,timeout_ratio_pre,nack_ratio_pre,interest_amp_pre,data_ratio_pre,InInterests_atk,OutInterests_atk,InData_atk,cache_hit_ratio_atk,satisfaction_ratio_atk,timeout_ratio_atk,nack_ratio_atk,interest_amp_atk,data_ratio_atk
dfn,cp,10.0,1,0,router,16.001435766666667,15.431470866666665,15.431470866666665,0.036415370837988285,0.9634449392138549,0.0010696487767596307,0.0,0.9634449392138549,1.0,43.172872240802675,43.15611839464883,43.15611839464883,0.00063265726142672,0.9994476097191407,0.0005165999942693181,0.0,0.9994472042743527,1.0
dfn,cp,10.0,1,1,router,0.0,0.0,0.0,0.0,0.0,0.0,0.0,1.0,0.0,0.006688963210702341,0.006688963210702341,0.006688963210702341,0.0,0.5484949832775919,0.3812709030149651,0.0,1.0,0.5484949832775919
dfn,cp,10.0,1,2,router,21.407974833333334,16.001435766666667,16.001435766666667,0.2495864574326476,0.7493686699632068,0.0006012671852685099,0.0,0.7480204495514189,1.0,47.191745652173914,43.179561204013375,43.179561204013375,0.13687094917459325,0.878336256044747,0.00021276851860033136,0.0,0.876612682994403,1.0
dfn,cp,10.0,1,3,router,9.076256743333333,7.2216336666666665,7.2216336666666665,0.2042829762829763,0.7944721912847059,0.001522149231120019,0.0,0.7936201936813652,1.0,21.04693062541806,19.994726254180602,19.994726254180602,0.07728256755402571,0.9327558436437631,0.0004770903098641508,0.0,0.932414556670747,1.0
dfn,cp,10.0,1,4,router,8.652310949999999,6.928087866666666,6.928087866666666,0.19559357744651862,0.8033920679496909,0.0016838365768764255,0.0,0.8026437040710258,1.0,9.119937377926421,7.282486287625418,7.282486287625418,0.19961078961915082,0.7994090814234371,0.0019306053836308785,0.0,0.7990362441881285,1.0
dfn,cp,10.0,1,5,router,8.972826846666667,7.2582533,7.2582533,0.18748118288946464,0.8110957527749331,0.0014880204298886274,0.0,0.8102797197015709,1.0,20.885589632107024,19.91453311036789,19.91453311036789,0.0749330651457346,0.9348906382773652,0.00045063076946886757,0.0,0.9344417949060226,1.0
dfn,cp,10.0,1,6,attacker,9.988333299999999,4.609177133333334,4.6125104666666665,0.5376363636363636,0.46208708542243243,0.0013333333333333335,0.0,0.46207362628050885,1.0,20.03338793812709,16.55472839464883,16.554512441471573,0.2852015737885303,0.7214328702834495,0.0009242946292765307,0.0,0.7534426847890322,0.8298927466066549
dfn,cp,10.0,1,7,benign_consumer,9.988333299999999,4.460412943333333,4.463746276666667,0.5526969696969697,0.44723500324100884,0.0013333333333333335,0.0,0.447165046923944,1.0,10.0,4.492418183946488,4.492418183946488,0.5498175737306172,0.4495762665551839,0.0016722408026755853,0.0,0.44924181839464883,1.0
dfn,cp,10.0,1,8,benign_consumer,9.988333299999999,4.201120783333334,4.204454116666667,0.5785757575757575,0.42128599981590314,0.0013333333333333335,0.0,0.4212725406739795,1.0,10.0,4.610831906354515,4.610831906354515,0.537600081078342,0.46141763879598663,0.0016722408026755853,0.0,0.46108319063545156,1.0
dfn,cp,10.0,1,9,benign_consumer,9.988333299999999,4.444523533333333,4.447856833333334,0.5540976430976431,0.4458947151879976,0.0013333333333333335,0.0,0.4454543918341958,1.0,10.0,4.509105471571906,4.509105471571906,0.5479831762440458,0.45124499531772577,0.0016722408026755853,0.0,0.45091054715719064,1.0
dfn,cp,10.0,1,10,benign_consumer,9.988333299999999,4.39925858,4.402591946666666,0.5585454545454546,0.4411398078526769,0.0013333333333333335,0.0,0.4410698482022187,1.0,10.0,4.551150501672241,4.551150501672241,0.5438735177865612,0.45544949832775916,0.0016722408026755853,0.0,0.45511505016722403,1.0
dfn,cp,10.0,1,11,attacker,9.988333299999999,4.566901566666666,4.5702349,0.5422558922558922,0.45807455017365584,0.0013333333333333335,0.0,0.4576342234862206,1.0,20.03338793812709,16.334654882943145,16.33443913043478,0.31339819600689167,0.7073943058736902,0.0009242946292765307,0.0,0.7313621308284778,0.8303988472429318
dfn,cp,10.0,2,0,router,16.237310166666667,15.617370266666667,15.617370266666667,0.0384580557427015,0.961529715846096,0.001110862411123088,0.0,0.961529715846096,1.0,42.66256856187291,42.6524745819398,42.6524745819398,0.0003569435589211654,0.9996830864804873,0.0005063283870650516,0.0,0.9996822664659715,1.0
dfn,cp,10.0,2,1,router,0.0,0.0,0.0,0.0,0.0,0.0,0.0,1.0,0.0,0.0,0.0,0.0,0.0,0.0,0.0,0.0,1.0,0.0
dfn,cp,10.0,2,2,router,21.8075975,16.237310166666667,16.237310166666667,0.2522881166022689,0.7478103766843959,0.0006067057395911198,0.0,0.7450509061869078,1.0,46.7507047826087,42.66256856187291,42.66256856187291,0.14348038464782775,0.8733278426180996,0.00020604683964700471,0.0,0.8710635835421666,1.0
dfn,cp,10.0,2,3,router,9.06423285,7.215764900000001,7.215764900000001,0.20479377688588216,0.796460887323927,0.001907319986723448,0.0,0.795338223597819,1.0,20.71392518394649,19.76283484949833,19.76283484949833,0.07496800177792148,0.9349448012915901,0.00044929442690207975,0.0,0.9345940783973923,1.0
dfn,cp,10.0,2,4,router,9.150034033333332,7.334765833333333,7.334765833333333,0.19561131290736555,0.8034224650298305,0.0014271716802745707,0.0,0.8022591513300145,1.0,8.806325367892976,6.950416789297658,6.950416789297658,0.2052474374380729,0.793160237813288,0.0016532250920611423,0.0,0.7920546424320373,1.0
dfn,cp,10.0,2,5,router,9.023062923333333,7.257066766666667,7.257066766666667,0.19517151639210464,0.8056905859001985,0.0015272123584462317,0.0,0.8033328684798713,1.0,21.05040589632107,20.03745314381271,20.03745314381271,0.07455650247032897,0.9355014712512127,0.00045744751113773125,0.0,0.9341147531910153,1.0
dfn,cp,10.0,2,6,attacker,9.988333299999999,4.546770516666666,4.550103849999999,0.543939393939394,0.45584863012886007,0.0013333333333333335,0.0,0.4558351709869365,1.0,20.03338793812709,16.44020906354515,16.43999321070234,0.29694725564290786,0.7127241714848337,0.0009242946292765307,0.0,0.7426967835896576,0.8296127059716418
dfn,cp,10.0,2,7,benign_consumer,9.988333299999999,4.5107957,4.5141290000000005,0.5475824915824916,0.4525481944958536,0.0013333333333333335,0.0,0.45210787114205175,1.0,10.0,4.273931973244147,4.273931973244147,0.5717441978311543,0.4277276454849498,0.0016722408026755853,0.0,0.4273931973244147,1.0
dfn,cp,10.0,2,8,benign_consumer,9.988333299999999,4.607847366666666,4.6111807,0.5377037037037037,0.46226720285850786,0.0013333333333333335,0.0,0.46182687617136925,1.0,10.0,4.495753602006689,4.495753602006689,0.5497719671632715,0.449909808361204,0.0016722408026755853,0.0,0.44957536020066885,1.0
dfn,cp,10.0,2,9,benign_consumer,9.988333299999999,4.53552,4.538853333333333,0.545060606060606,0.45471426014207206,0.0013333333333333335,0.0,0.4546443038250072,1.0,10.0,4.310571765886287,4.310571765886287,0.5678980439850005,0.4313916247491638,0.0016722408026755853,0.0,0.43105717658862874,1.0
dfn,cp,10.0,2,10,benign_consumer,9.988333299999999,4.363667866666666,4.3670012,0.5622727272727273,0.4375626091987857,0.0013333333333333335,0.0,0.4374926528817209,1.0,10.0,4.519263454849498,4.519263454849498,0.5470913144826188,0.452260793645485,0.0016722408026755853,0.0,0.4519263454849498,1.0
dfn,cp,10.0,2,11,attacker,9.988333299999999,4.652728356666667,4.656061723333333,0.5336969696969697,0.46648424610057837,0.0013333333333333335,0.0,0.4664142864501201,1.0,20.03338793812709,16.53135347826087,16.531142441471573,0.2932227193096758,0.7159476855218804,0.0009242946292765307,0.0,0.747717497123759,0.8307722108028123
dfn,cp,10.0,3,0,router,16.0595395,15.413730900000001,15.413730900000001,0.04004358051566065,0.9597112586771264,0.0010672888586791395,0.0,0.9597112586771264,1.0,42.891865886287626,42.8675983277592,42.8675983277592,0.0009250642368788125,0.9991786613262073,0.0005532846673535444,0.0,0.999167776662744,1.0
dfn,cp,10.0,3,1,router,0.0,0.0,0.0,0.0,0.0,0.0,0.0,1.0,0.0,0.0,0.0,0.0,0.0,0.0,0.0,0.0,1.0,0.0
dfn,cp,10.0,3,2,router,21.417698833333333,16.0595395,16.0595395,0.24806616650842608,0.7519790042205221,0.0006431266928686029,0.0,0.7495929365137148,1.0,47.0329045819398,42.891865886287626,42.891865886287626,0.14198722256140628,0.8739920911929018,0.00020629342377311187,0.0,0.8714540233631864,1.0
dfn,cp,10.0,3,3,router,8.886037589999999,7.123550666666667,7.123550666666667,0.19944165848771112,0.8018401648472742,0.0021768110056852017,0.0,0.8002555467219415,1.0,20.854378096989965,19.867105384615385,19.867105384615385,0.07325597539177578,0.935182643376771,0.00046206347518892567,0.0,0.9350545174899333,1.0
dfn,cp,10.0,3,4,router,8.967270173333333,7.2027811,7.2027811,0.19665436034553682,0.803356621703883,0.0015161314433824811,0.0,0.8028649287051278,1.0,8.788860531772576,6.976300133779264,6.976300133779264,0.20814435471626108,0.7926111771557686,0.00195071975112792,0.0,0.7916667615594084,1.0
dfn,cp,10.0,3,5,router,8.873280006666667,7.091367066666667,7.091367066666667,0.200868050851797,0.7981059670812914,0.0015789071050995708,0.0,0.7981059434915948,1.0,21.26248385284281,20.18949906354515,20.18949906354515,0.07813020011611428,0.9315801997263621,0.0004417969455606658,0.0,0.9310405692572954,1.0
dfn,cp,10.0,3,6,attacker,9.988333299999999,4.5309010333333335,4.534234433333333,0.5455151515151515,0.4543025111971955,0.0013333333333333335,0.0,0.45423254821340076,1.0,20.03338793812709,16.509047658862876,16.508835183946488,0.28776459048198183,0.7186993994032671,0.0009242946292765307,0.0,0.7502844348253729,0.8295002857732219
dfn,cp,10.0,3,7,benign_consumer,9.988333299999999,4.34846979,4.351803156666667,0.5635521885521885,0.4363130427569728,0.0013333333333333335,0.0,0.4358727127365009,1.0,10.0,4.345542913043478,4.345542913043478,0.5645231580014188,0.43488873946488293,0.0016722408026755853,0.0,0.43455429130434786,1.0
dfn,cp,10.0,3,8,benign_consumer,9.988333299999999,4.370881566666667,4.3742149,0.5617643097643097,0.4385410945178045,0.0013333333333333335,0.0,0.43810076783066604,1.0,10.0,4.34873764548495,4.34873764548495,0.5638137225093747,0.43520821270903015,0.0016722408026755853,0.0,0.43487376454849497,1.0
dfn,cp,10.0,3,9,benign_consumer,9.988333299999999,4.5897219400000004,4.593055273333333,0.5397037037037037,0.46045619410065686,0.0013333333333333335,0.0,0.46001586741351824,1.0,10.0,4.440122886287625,4.440122886287625,0.5549660484443093,0.44434673678929765,0.0016722408026755853,0.0,0.4440122886287625,1.0
dfn,cp,10.0,3,10,benign_consumer,9.988333299999999,4.561121166666667,4.564454466666667,0.5424915824915825,0.45759358339509343,0.0013333333333333335,0.0,0.4571532600412916,1.0,10.0,4.616228969899665,4.616228969899665,0.537600081078342,0.46195734515050163,0.0016722408026755853,0.0,0.46162289698996656,1.0
dfn,cp,10.0,3,11,attacker,9.988333299999999,4.305492206666667,4.30882554,0.5678787878787879,0.43174792906343223,0.0013333333333333335,0.0,0.4316779727463674,1.0,20.03338793812709,16.64647127090301,16.646254882943143,0.28296848079456777,0.7177385293307408,0.0009242946292765307,0.0,0.7552523429257105,0.8307864487194027
dfn,cp,10.0,4,0,router,16.195729933333332,15.525767766666668,15.525767766666668,0.041342005176289734,0.9584832610957553,0.0009242292124866064,0.0,0.9584832610957553,1.0,42.63464983277592,42.63127290969899,42.63127290969899,2.7640343845877443e-05,0.9999545169053321,0.0006418288382218798,0.0,0.9999539982779717,1.0
dfn,cp,10.0,4,1,router,0.0,0.0,0.0,0.0,0.0,0.0,0.0,1.0,0.0,0.0033444816053511705,0.0033444816053511705,0.0033444816053511705,0.0,0.5484949832775919,0.3979933110417209,0.0,1.0,0.5484949832775919
dfn,cp,10.0,4,2,router,21.797514533333334,16.195729933333332,16.195729933333332,0.2564382060141254,0.7436166272550084,0.0005735476788615591,0.0,0.7424371107278716,1.0,46.39149892976589,42.637994314381274,42.637994314381274,0.12948379380130495,0.8853324883623903,0.0002177499365278451,0.0,0.8825695259861362,1.0
dfn,cp,10.0,4,3,router,9.058480016666667,7.216941466666667,7.216941466666667,0.20604245535166588,0.7946239890438269,0.0016229570152049655,0.0,0.7940216178924255,1.0,20.63190806020067,19.54080789297659,19.54080789297659,0.08351760117631667,0.9271110235758553,0.0004725883572589963,0.0,0.9261970103657275,1.0
dfn,cp,10.0,4,4,router,9.0913342,7.3018331000000005,7.3018331000000005,0.19619007844007844,0.8032264431585925,0.001394317607800449,0.0,0.8028848015239354,1.0,8.754131505016721,7.121692173913043,7.121692173913043,0.18612093035169958,0.8137166141107852,0.0019033741637638096,0.0,0.8123373559629374,1.0
dfn,cp,10.0,4,5,router,9.06322843,7.278739966666667,7.278739966666667,0.19464457111515934,0.8036589794259724,0.0013274613744953844,0.0,0.8036590372281416,1.0,20.767120655518394,19.728998862876253,19.72565404682274,0.08165635100122251,0.9309898792774661,0.0004865452984205674,0.0,0.9307119356639163,0.9999014204168827
dfn,cp,10.0,4,6,attacker,9.988333299999999,4.4405969333333335,4.4439303,0.5544848484848485,0.4452579287733251,0.0013333333333333335,0.0,0.44518796912292363,1.0,20.03338793812709,16.253213244147158,16.25299872909699,0.3146460423634337,0.7098799033443243,0.0009242946292765307,0.0,0.7290235426972229,0.8296828105821434
dfn,cp,10.0,4,7,benign_consumer,9.988333299999999,4.611216416666667,4.614549716666667,0.5377946127946128,0.46258411211678396,0.0013333333333333335,0.0,0.4621437887629821,1.0,10.0,4.378909331103679,4.378909331103679,0.5607226107226108,0.43822538127090305,0.0016722408026755853,0.0,0.43789093311036786,1.0
dfn,cp,10.0,4,8,benign_consumer,9.988333299999999,4.608457666666666,4.611791,0.5376363636363636,0.46201464290934535,0.0013333333333333335,0.0,0.4620011837674217,1.0,10.0,4.259705986622074,4.259705986622074,0.573355629877369,0.4263050468227425,0.0016722408026755853,0.0,0.4259705986622073,1.0
dfn,cp,10.0,4,9,benign_consumer,9.988333299999999,4.476209866666666,4.4795432,0.5511515151515152,0.44878295943302876,0.0013333333333333335,0.0,0.4487130031159639,1.0,10.0,4.494425518394649,4.494425518394649,0.5494932603628256,0.44977700000000004,0.0016722408026755853,0.0,0.44944255183946485,1.0
dfn,cp,10.0,4,10,benign_consumer,9.988333299999999,4.44919034,4.452523706666667,0.5538181818181819,0.4461154584478975,0.0013333333333333335,0.0,0.44604549879749605,1.0,10.0,4.33540908361204,4.33540908361204,0.5654606263301916,0.43387535652173914,0.0016722408026755853,0.0,0.43354090836120407,1.0
dfn,cp,10.0,4,11,attacker,9.988333299999999,4.6073713566666665,4.610704723333333,0.538060606060606,0.46194841377080514,0.0013333333333333335,0.0,0.46187845412034695,1.0,20.03338793812709,16.43192491638796,16.428367090301002,0.29755986766856335,0.7135933589364747,0.0009242946292765307,0.0,0.7419785433546756,0.829722828060277
dfn,cp,10.0,5,0,router,15.962917766666665,15.324684666666666,15.324684666666666,0.04137224789190061,0.9591462457329342,0.001248275766675211,0.0,0.9591462457329342,1.0,43.21087190635451,43.19906488294314,43.19906488294314,0.00031791879617966575,0.99971221942309,0.000550180111178507,0.0,0.9996898012696948,1.0
dfn,cp,10.0,5,1,router,0.0,0.0,0.0,0.0,0.0,0.0,0.0,1.0,0.0,0.0033444816053511705,0.0033444816053511705,0.0033444816053511705,0.0,0.7324414715719063,0.5986622073578609,0.0,1.0,0.7324414715719063
dfn,cp,10.0,5,2,router,21.4072139,15.962917766666665,15.962917766666665,0.2508732855754721,0.7482907303948406,0.0006936188096818617,0.0,0.7464345612576613,1.0,47.171691872909705,43.214216387959866,43.214216387959866,0.13593263498091,0.8798105620648367,0.00021137278134146953,0.0,0.877391329890117,1.0
dfn,cp,10.0,5,3,router,8.875355366666666,7.0478008,7.0478008,0.20581889066099593,0.7941736330146069,0.0018023232791448817,0.0,0.7937918600918294,1.0,20.978269531772575,19.943927692307692,19.943927692307692,0.07656560182627804,0.9331023589081895,0.0004561421915414675,0.0,0.9323024116143486,1.0
dfn,cp,10.0,5,4,router,8.746894099999999,6.9019622,6.9019622,0.21275741469859116,0.7888095844962328,0.0017572318588062166,0.0,0.7878383204423699,1.0,9.048546622073578,7.25596575250836,7.25596575250836,0.19609143179377292,0.8036999901544997,0.0019580019400943986,0.0,0.8025530727665134,1.0
dfn,cp,10.0,5,5,router,9.415196493333333,7.4574509,7.4574509,0.20796907531466355,0.7937195729576904,0.001597455050007967,0.0,0.7925579802556898,1.0,21.034233344481606,19.971798428093646,19.971798428093646,0.07401753397239981,0.9340110706223931,0.0004611455736038176,0.0,0.9330642213358695,1.0
dfn,cp,10.0,5,6,attacker,9.988333299999999,4.4359128000000005,4.4392461,0.554976430976431,0.4450460337691058,0.0013333333333333335,0.0,0.44460571041530395,1.0,20.03338793812709,16.497588260869563,16.497373511705685,0.29208418393201,0.7184084784385523,0.0009242946292765307,0.0,0.7469336635578512,0.8298022114170115
dfn,cp,10.0,5,7,benign_consumer,9.988333299999999,4.4327759,4.436109266666667,0.5551515151515151,0.4444757095691517,0.0013333333333333335,0.0,0.44440574991875015,1.0,10.0,4.48089602006689,4.48089602006689,0.5510742880308098,0.4484240501672241,0.0016722408026755853,0.0,0.44808960200668896,1.0
dfn,cp,10.0,5,8,benign_consumer,9.988333299999999,4.2770340000000004,4.2803674,0.5708181818181818,0.4289161850661,0.0013333333333333335,0.0,0.42884622208230516,1.0,10.0,4.500527859531773,4.500527859531773,0.548910509780075,0.4503872341137124,0.0016722408026755853,0.0,0.45005278595317727,1.0
dfn,cp,10.0,5,9,benign_consumer,9.988333299999999,4.463193366666667,4.4665267,0.5524377104377104,0.44769083474071464,0.0013333333333333335,0.0,0.4472505080532794,1.0,10.0,4.5480187625418065,4.5480187625418065,0.5441218202087768,0.4551363244147157,0.0016722408026755853,0.0,0.4548018762541806,1.0
dfn,cp,10.0,5,10,benign_consumer,9.988333299999999,4.737930133333333,4.741263433333334,0.5252626262626262,0.47505367310576824,0.0013333333333333335,0.0,0.4746133497519664,1.0,10.0,4.5379129096989965,4.5379129096989965,0.5450643559339211,0.45412573913043475,0.0016722408026755853,0.0,0.4537912909698996,1.0
dfn,cp,10.0,5,11,attacker,9.988333299999999,4.670599660000001,4.67393306,0.5311515151515152,0.46826827452107267,0.0013333333333333335,0.0,0.4681983115372679,1.0,20.03338793812709,16.496531237458193,16.496320434782607,0.2913883218231044,0.7178475392725479,0.0009242946292765307,0.0,0.7483357392785781,0.829874653103536
dfn,cp,12.0,1,0,router,16.001435766666667,15.431470866666665,15.431470866666665,0.036415370837988285,0.9634449392138549,0.0010696487767596307,0.0,0.9634449392138549,1.0,48.023908695652175,48.02387591973244,48.02387591973244,0.0,1.0,0.0003737681789544036,0.0,0.999999594555212,1.0
dfn,cp,12.0,1,1,router,0.0,0.0,0.0,0.0,0.0,0.0,0.0,1.0,0.0,0.0,0.0,0.0,0.0,0.0,0.0,0.0,1.0,0.0
dfn,cp,12.0,1,2,router,21.407974833333334,16.001435766666667,16.001435766666667,0.2495864574326476,0.7493686699632068,0.0006012671852685099,0.0,0.7480204495514189,1.0,51.5328612374582,48.023908695652175,48.023908695652175,0.10070787477672048,0.9096525267747465,0.00040580495553130323,0.0,0.9080022815501729,1.0
dfn,cp,12.0,1,3,router,9.076256743333333,7.2216336666666665,7.2216336666666665,0.2042829762829763,0.7944721912847059,0.001522149231120019,0.0,0.7936201936813652,1.0,23.19071577591973,22.15526100334448,22.15526100334448,0.07166296874743572,0.9393807342282371,0.0009457601002840543,0.0,0.9390526377306456,1.0
dfn,cp,12.0,1,4,router,8.652310949999999,6.928087866666666,6.928087866666666,0.19559357744651862,0.8033920679496909,0.0016838365768764255,0.0,0.8026437040710258,1.0,9.119937377926421,7.282486287625418,7.282486287625418,0.19961078961915082,0.7994090814234371,0.0019306053836308785,0.0,0.7990362441881285,1.0
dfn,cp,12.0,1,5,router,8.972826846666667,7.2582533,7.2582533,0.18748118288946464,0.8110957527749331,0.0014880204298886274,0.0,0.8102797197015709,1.0,23.066039130434785,22.095113946488297,22.095113946488297,0.06904083414124805,0.9420049869075798,0.0008962106104783047,0.0,0.9415031792869594,1.0
dfn,cp,12.0,1,6,attacker,9.988333299999999,4.609177133333334,4.6125104666666665,0.5376363636363636,0.46208708542243243,0.0013333333333333335,0.0,0.46207362628050885,1.0,22.0398601270903,18.698297591973244,18.698297591973244,0.26739615516343956,0.7787767746154474,0.0009597881615639414,0.0,0.7772443939279594,1.0
dfn,cp,12.0,1,7,benign_consumer,9.988333299999999,4.460412943333333,4.463746276666667,0.5526969696969697,0.44723500324100884,0.0013333333333333335,0.0,0.447165046923944,1.0,10.0,4.492418183946488,4.492418183946488,0.5498175737306172,0.4495762665551839,0.0016722408026755853,0.0,0.44924181839464883,1.0
dfn,cp,12.0,1,8,benign_consumer,9.988333299999999,4.201120783333334,4.204454116666667,0.5785757575757575,0.42128599981590314,0.0013333333333333335,0.0,0.4212725406739795,1.0,10.0,4.610831906354515,4.610831906354515,0.537600081078342,0.46141763879598663,0.0016722408026755853,0.0,0.46108319063545156,1.0
dfn,cp,12.0,1,9,benign_consumer,9.988333299999999,4.444523533333333,4.447856833333334,0.5540976430976431,0.4458947151879976,0.0013333333333333335,0.0,0.4454543918341958,1.0,10.0,4.509105471571906,4.509105471571906,0.5479831762440458,0.45124499531772577,0.0016722408026755853,0.0,0.45091054715719064,1.0
dfn,cp,12.0,1,10,benign_consumer,9.988333299999999,4.39925858,4.402591946666666,0.5585454545454546,0.4411398078526769,0.0013333333333333335,0.0,0.4410698482022187,1.0,10.0,4.551150501672241,4.551150501672241,0.5438735177865612,0.45544949832775916,0.0016722408026755853,0.0,0.45511505016722403,1.0
dfn,cp,12.0,1,11,attacker,9.988333299999999,4.566901566666666,4.5702349,0.5422558922558922,0.45807455017365584,0.0013333333333333335,0.0,0.4576342234862206,1.0,22.0398601270903,18.51488862876254,18.51488862876254,0.28215910960030705,0.7677771940569177,0.0009597881615639414,0.0,0.766509044343575,1.0
dfn,cp,12.0,2,0,router,16.237310166666667,15.617370266666667,15.617370266666667,0.0384580557427015,0.961529715846096,0.001110862411123088,0.0,0.961529715846096,1.0,47.50830535117057,47.50824648829432,47.50824648829432,0.0,1.0,0.00035950800339995407,0.0,0.9999991969866501,1.0
dfn,cp,12.0,2,1,router,0.0,0.0,0.0,0.0,0.0,0.0,0.0,1.0,0.0,0.0,0.0,0.0,0.0,0.0,0.0,0.0,1.0,0.0
dfn,cp,12.0,2,2,router,21.8075975,16.237310166666667,16.237310166666667,0.2522881166022689,0.7478103766843959,0.0006067057395911198,0.0,0.7450509061869078,1.0,51.058338862876255,47.50830535117057,47.50830535117057,0.1059358868687536,0.9064356343793316,0.0003688156925035045,0.0,0.9042997809098401,1.0
dfn,cp,12.0,2,3,router,9.06423285,7.215764900000001,7.215764900000001,0.20479377688588216,0.796460887323927,0.001907319986723448,0.0,0.795338223597819,1.0,22.88784076923077,21.93005635451505,21.93005635451505,0.07019847481864629,0.9407592444598877,0.0008689447758878702,0.0,0.940575664344886,1.0
dfn,cp,12.0,2,4,router,9.150034033333332,7.334765833333333,7.334765833333333,0.19561131290736555,0.8034224650298305,0.0014271716802745707,0.0,0.8022591513300145,1.0,8.806325367892976,6.950416789297658,6.950416789297658,0.2052474374380729,0.793160237813288,0.0016532250920611423,0.0,0.7920546424320373,1.0
dfn,cp,12.0,2,5,router,9.023062923333333,7.257066766666667,7.257066766666667,0.19517151639210464,0.8056905859001985,0.0015272123584462317,0.0,0.8033328684798713,1.0,23.180811347826086,22.177865719063544,22.177865719063544,0.06938277210018848,0.9417560021048355,0.0009239286194390077,0.0,0.9404436632096309,1.0
dfn,cp,12.0,2,6,attacker,9.988333299999999,4.546770516666666,4.550103849999999,0.543939393939394,0.45584863012886007,0.0013333333333333335,0.0,0.4558351709869365,1.0,22.0398601270903,18.617253244147157,18.617253244147157,0.2796402694478247,0.7698641119133687,0.0009597881615639414,0.0,0.7683739680452446,1.0
dfn,cp,12.0,2,7,benign_consumer,9.988333299999999,4.5107957,4.5141290000000005,0.5475824915824916,0.4525481944958536,0.0013333333333333335,0.0,0.45210787114205175,1.0,10.0,4.270587525083612,4.270587525083612,0.5720786459916894,0.4273932006688963,0.0016722408026755853,0.0,0.42705875250836123,1.0
dfn,cp,12.0,2,8,benign_consumer,9.988333299999999,4.607847366666666,4.6111807,0.5377037037037037,0.46226720285850786,0.0013333333333333335,0.0,0.46182687617136925,1.0,10.0,4.495753602006689,4.495753602006689,0.5497719671632715,0.449909808361204,0.0016722408026755853,0.0,0.44957536020066885,1.0
dfn,cp,12.0,2,9,benign_consumer,9.988333299999999,4.53552,4.538853333333333,0.545060606060606,0.45471426014207206,0.0013333333333333335,0.0,0.4546443038250072,1.0,10.0,4.310571765886287,4.310571765886287,0.5678980439850005,0.4313916247491638,0.0016722408026755853,0.0,0.43105717658862874,1.0
dfn,cp,12.0,2,10,benign_consumer,9.988333299999999,4.363667866666666,4.3670012,0.5622727272727273,0.4375626091987857,0.0013333333333333335,0.0,0.4374926528817209,1.0,10.0,4.519263454849498,4.519263454849498,0.5470913144826188,0.452260793645485,0.0016722408026755853,0.0,0.4519263454849498,1.0
dfn,cp,12.0,2,11,attacker,9.988333299999999,4.652728356666667,4.656061723333333,0.5336969696969697,0.46648424610057837,0.0013333333333333335,0.0,0.4664142864501201,1.0,22.0398601270903,18.66154789297659,18.66154789297659,0.26984823207203823,0.7766426468330893,0.0009597881615639414,0.0,0.7753842323861799,1.0
dfn,cp,12.0,3,0,router,16.0595395,15.413730900000001,15.413730900000001,0.04004358051566065,0.9597112586771264,0.0010672888586791395,0.0,0.9597112586771264,1.0,47.66888361204013,47.66468428093645,47.66468428093645,0.00016722408026755855,0.9998668395323113,0.00037841041802255524,0.0,0.999856018210703,1.0
dfn,cp,12.0,3,1,router,0.0,0.0,0.0,0.0,0.0,0.0,0.0,1.0,0.0,0.0,0.0,0.0,0.0,0.0,0.0,0.0,1.0,0.0
dfn,cp,12.0,3,2,router,21.417698833333333,16.0595395,16.0595395,0.24806616650842608,0.7519790042205221,0.0006431266928686029,0.0,0.7495929365137148,1.0,51.36066143812709,47.66888361204013,47.66888361204013,0.10794865737957682,0.9041889758439424,0.00038039465746126375,0.0,0.9017296536578987,1.0
dfn,cp,12.0,3,3,router,8.886037589999999,7.123550666666667,7.123550666666667,0.19944165848771112,0.8018401648472742,0.0021768110056852017,0.0,0.8002555467219415,1.0,23.031635153846153,22.034329431438128,22.034329431438128,0.07184285711274536,0.9390858053845171,0.0009533542164115085,0.0,0.938960380956968,1.0
dfn,cp,12.0,3,4,router,8.967270173333333,7.2027811,7.2027811,0.19665436034553682,0.803356621703883,0.0015161314433824811,0.0,0.8028649287051278,1.0,8.788860531772576,6.976300133779264,6.976300133779264,0.20814435471626108,0.7926111771557686,0.00195071975112792,0.0,0.7916667615594084,1.0
dfn,cp,12.0,3,5,router,8.873280006666667,7.091367066666667,7.091367066666667,0.200868050851797,0.7981059670812914,0.0015789071050995708,0.0,0.7981059434915948,1.0,23.399607531772574,22.3500318729097,22.3500318729097,0.07392198167558099,0.9381054903290428,0.0008645769315033644,0.0,0.9377560027231897,1.0
dfn,cp,12.0,3,6,attacker,9.988333299999999,4.5309010333333335,4.534234433333333,0.5455151515151515,0.4543025111971955,0.0013333333333333335,0.0,0.45423254821340076,1.0,22.0398601270903,18.686092240802676,18.686092240802676,0.2627137088380852,0.7810610987780163,0.0009597881615639414,0.0,0.7794678051738011,1.0
dfn,cp,12.0,3,7,benign_consumer,9.988333299999999,4.34846979,4.351803156666667,0.5635521885521885,0.4363130427569728,0.0013333333333333335,0.0,0.4358727127365009,1.0,10.0,4.345542913043478,4.345542913043478,0.5645231580014188,0.43488873946488293,0.0016722408026755853,0.0,0.43455429130434786,1.0
dfn,cp,12.0,3,8,benign_consumer,9.988333299999999,4.370881566666667,4.3742149,0.5617643097643097,0.4385410945178045,0.0013333333333333335,0.0,0.43810076783066604,1.0,10.0,4.34873764548495,4.34873764548495,0.5638137225093747,0.43520821270903015,0.0016722408026755853,0.0,0.43487376454849497,1.0
dfn,cp,12.0,3,9,benign_consumer,9.988333299999999,4.5897219400000004,4.593055273333333,0.5397037037037037,0.46045619410065686,0.0013333333333333335,0.0,0.46001586741351824,1.0,10.0,4.440122886287625,4.440122886287625,0.5549660484443093,0.44434673678929765,0.0016722408026755853,0.0,0.4440122886287625,1.0
dfn,cp,12.0,3,10,benign_consumer,9.988333299999999,4.561121166666667,4.564454466666667,0.5424915824915825,0.45759358339509343,0.0013333333333333335,0.0,0.4571532600412916,1.0,10.0,4.616228969899665,4.616228969899665,0.537600081078342,0.46195734515050163,0.0016722408026755853,0.0,0.46162289698996656,1.0
dfn,cp,12.0,3,11,attacker,9.988333299999999,4.305492206666667,4.30882554,0.5678787878787879,0.43174792906343223,0.0013333333333333335,0.0,0.4316779727463674,1.0,22.0398601270903,18.78337856187291,18.78337856187291,0.2652441405114249,0.7807904248769013,0.0009597881615639414,0.0,0.779561270064352,1.0
dfn,cp,12.0,4,0,router,16.195729933333332,15.525767766666668,15.525767766666668,0.041342005176289734,0.9584832610957553,0.0009242292124866064,0.0,0.9584832610957553,1.0,47.37515451505017,47.37511672240803,47.37511672240803,0.0,1.0,0.00039999213709871064,0.0,0.9999994813726397,1.0
dfn,cp,12.0,4,1,router,0.0,0.0,0.0,0.0,0.0,0.0,0.0,1.0,0.0,0.0,0.0,0.0,0.0,0.0,0.0,0.0,1.0,0.0
dfn,cp,12.0,4,2,router,21.797514533333334,16.195729933333332,16.195729933333332,0.2564382060141254,0.7436166272550084,0.0005735476788615591,0.0,0.7424371107278716,1.0,50.72594993311037,47.37515451505017,47.37515451505017,0.09716335156019565,0.9130118752171231,0.0004018855022340863,0.0,0.9102047577923836,1.0
dfn,cp,12.0,4,3,router,9.058480016666667,7.216941466666667,7.216941466666667,0.20604245535166588,0.7946239890438269,0.0016229570152049655,0.0,0.7940216178924255,1.0,22.782409197324416,21.70803304347826,21.70803304347826,0.07854230169973213,0.934752003335323,0.000895860992376009,0.0,0.9340619372310234,1.0
dfn,cp,12.0,4,4,router,9.0913342,7.3018331000000005,7.3018331000000005,0.19619007844007844,0.8032264431585925,0.001394317607800449,0.0,0.8028848015239354,1.0,8.754131505016721,7.121692173913043,7.121692173913043,0.18612093035169958,0.8137166141107852,0.0019033741637638096,0.0,0.8123373559629374,1.0
dfn,cp,12.0,4,5,router,9.06322843,7.278739966666667,7.278739966666667,0.19464457111515934,0.8036589794259724,0.0013274613744953844,0.0,0.8036590372281416,1.0,22.924310421404684,21.896224715719065,21.896224715719065,0.07303615410381144,0.9383334531727436,0.0009967633485610731,0.0,0.9379673645351946,1.0
dfn,cp,12.0,4,6,attacker,9.988333299999999,4.4405969333333335,4.4439303,0.5544848484848485,0.4452579287733251,0.0013333333333333335,0.0,0.44518796912292363,1.0,22.0398601270903,18.403499866220734,18.403499866220734,0.28619817756489174,0.7637247444559596,0.0009597881615639414,0.0,0.7615266323143959,1.0
dfn,cp,12.0,4,7,benign_consumer,9.988333299999999,4.611216416666667,4.614549716666667,0.5377946127946128,0.46258411211678396,0.0013333333333333335,0.0,0.4621437887629821,1.0,10.0,4.378909331103679,4.378909331103679,0.5607226107226108,0.43822538127090305,0.0016722408026755853,0.0,0.43789093311036786,1.0
dfn,cp,12.0,4,8,benign_consumer,9.988333299999999,4.608457666666666,4.611791,0.5376363636363636,0.46201464290934535,0.0013333333333333335,0.0,0.4620011837674217,1.0,10.0,4.259705986622074,4.259705986622074,0.573355629877369,0.4263050468227425,0.0016722408026755853,0.0,0.4259705986622073,1.0
dfn,cp,12.0,4,9,benign_consumer,9.988333299999999,4.476209866666666,4.4795432,0.5511515151515152,0.44878295943302876,0.0013333333333333335,0.0,0.4487130031159639,1.0,10.0,4.494425518394649,4.494425518394649,0.5494932603628256,0.44977700000000004,0.0016722408026755853,0.0,0.44944255183946485,1.0
dfn,cp,12.0,4,10,benign_consumer,9.988333299999999,4.44919034,4.452523706666667,0.5538181818181819,0.4461154584478975,0.0013333333333333335,0.0,0.44604549879749605,1.0,10.0,4.33540908361204,4.33540908361204,0.5654606263301916,0.43387535652173914,0.0016722408026755853,0.0,0.43354090836120407,1.0
dfn,cp,12.0,4,11,attacker,9.988333299999999,4.6073713566666665,4.610704723333333,0.538060606060606,0.46194841377080514,0.0013333333333333335,0.0,0.46187845412034695,1.0,22.0398601270903,18.58890133779264,18.58890133779264,0.27108180783341157,0.774566192352674,0.0009597881615639414,0.0,0.7729778156520333,1.0
dfn,cp,12.0,5,0,router,15.962917766666665,15.324684666666666,15.324684666666666,0.04137224789190061,0.9591462457329342,0.001248275766675211,0.0,0.9591462457329342,1.0,47.861532775919734,47.859759197324415,47.859759197324415,0.0,1.0,0.0003761331929867221,0.0,0.99997765605885,1.0
dfn,cp,12.0,5,1,router,0.0,0.0,0.0,0.0,0.0,0.0,0.0,1.0,0.0,0.0,0.0,0.0,0.0,0.0,0.0,0.0,1.0,0.0
dfn,cp,12.0,5,2,router,21.4072139,15.962917766666665,15.962917766666665,0.2508732855754721,0.7482907303948406,0.0006936188096818617,0.0,0.7464345612576613,1.0,51.529555217391305,47.861532775919734,47.861532775919734,0.10448314499963864,0.9070908061991025,0.00037268261149711027,0.0,0.9050232705887454,1.0
dfn,cp,12.0,5,3,router,8.875355366666666,7.0478008,7.0478008,0.20581889066099593,0.7941736330146069,0.0018023232791448817,0.0,0.7937918600918294,1.0,23.172120735785953,22.114502842809365,22.114502842809365,0.0725258541385396,0.939616354376252,0.0008725262288534424,0.0,0.9389380435298329,1.0
dfn,cp,12.0,5,4,router,8.746894099999999,6.9019622,6.9019622,0.21275741469859116,0.7888095844962328,0.0017572318588062166,0.0,0.7878383204423699,1.0,9.048546622073578,7.25596575250836,7.25596575250836,0.19609143179377292,0.8036999901544997,0.0019580019400943986,0.0,0.8025530727665134,1.0
dfn,cp,12.0,5,5,router,9.415196493333333,7.4574509,7.4574509,0.20796907531466355,0.7937195729576904,0.001597455050007967,0.0,0.7925579802556898,1.0,23.19476287625418,22.159086622073577,22.159086622073577,0.0710590913605183,0.9401281337317664,0.0009641537736694763,0.0,0.939236959726206,1.0
dfn,cp,12.0,5,6,attacker,9.988333299999999,4.4359128000000005,4.4392461,0.554976430976431,0.4450460337691058,0.0013333333333333335,0.0,0.44460571041530395,1.0,22.0398601270903,18.691224715719063,18.691224715719063,0.26731109529577096,0.778182703496022,0.0009597881615639414,0.0,0.7773336326048834,1.0
dfn,cp,12.0,5,7,benign_consumer,9.988333299999999,4.4327759,4.436109266666667,0.5551515151515151,0.4444757095691517,0.0013333333333333335,0.0,0.44440574991875015,1.0,10.0,4.48089602006689,4.48089602006689,0.5510742880308098,0.4484240501672241,0.0016722408026755853,0.0,0.44808960200668896,1.0
dfn,cp,12.0,5,8,benign_consumer,9.988333299999999,4.2770340000000004,4.2803674,0.5708181818181818,0.4289161850661,0.0013333333333333335,0.0,0.42884622208230516,1.0,10.0,4.500527859531773,4.500527859531773,0.548910509780075,0.4503872341137124,0.0016722408026755853,0.0,0.45005278595317727,1.0
dfn,cp,12.0,5,9,benign_consumer,9.988333299999999,4.463193366666667,4.4665267,0.5524377104377104,0.44769083474071464,0.0013333333333333335,0.0,0.4472505080532794,1.0,10.0,4.5480187625418065,4.5480187625418065,0.5441218202087768,0.4551363244147157,0.0016722408026755853,0.0,0.4548018762541806,1.0
dfn,cp,12.0,5,10,benign_consumer,9.988333299999999,4.737930133333333,4.741263433333334,0.5252626262626262,0.47505367310576824,0.0013333333333333335,0.0,0.4746133497519664,1.0,10.0,4.5379129096989965,4.5379129096989965,0.5450643559339211,0.45412573913043475,0.0016722408026755853,0.0,0.4537912909698996,1.0
dfn,cp,12.0,5,11,attacker,9.988333299999999,4.670599660000001,4.67393306,0.5311515151515152,0.46826827452107267,0.0013333333333333335,0.0,0.4681983115372679,1.0,22.0398601270903,18.656849966555185,18.656849966555185,0.2696524311991169,0.7771704043922928,0.0009597881615639414,0.0,0.7761988062149529,1.0
dfn,cp,15.0,1,0,router,16.001435766666667,15.431470866666665,15.431470866666665,0.036415370837988285,0.9634449392138549,0.0010696487767596307,0.0,0.9634449392138549,1.0,55.190850167224085,55.19081739130435,55.19081739130435,0.0,1.0,0.0004721024094135782,0.0,0.999999594555212,1.0
dfn,cp,15.0,1,1,router,0.0,0.0,0.0,0.0,0.0,0.0,0.0,1.0,0.0,0.0,0.0,0.0,0.0,0.0,0.0,0.0,1.0,0.0
dfn,cp,15.0,1,2,router,21.407974833333334,16.001435766666667,16.001435766666667,0.2495864574326476,0.7493686699632068,0.0006012671852685099,0.0,0.7480204495514189,1.0,58.102466220735785,55.190850167224085,55.190850167224085,0.08006972781835461,0.9330041618037219,0.00020620575564713248,0.0,0.9315011814686003,1.0
dfn,cp,15.0,1,3,router,9.076256743333333,7.2216336666666665,7.2216336666666665,0.2042829762829763,0.7944721912847059,0.001522149231120019,0.0,0.7936201936813652,1.0,26.460565274247493,25.425081070234114,25.425081070234114,0.06809989042164057,0.9454400664921387,0.0004608692312196517,0.0,0.945135272616981,1.0
dfn,cp,15.0,1,4,router,8.652310949999999,6.928087866666666,6.928087866666666,0.19559357744651862,0.8033920679496909,0.0016838365768764255,0.0,0.8026437040710258,1.0,9.119937377926421,7.282486287625418,7.282486287625418,0.19961078961915082,0.7994090814234371,0.0019306053836308785,0.0,0.7990362441881285,1.0
dfn,cp,15.0,1,5,router,8.972826846666667,7.2582533,7.2582533,0.18748118288946464,0.8110957527749331,0.0014880204298886274,0.0,0.8102797197015709,1.0,26.375988528428095,25.394898862876254,25.394898862876254,0.06859729934046264,0.9457220097849728,0.0004330000140510639,0.0,0.9452938544814655,1.0
dfn,cp,15.0,1,6,attacker,9.988333299999999,4.609177133333334,4.6125104666666665,0.5376363636363636,0.46208708542243243,0.0013333333333333335,0.0,0.46207362628050885,1.0,25.048812473244148,21.96814745819398,21.968147090301002,0.23097029781812392,0.7935069961612804,0.0009144295334681904,0.0,0.8198709868591175,0.9174782860548474
dfn,cp,15.0,1,7,benign_consumer,9.988333299999999,4.460412943333333,4.463746276666667,0.5526969696969697,0.44723500324100884,0.0013333333333333335,0.0,0.447165046923944,1.0,10.0,4.492418183946488,4.492418183946488,0.5498175737306172,0.4495762665551839,0.0016722408026755853,0.0,0.44924181839464883,1.0
dfn,cp,15.0,1,8,benign_consumer,9.988333299999999,4.201120783333334,4.204454116666667,0.5785757575757575,0.42128599981590314,0.0013333333333333335,0.0,0.4212725406739795,1.0,10.0,4.610831906354515,4.610831906354515,0.537600081078342,0.46141763879598663,0.0016722408026755853,0.0,0.46108319063545156,1.0
dfn,cp,15.0,1,9,benign_consumer,9.988333299999999,4.444523533333333,4.447856833333334,0.5540976430976431,0.4458947151879976,0.0013333333333333335,0.0,0.4454543918341958,1.0,10.0,4.509105471571906,4.509105471571906,0.5479831762440458,0.45124499531772577,0.0016722408026755853,0.0,0.45091054715719064,1.0
dfn,cp,15.0,1,10,benign_consumer,9.988333299999999,4.39925858,4.402591946666666,0.5585454545454546,0.4411398078526769,0.0013333333333333335,0.0,0.4410698482022187,1.0,10.0,4.554494949832776,4.554494949832776,0.5435390696260262,0.45578394314381276,0.0016722408026755853,0.0,0.4554494949832776,1.0
dfn,cp,15.0,1,11,attacker,9.988333299999999,4.566901566666666,4.5702349,0.5422558922558922,0.45807455017365584,0.0013333333333333335,0.0,0.4576342234862206,1.0,25.048812473244148,21.821495585284282,21.82149357859532,0.2334448160535117,0.7935055994470681,0.0009144295334681904,0.0,0.8154885665261046,0.9172600274646417
dfn,cp,15.0,2,0,router,16.237310166666667,15.617370266666667,15.617370266666667,0.0384580557427015,0.961529715846096,0.001110862411123088,0.0,0.961529715846096,1.0,54.690525083612044,54.68712173913043,54.68712173913043,0.00013377926421404682,0.9998957822397505,0.0004596221864795125,0.0,0.9998950117783536,1.0
dfn,cp,15.0,2,1,router,0.0,0.0,0.0,0.0,0.0,0.0,0.0,1.0,0.0,0.0,0.0,0.0,0.0,0.0,0.0,0.0,1.0,0.0
dfn,cp,15.0,2,2,router,21.8075975,16.237310166666667,16.237310166666667,0.2522881166022689,0.7478103766843959,0.0006067057395911198,0.0,0.7450509061869078,1.0,57.72473314381271,54.690525083612044,54.690525083612044,0.08116664779197649,0.9318245146808,0.00020032889381568813,0.0,0.930009658433088,1.0
dfn,cp,15.0,2,3,router,9.06423285,7.215764900000001,7.215764900000001,0.20479377688588216,0.796460887323927,0.001907319986723448,0.0,0.795338223597819,1.0,26.190971906354513,25.269982441471573,25.269982441471573,0.0635061769881016,0.9496973608423315,0.0004363171038746857,0.0,0.9493694545781969,1.0
dfn,cp,15.0,2,4,router,9.150034033333332,7.334765833333333,7.334765833333333,0.19561131290736555,0.8034224650298305,0.0014271716802745707,0.0,0.8022591513300145,1.0,8.806325367892976,6.950416789297658,6.950416789297658,0.2052474374380729,0.793160237813288,0.0016532250920611423,0.0,0.7920546424320373,1.0
dfn,cp,15.0,2,5,router,9.023062923333333,7.257066766666667,7.257066766666667,0.19517151639210464,0.8056905859001985,0.0015272123584462317,0.0,0.8033328684798713,1.0,26.45373633110368,25.504333913043478,25.504333913043478,0.06085141378836223,0.9517011739324172,0.00044234036787953526,0.0,0.9506713409292935,1.0
dfn,cp,15.0,2,6,attacker,9.988333299999999,4.546770516666666,4.550103849999999,0.543939393939394,0.45584863012886007,0.0013333333333333335,0.0,0.4558351709869365,1.0,25.048812473244148,21.91703993311037,21.91703993311037,0.22998161259030822,0.79789832964116,0.0009144295334681904,0.0,0.8199061755633085,0.9176328307499196
dfn,cp,15.0,2,7,benign_consumer,9.988333299999999,4.5107957,4.5141290000000005,0.5475824915824916,0.4525481944958536,0.0013333333333333335,0.0,0.45210787114205175,1.0,10.0,4.273931973244147,4.273931973244147,0.5717441978311543,0.4277276454849498,0.0016722408026755853,0.0,0.4273931973244147,1.0
dfn,cp,15.0,2,8,benign_consumer,9.988333299999999,4.607847366666666,4.6111807,0.5377037037037037,0.46226720285850786,0.0013333333333333335,0.0,0.46182687617136925,1.0,10.0,4.495753602006689,4.495753602006689,0.5497719671632715,0.449909808361204,0.0016722408026755853,0.0,0.44957536020066885,1.0
dfn,cp,15.0,2,9,benign_consumer,9.988333299999999,4.53552,4.538853333333333,0.545060606060606,0.45471426014207206,0.0013333333333333335,0.0,0.4546443038250072,1.0,10.0,4.310571765886287,4.310571765886287,0.5678980439850005,0.4313916247491638,0.0016722408026755853,0.0,0.43105717658862874,1.0
dfn,cp,15.0,2,10,benign_consumer,9.988333299999999,4.363667866666666,4.3670012,0.5622727272727273,0.4375626091987857,0.0013333333333333335,0.0,0.4374926528817209,1.0,10.0,4.519263454849498,4.519263454849498,0.5470913144826188,0.452260793645485,0.0016722408026755853,0.0,0.4519263454849498,1.0
dfn,cp,15.0,2,11,attacker,9.988333299999999,4.652728356666667,4.656061723333333,0.5336969696969697,0.46648424610057837,0.0013333333333333335,0.0,0.4664142864501201,1.0,25.048812473244148,21.934475150501672,21.93447287625418,0.2319730993644037,0.7929791087709879,0.0009144295334681904,0.0,0.8197552139484184,0.9182200600507254
dfn,cp,15.0,3,0,router,16.0595395,15.413730900000001,15.413730900000001,0.04004358051566065,0.9597112586771264,0.0010672888586791395,0.0,0.9597112586771264,1.0,54.689883946488294,54.689025752508364,54.689025752508364,0.0,1.0,0.00047221070956961816,0.0,0.9999893066253956,1.0
dfn,cp,15.0,3,1,router,0.0,0.0,0.0,0.0,0.0,0.0,0.0,1.0,0.0,0.0,0.0,0.0,0.0,0.0,0.0,0.0,1.0,0.0
dfn,cp,15.0,3,2,router,21.417698833333333,16.0595395,16.0595395,0.24806616650842608,0.7519790042205221,0.0006431266928686029,0.0,0.7495929365137148,1.0,57.876864648829425,54.689883946488294,54.689883946488294,0.08599911226824708,0.9275228169371021,0.0002007161163746577,0.0,0.9254395833014673,1.0
dfn,cp,15.0,3,3,router,8.886037589999999,7.123550666666667,7.123550666666667,0.19944165848771112,0.8018401648472742,0.0021768110056852017,0.0,0.8002555467219415,1.0,26.264671073578594,25.2874035451505,25.2874035451505,0.06396959700751408,0.9484550108754342,0.0004479788514438784,0.0,0.9481245532184128,1.0
dfn,cp,15.0,3,4,router,8.967270173333333,7.2027811,7.2027811,0.19665436034553682,0.803356621703883,0.0015161314433824811,0.0,0.8028649287051278,1.0,8.79220497993311,6.979644648829432,6.979644648829432,0.2080085744801464,0.7927366293227369,0.0019506828881944523,0.0,0.7917922200535633,1.0
dfn,cp,15.0,3,5,router,8.873280006666667,7.091367066666667,7.091367066666667,0.200868050851797,0.7981059670812914,0.0015789071050995708,0.0,0.7981059434915948,1.0,26.632641846153845,25.609816454849497,25.609816454849497,0.06777387177211787,0.9455670012561339,0.00042974357126464963,0.0,0.9451218115322914,1.0
dfn,cp,15.0,3,6,attacker,9.988333299999999,4.5309010333333335,4.534234433333333,0.5455151515151515,0.4543025111971955,0.0013333333333333335,0.0,0.45423254821340076,1.0,25.048812473244148,21.91912608695652,21.919128160535116,0.22467043825739477,0.7979907081543653,0.0009144295334681904,0.0,0.8217550526634713,0.9169847694363042
dfn,cp,15.0,3,7,benign_consumer,9.988333299999999,4.34846979,4.351803156666667,0.5635521885521885,0.4363130427569728,0.0013333333333333335,0.0,0.4358727127365009,1.0,10.0,4.345542913043478,4.345542913043478,0.5645231580014188,0.43488873946488293,0.0016722408026755853,0.0,0.43455429130434786,1.0
dfn,cp,15.0,3,8,benign_consumer,9.988333299999999,4.370881566666667,4.3742149,0.5617643097643097,0.4385410945178045,0.0013333333333333335,0.0,0.43810076783066604,1.0,10.0,4.3520820936454845,4.3520820936454845,0.5634792743488395,0.43520821270903015,0.0016722408026755853,0.0,0.43520820936454846,1.0
dfn,cp,15.0,3,9,benign_consumer,9.988333299999999,4.5897219400000004,4.593055273333333,0.5397037037037037,0.46045619410065686,0.0013333333333333335,0.0,0.46001586741351824,1.0,10.0,4.440122886287625,4.440122886287625,0.5549660484443093,0.44434673678929765,0.0016722408026755853,0.0,0.4440122886287625,1.0
dfn,cp,15.0,3,10,benign_consumer,9.988333299999999,4.561121166666667,4.564454466666667,0.5424915824915825,0.45759358339509343,0.0013333333333333335,0.0,0.4571532600412916,1.0,10.0,4.619573451505016,4.616228969899665,0.5372656329178068,0.46195734515050163,0.0016722408026755853,0.0,0.46195734515050163,0.999309271702212
dfn,cp,15.0,3,11,attacker,9.988333299999999,4.305492206666667,4.30882554,0.5678787878787879,0.43174792906343223,0.0013333333333333335,0.0,0.4316779727463674,1.0,25.048812473244148,22.01306923076923,22.01306839464883,0.2228286206547076,0.7987986339563279,0.0009144295334681904,0.0,0.8238515215752796,0.9173462833769491
dfn,cp,15.0,4,0,router,16.195729933333332,15.525767766666668,15.525767766666668,0.041342005176289734,0.9584832610957553,0.0009242292124866064,0.0,0.9584832610957553,1.0,54.38122474916388,54.3811872909699,54.3811872909699,0.0,1.0,0.0005796499857879108,0.0,0.9999994941112897,1.0
dfn,cp,15.0,4,1,router,0.0,0.0,0.0,0.0,0.0,0.0,0.0,1.0,0.0,0.0,0.0,0.0,0.0,0.0,0.0,0.0,1.0,0.0
dfn,cp,15.0,4,2,router,21.797514533333334,16.195729933333332,16.195729933333332,0.2564382060141254,0.7436166272550084,0.0005735476788615591,0.0,0.7424371107278716,1.0,57.32496351170568,54.38122474916388,54.38122474916388,0.0826350155307742,0.9311993068963587,0.00021187049289014218,0.0,0.9284422227992998,1.0
dfn,cp,15.0,4,3,router,9.058480016666667,7.216941466666667,7.216941466666667,0.20604245535166588,0.7946239890438269,0.0016229570152049655,0.0,0.7940216178924255,1.0,26.05554872909699,25.027862274247493,25.027862274247493,0.0693246716818909,0.9447415081032383,0.0004575152057908484,0.0,0.9440714703453749,1.0
dfn,cp,15.0,4,4,router,9.0913342,7.3018331000000005,7.3018331000000005,0.19619007844007844,0.8032264431585925,0.001394317607800449,0.0,0.8028848015239354,1.0,8.754131505016721,7.118347692307693,7.118347692307693,0.1865987134381783,0.8132812813418202,0.0019033741637638096,0.0,0.8119020193559169,1.0
dfn,cp,15.0,4,5,router,9.06322843,7.278739966666667,7.278739966666667,0.19464457111515934,0.8036589794259724,0.0013274613744953844,0.0,0.8036590372281416,1.0,26.186769986622075,25.1787535451505,25.1787535451505,0.06854879777848814,0.9457169253789466,0.0004698293135937408,0.0,0.9454328056937988,1.0
dfn,cp,15.0,4,6,attacker,9.988333299999999,4.4405969333333335,4.4439303,0.5544848484848485,0.4452579287733251,0.0013333333333333335,0.0,0.44518796912292363,1.0,25.048812473244148,21.676639464882943,21.67663939799331,0.24491866828823353,0.7884659759931717,0.0009144295334681904,0.0,0.8062290118000729,0.9169463682577871
dfn,cp,15.0,4,7,benign_consumer,9.988333299999999,4.611216416666667,4.614549716666667,0.5377946127946128,0.46258411211678396,0.0013333333333333335,0.0,0.4621437887629821,1.0,10.0,4.378909331103679,4.378909331103679,0.5607226107226108,0.43822538127090305,0.0016722408026755853,0.0,0.43789093311036786,1.0
dfn,cp,15.0,4,8,benign_consumer,9.988333299999999,4.608457666666666,4.611791,0.5376363636363636,0.46201464290934535,0.0013333333333333335,0.0,0.4620011837674217,1.0,10.0,4.259705986622074,4.259705986622074,0.573355629877369,0.4263050468227425,0.0016722408026755853,0.0,0.4259705986622073,1.0
dfn,cp,15.0,4,9,benign_consumer,9.988333299999999,4.476209866666666,4.4795432,0.5511515151515152,0.44878295943302876,0.0013333333333333335,0.0,0.4487130031159639,1.0,10.0,4.494425518394649,4.494425518394649,0.5494932603628256,0.44977700000000004,0.0016722408026755853,0.0,0.44944255183946485,1.0
dfn,cp,15.0,4,10,benign_consumer,9.988333299999999,4.44919034,4.452523706666667,0.5538181818181819,0.4461154584478975,0.0013333333333333335,0.0,0.44604549879749605,1.0,10.0,4.33540908361204,4.33540908361204,0.5654606263301916,0.43387535652173914,0.0016722408026755853,0.0,0.43354090836120407,1.0
dfn,cp,15.0,4,11,attacker,9.988333299999999,4.6073713566666665,4.610704723333333,0.538060606060606,0.46194841377080514,0.0013333333333333335,0.0,0.46187845412034695,1.0,25.048812473244148,21.85136033444816,21.851360903010033,0.2332140685401555,0.7961165516045715,0.0009144295334681904,0.0,0.8155630235208927,0.9169417234381635
dfn,cp,15.0,5,0,router,15.962917766666665,15.324684666666666,15.324684666666666,0.04137224789190061,0.9591462457329342,0.001248275766675211,0.0,0.9591462457329342,1.0,55.04925484949833,55.04748361204013,55.04748361204013,0.0,1.0,0.0004898791421248098,0.0,0.9999780319654717,1.0
dfn,cp,15.0,5,1,router,0.0,0.0,0.0,0.0,0.0,0.0,0.0,1.0,0.0,0.0033444816053511705,0.0033444816053511705,0.0033444816053511705,0.0,0.7324414715719063,0.5986622073578609,0.0,1.0,0.7324414715719063
dfn,cp,15.0,5,2,router,21.4072139,15.962917766666665,15.962917766666665,0.2508732855754721,0.7482907303948406,0.0006936188096818617,0.0,0.7464345612576613,1.0,58.156152876254176,55.052599331103686,55.052599331103686,0.08563787828912167,0.9280847796627061,0.00020568630922579212,0.0,0.9261876673430269,1.0
dfn,cp,15.0,5,3,router,8.875355366666666,7.0478008,7.0478008,0.20581889066099593,0.7941736330146069,0.0018023232791448817,0.0,0.7937918600918294,1.0,26.455312943143813,25.411076421404683,25.411076421404683,0.06928393048880442,0.9451049128132409,0.00043682223682592363,0.0,0.94458388462283,1.0
dfn,cp,15.0,5,4,router,8.746894099999999,6.9019622,6.9019622,0.21275741469859116,0.7888095844962328,0.0017572318588062166,0.0,0.7878383204423699,1.0,9.048546622073578,7.25596575250836,7.25596575250836,0.19609143179377292,0.8036999901544997,0.0019580019400943986,0.0,0.8025530727665134,1.0
dfn,cp,15.0,5,5,router,9.415196493333333,7.4574509,7.4574509,0.20796907531466355,0.7937195729576904,0.001597455050007967,0.0,0.7925579802556898,1.0,26.50138016722408,25.489110702341137,25.489110702341137,0.06471653454294043,0.9473216614647088,0.000447120665772708,0.0,0.9466149617188301,1.0
dfn,cp,15.0,5,6,attacker,9.988333299999999,4.4359128000000005,4.4392461,0.554976430976431,0.4450460337691058,0.0013333333333333335,0.0,0.44460571041530395,1.0,25.048812473244148,21.974416488294313,21.974416923076923,0.22459153165674903,0.8005458526707052,0.0009144295334681904,0.0,0.8229387451368638,0.9170977831025118
dfn,cp,15.0,5,7,benign_consumer,9.988333299999999,4.4327759,4.436109266666667,0.5551515151515151,0.4444757095691517,0.0013333333333333335,0.0,0.44440574991875015,1.0,10.0,4.48089602006689,4.48089602006689,0.5510742880308098,0.4484240501672241,0.0016722408026755853,0.0,0.44808960200668896,1.0
dfn,cp,15.0,5,8,benign_consumer,9.988333299999999,4.2770340000000004,4.2803674,0.5708181818181818,0.4289161850661,0.0013333333333333335,0.0,0.42884622208230516,1.0,10.0,4.500527859531773,4.500527859531773,0.548910509780075,0.4503872341137124,0.0016722408026755853,0.0,0.45005278595317727,1.0
dfn,cp,15.0,5,9,benign_consumer,9.988333299999999,4.463193366666667,4.4665267,0.5524377104377104,0.44769083474071464,0.0013333333333333335,0.0,0.4472505080532794,1.0,10.0,4.5480187625418065,4.5480187625418065,0.5441218202087768,0.4551363244147157,0.0016722408026755853,0.0,0.4548018762541806,1.0
dfn,cp,15.0,5,10,benign_consumer,9.988333299999999,4.737930133333333,4.741263433333334,0.5252626262626262,0.47505367310576824,0.0013333333333333335,0.0,0.4746133497519664,1.0,10.0,4.5379129096989965,4.5379129096989965,0.5450643559339211,0.45412573913043475,0.0016722408026755853,0.0,0.4537912909698996,1.0
dfn,cp,15.0,5,11,attacker,9.988333299999999,4.670599660000001,4.67393306,0.5311515151515152,0.46826827452107267,0.0013333333333333335,0.0,0.4681983115372679,1.0,25.048812473244148,21.963466755852846,21.963467257525085,0.23038193690367603,0.7963682128354174,0.0009144295334681904,0.0,0.8187875127347424,0.9170417882214951
dfn,cp,20.0,1,0,router,16.001435766666667,15.431470866666665,15.431470866666665,0.036415370837988285,0.9634449392138549,0.0010696487767596307,0.0,0.9634449392138549,1.0,66.74524882943143,66.74521705685618,66.74521705685618,0.0,1.0,0.00039375488597857253,0.0,0.9999996328592824,1.0
dfn,cp,20.0,1,1,router,0.0,0.0,0.0,0.0,0.0,0.0,0.0,1.0,0.0,0.006688963210702341,0.006688963210702341,0.006688963210702341,0.0,0.5484949832775919,0.3812709030149651,0.0,1.0,0.5484949832775919
dfn,cp,20.0,1,2,router,21.407974833333334,16.001435766666667,16.001435766666667,0.2495864574326476,0.7493686699632068,0.0006012671852685099,0.0,0.7480204495514189,1.0,69.29577792642141,66.75193779264214,66.75193779264214,0.06276835127709732,0.9517596638011808,0.00019105361790565598,0.0,0.9503204609754983,1.0
dfn,cp,20.0,1,3,router,9.076256743333333,7.2216336666666665,7.2216336666666665,0.2042829762829763,0.7944721912847059,0.001522149231120019,0.0,0.7936201936813652,1.0,31.961277515050167,31.022813311036792,31.022813311036792,0.05541760141050066,0.9595175938715488,0.00041587272752725845,0.0,0.9593527828757912,1.0
dfn,cp,20.0,1,4,router,8.652310949999999,6.928087866666666,6.928087866666666,0.19559357744651862,0.8033920679496909,0.0016838365768764255,0.0,0.8026437040710258,1.0,9.119937377926421,7.282486287625418,7.282486287625418,0.19961078961915082,0.7994090814234371,0.0019306053836308785,0.0,0.7990362441881285,1.0
dfn,cp,20.0,1,5,router,8.972826846666667,7.2582533,7.2582533,0.18748118288946464,0.8110957527749331,0.0014880204298886274,0.0,0.8102797197015709,1.0,31.861209431438123,30.990478327759195,30.990478327759195,0.049918165386729926,0.9632332449136174,0.00040168248504175437,0.0,0.9628445816006321,1.0
dfn,cp,20.0,1,6,attacker,9.988333299999999,4.609177133333334,4.6125104666666665,0.5376363636363636,0.46208708542243243,0.0013333333333333335,0.0,0.46207362628050885,1.0,30.060142107023413,27.469076588628763,27.46885933110368,0.15873456253891036,0.8071861448126618,0.000868061057690406,0.0,0.8833003493484152,0.8378942235367891
dfn,cp,20.0,1,7,benign_consumer,9.988333299999999,4.460412943333333,4.463746276666667,0.5526969696969697,0.44723500324100884,0.0013333333333333335,0.0,0.447165046923944,1.0,10.0,4.492418183946488,4.492418183946488,0.5498175737306172,0.4495762665551839,0.0016722408026755853,0.0,0.44924181839464883,1.0
dfn,cp,20.0,1,8,benign_consumer,9.988333299999999,4.201120783333334,4.204454116666667,0.5785757575757575,0.42128599981590314,0.0013333333333333335,0.0,0.4212725406739795,1.0,10.0,4.610831906354515,4.610831906354515,0.537600081078342,0.46141763879598663,0.0016722408026755853,0.0,0.46108319063545156,1.0
dfn,cp,20.0,1,9,benign_consumer,9.988333299999999,4.444523533333333,4.447856833333334,0.5540976430976431,0.4458947151879976,0.0013333333333333335,0.0,0.4454543918341958,1.0,10.0,4.509105471571906,4.509105471571906,0.5479831762440458,0.45124499531772577,0.0016722408026755853,0.0,0.45091054715719064,1.0
dfn,cp,20.0,1,10,benign_consumer,9.988333299999999,4.39925858,4.402591946666666,0.5585454545454546,0.4411398078526769,0.0013333333333333335,0.0,0.4410698482022187,1.0,10.0,4.551150501672241,4.551150501672241,0.5438735177865612,0.45544949832775916,0.0016722408026755853,0.0,0.45511505016722403,1.0
dfn,cp,20.0,1,11,attacker,9.988333299999999,4.566901566666666,4.5702349,0.5422558922558922,0.45807455017365584,0.0013333333333333335,0.0,0.4576342234862206,1.0,30.060142107023413,27.31027387959866,27.310058929765887,0.18094152224587007,0.8025839122041931,0.000868061057690406,0.0,0.8716218789399642,0.8386556137906213
dfn,cp,20.0,2,0,router,16.237310166666667,15.617370266666667,15.617370266666667,0.0384580557427015,0.961529715846096,0.001110862411123088,0.0,0.961529715846096,1.0,66.36192307692308,66.36186254180602,66.36186254180602,0.0,1.0,0.00038370085232294096,0.0,0.9999992681552347,1.0
dfn,cp,20.0,2,1,router,0.0,0.0,0.0,0.0,0.0,0.0,0.0,1.0,0.0,0.0,0.0,0.0,0.0,0.0,0.0,0.0,1.0,0.0
dfn,cp,20.0,2,2,router,21.8075975,16.237310166666667,16.237310166666667,0.2522881166022689,0.7478103766843959,0.0006067057395911198,0.0,0.7450509061869078,1.0,68.90085638795988,66.36192307692308,66.36192307692308,0.06408879890555169,0.9516727488679565,0.0001859207585018152,0.0,0.9495814788556881,1.0
dfn,cp,20.0,2,3,router,9.06423285,7.215764900000001,7.215764900000001,0.20479377688588216,0.796460887323927,0.001907319986723448,0.0,0.795338223597819,1.0,31.664815317725754,30.850973043478263,30.850973043478263,0.04740975562222884,0.9651039140486405,0.00040249647975724404,0.0,0.964849736175462,1.0
dfn,cp,20.0,2,4,router,9.150034033333332,7.334765833333333,7.334765833333333,0.19561131290736555,0.8034224650298305,0.0014271716802745707,0.0,0.8022591513300145,1.0,8.806325367892976,6.950416789297658,6.950416789297658,0.2052474374380729,0.793160237813288,0.0016532250920611423,0.0,0.7920546424320373,1.0
dfn,cp,20.0,2,5,router,9.023062923333333,7.257066766666667,7.257066766666667,0.19517151639210464,0.8056905859001985,0.0015272123584462317,0.0,0.8033328684798713,1.0,31.94923904013378,31.099466555183945,31.099466555183945,0.05000246011568224,0.9637196757328477,0.0004033482486139249,0.0,0.9628077268259284,1.0
dfn,cp,20.0,2,6,attacker,9.988333299999999,4.546770516666666,4.550103849999999,0.543939393939394,0.45584863012886007,0.0013333333333333335,0.0,0.4558351709869365,1.0,30.060142107023413,27.391097926421406,27.390883344481608,0.17067280545541416,0.8048159481889607,0.000868061057690406,0.0,0.8766779672563538,0.838044350265967
dfn,cp,20.0,2,7,benign_consumer,9.988333299999999,4.5107957,4.5141290000000005,0.5475824915824916,0.4525481944958536,0.0013333333333333335,0.0,0.45210787114205175,1.0,10.0,4.273931973244147,4.273931973244147,0.5717441978311543,0.4277276454849498,0.0016722408026755853,0.0,0.4273931973244147,1.0
dfn,cp,20.0,2,8,benign_consumer,9.988333299999999,4.607847366666666,4.6111807,0.5377037037037037,0.46226720285850786,0.0013333333333333335,0.0,0.46182687617136925,1.0,10.0,4.495753602006689,4.495753602006689,0.5497719671632715,0.449909808361204,0.0016722408026755853,0.0,0.44957536020066885,1.0
dfn,cp,20.0,2,9,benign_consumer,9.988333299999999,4.53552,4.538853333333333,0.545060606060606,0.45471426014207206,0.0013333333333333335,0.0,0.4546443038250072,1.0,10.0,4.310571765886287,4.310571765886287,0.5678980439850005,0.4313916247491638,0.0016722408026755853,0.0,0.43105717658862874,1.0
dfn,cp,20.0,2,10,benign_consumer,9.988333299999999,4.363667866666666,4.3670012,0.5622727272727273,0.4375626091987857,0.0013333333333333335,0.0,0.4374926528817209,1.0,10.0,4.519263454849498,4.519263454849498,0.5470913144826188,0.452260793645485,0.0016722408026755853,0.0,0.4519263454849498,1.0
dfn,cp,20.0,2,11,attacker,9.988333299999999,4.652728356666667,4.656061723333333,0.5336969696969697,0.46648424610057837,0.0013333333333333335,0.0,0.4664142864501201,1.0,30.060142107023413,27.43018785953177,27.429975585284282,0.1669381343294387,0.8050645682440741,0.000868061057690406,0.0,0.8796396365647453,0.8384039683439812
dfn,cp,20.0,3,0,router,16.0595395,15.413730900000001,15.413730900000001,0.04004358051566065,0.9597112586771264,0.0010672888586791395,0.0,0.9597112586771264,1.0,66.3725933110368,66.37173678929766,66.37173678929766,0.0,1.0,0.00039653722346417195,0.0,0.9999901149663709,1.0
dfn,cp,20.0,3,1,router,0.0,0.0,0.0,0.0,0.0,0.0,0.0,1.0,0.0,0.0033444816053511705,0.0033444816053511705,0.0033444816053511705,0.0,0.32441471571906355,0.1973244147157191,0.0,1.0,0.32441471571906355
dfn,cp,20.0,3,2,router,21.417698833333333,16.0595395,16.0595395,0.24806616650842608,0.7519790042205221,0.0006431266928686029,0.0,0.7495929365137148,1.0,69.07632404682273,66.37593779264213,66.37593779264213,0.06605661784248489,0.9492839258311792,0.00018753017885707603,0.0,0.9472459925631695,1.0
dfn,cp,20.0,3,3,router,8.886037589999999,7.123550666666667,7.123550666666667,0.19944165848771112,0.8018401648472742,0.0021768110056852017,0.0,0.8002555467219415,1.0,31.812902846153847,30.92259846153846,30.92259846153846,0.05030276014236587,0.9626052010523838,0.00041328074908146664,0.0,0.9624122619527203,1.0
dfn,cp,20.0,3,4,router,8.967270173333333,7.2027811,7.2027811,0.19665436034553682,0.803356621703883,0.0015161314433824811,0.0,0.8028649287051278,1.0,8.788860531772576,6.979644648829432,6.979644648829432,0.20777274564899983,0.7929849719865045,0.00195071975112792,0.0,0.7920405629112307,1.0
dfn,cp,20.0,3,5,router,8.873280006666667,7.091367066666667,7.091367066666667,0.200868050851797,0.7981059670812914,0.0015789071050995708,0.0,0.7981059434915948,1.0,32.0912219464883,31.17408093645485,31.17073712374582,0.05254947761481207,0.9612539737435623,0.0003977287519772866,0.0,0.9608185955680615,0.9999152610318225
dfn,cp,20.0,3,6,attacker,9.988333299999999,4.5309010333333335,4.534234433333333,0.5455151515151515,0.4543025111971955,0.0013333333333333335,0.0,0.45423254821340076,1.0,30.060142107023413,27.467575785953176,27.46735993311037,0.16277219157653938,0.8051096033213124,0.000868061057690406,0.0,0.8819590762927524,0.8380561744106727
dfn,cp,20.0,3,7,benign_consumer,9.988333299999999,4.34846979,4.351803156666667,0.5635521885521885,0.4363130427569728,0.0013333333333333335,0.0,0.4358727127365009,1.0,10.0,4.345542913043478,4.345542913043478,0.5645231580014188,0.43488873946488293,0.0016722408026755853,0.0,0.43455429130434786,1.0
dfn,cp,20.0,3,8,benign_consumer,9.988333299999999,4.370881566666667,4.3742149,0.5617643097643097,0.4385410945178045,0.0013333333333333335,0.0,0.43810076783066604,1.0,10.0,4.34873764548495,4.34873764548495,0.5638137225093747,0.43520821270903015,0.0016722408026755853,0.0,0.43487376454849497,1.0
dfn,cp,20.0,3,9,benign_consumer,9.988333299999999,4.5897219400000004,4.593055273333333,0.5397037037037037,0.46045619410065686,0.0013333333333333335,0.0,0.46001586741351824,1.0,10.0,4.440122886287625,4.440122886287625,0.5549660484443093,0.44434673678929765,0.0016722408026755853,0.0,0.4440122886287625,1.0
dfn,cp,20.0,3,10,benign_consumer,9.988333299999999,4.561121166666667,4.564454466666667,0.5424915824915825,0.45759358339509343,0.0013333333333333335,0.0,0.4571532600412916,1.0,10.0,4.616228969899665,4.616228969899665,0.537600081078342,0.46195734515050163,0.0016722408026755853,0.0,0.46162289698996656,1.0
dfn,cp,20.0,3,11,attacker,9.988333299999999,4.305492206666667,4.30882554,0.5678787878787879,0.43174792906343223,0.0013333333333333335,0.0,0.4316779727463674,1.0,30.060142107023413,27.47520220735786,27.471648127090305,0.16652984696462955,0.8047144252908056,0.000868061057690406,0.0,0.8811473219041395,0.8388336869034818
dfn,cp,20.0,4,0,router,16.195729933333332,15.525767766666668,15.525767766666668,0.041342005176289734,0.9584832610957553,0.0009242292124866064,0.0,0.9584832610957553,1.0,66.10628260869565,66.10624615384616,66.10624615384616,0.0,1.0,0.0004675779428833187,0.0,0.9999995361035448,1.0
dfn,cp,20.0,4,1,router,0.0,0.0,0.0,0.0,0.0,0.0,0.0,1.0,0.0,0.006688963210702341,0.006688963210702341,0.006688963210702341,0.0,0.8929765886287625,0.6488294314430587,0.0,1.0,0.8929765886287625
dfn,cp,20.0,4,2,router,21.797514533333334,16.195729933333332,16.195729933333332,0.2564382060141254,0.7436166272550084,0.0005735476788615591,0.0,0.7424371107278716,1.0,68.46993862876255,66.11297157190636,66.11297157190636,0.05768074867530423,0.9559564269943253,0.00019671515143676607,0.0,0.9538346787687886,1.0
dfn,cp,20.0,4,3,router,9.058480016666667,7.216941466666667,7.216941466666667,0.20604245535166588,0.7946239890438269,0.0016229570152049655,0.0,0.7940216178924255,1.0,31.558158260869565,30.63748411371237,30.63748411371237,0.05489398438633431,0.9601880242772525,0.00042419830461892414,0.0,0.9595707362793385,1.0
dfn,cp,20.0,4,4,router,9.0913342,7.3018331000000005,7.3018331000000005,0.19619007844007844,0.8032264431585925,0.001394317607800449,0.0,0.8028848015239354,1.0,8.754131505016721,7.121692173913043,7.121692173913043,0.18612093035169958,0.8137166141107852,0.0019033741637638096,0.0,0.8123373559629374,1.0
dfn,cp,20.0,4,5,router,9.06322843,7.278739966666667,7.278739966666667,0.19464457111515934,0.8036589794259724,0.0013274613744953844,0.0,0.8036590372281416,1.0,31.64186112374582,30.710762341137123,30.707418193979937,0.056441704590235446,0.9593234392720015,0.0004321847022936738,0.0,0.9589732241531523,0.999915280825076
dfn,cp,20.0,4,6,attacker,9.988333299999999,4.4405969333333335,4.4439303,0.5544848484848485,0.4452579287733251,0.0013333333333333335,0.0,0.44518796912292363,1.0,30.060142107023413,27.179462240802675,27.179248929765887,0.18878711867842302,0.8020942306054938,0.000868061057690406,0.0,0.864733451435264,0.8381128234347666
dfn,cp,20.0,4,7,benign_consumer,9.988333299999999,4.611216416666667,4.614549716666667,0.5377946127946128,0.46258411211678396,0.0013333333333333335,0.0,0.4621437887629821,1.0,10.0,4.378909331103679,4.378909331103679,0.5607226107226108,0.43822538127090305,0.0016722408026755853,0.0,0.43789093311036786,1.0
dfn,cp,20.0,4,8,benign_consumer,9.988333299999999,4.608457666666666,4.611791,0.5376363636363636,0.46201464290934535,0.0013333333333333335,0.0,0.4620011837674217,1.0,10.0,4.259705986622074,4.259705986622074,0.573355629877369,0.4263050468227425,0.0016722408026755853,0.0,0.4259705986622073,1.0
dfn,cp,20.0,4,9,benign_consumer,9.988333299999999,4.476209866666666,4.4795432,0.5511515151515152,0.44878295943302876,0.0013333333333333335,0.0,0.4487130031159639,1.0,10.0,4.494425518394649,4.494425518394649,0.5494932603628256,0.44977700000000004,0.0016722408026755853,0.0,0.44944255183946485,1.0
dfn,cp,20.0,4,10,benign_consumer,9.988333299999999,4.44919034,4.452523706666667,0.5538181818181819,0.4461154584478975,0.0013333333333333335,0.0,0.44604549879749605,1.0,10.0,4.33540908361204,4.33540908361204,0.5654606263301916,0.43387535652173914,0.0016722408026755853,0.0,0.43354090836120407,1.0
dfn,cp,20.0,4,11,attacker,9.988333299999999,4.6073713566666665,4.610704723333333,0.538060606060606,0.46194841377080514,0.0013333333333333335,0.0,0.46187845412034695,1.0,30.060142107023413,27.30667016722408,27.30310795986622,0.17457922512270338,0.8036630485423483,0.000868061057690406,0.0,0.8731424102019542,0.8378312649569406
dfn,cp,20.0,5,0,router,15.962917766666665,15.324684666666666,15.324684666666666,0.04137224789190061,0.9591462457329342,0.001248275766675211,0.0,0.9591462457329342,1.0,66.78960535117056,66.78783277591974,66.78783277591974,0.0,0.9999999962693502,0.0004136311228462912,0.0,0.9999792748606469,1.0
dfn,cp,20.0,5,1,router,0.0,0.0,0.0,0.0,0.0,0.0,0.0,1.0,0.0,0.006688963210702339,0.006688963210702339,0.006688963210702339,0.0,0.7324414715719063,0.5250836120401352,0.0,1.0,0.7324414715719063
dfn,cp,20.0,5,2,router,21.4072139,15.962917766666665,15.962917766666665,0.2508732855754721,0.7482907303948406,0.0006936188096818617,0.0,0.7464345612576613,1.0,69.41221424749163,66.79629431438127,66.79629431438127,0.06474905562386728,0.9504390975674458,0.0001900051884533766,0.0,0.9484231846646106,1.0
dfn,cp,20.0,5,3,router,8.875355366666666,7.0478008,7.0478008,0.20581889066099593,0.7941736330146069,0.0018023232791448817,0.0,0.7937918600918294,1.0,31.96124785953177,31.057345886287628,31.057345886287628,0.05401161288225289,0.9608482888284168,0.0003994537759683558,0.0,0.9603416439494719,1.0
dfn,cp,20.0,5,4,router,8.746894099999999,6.9019622,6.9019622,0.21275741469859116,0.7888095844962328,0.0017572318588062166,0.0,0.7878383204423699,1.0,9.048546622073578,7.25596575250836,7.25596575250836,0.19609143179377292,0.8036999901544997,0.0019580019400943986,0.0,0.8025530727665134,1.0
dfn,cp,20.0,5,5,router,9.415196493333333,7.4574509,7.4574509,0.20796907531466355,0.7937195729576904,0.001597455050007967,0.0,0.7925579802556898,1.0,31.99742705685619,31.09890260869565,31.09890260869565,0.05081999159561513,0.9626115007763133,0.0004133961301014904,0.0,0.9618757618914094,1.0
dfn,cp,20.0,5,6,attacker,9.988333299999999,4.4359128000000005,4.4392461,0.554976430976431,0.4450460337691058,0.0013333333333333335,0.0,0.44460571041530395,1.0,30.060142107023413,27.48056862876254,27.480351839464884,0.1642540430583909,0.8073634161926949,0.000868061057690406,0.0,0.881236089428109,0.8380651091807224
dfn,cp,20.0,5,7,benign_consumer,9.988333299999999,4.4327759,4.436109266666667,0.5551515151515151,0.4444757095691517,0.0013333333333333335,0.0,0.44440574991875015,1.0,10.0,4.48089602006689,4.48089602006689,0.5510742880308098,0.4484240501672241,0.0016722408026755853,0.0,0.44808960200668896,1.0
dfn,cp,20.0,5,8,benign_consumer,9.988333299999999,4.2770340000000004,4.2803674,0.5708181818181818,0.4289161850661,0.0013333333333333335,0.0,0.42884622208230516,1.0,10.0,4.500527859531773,4.500527859531773,0.548910509780075,0.4503872341137124,0.0016722408026755853,0.0,0.45005278595317727,1.0
dfn,cp,20.0,5,9,benign_consumer,9.988333299999999,4.463193366666667,4.4665267,0.5524377104377104,0.44769083474071464,0.0013333333333333335,0.0,0.4472505080532794,1.0,10.0,4.5480187625418065,4.5480187625418065,0.5441218202087768,0.4551363244147157,0.0016722408026755853,0.0,0.4548018762541806,1.0
dfn,cp,20.0,5,10,benign_consumer,9.988333299999999,4.737930133333333,4.741263433333334,0.5252626262626262,0.47505367310576824,0.0013333333333333335,0.0,0.4746133497519664,1.0,10.0,4.5379129096989965,4.5379129096989965,0.5450643559339211,0.45412573913043475,0.0016722408026755853,0.0,0.4537912909698996,1.0
dfn,cp,20.0,5,11,attacker,9.988333299999999,4.670599660000001,4.67393306,0.5311515151515152,0.46826827452107267,0.0013333333333333335,0.0,0.4681983115372679,1.0,30.060142107023413,27.459728595317724,27.45951414715719,0.16098394359263926,0.8068816647782407,0.000868061057690406,0.0,0.8820952541044661,0.8379074701015913
dfn,cp,30.0,1,0,router,16.001435766666667,15.431470866666665,15.431470866666665,0.036415370837988285,0.9634449392138549,0.0010696487767596307,0.0,0.9634449392138549,1.0,88.95623110367893,88.9561966555184,88.9561966555184,0.0,1.0,0.00025761815355425713,0.0,0.9999996748983402,1.0
dfn,cp,30.0,1,1,router,0.0,0.0,0.0,0.0,0.0,0.0,0.0,1.0,0.0,0.0,0.0,0.0,0.0,0.0,0.0,0.0,1.0,0.0
dfn,cp,30.0,1,2,router,21.407974833333334,16.001435766666667,16.001435766666667,0.2495864574326476,0.7493686699632068,0.0006012671852685099,0.0,0.7480204495514189,1.0,91.05117658862876,88.95623110367893,88.95623110367893,0.03520611626728516,0.973273942023975,0.00015240573373138646,0.0,0.9721957212930673,1.0
dfn,cp,30.0,1,3,router,9.076256743333333,7.2216336666666665,7.2216336666666665,0.2042829762829763,0.7944721912847059,0.001522149231120019,0.0,0.7936201936813652,1.0,42.55845998996655,41.90761237458194,41.90761237458194,0.02548790502344171,0.9815807311821102,0.0003257013120987003,0.0,0.9813228656405625,1.0
dfn,cp,30.0,1,4,router,8.652310949999999,6.928087866666666,6.928087866666666,0.19559357744651862,0.8033920679496909,0.0016838365768764255,0.0,0.8026437040710258,1.0,9.119937377926421,7.282486287625418,7.282486287625418,0.19961078961915082,0.7994090814234371,0.0019306053836308785,0.0,0.7990362441881285,1.0
dfn,cp,30.0,1,5,router,8.972826846666667,7.2582533,7.2582533,0.18748118288946464,0.8110957527749331,0.0014880204298886274,0.0,0.8102797197015709,1.0,42.50451568561873,41.8610779264214,41.8610779264214,0.02527044282223533,0.9818297644683021,0.0003159577080641957,0.0,0.981567778654475,1.0
dfn,cp,30.0,1,6,attacker,9.988333299999999,4.609177133333334,4.6125104666666665,0.5376363636363636,0.46208708542243243,0.0013333333333333335,0.0,0.46207362628050885,1.0,40.065272909699,38.06604180602007,38.06604180602007,0.10816568499212832,0.9339822498927497,0.00033708925909059923,0.0,0.9332182895842345,1.0
dfn,cp,30.0,1,7,benign_consumer,9.988333299999999,4.460412943333333,4.463746276666667,0.5526969696969697,0.44723500324100884,0.0013333333333333335,0.0,0.447165046923944,1.0,10.0,4.492418183946488,4.492418183946488,0.5498175737306172,0.4495762665551839,0.0016722408026755853,0.0,0.44924181839464883,1.0
dfn,cp,30.0,1,8,benign_consumer,9.988333299999999,4.201120783333334,4.204454116666667,0.5785757575757575,0.42128599981590314,0.0013333333333333335,0.0,0.4212725406739795,1.0,10.0,4.610831906354515,4.610831906354515,0.537600081078342,0.46141763879598663,0.0016722408026755853,0.0,0.46108319063545156,1.0
dfn,cp,30.0,1,9,benign_consumer,9.988333299999999,4.444523533333333,4.447856833333334,0.5540976430976431,0.4458947151879976,0.0013333333333333335,0.0,0.4454543918341958,1.0,10.0,4.509105471571906,4.509105471571906,0.5479831762440458,0.45124499531772577,0.0016722408026755853,0.0,0.45091054715719064,1.0
dfn,cp,30.0,1,10,benign_consumer,9.988333299999999,4.39925858,4.402591946666666,0.5585454545454546,0.4411398078526769,0.0013333333333333335,0.0,0.4410698482022187,1.0,10.0,4.554494949832776,4.554494949832776,0.5435390696260262,0.45578394314381276,0.0016722408026755853,0.0,0.4554494949832776,1.0
dfn,cp,30.0,1,11,attacker,9.988333299999999,4.566901566666666,4.5702349,0.5422558922558922,0.45807455017365584,0.0013333333333333335,0.0,0.4576342234862206,1.0,40.065272909699,37.950020735785955,37.950020735785955,0.10038379297110586,0.9338159872980183,0.00033708925909059923,0.0,0.93338097007124,1.0
dfn,cp,30.0,2,0,router,16.237310166666667,15.617370266666667,15.617370266666667,0.0384580557427015,0.961529715846096,0.001110862411123088,0.0,0.961529715846096,1.0,88.62864046822743,88.62858127090301,88.62858127090301,0.0,1.0,0.00025360160385068733,0.0,0.9999994127179828,1.0
dfn,cp,30.0,2,1,router,0.0,0.0,0.0,0.0,0.0,0.0,0.0,1.0,0.0,0.0,0.0,0.0,0.0,0.0,0.0,0.0,1.0,0.0
dfn,cp,30.0,2,2,router,21.8075975,16.237310166666667,16.237310166666667,0.2522881166022689,0.7478103766843959,0.0006067057395911198,0.0,0.7450509061869078,1.0,90.70563183946489,88.62864046822743,88.62864046822743,0.03600734740762358,0.9734903974847539,0.0001503145701487261,0.0,0.9717111543612382,1.0
dfn,cp,30.0,2,3,router,9.06423285,7.215764900000001,7.215764900000001,0.20479377688588216,0.796460887323927,0.001907319986723448,0.0,0.795338223597819,1.0,42.361645719063546,41.791844147157185,41.791844147157185,0.025150915783303553,0.983094978891923,0.00031892308255849025,0.0,0.9828835609581839,1.0
dfn,cp,30.0,2,4,router,9.150034033333332,7.334765833333333,7.334765833333333,0.19561131290736555,0.8034224650298305,0.0014271716802745707,0.0,0.8022591513300145,1.0,8.806325367892976,6.950416789297658,6.950416789297658,0.2052474374380729,0.793160237813288,0.0016532250920611423,0.0,0.7920546424320373,1.0
dfn,cp,30.0,2,5,router,9.023062923333333,7.257066766666667,7.257066766666667,0.19517151639210464,0.8056905859001985,0.0015272123584462317,0.0,0.8033328684798713,1.0,42.585848404682274,41.96337090301003,41.96337090301003,0.021700250501591335,0.98332688434126,0.0003214175261389599,0.0,0.9827020040681355,1.0
dfn,cp,30.0,2,6,attacker,9.988333299999999,4.546770516666666,4.550103849999999,0.543939393939394,0.45584863012886007,0.0013333333333333335,0.0,0.4558351709869365,1.0,40.065272909699,38.09105819397993,38.09105819397993,0.09849746357230321,0.9371300961564438,0.00033708925909059923,0.0,0.9363618513413745,1.0
dfn,cp,30.0,2,7,benign_consumer,9.988333299999999,4.5107957,4.5141290000000005,0.5475824915824916,0.4525481944958536,0.0013333333333333335,0.0,0.45210787114205175,1.0,10.0,4.270587525083612,4.270587525083612,0.5720786459916894,0.4273932006688963,0.0016722408026755853,0.0,0.42705875250836123,1.0
dfn,cp,30.0,2,8,benign_consumer,9.988333299999999,4.607847366666666,4.6111807,0.5377037037037037,0.46226720285850786,0.0013333333333333335,0.0,0.46182687617136925,1.0,10.0,4.495753602006689,4.495753602006689,0.5497719671632715,0.449909808361204,0.0016722408026755853,0.0,0.44957536020066885,1.0
dfn,cp,30.0,2,9,benign_consumer,9.988333299999999,4.53552,4.538853333333333,0.545060606060606,0.45471426014207206,0.0013333333333333335,0.0,0.4546443038250072,1.0,10.0,4.310571765886287,4.310571765886287,0.5678980439850005,0.4313916247491638,0.0016722408026755853,0.0,0.43105717658862874,1.0
dfn,cp,30.0,2,10,benign_consumer,9.988333299999999,4.363667866666666,4.3670012,0.5622727272727273,0.4375626091987857,0.0013333333333333335,0.0,0.4374926528817209,1.0,10.0,4.519263454849498,4.519263454849498,0.5470913144826188,0.452260793645485,0.0016722408026755853,0.0,0.4519263454849498,1.0
dfn,cp,30.0,2,11,attacker,9.988333299999999,4.652728356666667,4.656061723333333,0.5336969696969697,0.46648424610057837,0.0013333333333333335,0.0,0.4664142864501201,1.0,40.065272909699,38.06658494983278,38.06658494983278,0.09777373968393213,0.9370752064596815,0.00033708925909059923,0.0,0.9363200315873628,1.0
dfn,cp,30.0,3,0,router,16.0595395,15.413730900000001,15.413730900000001,0.04004358051566065,0.9597112586771264,0.0010672888586791395,0.0,0.9597112586771264,1.0,88.58154882943144,88.5806906354515,88.5806906354515,0.0,1.0,0.0002610710699818435,0.0,0.9999918714561881,1.0
dfn,cp,30.0,3,1,router,0.0,0.0,0.0,0.0,0.0,0.0,0.0,1.0,0.0,0.0,0.0,0.0,0.0,0.0,0.0,0.0,1.0,0.0
dfn,cp,30.0,3,2,router,21.417698833333333,16.0595395,16.0595395,0.24806616650842608,0.7519790042205221,0.0006431266928686029,0.0,0.7495929365137148,1.0,90.78793026755852,88.58154882943144,88.58154882943144,0.038010741693264155,0.9718890419500765,0.00015115683854611137,0.0,0.9702857486807586,1.0
dfn,cp,30.0,3,3,router,8.886037589999999,7.123550666666667,7.123550666666667,0.19944165848771112,0.8018401648472742,0.0021768110056852017,0.0,0.8002555467219415,1.0,42.40681682608696,41.79074481605351,41.79074481605351,0.025029339119738505,0.9823815307346975,0.0003261470281165926,0.0,0.9821036034061946,1.0
dfn,cp,30.0,3,4,router,8.967270173333333,7.2027811,7.2027811,0.19665436034553682,0.803356621703883,0.0015161314433824811,0.0,0.8028649287051278,1.0,8.79220497993311,6.979644648829432,6.979644648829432,0.2080085744801464,0.7927366293227369,0.0019506828881944523,0.0,0.7917922200535633,1.0
dfn,cp,30.0,3,5,router,8.873280006666667,7.091367066666667,7.091367066666667,0.200868050851797,0.7981059670812914,0.0015789071050995708,0.0,0.7981059434915948,1.0,42.720634989966555,42.01754080267558,42.01754080267558,0.028657154013205156,0.9798232135562434,0.0003142120482602749,0.0,0.9794229910434101,1.0
dfn,cp,30.0,3,6,attacker,9.988333299999999,4.5309010333333335,4.534234433333333,0.5455151515151515,0.4543025111971955,0.0013333333333333335,0.0,0.45423254821340076,1.0,40.065272909699,38.06127391304348,38.06127391304348,0.10398815071837167,0.9349348315787084,0.00033708925909059923,0.0,0.9340821373236937,1.0
dfn,cp,30.0,3,7,benign_consumer,9.988333299999999,4.34846979,4.351803156666667,0.5635521885521885,0.4363130427569728,0.0013333333333333335,0.0,0.4358727127365009,1.0,10.0,4.345542913043478,4.345542913043478,0.5645231580014188,0.43488873946488293,0.0016722408026755853,0.0,0.43455429130434786,1.0
dfn,cp,30.0,3,8,benign_consumer,9.988333299999999,4.370881566666667,4.3742149,0.5617643097643097,0.4385410945178045,0.0013333333333333335,0.0,0.43810076783066604,1.0,10.0,4.3520820936454845,4.3520820936454845,0.5634792743488395,0.43520821270903015,0.0016722408026755853,0.0,0.43520820936454846,1.0
dfn,cp,30.0,3,9,benign_consumer,9.988333299999999,4.5897219400000004,4.593055273333333,0.5397037037037037,0.46045619410065686,0.0013333333333333335,0.0,0.46001586741351824,1.0,10.0,4.440122886287625,4.440122886287625,0.5549660484443093,0.44434673678929765,0.0016722408026755853,0.0,0.4440122886287625,1.0
dfn,cp,30.0,3,10,benign_consumer,9.988333299999999,4.561121166666667,4.564454466666667,0.5424915824915825,0.45759358339509343,0.0013333333333333335,0.0,0.4571532600412916,1.0,10.0,4.619573451505016,4.616228969899665,0.5372656329178068,0.46195734515050163,0.0016722408026755853,0.0,0.46195734515050163,0.999309271702212
dfn,cp,30.0,3,11,attacker,9.988333299999999,4.305492206666667,4.30882554,0.5678787878787879,0.43174792906343223,0.0013333333333333335,0.0,0.4316779727463674,1.0,40.065272909699,38.101061538461536,38.101061538461536,0.09793025933439334,0.937351893575714,0.00033708925909059923,0.0,0.9368092536681543,1.0
dfn,cp,30.0,4,0,router,16.195729933333332,15.525767766666668,15.525767766666668,0.041342005176289734,0.9584832610957553,0.0009242292124866064,0.0,0.9584832610957553,1.0,88.2936297658863,88.29359163879599,88.29359163879599,0.0,1.0,0.0002907027812041654,0.0,0.9999996088710688,1.0
dfn,cp,30.0,4,1,router,0.0,0.0,0.0,0.0,0.0,0.0,0.0,1.0,0.0,0.0,0.0,0.0,0.0,0.0,0.0,0.0,1.0,0.0
dfn,cp,30.0,4,2,router,21.797514533333334,16.195729933333332,16.195729933333332,0.2564382060141254,0.7436166272550084,0.0005735476788615591,0.0,0.7424371107278716,1.0,90.31891826086957,88.2936297658863,88.2936297658863,0.03342154718655983,0.9749458754530934,0.00015503347953001442,0.0,0.9728064611527661,1.0
dfn,cp,30.0,4,3,router,9.058480016666667,7.216941466666667,7.216941466666667,0.20604245535166588,0.7946239890438269,0.0016229570152049655,0.0,0.7940216178924255,1.0,42.30926551839465,41.618530434782606,41.618530434782606,0.028668326416018866,0.9799805655045247,0.000330608395411137,0.0,0.9796791361207898,1.0
dfn,cp,30.0,4,4,router,9.0913342,7.3018331000000005,7.3018331000000005,0.19619007844007844,0.8032264431585925,0.001394317607800449,0.0,0.8028848015239354,1.0,8.754131505016721,7.118347692307693,7.118347692307693,0.1865987134381783,0.8132812813418202,0.0019033741637638096,0.0,0.8119020193559169,1.0
dfn,cp,30.0,4,5,router,9.06322843,7.278739966666667,7.278739966666667,0.19464457111515934,0.8036589794259724,0.0013274613744953844,0.0,0.8036590372281416,1.0,42.255754903010036,41.582040133779266,41.582040133779266,0.02937658585858949,0.9803517109027842,0.0003270072897754872,0.0,0.9800057804876956,1.0
dfn,cp,30.0,4,6,attacker,9.988333299999999,4.4405969333333335,4.4439303,0.5544848484848485,0.4452579287733251,0.0013333333333333335,0.0,0.44518796912292363,1.0,40.065272909699,37.93035618729097,37.93035618729097,0.1019306157135808,0.9337976933377288,0.00033708925909059923,0.0,0.9327098501475726,1.0
dfn,cp,30.0,4,7,benign_consumer,9.988333299999999,4.611216416666667,4.614549716666667,0.5377946127946128,0.46258411211678396,0.0013333333333333335,0.0,0.4621437887629821,1.0,10.0,4.378909331103679,4.378909331103679,0.5607226107226108,0.43822538127090305,0.0016722408026755853,0.0,0.43789093311036786,1.0
dfn,cp,30.0,4,8,benign_consumer,9.988333299999999,4.608457666666666,4.611791,0.5376363636363636,0.46201464290934535,0.0013333333333333335,0.0,0.4620011837674217,1.0,10.0,4.259705986622074,4.259705986622074,0.573355629877369,0.4263050468227425,0.0016722408026755853,0.0,0.4259705986622073,1.0
dfn,cp,30.0,4,9,benign_consumer,9.988333299999999,4.476209866666666,4.4795432,0.5511515151515152,0.44878295943302876,0.0013333333333333335,0.0,0.4487130031159639,1.0,10.0,4.494425518394649,4.494425518394649,0.5494932603628256,0.44977700000000004,0.0016722408026755853,0.0,0.44944255183946485,1.0
dfn,cp,30.0,4,10,benign_consumer,9.988333299999999,4.44919034,4.452523706666667,0.5538181818181819,0.4461154584478975,0.0013333333333333335,0.0,0.44604549879749605,1.0,10.0,4.33540908361204,4.33540908361204,0.5654606263301916,0.43387535652173914,0.0016722408026755853,0.0,0.43354090836120407,1.0
dfn,cp,30.0,4,11,attacker,9.988333299999999,4.6073713566666665,4.610704723333333,0.538060606060606,0.46194841377080514,0.0013333333333333335,0.0,0.46187845412034695,1.0,40.065272909699,37.920345819397994,37.920345819397994,0.1096783384114104,0.9309242965764843,0.00033708925909059923,0.0,0.9301192347373363,1.0
dfn,cp,30.0,5,0,router,15.962917766666665,15.324684666666666,15.324684666666666,0.04137224789190061,0.9591462457329342,0.001248275766675211,0.0,0.9591462457329342,1.0,88.9631652173913,88.96139364548495,88.96139364548495,0.0,1.0,0.00026984111991162603,0.0,0.9999827381826738,1.0
dfn,cp,30.0,5,1,router,0.0,0.0,0.0,0.0,0.0,0.0,0.0,1.0,0.0,0.0,0.0,0.0,0.0,0.0,0.0,0.0,1.0,0.0
dfn,cp,30.0,5,2,router,21.4072139,15.962917766666665,15.962917766666665,0.2508732855754721,0.7482907303948406,0.0006936188096818617,0.0,0.7464345612576613,1.0,91.05478933110368,88.9631652173913,88.9631652173913,0.03465580442624856,0.9739253901312855,0.00015185108592238503,0.0,0.9722454771335542,1.0
dfn,cp,30.0,5,3,router,8.875355366666666,7.0478008,7.0478008,0.20581889066099593,0.7941736330146069,0.0018023232791448817,0.0,0.7937918600918294,1.0,42.53180806020067,41.831863210702345,41.831863210702345,0.028839460199919276,0.9799014562236785,0.0003146917247858474,0.0,0.9795156313870902,1.0
dfn,cp,30.0,5,4,router,8.746894099999999,6.9019622,6.9019622,0.21275741469859116,0.7888095844962328,0.0017572318588062166,0.0,0.7878383204423699,1.0,9.04520210702341,7.25262143812709,7.25262143812709,0.19609143179377292,0.8036864749744432,0.0019580030980948524,0.0,0.8025395688179046,1.0
dfn,cp,30.0,5,5,router,9.415196493333333,7.4574509,7.4574509,0.20796907531466355,0.7937195729576904,0.001597455050007967,0.0,0.7925579802556898,1.0,42.64140688963211,41.97030468227425,41.97030468227425,0.024147409870217316,0.9818404820731095,0.0003278506925308058,0.0,0.9814274698961147,1.0
dfn,cp,30.0,5,6,attacker,9.988333299999999,4.4359128000000005,4.4392461,0.554976430976431,0.4450460337691058,0.0013333333333333335,0.0,0.44460571041530395,1.0,40.065272909699,38.04756755852843,38.04756755852843,0.10632406616904123,0.9338297939036677,0.00033708925909059923,0.0,0.9334336124729864,1.0
dfn,cp,30.0,5,7,benign_consumer,9.988333299999999,4.4327759,4.436109266666667,0.5551515151515151,0.4444757095691517,0.0013333333333333335,0.0,0.44440574991875015,1.0,10.0,4.48424050167224,4.48424050167224,0.5507398398702746,0.4484240501672241,0.0016722408026755853,0.0,0.4484240501672241,1.0
dfn,cp,30.0,5,8,benign_consumer,9.988333299999999,4.2770340000000004,4.2803674,0.5708181818181818,0.4289161850661,0.0013333333333333335,0.0,0.42884622208230516,1.0,10.0,4.497183344481605,4.497183344481605,0.5492449579406101,0.4500527826086957,0.0016722408026755853,0.0,0.4497183344481605,1.0
dfn,cp,30.0,5,9,benign_consumer,9.988333299999999,4.463193366666667,4.4665267,0.5524377104377104,0.44769083474071464,0.0013333333333333335,0.0,0.4472505080532794,1.0,10.0,4.5480187625418065,4.5480187625418065,0.5441218202087768,0.4551363244147157,0.0016722408026755853,0.0,0.4548018762541806,1.0
dfn,cp,30.0,5,10,benign_consumer,9.988333299999999,4.737930133333333,4.741263433333334,0.5252626262626262,0.47505367310576824,0.0013333333333333335,0.0,0.4746133497519664,1.0,10.0,4.5379129096989965,4.5379129096989965,0.5450643559339211,0.45412573913043475,0.0016722408026755853,0.0,0.4537912909698996,1.0
dfn,cp,30.0,5,11,attacker,9.988333299999999,4.670599660000001,4.67393306,0.5311515151515152,0.46826827452107267,0.0013333333333333335,0.0,0.4681983115372679,1.0,40.065272909699,38.10349397993311,38.10349397993311,0.10111273853255322,0.9362530298569137,0.00033708925909059923,0.0,0.9358933524110962,1.0
dfn,cp,35.0,1,0,router,16.001435766666667,15.431470866666665,15.431470866666665,0.036415370837988285,0.9634449392138549,0.0010696487767596307,0.0,0.9634449392138549,1.0,99.74878929765886,99.7487558528428,99.7487558528428,0.0,1.0,0.00024046538514064787,0.0,0.9999996962526286,1.0
dfn,cp,35.0,1,1,router,0.0,0.0,0.0,0.0,0.0,0.0,0.0,1.0,0.0,0.0,0.0,0.0,0.0,0.0,0.0,0.0,1.0,0.0
dfn,cp,35.0,1,2,router,21.407974833333334,16.001435766666667,16.001435766666667,0.2495864574326476,0.7493686699632068,0.0006012671852685099,0.0,0.7480204495514189,1.0,101.68315652173914,99.74878929765886,99.74878929765886,0.025923429195692776,0.9792237395310542,0.0001458389965058003,0.0,0.9781145606530461,1.0
dfn,cp,35.0,1,3,router,9.076256743333333,7.2216336666666665,7.2216336666666665,0.2042829762829763,0.7944721912847059,0.001522149231120019,0.0,0.7936201936813652,1.0,47.78316266555184,47.1998745819398,47.1998745819398,0.019441526020874258,0.9856671706775608,0.0003096442022589081,0.0,0.9855387171814881,1.0
dfn,cp,35.0,1,4,router,8.652310949999999,6.928087866666666,6.928087866666666,0.19559357744651862,0.8033920679496909,0.0016838365768764255,0.0,0.8026437040710258,1.0,9.123281859531772,7.282486287625418,7.282486287625418,0.20008857270562955,0.7990096379296403,0.0019306053836308785,0.0,0.7986368007380009,1.0
dfn,cp,35.0,1,5,router,8.972826846666667,7.2582533,7.2582533,0.18748118288946464,0.8110957527749331,0.0014880204298886274,0.0,0.8102797197015709,1.0,47.76396317725752,47.20079565217391,47.200797324414715,0.017123721415293856,0.9869327788455765,0.00030180377621168375,0.0,0.9865104309173441,0.9987091679891547
dfn,cp,35.0,1,6,attacker,9.988333299999999,4.609177133333334,4.6125104666666665,0.5376363636363636,0.46208708542243243,0.0013333333333333335,0.0,0.46207362628050885,1.0,45.076604013377924,43.29074448160535,43.29074581939799,0.07143212869335464,0.9526055900235588,0.0003203389626521009,0.0,0.951074791773088,0.9991228610959648
dfn,cp,35.0,1,7,benign_consumer,9.988333299999999,4.460412943333333,4.463746276666667,0.5526969696969697,0.44723500324100884,0.0013333333333333335,0.0,0.447165046923944,1.0,10.0,4.492418183946488,4.492417949832776,0.5498175737306172,0.4495762431438127,0.0016722408026755853,0.0,0.44924181839464883,0.9939775724054047
dfn,cp,35.0,1,8,benign_consumer,9.988333299999999,4.201120783333334,4.204454116666667,0.5785757575757575,0.42128599981590314,0.0013333333333333335,0.0,0.4212725406739795,1.0,10.0,4.6141763879598665,4.614176421404682,0.5372656329178068,0.4614176421404682,0.0016722408026755853,0.0,0.46141763879598663,0.9950728553185773
dfn,cp,35.0,1,9,benign_consumer,9.988333299999999,4.444523533333333,4.447856833333334,0.5540976430976431,0.4458947151879976,0.0013333333333333335,0.0,0.4454543918341958,1.0,10.0,4.509105471571906,4.509105505016723,0.5479831762440458,0.45124499866220735,0.0016722408026755853,0.0,0.45091054715719064,0.9929791216209027
dfn,cp,35.0,1,10,benign_consumer,9.988333299999999,4.39925858,4.402591946666666,0.5585454545454546,0.4411398078526769,0.0013333333333333335,0.0,0.4410698482022187,1.0,10.0,4.551819364548495,4.548475050167224,0.5438735177865612,0.4551819531772575,0.0016722408026755853,0.0,0.4551819364548495,0.9920751635852159
dfn,cp,35.0,1,11,attacker,9.988333299999999,4.566901566666666,4.5702349,0.5422558922558922,0.45807455017365584,0.0013333333333333335,0.0,0.4576342234862206,1.0,45.076604013377924,43.21214381270903,43.20879899665552,0.07613630133230988,0.9449979629329369,0.0003203389626521009,0.0,0.9485019124030921,0.9824501170783239
dfn,cp,35.0,2,0,router,16.237310166666667,15.617370266666667,15.617370266666667,0.0384580557427015,0.961529715846096,0.001110862411123088,0.0,0.961529715846096,1.0,99.32290234113712,99.3228414715719,99.3228414715719,0.0,1.0,0.0002360619213575947,0.0,0.999999422560441,1.0
dfn,cp,35.0,2,1,router,0.0,0.0,0.0,0.0,0.0,0.0,0.0,1.0,0.0,0.0,0.0,0.0,0.0,0.0,0.0,0.0,1.0,0.0
dfn,cp,35.0,2,2,router,21.8075975,16.237310166666667,16.237310166666667,0.2522881166022689,0.7478103766843959,0.0006067057395911198,0.0,0.7450509061869078,1.0,101.22662548494984,99.32290234113712,99.32290234113712,0.024379381877024705,0.9801279058608044,0.00014387829110845045,0.0,0.9783825528166228,1.0
dfn,cp,35.0,2,3,router,9.06423285,7.215764900000001,7.215764900000001,0.20479377688588216,0.796460887323927,0.001907319986723448,0.0,0.795338223597819,1.0,47.51677110367893,47.01051672240803,47.01051672240803,0.0157800138725935,0.9879829638176572,0.00030297164090950746,0.0,0.987722557041041,1.0
dfn,cp,35.0,2,4,router,9.150034033333332,7.334765833333333,7.334765833333333,0.19561131290736555,0.8034224650298305,0.0014271716802745707,0.0,0.8022591513300145,1.0,8.809669816053512,6.953761270903009,6.953761270903009,0.20517142649249673,0.7929270399945163,0.0016532250920611423,0.0,0.7921250649887751,1.0
dfn,cp,35.0,2,5,router,9.023062923333333,7.257066766666667,7.257066766666667,0.19517151639210464,0.8056905859001985,0.0015272123584462317,0.0,0.8033328684798713,1.0,47.81793639799331,47.26234749163879,47.2623491638796,0.017347208157451704,0.9868854220743762,0.00030699309353735026,0.0,0.9864031572068851,0.9984119163485177
dfn,cp,35.0,2,6,attacker,9.988333299999999,4.546770516666666,4.550103849999999,0.543939393939394,0.45584863012886007,0.0013333333333333335,0.0,0.4558351709869365,1.0,45.076604013377924,43.246183612040134,43.246185284280934,0.07436236844647394,0.9515885055506892,0.0003203389626521009,0.0,0.9496828716937534,0.9990267453356877
dfn,cp,35.0,2,7,benign_consumer,9.988333299999999,4.5107957,4.5141290000000005,0.5475824915824916,0.4525481944958536,0.0013333333333333335,0.0,0.45210787114205175,1.0,10.0,4.270587491638795,4.270587424749164,0.5720786459916894,0.4273931906354515,0.0016722408026755853,0.0,0.4270587491638796,0.9943811099087079
dfn,cp,35.0,2,8,benign_consumer,9.988333299999999,4.607847366666666,4.6111807,0.5377037037037037,0.46226720285850786,0.0013333333333333335,0.0,0.46182687617136925,1.0,10.0,4.499098050167224,4.495753869565218,0.5494375190027364,0.44990983511705684,0.0016722408026755853,0.0,0.4499098050167224,0.9954229145276842
dfn,cp,35.0,2,9,benign_consumer,9.988333299999999,4.53552,4.538853333333333,0.545060606060606,0.45471426014207206,0.0013333333333333335,0.0,0.4546443038250072,1.0,10.0,4.310571765886287,4.310571598662207,0.5678980439850005,0.43139160802675586,0.0016722408026755853,0.0,0.43105717658862874,0.9945164566247481
dfn,cp,35.0,2,10,benign_consumer,9.988333299999999,4.363667866666666,4.3670012,0.5622727272727273,0.4375626091987857,0.0013333333333333335,0.0,0.4374926528817209,1.0,10.0,4.515919006688963,4.5159191404682275,0.547425762643154,0.4519263622073579,0.0016722408026755853,0.0,0.4515919006688963,0.991277429566575
dfn,cp,35.0,2,11,attacker,9.988333299999999,4.652728356666667,4.656061723333333,0.5336969696969697,0.46648424610057837,0.0013333333333333335,0.0,0.4664142864501201,1.0,45.076604013377924,43.30201739130435,43.298671237458194,0.07090640412094439,0.9466648391587419,0.0003203389626521009,0.0,0.9513955772321618,0.9823186702053027
dfn,cp,35.0,3,0,router,16.0595395,15.413730900000001,15.413730900000001,0.04004358051566065,0.9597112586771264,0.0010672888586791395,0.0,0.9597112586771264,1.0,99.34192943143813,99.34107424749163,99.34107424749163,0.0,1.0,0.00024108301693620456,0.0,0.9999922438845043,1.0
dfn,cp,35.0,3,1,router,0.0,0.0,0.0,0.0,0.0,0.0,0.0,1.0,0.0,0.0,0.0,0.0,0.0,0.0,0.0,0.0,1.0,0.0
dfn,cp,35.0,3,2,router,21.417698833333333,16.0595395,16.0595395,0.24806616650842608,0.7519790042205221,0.0006431266928686029,0.0,0.7495929365137148,1.0,101.33303260869565,99.34192943143813,99.34192943143813,0.027247992069492657,0.9785876871363202,0.00014460800070086697,0.0,0.9769642958958743,1.0
dfn,cp,35.0,3,3,router,8.886037589999999,7.123550666666667,7.123550666666667,0.19944165848771112,0.8018401648472742,0.0021768110056852017,0.0,0.8002555467219415,1.0,47.59874391638796,47.05629264214047,47.05629264214047,0.018574002755566088,0.9864943971154634,0.00031098323108478886,0.0,0.9862746560345859,1.0
dfn,cp,35.0,3,4,router,8.967270173333333,7.2027811,7.2027811,0.19665436034553682,0.803356621703883,0.0015161314433824811,0.0,0.8028649287051278,1.0,8.788860531772576,6.979644648829432,6.979644648829432,0.20777274564899983,0.7929849719865045,0.00195071975112792,0.0,0.7920405629112307,1.0
dfn,cp,35.0,3,5,router,8.873280006666667,7.091367066666667,7.091367066666667,0.200868050851797,0.7981059670812914,0.0015789071050995708,0.0,0.7981059434915948,1.0,47.90654201337792,47.297095317725756,47.29709364548495,0.01978224589258085,0.9852353534028344,0.0003000952259564245,0.0,0.9848408234979863,0.9986145362824721
dfn,cp,35.0,3,6,attacker,9.988333299999999,4.5309010333333335,4.534234433333333,0.5455151515151515,0.4543025111971955,0.0013333333333333335,0.0,0.45423254821340076,1.0,45.076604013377924,43.25320100334448,43.253202341137126,0.07923898683877302,0.9503875685906794,0.0003203389626521009,0.0,0.9484172539719292,0.9991212259182838
dfn,cp,35.0,3,7,benign_consumer,9.988333299999999,4.34846979,4.351803156666667,0.5635521885521885,0.4363130427569728,0.0013333333333333335,0.0,0.4358727127365009,1.0,10.0,4.345542913043478,4.3455428428093645,0.5645231580014188,0.4348887324414716,0.0016722408026755853,0.0,0.43455429130434786,0.9940947931316675
dfn,cp,35.0,3,8,benign_consumer,9.988333299999999,4.370881566666667,4.3742149,0.5617643097643097,0.4385410945178045,0.0013333333333333335,0.0,0.43810076783066604,1.0,10.0,4.34873764548495,4.348737347826087,0.5638137225093747,0.43520818294314384,0.0016722408026755853,0.0,0.43487376454849497,0.9957141343857475
dfn,cp,35.0,3,9,benign_consumer,9.988333299999999,4.5897219400000004,4.593055273333333,0.5397037037037037,0.46045619410065686,0.0013333333333333335,0.0,0.46001586741351824,1.0,10.0,4.440122886287625,4.440122882943144,0.5549660484443093,0.4443467364548495,0.0016722408026755853,0.0,0.4440122886287625,0.9930121277832697
dfn,cp,35.0,3,10,benign_consumer,9.988333299999999,4.561121166666667,4.564454466666667,0.5424915824915825,0.45759358339509343,0.0013333333333333335,0.0,0.4571532600412916,1.0,10.0,4.616228969899665,4.616228903010033,0.537600081078342,0.46195733846153847,0.0016722408026755853,0.0,0.46162289698996656,0.9935566202876531
dfn,cp,35.0,3,11,attacker,9.988333299999999,4.305492206666667,4.30882554,0.5678787878787879,0.43174792906343223,0.0013333333333333335,0.0,0.4316779727463674,1.0,45.076604013377924,43.29031304347826,43.29030936454849,0.072679423213992,0.9461768888220446,0.0003203389626521009,0.0,0.9508207955274808,0.9823297107915587
dfn,cp,35.0,4,0,router,16.195729933333332,15.525767766666668,15.525767766666668,0.041342005176289734,0.9584832610957553,0.0009242292124866064,0.0,0.9584832610957553,1.0,98.96032006688962,98.96028294314381,98.96028294314381,0.0,1.0,0.0002669773709755833,0.0,0.9999996322623489,1.0
dfn,cp,35.0,4,1,router,0.0,0.0,0.0,0.0,0.0,0.0,0.0,1.0,0.0,0.0,0.0,0.0,0.0,0.0,0.0,0.0,1.0,0.0
dfn,cp,35.0,4,2,router,21.797514533333334,16.195729933333332,16.195729933333332,0.2564382060141254,0.7436166272550084,0.0005735476788615591,0.0,0.7424371107278716,1.0,100.8887731103679,98.96032006688962,98.96032006688962,0.024765343619825967,0.9799131265971257,0.0001480020252481272,0.0,0.9782117341645739,1.0
dfn,cp,35.0,4,3,router,9.058480016666667,7.216941466666667,7.216941466666667,0.20604245535166588,0.7946239890438269,0.0016229570152049655,0.0,0.7940216178924255,1.0,47.55072137123746,46.903461872909695,46.903461872909695,0.02080757913759608,0.9843183394827264,0.0003150638547729412,0.0,0.983995277289132,1.0
dfn,cp,35.0,4,4,router,9.0913342,7.3018331000000005,7.3018331000000005,0.19619007844007844,0.8032264431585925,0.001394317607800449,0.0,0.8028848015239354,1.0,8.754131505016721,7.121692173913043,7.121692173913043,0.18612093035169958,0.8137166141107852,0.0019033741637638096,0.0,0.8123373559629374,1.0
dfn,cp,35.0,4,5,router,9.06322843,7.278739966666667,7.278739966666667,0.19464457111515934,0.8036589794259724,0.0013274613744953844,0.0,0.8036590372281416,1.0,47.46776159197324,46.86361906354515,46.86361939799331,0.025017069713490322,0.9841097013813319,0.0003104154691956766,0.0,0.9835290274413363,0.9983846010677214
dfn,cp,35.0,4,6,attacker,9.988333299999999,4.4405969333333335,4.4439303,0.5544848484848485,0.4452579287733251,0.0013333333333333335,0.0,0.44518796912292363,1.0,45.076604013377924,43.17181204013378,43.17181371237458,0.07829627903576586,0.948903325644074,0.0003203389626521009,0.0,0.9472295801305333,0.9994479391496859
dfn,cp,35.0,4,7,benign_consumer,9.988333299999999,4.611216416666667,4.614549716666667,0.5377946127946128,0.46258411211678396,0.0013333333333333335,0.0,0.4621437887629821,1.0,10.0,4.378909331103679,4.3789092307692306,0.5607226107226108,0.43822537123745814,0.0016722408026755853,0.0,0.43789093311036786,0.9930719692238364
dfn,cp,35.0,4,8,benign_consumer,9.988333299999999,4.608457666666666,4.611791,0.5376363636363636,0.46201464290934535,0.0013333333333333335,0.0,0.4620011837674217,1.0,10.0,4.259705986622074,4.25970602006689,0.573355629877369,0.4263050501672241,0.0016722408026755853,0.0,0.4259705986622073,0.9965793504456126
dfn,cp,35.0,4,9,benign_consumer,9.988333299999999,4.476209866666666,4.4795432,0.5511515151515152,0.44878295943302876,0.0013333333333333335,0.0,0.4487130031159639,1.0,10.0,4.494425518394649,4.494425117056856,0.5494932603628256,0.4497769598662207,0.0016722408026755853,0.0,0.44944255183946485,0.9914729715000216
dfn,cp,35.0,4,10,benign_consumer,9.988333299999999,4.44919034,4.452523706666667,0.5538181818181819,0.4461154584478975,0.0013333333333333335,0.0,0.44604549879749605,1.0,10.0,4.33540908361204,4.3354087525083616,0.5654606263301916,0.4338753234113712,0.0016722408026755853,0.0,0.43354090836120407,0.989696932614448
dfn,cp,35.0,4,11,attacker,9.988333299999999,4.6073713566666665,4.610704723333333,0.538060606060606,0.46194841377080514,0.0013333333333333335,0.0,0.46187845412034695,1.0,45.076604013377924,43.1323525083612,43.13235585284281,0.08208636516726324,0.9420023996596684,0.0003203389626521009,0.0,0.9455098875961568,0.9822067769902086
dfn,cp,35.0,5,0,router,15.962917766666665,15.324684666666666,15.324684666666666,0.04137224789190061,0.9591462457329342,0.001248275766675211,0.0,0.9591462457329342,1.0,99.66983779264214,99.66806722408027,99.66806722408027,0.0,1.0,0.00025376657055787395,0.0,0.9999833934781304,1.0
dfn,cp,35.0,5,1,router,0.0,0.0,0.0,0.0,0.0,0.0,0.0,1.0,0.0,0.0,0.0,0.0,0.0,0.0,0.0,0.0,1.0,0.0
dfn,cp,35.0,5,2,router,21.4072139,15.962917766666665,15.962917766666665,0.2508732855754721,0.7482907303948406,0.0006936188096818617,0.0,0.7464345612576613,1.0,101.62175076923077,99.66983779264214,99.66983779264214,0.025361632003312783,0.9796029043028567,0.0001447319736539679,0.0,0.9778675857227768,1.0
dfn,cp,35.0,5,3,router,8.875355366666666,7.0478008,7.0478008,0.20581889066099593,0.7941736330146069,0.0018023232791448817,0.0,0.7937918600918294,1.0,47.739631806020064,47.11660033444816,47.11660033444816,0.022536561948682917,0.9842020531362861,0.00029797013924317184,0.0,0.9838995805386891,1.0
dfn,cp,35.0,5,4,router,8.746894099999999,6.9019622,6.9019622,0.21275741469859116,0.7888095844962328,0.0017572318588062166,0.0,0.7878383204423699,1.0,9.045202140468227,7.252621003344482,7.252621003344482,0.19611749268939904,0.8036539932347548,0.001959204674976897,0.0,0.8025070566326445,1.0
dfn,cp,35.0,5,5,router,9.415196493333333,7.4574509,7.4574509,0.20796907531466355,0.7937195729576904,0.001597455050007967,0.0,0.7925579802556898,1.0,47.84336775919733,47.25252943143813,47.25253010033445,0.019353753611325714,0.9857770287905816,0.0003116061382746439,0.0,0.9851933352266518,0.9987383586709409
dfn,cp,35.0,5,6,attacker,9.988333299999999,4.4359128000000005,4.4392461,0.554976430976431,0.4450460337691058,0.0013333333333333335,0.0,0.44460571041530395,1.0,45.076604013377924,43.25873578595318,43.25873478260869,0.07594593871322311,0.9506389448496408,0.0003203389626521009,0.0,0.9493255080694452,0.9993097942030231
dfn,cp,35.0,5,7,benign_consumer,9.988333299999999,4.4327759,4.436109266666667,0.5551515151515151,0.4444757095691517,0.0013333333333333335,0.0,0.44440574991875015,1.0,10.0,4.48089602006689,4.480895919732442,0.5510742880308098,0.4484240401337793,0.0016722408026755853,0.0,0.44808960200668896,0.9917850954415675
dfn,cp,35.0,5,8,benign_consumer,9.988333299999999,4.2770340000000004,4.2803674,0.5708181818181818,0.4289161850661,0.0013333333333333335,0.0,0.42884622208230516,1.0,10.0,4.500527859531773,4.50052779264214,0.548910509780075,0.4503872274247492,0.0016722408026755853,0.0,0.45005278595317727,0.9985257709388772
dfn,cp,35.0,5,9,benign_consumer,9.988333299999999,4.463193366666667,4.4665267,0.5524377104377104,0.44769083474071464,0.0013333333333333335,0.0,0.4472505080532794,1.0,10.0,4.544674280936455,4.544674280936455,0.5444562683693118,0.4548018762541806,0.0016722408026755853,0.0,0.4544674280936455,0.9939573178640961
dfn,cp,35.0,5,10,benign_consumer,9.988333299999999,4.737930133333333,4.741263433333334,0.5252626262626262,0.47505367310576824,0.0013333333333333335,0.0,0.4746133497519664,1.0,10.0,4.5379129096989965,4.537912976588629,0.5450643559339211,0.454125745819398,0.0016722408026755853,0.0,0.4537912909698996,0.9925842369209874
dfn,cp,35.0,5,11,attacker,9.988333299999999,4.670599660000001,4.67393306,0.5311515151515152,0.46826827452107267,0.0013333333333333335,0.0,0.4681983115372679,1.0,45.076604013377924,43.305454849498325,43.30545183946488,0.06895088755388114,0.9461784828544595,0.0003203389626521009,0.0,0.9519887916280089,0.9825597940481363
dfn,cp,40.0,1,0,router,16.001435766666667,15.431470866666665,15.431470866666665,0.036415370837988285,0.9634449392138549,0.0010696487767596307,0.0,0.9634449392138549,1.0,110.23293979933109,110.23290635451507,110.23290635451507,0.0,1.0,0.00023529521611477977,0.0,0.9999996965909209,1.0
dfn,cp,40.0,1,1,router,0.0,0.0,0.0,0.0,0.0,0.0,0.0,1.0,0.0,0.006688963210702341,0.006688963210702341,0.006688963210702341,0.0,0.5484949832775919,0.3812709030149651,0.0,1.0,0.5484949832775919
dfn,cp,40.0,1,2,router,21.407974833333334,16.001435766666667,16.001435766666667,0.2495864574326476,0.7493686699632068,0.0006012671852685099,0.0,0.7480204495514189,1.0,112.13124013377926,110.2396287625418,110.2396287625418,0.02181806670282464,0.9818125314382476,0.00014410946221924423,0.0,0.9807410667345043,1.0
dfn,cp,40.0,1,3,router,9.076256743333333,7.2216336666666665,7.2216336666666665,0.2042829762829763,0.7944721912847059,0.001522149231120019,0.0,0.7936201936813652,1.0,52.98976366889632,52.45594280936455,52.45594280936455,0.014840420348587948,0.9885012156740507,0.00030593183210778834,0.0,0.9883256094131859,1.0
dfn,cp,40.0,1,4,router,8.652310949999999,6.928087866666666,6.928087866666666,0.19559357744651862,0.8033920679496909,0.0016838365768764255,0.0,0.8026437040710258,1.0,9.119937377926421,7.282486287625418,7.282486287625418,0.19961078961915082,0.7994090814234371,0.0019306053836308785,0.0,0.7990362441881285,1.0
dfn,cp,40.0,1,5,router,8.972826846666667,7.2582533,7.2582533,0.18748118288946464,0.8110957527749331,0.0014880204298886274,0.0,0.8102797197015709,1.0,52.90916220735786,52.3928110367893,52.3928110367893,0.01255773508265888,0.9894637489336807,0.0002978275240387314,0.0,0.9892267201565481,1.0
dfn,cp,40.0,1,6,attacker,9.988333299999999,4.609177133333334,4.6125104666666665,0.5376363636363636,0.46208708542243243,0.0013333333333333335,0.0,0.46207362628050885,1.0,50.09225033444816,48.49755719063545,48.49734548494983,0.0494054858185293,0.8559653208350452,0.0006508718568704115,0.0,0.9627190546140306,0.8643729535581
dfn,cp,40.0,1,7,benign_consumer,9.988333299999999,4.460412943333333,4.463746276666667,0.5526969696969697,0.44723500324100884,0.0013333333333333335,0.0,0.447165046923944,1.0,10.0,4.492418183946488,4.492418183946488,0.5498175737306172,0.4495762665551839,0.0016722408026755853,0.0,0.44924181839464883,1.0
dfn,cp,40.0,1,8,benign_consumer,9.988333299999999,4.201120783333334,4.204454116666667,0.5785757575757575,0.42128599981590314,0.0013333333333333335,0.0,0.4212725406739795,1.0,10.0,4.610831906354515,4.610831906354515,0.537600081078342,0.46141763879598663,0.0016722408026755853,0.0,0.46108319063545156,1.0
dfn,cp,40.0,1,9,benign_consumer,9.988333299999999,4.444523533333333,4.447856833333334,0.5540976430976431,0.4458947151879976,0.0013333333333333335,0.0,0.4454543918341958,1.0,10.0,4.509105471571906,4.509105471571906,0.5479831762440458,0.45124499531772577,0.0016722408026755853,0.0,0.45091054715719064,1.0
dfn,cp,40.0,1,10,benign_consumer,9.988333299999999,4.39925858,4.402591946666666,0.5585454545454546,0.4411398078526769,0.0013333333333333335,0.0,0.4410698482022187,1.0,10.0,4.551150501672241,4.551150501672241,0.5438735177865612,0.45544949832775916,0.0016722408026755853,0.0,0.45511505016722403,1.0
dfn,cp,40.0,1,11,attacker,9.988333299999999,4.566901566666666,4.5702349,0.5422558922558922,0.45807455017365584,0.0013333333333333335,0.0,0.4576342234862206,1.0,50.09225033444816,48.358227090301,48.35801170568562,0.05817877774399513,0.8556998601897643,0.0006508718568704115,0.0,0.958530699996038,0.8650321216523168
dfn,cp,40.0,2,0,router,16.237310166666667,15.617370266666667,15.617370266666667,0.0384580557427015,0.961529715846096,0.001110862411123088,0.0,0.961529715846096,1.0,109.90604682274248,109.90598628762542,109.90598628762542,0.0,1.0,0.0002295740125901392,0.0,0.9999994313677769,1.0
dfn,cp,40.0,2,1,router,0.0,0.0,0.0,0.0,0.0,0.0,0.0,1.0,0.0,0.0033444816053511705,0.0033444816053511705,0.0033444816053511705,0.0,0.5919732441471572,0.4057525083021265,0.0,1.0,0.5919732441471572
dfn,cp,40.0,2,2,router,21.8075975,16.237310166666667,16.237310166666667,0.2522881166022689,0.7478103766843959,0.0006067057395911198,0.0,0.7450509061869078,1.0,111.71951244147157,109.90939130434784,109.90939130434784,0.021116351390572267,0.9827966918351877,0.00014253199177150373,0.0,0.9813223862298118,1.0
dfn,cp,40.0,2,3,router,9.06423285,7.215764900000001,7.215764900000001,0.20479377688588216,0.796460887323927,0.001907319986723448,0.0,0.795338223597819,1.0,52.743561739130435,52.287468227424746,52.287468227424746,0.012153277073792915,0.9903763361034801,0.0002998154731968384,0.0,0.9901901589787548,1.0
dfn,cp,40.0,2,4,router,9.150034033333332,7.334765833333333,7.334765833333333,0.19561131290736555,0.8034224650298305,0.0014271716802745707,0.0,0.8022591513300145,1.0,8.806325367892976,6.950416789297658,6.950416789297658,0.2052474374380729,0.793160237813288,0.0016532250920611423,0.0,0.7920546424320373,1.0
dfn,cp,40.0,2,5,router,9.023062923333333,7.257066766666667,7.257066766666667,0.19517151639210464,0.8056905859001985,0.0015272123584462317,0.0,0.8033328684798713,1.0,52.98384104682274,52.48162742474916,52.48162742474916,0.01447556411112968,0.9890656801458223,0.0003040083922554342,0.0,0.9885624801122754,1.0
dfn,cp,40.0,2,6,attacker,9.988333299999999,4.546770516666666,4.550103849999999,0.543939393939394,0.45584863012886007,0.0013333333333333335,0.0,0.4558351709869365,1.0,50.09225033444816,48.469841471571904,48.46962976588629,0.051528181962964575,0.8567198310986793,0.0006508718568704115,0.0,0.9617717226996267,0.8647799011496632
dfn,cp,40.0,2,7,benign_consumer,9.988333299999999,4.5107957,4.5141290000000005,0.5475824915824916,0.4525481944958536,0.0013333333333333335,0.0,0.45210787114205175,1.0,10.0,4.273931973244147,4.273931973244147,0.5717441978311543,0.4277276454849498,0.0016722408026755853,0.0,0.4273931973244147,1.0
dfn,cp,40.0,2,8,benign_consumer,9.988333299999999,4.607847366666666,4.6111807,0.5377037037037037,0.46226720285850786,0.0013333333333333335,0.0,0.46182687617136925,1.0,10.0,4.495753602006689,4.495753602006689,0.5497719671632715,0.449909808361204,0.0016722408026755853,0.0,0.44957536020066885,1.0
dfn,cp,40.0,2,9,benign_consumer,9.988333299999999,4.53552,4.538853333333333,0.545060606060606,0.45471426014207206,0.0013333333333333335,0.0,0.4546443038250072,1.0,10.0,4.310571765886287,4.310571765886287,0.5678980439850005,0.4313916247491638,0.0016722408026755853,0.0,0.43105717658862874,1.0
dfn,cp,40.0,2,10,benign_consumer,9.988333299999999,4.363667866666666,4.3670012,0.5622727272727273,0.4375626091987857,0.0013333333333333335,0.0,0.4374926528817209,1.0,10.0,4.519263454849498,4.519263454849498,0.5470913144826188,0.452260793645485,0.0016722408026755853,0.0,0.4519263454849498,1.0
dfn,cp,40.0,2,11,attacker,9.988333299999999,4.652728356666667,4.656061723333333,0.5336969696969697,0.46648424610057837,0.0013333333333333335,0.0,0.4664142864501201,1.0,50.09225033444816,48.46479197324415,48.464577591973246,0.05520711172885086,0.8567442977959572,0.0006508718568704115,0.0,0.9608066557022789,0.8651230281020144
dfn,cp,40.0,3,0,router,16.0595395,15.413730900000001,15.413730900000001,0.04004358051566065,0.9597112586771264,0.0010672888586791395,0.0,0.9597112586771264,1.0,109.98683344481604,109.98597591973244,109.98597591973244,0.0,1.0,0.00023665759942198355,0.0,0.9999922826006341,1.0
dfn,cp,40.0,3,1,router,0.0,0.0,0.0,0.0,0.0,0.0,0.0,1.0,0.0,0.0033444816053511705,0.0033444816053511705,0.0033444816053511705,0.0,0.32441471571906355,0.1973244147157191,0.0,1.0,0.32441471571906355
dfn,cp,40.0,3,2,router,21.417698833333333,16.0595395,16.0595395,0.24806616650842608,0.7519790042205221,0.0006431266928686029,0.0,0.7495929365137148,1.0,111.86070317725753,109.9901779264214,109.9901779264214,0.020300821759631153,0.9827915987617891,0.0001431994125283004,0.0,0.9812556572092803,1.0
dfn,cp,40.0,3,3,router,8.886037589999999,7.123550666666667,7.123550666666667,0.19944165848771112,0.8018401648472742,0.0021768110056852017,0.0,0.8002555467219415,1.0,52.84159174247492,52.36264983277592,52.36264983277592,0.012474465762245738,0.9899357374608997,0.00030769330402776,0.0,0.9896821579707789,1.0
dfn,cp,40.0,3,4,router,8.967270173333333,7.2027811,7.2027811,0.19665436034553682,0.803356621703883,0.0015161314433824811,0.0,0.8028649287051278,1.0,8.792204986622073,6.979644648829432,6.979644648829432,0.2083301592498917,0.7925443874868464,0.0019507193249763439,0.0,0.7915999777245518,1.0
dfn,cp,40.0,3,5,router,8.873280006666667,7.091367066666667,7.091367066666667,0.200868050851797,0.7981059670812914,0.0015789071050995708,0.0,0.7981059434915948,1.0,53.078360073578594,52.51840869565217,52.515063879598664,0.015903731370699614,0.987854757591515,0.0002974422863103173,0.0,0.9875396782976671,0.9999443610748148
dfn,cp,40.0,3,6,attacker,9.988333299999999,4.5309010333333335,4.534234433333333,0.5455151515151515,0.4543025111971955,0.0013333333333333335,0.0,0.45423254821340076,1.0,50.09225033444816,48.4962668896321,48.49604882943144,0.0462271424227946,0.8555823024367464,0.0006508718568704115,0.0,0.9636737324582128,0.8644195687333017
dfn,cp,40.0,3,7,benign_consumer,9.988333299999999,4.34846979,4.351803156666667,0.5635521885521885,0.4363130427569728,0.0013333333333333335,0.0,0.4358727127365009,1.0,10.0,4.345542913043478,4.345542913043478,0.5645231580014188,0.43488873946488293,0.0016722408026755853,0.0,0.43455429130434786,1.0
dfn,cp,40.0,3,8,benign_consumer,9.988333299999999,4.370881566666667,4.3742149,0.5617643097643097,0.4385410945178045,0.0013333333333333335,0.0,0.43810076783066604,1.0,10.0,4.352082100334448,4.352082100334448,0.5634792743488395,0.4355426581939799,0.0016722408026755853,0.0,0.43520821003344484,1.0
dfn,cp,40.0,3,9,benign_consumer,9.988333299999999,4.5897219400000004,4.593055273333333,0.5397037037037037,0.46045619410065686,0.0013333333333333335,0.0,0.46001586741351824,1.0,10.0,4.440122886287625,4.440122886287625,0.5549660484443093,0.44434673678929765,0.0016722408026755853,0.0,0.4440122886287625,1.0
dfn,cp,40.0,3,10,benign_consumer,9.988333299999999,4.561121166666667,4.564454466666667,0.5424915824915825,0.45759358339509343,0.0013333333333333335,0.0,0.4571532600412916,1.0,10.0,4.616228969899665,4.616228969899665,0.537600081078342,0.46195734515050163,0.0016722408026755853,0.0,0.46162289698996656,1.0
dfn,cp,40.0,3,11,attacker,9.988333299999999,4.305492206666667,4.30882554,0.5678787878787879,0.43174792906343223,0.0013333333333333335,0.0,0.4316779727463674,1.0,50.09225033444816,48.46234247491639,48.45878628762542,0.05282253977906152,0.8559947897085557,0.0006508718568704115,0.0,0.9614379669753323,0.8648084493987261
dfn,cp,40.0,4,0,router,16.195729933333332,15.525767766666668,15.525767766666668,0.041342005176289734,0.9584832610957553,0.0009242292124866064,0.0,0.9584832610957553,1.0,109.47624548494984,109.47620869565218,109.47620869565218,0.0,1.0,0.0002618340431947106,0.0,0.9999996392021988,1.0
dfn,cp,40.0,4,1,router,0.0,0.0,0.0,0.0,0.0,0.0,0.0,1.0,0.0,0.006688963210702341,0.006688963210702341,0.006688963210702341,0.0,0.8929765886287625,0.6488294314430587,0.0,1.0,0.8929765886287625
dfn,cp,40.0,4,2,router,21.797514533333334,16.195729933333332,16.195729933333332,0.2564382060141254,0.7436166272550084,0.0005735476788615591,0.0,0.7424371107278716,1.0,111.37777277591975,109.48293444816053,109.48293444816053,0.02196964104248491,0.9821985173871158,0.00014622824311231908,0.0,0.9806532107233131,1.0
dfn,cp,40.0,4,3,router,9.058480016666667,7.216941466666667,7.216941466666667,0.20604245535166588,0.7946239890438269,0.0016229570152049655,0.0,0.7940216178924255,1.0,52.76678725752508,52.16635585284281,52.16635585284281,0.01612373714233339,0.9872136319504854,0.0003109342219115874,0.0,0.9869514937188918,1.0
dfn,cp,40.0,4,4,router,9.0913342,7.3018331000000005,7.3018331000000005,0.19619007844007844,0.8032264431585925,0.001394317607800449,0.0,0.8028848015239354,1.0,8.754131505016721,7.118347692307693,7.118347692307693,0.1865987134381783,0.8132812813418202,0.0019033741637638096,0.0,0.8119020193559169,1.0
dfn,cp,40.0,4,5,router,9.06322843,7.278739966666667,7.278739966666667,0.19464457111515934,0.8036589794259724,0.0013274613744953844,0.0,0.8036590372281416,1.0,52.67046560535117,52.09306923076923,52.08972441471572,0.019227581965405697,0.9866385523300736,0.0003072146572665994,0.0,0.9864459466206127,0.9999394144074248
dfn,cp,40.0,4,6,attacker,9.988333299999999,4.4405969333333335,4.4439303,0.5544848484848485,0.4452579287733251,0.0013333333333333335,0.0,0.44518796912292363,1.0,50.09225033444816,48.388096655518396,48.3878779264214,0.05526629167933515,0.85621437221828,0.0006508718568704115,0.0,0.9597481698566026,0.8652035612852252
dfn,cp,40.0,4,7,benign_consumer,9.988333299999999,4.611216416666667,4.614549716666667,0.5377946127946128,0.46258411211678396,0.0013333333333333335,0.0,0.4621437887629821,1.0,10.0,4.378909331103679,4.378909331103679,0.5607226107226108,0.43822538127090305,0.0016722408026755853,0.0,0.43789093311036786,1.0
dfn,cp,40.0,4,8,benign_consumer,9.988333299999999,4.608457666666666,4.611791,0.5376363636363636,0.46201464290934535,0.0013333333333333335,0.0,0.4620011837674217,1.0,10.0,4.259705986622074,4.259705986622074,0.573355629877369,0.4263050468227425,0.0016722408026755853,0.0,0.4259705986622073,1.0
dfn,cp,40.0,4,9,benign_consumer,9.988333299999999,4.476209866666666,4.4795432,0.5511515151515152,0.44878295943302876,0.0013333333333333335,0.0,0.4487130031159639,1.0,10.0,4.494425518394649,4.494425518394649,0.5494932603628256,0.44977700000000004,0.0016722408026755853,0.0,0.44944255183946485,1.0
dfn,cp,40.0,4,10,benign_consumer,9.988333299999999,4.44919034,4.452523706666667,0.5538181818181819,0.4461154584478975,0.0013333333333333335,0.0,0.44604549879749605,1.0,10.0,4.33540908361204,4.33540908361204,0.5654606263301916,0.43387535652173914,0.0016722408026755853,0.0,0.43354090836120407,1.0
dfn,cp,40.0,4,11,attacker,9.988333299999999,4.6073713566666665,4.610704723333333,0.538060606060606,0.46194841377080514,0.0013333333333333335,0.0,0.46187845412034695,1.0,50.09225033444816,48.335272909699,48.33171170568562,0.054628885607146474,0.854869289827419,0.0006508718568704115,0.0,0.959081433608883,0.8645232972911265
dfn,cp,40.0,5,0,router,15.962917766666665,15.324684666666666,15.324684666666666,0.04137224789190061,0.9591462457329342,0.001248275766675211,0.0,0.9591462457329342,1.0,110.3204043478261,110.31863277591974,110.31863277591974,0.0,1.0,0.00024362387953691552,0.0,0.9999835106992746,1.0
dfn,cp,40.0,5,1,router,0.0,0.0,0.0,0.0,0.0,0.0,0.0,1.0,0.0,0.013377925430780877,0.013377925430780877,0.013377925430780877,0.0,0.7324414715719063,0.45150501672405335,0.0,1.0,0.7324414715719063
dfn,cp,40.0,5,2,router,21.4072139,15.962917766666665,15.962917766666665,0.2508732855754721,0.7482907303948406,0.0006936188096818617,0.0,0.7464345612576613,1.0,112.15773498327759,110.33378227325687,110.33378227325687,0.019755060798825795,0.9831476734344522,0.0001430145334478611,0.0,0.9816344057130171,1.0
dfn,cp,40.0,5,3,router,8.875355366666666,7.0478008,7.0478008,0.20581889066099593,0.7941736330146069,0.0018023232791448817,0.0,0.7937918600918294,1.0,52.919071270903004,52.34621204013378,52.34621204013378,0.016054070204796943,0.9875559984370491,0.00029364109291732935,0.0,0.987275283926321,1.0
dfn,cp,40.0,5,4,router,8.746894099999999,6.9019622,6.9019622,0.21275741469859116,0.7888095844962328,0.0017572318588062166,0.0,0.7878383204423699,1.0,9.048546622073578,7.25596575250836,7.25596575250836,0.19609143179377292,0.8036999901544997,0.0019580019400943986,0.0,0.8025530727665134,1.0
dfn,cp,40.0,5,5,router,9.415196493333333,7.4574509,7.4574509,0.20796907531466355,0.7937195729576904,0.001597455050007967,0.0,0.7925579802556898,1.0,53.066149364548494,52.555557190635454,52.54886789297659,0.01273816937925733,0.9893859270096188,0.00030846861126318417,0.0,0.989144942084079,0.999878399701771
dfn,cp,40.0,5,6,attacker,9.988333299999999,4.4359128000000005,4.4392461,0.554976430976431,0.4450460337691058,0.0013333333333333335,0.0,0.44460571041530395,1.0,50.09225033444816,48.4383856187291,48.43817525083612,0.052533155250546554,0.8558894875350933,0.0006508718568704115,0.0,0.9609957855455283,0.8643265277546143
dfn,cp,40.0,5,7,benign_consumer,9.988333299999999,4.4327759,4.436109266666667,0.5551515151515151,0.4444757095691517,0.0013333333333333335,0.0,0.44440574991875015,1.0,10.0,4.48089602006689,4.48089602006689,0.5510742880308098,0.4484240501672241,0.0016722408026755853,0.0,0.44808960200668896,1.0
dfn,cp,40.0,5,8,benign_consumer,9.988333299999999,4.2770340000000004,4.2803674,0.5708181818181818,0.4289161850661,0.0013333333333333335,0.0,0.42884622208230516,1.0,10.0,4.500527859531773,4.500527859531773,0.548910509780075,0.4503872341137124,0.0016722408026755853,0.0,0.45005278595317727,1.0
dfn,cp,40.0,5,9,benign_consumer,9.988333299999999,4.463193366666667,4.4665267,0.5524377104377104,0.44769083474071464,0.0013333333333333335,0.0,0.4472505080532794,1.0,10.0,4.5480187625418065,4.5480187625418065,0.5441218202087768,0.4551363244147157,0.0016722408026755853,0.0,0.4548018762541806,1.0
dfn,cp,40.0,5,10,benign_consumer,9.988333299999999,4.737930133333333,4.741263433333334,0.5252626262626262,0.47505367310576824,0.0013333333333333335,0.0,0.4746133497519664,1.0,10.0,4.5379129096989965,4.5379129096989965,0.5450643559339211,0.45412573913043475,0.0016722408026755853,0.0,0.4537912909698996,1.0
dfn,cp,40.0,5,11,attacker,9.988333299999999,4.670599660000001,4.67393306,0.5311515151515152,0.46826827452107267,0.0013333333333333335,0.0,0.4681983115372679,1.0,50.09225033444816,48.528454180602004,48.52154749163879,0.05210079775297166,0.8570949507013551,0.0006508718568704115,0.0,0.9622810938539705,0.8646613827974233
dfn,cp,45.0,1,0,router,16.001435766666667,15.431470866666665,15.431470866666665,0.036415370837988285,0.9634449392138549,0.0010696487767596307,0.0,0.9634449392138549,1.0,120.84838528428095,120.84835183946488,120.84835183946488,0.0,1.0,0.00023311001049928167,0.0,0.9999996965909209,1.0
dfn,cp,45.0,1,1,router,0.0,0.0,0.0,0.0,0.0,0.0,0.0,1.0,0.0,0.0033444816053511705,0.0033444816053511705,0.0033444816053511705,0.0,0.3311036789297659,0.19732441471572046,0.0,1.0,0.3311036789297659
dfn,cp,45.0,1,2,router,21.407974833333334,16.001435766666667,16.001435766666667,0.2495864574326476,0.7493686699632068,0.0006012671852685099,0.0,0.7480204495514189,1.0,122.58611608695652,120.8517297658863,120.79552575250837,0.015198182654996603,0.9775062797532527,0.0001438123770505021,0.0,0.985073234623053,0.9871742359737804
dfn,cp,45.0,1,3,router,9.076256743333333,7.2216336666666665,7.2216336666666665,0.2042829762829763,0.7944721912847059,0.001522149231120019,0.0,0.7936201936813652,1.0,58.15037704682275,57.666724749163876,57.66404949832776,0.010844767973536484,0.9908663217247162,0.00030510824526002963,0.0,0.9906572211031088,0.9983348531933754
dfn,cp,45.0,1,4,router,8.652310949999999,6.928087866666666,6.928087866666666,0.19559357744651862,0.8033920679496909,0.0016838365768764255,0.0,0.8026437040710258,1.0,9.123281859531772,7.279141839464883,7.276466287625418,0.20027317071631454,0.7983990130593752,0.0019306053836294617,0.0,0.798344358563109,0.9934765566461427
dfn,cp,45.0,1,5,router,8.972826846666667,7.2582533,7.2582533,0.18748118288946464,0.8110957527749331,0.0014880204298886274,0.0,0.8102797197015709,1.0,58.08301769230769,57.64024949832776,57.53523277591973,0.0089133147408172,0.9469528484379277,0.0002972656600045593,0.0,0.9918466110777869,0.9513392162887988
dfn,cp,45.0,1,6,attacker,9.988333299999999,4.609177133333334,4.6125104666666665,0.5376363636363636,0.46208708542243243,0.0013333333333333335,0.0,0.46207362628050885,1.0,55.108700334448166,53.65795919732441,53.65528695652174,0.0344668013146274,0.9176759052962122,0.0006503820003931707,0.0,0.9709583546440844,0.933295663412447
dfn,cp,45.0,1,7,benign_consumer,9.988333299999999,4.460412943333333,4.463746276666667,0.5526969696969697,0.44723500324100884,0.0013333333333333335,0.0,0.447165046923944,1.0,10.0,4.492418183946488,4.489073702341137,0.5498175737306172,0.44924181839464883,0.0016722408026755853,0.0,0.44924181839464883,0.9917051069976133
dfn,cp,45.0,1,8,benign_consumer,9.988333299999999,4.201120783333334,4.204454116666667,0.5785757575757575,0.42128599981590314,0.0013333333333333335,0.0,0.4212725406739795,1.0,10.0,4.6141763879598665,4.611501137123746,0.5372656329178068,0.4611501137123746,0.0016722408026755853,0.0,0.46141763879598663,0.9947967073556633
dfn,cp,45.0,1,9,benign_consumer,9.988333299999999,4.444523533333333,4.447856833333334,0.5540976430976431,0.4458947151879976,0.0013333333333333335,0.0,0.4454543918341958,1.0,10.0,4.509105471571906,4.50910547826087,0.5479831762440458,0.45124499598662204,0.0016722408026755853,0.0,0.45091054715719064,0.9950502037719784
dfn,cp,45.0,1,10,benign_consumer,9.988333299999999,4.39925858,4.402591946666666,0.5585454545454546,0.4411398078526769,0.0013333333333333335,0.0,0.4410698482022187,1.0,10.0,4.554494949832776,4.55449508361204,0.5435390696260262,0.45578395652173914,0.0016722408026755853,0.0,0.4554494949832776,0.9958039879240709
dfn,cp,45.0,1,11,attacker,9.988333299999999,4.566901566666666,4.5702349,0.5422558922558922,0.45807455017365584,0.0013333333333333335,0.0,0.4576342234862206,1.0,55.108700334448166,53.52852140468227,53.39139899665552,0.03666261274956927,0.9012979679886836,0.0006503820003931707,0.0,0.9688795754205433,0.9180023045495553
dfn,cp,45.0,2,0,router,16.237310166666667,15.617370266666667,15.617370266666667,0.0384580557427015,0.961529715846096,0.001110862411123088,0.0,0.961529715846096,1.0,120.39699799331105,120.39693779264213,120.39693779264213,0.0,1.0,0.0002263897812290664,0.0,0.9999994381016194,1.0
dfn,cp,45.0,2,1,router,0.0,0.0,0.0,0.0,0.0,0.0,0.0,1.0,0.0,0.0,0.0,0.0,0.0,0.0,0.0,0.0,1.0,0.0
dfn,cp,45.0,2,2,router,21.8075975,16.237310166666667,16.237310166666667,0.2522881166022689,0.7478103766843959,0.0006067057395911198,0.0,0.7450509061869078,1.0,122.0533197993311,120.39699799331105,120.33808528428094,0.014244501966442493,0.9784993159645724,0.00014194020114147222,0.0,0.9856362532068621,0.9872457705649542
dfn,cp,45.0,2,3,router,9.06423285,7.215764900000001,7.215764900000001,0.20479377688588216,0.796460887323927,0.001907319986723448,0.0,0.795338223597819,1.0,57.87996173913044,57.44393511705686,57.44125953177258,0.008286369423777595,0.9918532541669685,0.00029829073919479825,0.0,0.9922005312920072,0.9988483926911544
dfn,cp,45.0,2,4,router,9.150034033333332,7.334765833333333,7.334765833333333,0.19561131290736555,0.8034224650298305,0.0014271716802745707,0.0,0.8022591513300145,1.0,8.806325367892976,6.950416789297658,6.945065785953177,0.2052474374380729,0.7926187306713292,0.0016532250920611423,0.0,0.7920546424320373,0.9948164447329346
dfn,cp,45.0,2,5,router,9.023062923333333,7.257066766666667,7.257066766666667,0.19517151639210464,0.8056905859001985,0.0015272123584462317,0.0,0.8033328684798713,1.0,58.11756445819398,57.65896789297659,57.55729297658863,0.009407272881048393,0.9465731342376211,0.00030320484050904903,0.0,0.991446729414998,0.9505811529250573
dfn,cp,45.0,2,6,attacker,9.988333299999999,4.546770516666666,4.550103849999999,0.543939393939394,0.45584863012886007,0.0013333333333333335,0.0,0.4558351709869365,1.0,55.108700334448166,53.60268494983277,53.59666287625418,0.03567229871577698,0.9173268334035267,0.0006503820003931707,0.0,0.9699941449049512,0.9335804838744296
dfn,cp,45.0,2,7,benign_consumer,9.988333299999999,4.5107957,4.5141290000000005,0.5475824915824916,0.4525481944958536,0.0013333333333333335,0.0,0.45210787114205175,1.0,10.0,4.277276454849498,4.277276622073579,0.5714097496706192,0.42772766220735786,0.0016722408026755853,0.0,0.4277276454849498,0.9935064952478305
dfn,cp,45.0,2,8,benign_consumer,9.988333299999999,4.607847366666666,4.6111807,0.5377037037037037,0.46226720285850786,0.0013333333333333335,0.0,0.46182687617136925,1.0,10.0,4.495753602006689,4.493077949832776,0.5497719671632715,0.44964224314381274,0.0016722408026755853,0.0,0.44957536020066885,0.9961786985514552
dfn,cp,45.0,2,9,benign_consumer,9.988333299999999,4.53552,4.538853333333333,0.545060606060606,0.45471426014207206,0.0013333333333333335,0.0,0.4546443038250072,1.0,10.0,4.310571765886287,4.307896113712375,0.5678980439850005,0.4311240595317726,0.0016722408026755853,0.0,0.43105717658862874,0.995230956208372
dfn,cp,45.0,2,10,benign_consumer,9.988333299999999,4.363667866666666,4.3670012,0.5622727272727273,0.4375626091987857,0.0013333333333333335,0.0,0.4374926528817209,1.0,10.0,4.519263454849498,4.516587602006689,0.5470913144826188,0.451993208361204,0.0016722408026755853,0.0,0.4519263454849498,0.9917633920479182
dfn,cp,45.0,2,11,attacker,9.988333299999999,4.652728356666667,4.656061723333333,0.5336969696969697,0.46648424610057837,0.0013333333333333335,0.0,0.4664142864501201,1.0,55.108700334448166,53.59830100334448,53.46719799331103,0.034861515296297906,0.9021358923902267,0.0006503820003931707,0.0,0.9702740340719882,0.9180721758332439
dfn,cp,45.0,3,0,router,16.0595395,15.413730900000001,15.413730900000001,0.04004358051566065,0.9597112586771264,0.0010672888586791395,0.0,0.9597112586771264,1.0,120.44705953177258,120.4462033444816,120.4462033444816,0.0,1.0,0.00023469854730759582,0.0,0.9999923104587712,1.0
dfn,cp,45.0,3,1,router,0.0,0.0,0.0,0.0,0.0,0.0,0.0,1.0,0.0,0.0,0.0,0.0,0.0,0.0,0.0,0.0,1.0,0.0
dfn,cp,45.0,3,2,router,21.417698833333333,16.0595395,16.0595395,0.24806616650842608,0.7519790042205221,0.0006431266928686029,0.0,0.7495929365137148,1.0,122.23397274247492,120.44705953177258,120.38820033444817,0.01576642061503126,0.9779959459888027,0.0001423591550285044,0.0,0.9844295304314175,0.9872824763594797
dfn,cp,45.0,3,3,router,8.886037589999999,7.123550666666667,7.123550666666667,0.19944165848771112,0.8018401648472742,0.0021768110056852017,0.0,0.8002555467219415,1.0,57.97799070568562,57.5258016722408,57.523127424749156,0.009140874221879439,0.9916440137626438,0.0003048094968697614,0.0,0.9916796015820007,0.9987677431003996
dfn,cp,45.0,3,4,router,8.967270173333333,7.2027811,7.2027811,0.19665436034553682,0.803356621703883,0.0015161314433824811,0.0,0.8028649287051278,1.0,8.79220497993311,6.979644648829432,6.976968662207358,0.2080085744801464,0.7920408262279507,0.0019506828881944523,0.0,0.7917922200535633,0.9930472494970243
dfn,cp,45.0,3,5,router,8.873280006666667,7.091367066666667,7.091367066666667,0.200868050851797,0.7981059670812914,0.0015789071050995708,0.0,0.7981059434915948,1.0,58.204858367892975,57.72852642140468,57.62417558528428,0.009541194267640945,0.9461484944003404,0.00029679576198918776,0.0,0.9912252122482869,0.9509523501010535
dfn,cp,45.0,3,6,attacker,9.988333299999999,4.5309010333333335,4.534234433333333,0.5455151515151515,0.4543025111971955,0.0013333333333333335,0.0,0.45423254821340076,1.0,55.108700334448166,53.629104013377926,53.619736454849495,0.033776549537419105,0.9170011547682099,0.0006503820003931707,0.0,0.9707839982409889,0.9331820157389307
dfn,cp,45.0,3,7,benign_consumer,9.988333299999999,4.34846979,4.351803156666667,0.5635521885521885,0.4363130427569728,0.0013333333333333335,0.0,0.4358727127365009,1.0,10.0,4.348887361204014,4.345543080267559,0.5641887098408838,0.434888756187291,0.0016722408026755853,0.0,0.43488873612040135,0.9943866594792147
dfn,cp,45.0,3,8,benign_consumer,9.988333299999999,4.370881566666667,4.3742149,0.5617643097643097,0.4385410945178045,0.0013333333333333335,0.0,0.43810076783066604,1.0,10.0,4.3520820936454845,4.352081859531773,0.5634792743488395,0.43520818929765887,0.0016722408026755853,0.0,0.43520820936454846,0.9946565722529771
dfn,cp,45.0,3,9,benign_consumer,9.988333299999999,4.5897219400000004,4.593055273333333,0.5397037037037037,0.46045619410065686,0.0013333333333333335,0.0,0.46001586741351824,1.0,10.0,4.440122886287625,4.437447267558528,0.5549660484443093,0.444079174916388,0.0016722408026755853,0.0,0.4440122886287625,0.9939853475594029
dfn,cp,45.0,3,10,benign_consumer,9.988333299999999,4.561121166666667,4.564454466666667,0.5424915824915825,0.45759358339509343,0.0013333333333333335,0.0,0.4571532600412916,1.0,10.0,4.616228936454849,4.610208762541807,0.537600081078342,0.4613553244147157,0.0016722408026755853,0.0,0.461622893645485,0.9933093868844417
dfn,cp,45.0,3,11,attacker,9.988333299999999,4.305492206666667,4.30882554,0.5678787878787879,0.43174792906343223,0.0013333333333333335,0.0,0.4316779727463674,1.0,55.108700334448166,53.58863076923077,53.454847826086954,0.03649032127292997,0.9025060923480848,0.0006503820003931707,0.0,0.9695088776981855,0.9181984238479638
dfn,cp,45.0,4,0,router,16.195729933333332,15.525767766666668,15.525767766666668,0.041342005176289734,0.9584832610957553,0.0009242292124866064,0.0,0.9584832610957553,1.0,120.18029498327759,120.18025819397994,120.18025819397994,0.0,1.0,0.00025866564845662026,0.0,0.9999996398682343,1.0
dfn,cp,45.0,4,1,router,0.0,0.0,0.0,0.0,0.0,0.0,0.0,1.0,0.0,0.0,0.0,0.0,0.0,0.0,0.0,0.0,1.0,0.0
dfn,cp,45.0,4,2,router,21.797514533333334,16.195729933333332,16.195729933333332,0.2564382060141254,0.7436166272550084,0.0005735476788615591,0.0,0.7424371107278716,1.0,121.82566742474916,120.18029498327759,120.12681337792641,0.014877056652236171,0.9786073348860824,0.00014576317703654166,0.0,0.9853877958026849,0.9871055265811811
dfn,cp,45.0,4,3,router,9.058480016666667,7.216941466666667,7.216941466666667,0.20604245535166588,0.7946239890438269,0.0016229570152049655,0.0,0.7940216178924255,1.0,57.85690297658863,57.36014816053512,57.35747424749164,0.011035221003037003,0.9908312416859871,0.0003102108631901512,0.0,0.9904203389009323,0.998462094233613
dfn,cp,45.0,4,4,router,9.0913342,7.3018331000000005,7.3018331000000005,0.19619007844007844,0.8032264431585925,0.001394317607800449,0.0,0.8028848015239354,1.0,8.754131505016721,7.118347692307693,7.1183483612040135,0.1865987134381783,0.8133592723376092,0.0019033741637638096,0.0,0.8119020193559169,0.9947721080902237
dfn,cp,45.0,4,5,router,9.06322843,7.278739966666667,7.278739966666667,0.19464457111515934,0.8036589794259724,0.0013274613744953844,0.0,0.8036590372281416,1.0,57.834268280936456,57.34717157190635,57.24549933110367,0.012388289585774873,0.9463643249033673,0.0003059324317778054,0.0,0.9902791783172735,0.9509865347816248
dfn,cp,45.0,4,6,attacker,9.988333299999999,4.4405969333333335,4.4439303,0.5544848484848485,0.4452579287733251,0.0013333333333333335,0.0,0.44518796912292363,1.0,55.108700334448166,53.477992642140464,53.47531839464883,0.03843240093240093,0.9157227332087358,0.0006503820003931707,0.0,0.9675529667433678,0.9334869373154521
dfn,cp,45.0,4,7,benign_consumer,9.988333299999999,4.611216416666667,4.614549716666667,0.5377946127946128,0.46258411211678396,0.0013333333333333335,0.0,0.4621437887629821,1.0,10.0,4.378909331103679,4.378909464882943,0.5607226107226108,0.4382253946488294,0.0016722408026755853,0.0,0.43789093311036786,0.9911492016089168
dfn,cp,45.0,4,8,benign_consumer,9.988333299999999,4.608457666666666,4.611791,0.5376363636363636,0.46201464290934535,0.0013333333333333335,0.0,0.4620011837674217,1.0,10.0,4.259705986622074,4.259706153846153,0.573355629877369,0.4263050635451505,0.0016722408026755853,0.0,0.4259705986622073,0.9949016029587515
dfn,cp,45.0,4,9,benign_consumer,9.988333299999999,4.476209866666666,4.4795432,0.5511515151515152,0.44878295943302876,0.0013333333333333335,0.0,0.4487130031159639,1.0,10.0,4.494425518394649,4.494425518394649,0.5494932603628256,0.44977700000000004,0.0016722408026755853,0.0,0.44944255183946485,0.9970877593309145
dfn,cp,45.0,4,10,benign_consumer,9.988333299999999,4.44919034,4.452523706666667,0.5538181818181819,0.4461154584478975,0.0013333333333333335,0.0,0.44604549879749605,1.0,10.0,4.33540908361204,4.335408966555184,0.5654606263301916,0.43387534481605355,0.0016722408026755853,0.0,0.43354090836120407,0.991756529956273
dfn,cp,45.0,4,11,attacker,9.988333299999999,4.6073713566666665,4.610704723333333,0.538060606060606,0.46194841377080514,0.0013333333333333335,0.0,0.46187845412034695,1.0,55.108700334448166,53.49885785953177,53.36508093645485,0.03824092574092574,0.9013986702554072,0.0006503820003931707,0.0,0.9678086582658083,0.9181192114912898
dfn,cp,45.0,5,0,router,15.962917766666665,15.324684666666666,15.324684666666666,0.04137224789190061,0.9591462457329342,0.001248275766675211,0.0,0.9591462457329342,1.0,120.91266822742473,120.9108956521739,120.9108956521739,0.0,1.0,0.00024267518312334158,0.0,0.9999835329136779,1.0
dfn,cp,45.0,5,1,router,0.0,0.0,0.0,0.0,0.0,0.0,0.0,1.0,0.0,0.006688963210702341,0.006688963210702341,0.006688963210702341,0.0,0.7324414715719063,0.501672240802677,0.0,1.0,0.7324414715719063
dfn,cp,45.0,5,2,router,21.4072139,15.962917766666665,15.962917766666665,0.2508732855754721,0.7482907303948406,0.0006936188096818617,0.0,0.7464345612576613,1.0,122.6088829431438,120.91935719063544,120.86586889632107,0.014710685572544246,0.9781970762764192,0.0001423799495953763,0.0,0.9852254329707205,0.9871838144299661
dfn,cp,45.0,5,3,router,8.875355366666666,7.0478008,7.0478008,0.20581889066099593,0.7941736330146069,0.0018023232791448817,0.0,0.7937918600918294,1.0,58.099346856187296,57.59337324414716,57.590701672240804,0.010557722516577371,0.9909426659642637,0.0002930113689044585,0.0,0.9905542754306184,0.9983785050828785
dfn,cp,45.0,5,4,router,8.746894099999999,6.9019622,6.9019622,0.21275741469859116,0.7888095844962328,0.0017572318588062166,0.0,0.7878383204423699,1.0,9.04520210702341,7.255965886287626,7.253290434782608,0.19578738801146828,0.8039028404644475,0.0019580030980948524,0.0,0.8028631465909247,0.9946816773501326
dfn,cp,45.0,5,5,router,9.415196493333333,7.4574509,7.4574509,0.20796907531466355,0.7937195729576904,0.001597455050007967,0.0,0.7925579802556898,1.0,58.23331759197325,57.759543812709026,57.65720133779264,0.009713145869982166,0.9466435836701582,0.00030780150260703695,0.0,0.9912324441210685,0.951335146603338
dfn,cp,45.0,5,6,attacker,9.988333299999999,4.4359128000000005,4.4392461,0.554976430976431,0.4450460337691058,0.0013333333333333335,0.0,0.44460571041530395,1.0,55.108700334448166,53.6184491638796,53.6157779264214,0.0341942477812043,0.9169218295239754,0.0006503820003931707,0.0,0.9706016610946955,0.9332066528676043
dfn,cp,45.0,5,7,benign_consumer,9.988333299999999,4.4327759,4.436109266666667,0.5551515151515151,0.4444757095691517,0.0013333333333333335,0.0,0.44440574991875015,1.0,10.0,4.48089602006689,4.48089618729097,0.5510742880308098,0.44842406688963216,0.0016722408026755853,0.0,0.44808960200668896,0.9931213954407074
dfn,cp,45.0,5,8,benign_consumer,9.988333299999999,4.2770340000000004,4.2803674,0.5708181818181818,0.4289161850661,0.0013333333333333335,0.0,0.42884622208230516,1.0,10.0,4.497183344481605,4.497183177257525,0.5492449579406101,0.4500527658862876,0.0016722408026755853,0.0,0.4497183344481605,0.995245192075727
dfn,cp,45.0,5,9,benign_consumer,9.988333299999999,4.463193366666667,4.4665267,0.5524377104377104,0.44769083474071464,0.0013333333333333335,0.0,0.4472505080532794,1.0,10.0,4.5480187625418065,4.545343344481605,0.5441218202087768,0.4548687826086956,0.0016722408026755853,0.0,0.4548018762541806,0.9958854069819718
dfn,cp,45.0,5,10,benign_consumer,9.988333299999999,4.737930133333333,4.741263433333334,0.5252626262626262,0.47505367310576824,0.0013333333333333335,0.0,0.4746133497519664,1.0,10.0,4.5379129096989965,4.537913110367893,0.5450643559339211,0.4541257591973244,0.0016722408026755853,0.0,0.4537912909698996,0.9920291211084579
dfn,cp,45.0,5,11,attacker,9.988333299999999,4.670599660000001,4.67393306,0.5311515151515152,0.46826827452107267,0.0013333333333333335,0.0,0.4681983115372679,1.0,55.108700334448166,53.69540802675585,53.560960535117054,0.03454226932487802,0.9038755569073512,0.0006503820003931707,0.0,0.971333733491261,0.9184417853346933
dfn,cp,50.0,1,0,router,16.001435766666667,15.431470866666665,15.431470866666665,0.036415370837988285,0.9634449392138549,0.0010696487767596307,0.0,0.9634449392138549,1.0,130.9705518394649,130.97051839464882,130.97051839464882,0.0,1.0,0.00010748979438431026,0.0,0.999999697254797,1.0
dfn,cp,50.0,1,1,router,0.0,0.0,0.0,0.0,0.0,0.0,0.0,1.0,0.0,0.02006688963210264,0.02006688963210264,0.02006688963210264,0.0,0.959866220735786,0.3879598664585516,0.0,1.0,0.959866220735786
dfn,cp,50.0,1,2,router,21.407974833333334,16.001435766666667,16.001435766666667,0.2495864574326476,0.7493686699632068,0.0006012671852685099,0.0,0.7480204495514189,1.0,132.55842441471572,130.99061872909698,130.99061872909698,0.010920090133198532,0.9889771175343379,0.00013172996246971593,0.0,0.9881986127270105,1.0
dfn,cp,50.0,1,3,router,9.076256743333333,7.2216336666666665,7.2216336666666665,0.2042829762829763,0.7944721912847059,0.001522149231120019,0.0,0.7936201936813652,1.0,63.10609711371237,62.65923444816054,62.65923444816054,0.00689294802151901,0.9930938946375554,0.0002780778496236376,0.0,0.992928054355194,1.0
dfn,cp,50.0,1,4,router,8.652310949999999,6.928087866666666,6.928087866666666,0.19559357744651862,0.8033920679496909,0.0016838365768764255,0.0,0.8026437040710258,1.0,9.119937377926421,7.282486287625418,7.282486287625418,0.19961078961915082,0.7994090814234371,0.0019306053836308785,0.0,0.7990362441881285,1.0
dfn,cp,50.0,1,5,router,8.972826846666667,7.2582533,7.2582533,0.18748118288946464,0.8110957527749331,0.0014880204298886274,0.0,0.8102797197015709,1.0,63.026023411371234,62.61670367892977,62.60666956521739,0.006257854621065912,0.9935778534241534,0.0002712926068533421,0.0,0.9935149389631042,0.9998412288614829
dfn,cp,50.0,1,6,attacker,9.988333299999999,4.609177133333334,4.6125104666666665,0.5376363636363636,0.46208708542243243,0.0013333333333333335,0.0,0.46207362628050885,1.0,59.958193812709034,58.61367892976589,58.61367892976589,0.022269162887480775,0.9778657095533626,0.00028794542401709613,0.0,0.9775498985930376,1.0
dfn,cp,50.0,1,7,benign_consumer,9.988333299999999,4.460412943333333,4.463746276666667,0.5526969696969697,0.44723500324100884,0.0013333333333333335,0.0,0.447165046923944,1.0,10.0,4.492418183946488,4.492418183946488,0.5498175737306172,0.4495762665551839,0.0016722408026755853,0.0,0.44924181839464883,1.0
dfn,cp,50.0,1,8,benign_consumer,9.988333299999999,4.201120783333334,4.204454116666667,0.5785757575757575,0.42128599981590314,0.0013333333333333335,0.0,0.4212725406739795,1.0,10.0,4.610831906354515,4.610831906354515,0.537600081078342,0.46141763879598663,0.0016722408026755853,0.0,0.46108319063545156,1.0
dfn,cp,50.0,1,9,benign_consumer,9.988333299999999,4.444523533333333,4.447856833333334,0.5540976430976431,0.4458947151879976,0.0013333333333333335,0.0,0.4454543918341958,1.0,10.0,4.509105471571906,4.509105471571906,0.5479831762440458,0.45124499531772577,0.0016722408026755853,0.0,0.45091054715719064,1.0
dfn,cp,50.0,1,10,benign_consumer,9.988333299999999,4.39925858,4.402591946666666,0.5585454545454546,0.4411398078526769,0.0013333333333333335,0.0,0.4410698482022187,1.0,10.0,4.551150501672241,4.551150501672241,0.5438735177865612,0.45544949832775916,0.0016722408026755853,0.0,0.45511505016722403,1.0
dfn,cp,50.0,1,11,attacker,9.988333299999999,4.566901566666666,4.5702349,0.5422558922558922,0.45807455017365584,0.0013333333333333335,0.0,0.4576342234862206,1.0,59.958193812709034,58.474872909699,58.46483946488295,0.024633112195478552,0.9752735807440824,0.00028794542401709613,0.0,0.9752615257207555,0.9998298343547729
dfn,cp,100.0,1,0,router,16.001435766666667,15.431470866666665,15.431470866666665,0.036415370837988285,0.9634449392138549,0.0010696487767596307,0.0,0.9634449392138549,1.0,232.78910367892976,232.78907023411372,232.78907023411372,0.0,1.0,6.072906013523768e-05,0.0,0.9999998298327762,1.0
dfn,cp,100.0,1,1,router,0.0,0.0,0.0,0.0,0.0,0.0,0.0,1.0,0.0,0.040133774440041466,0.026755849656889458,0.026755849656889458,0.013377926421404682,0.6622116385241315,0.20735704504406294,0.0,0.6889674913669408,0.9732441471571907
dfn,cp,100.0,1,2,router,21.407974833333334,16.001435766666667,16.001435766666667,0.2495864574326476,0.7493686699632068,0.0006012671852685099,0.0,0.7480204495514189,1.0,233.98897859531772,232.82923745336979,232.82923745336979,0.004330610867905992,0.9955741838090553,7.432225560161813e-05,0.0,0.9950466112938897,1.0
dfn,cp,100.0,1,3,router,9.076256743333333,7.2216336666666665,7.2216336666666665,0.2042829762829763,0.7944721912847059,0.001522149231120019,0.0,0.7936201936813652,1.0,113.5993027993311,113.35302307692308,113.35302307692308,0.0020753677999818536,0.9979195979707439,0.00015338370102631235,0.0,0.9978395796964212,1.0
dfn,cp,100.0,1,4,router,8.652310949999999,6.928087866666666,6.928087866666666,0.19559357744651862,0.8033920679496909,0.0016838365768764255,0.0,0.8026437040710258,1.0,9.119937377926421,7.282486287625418,7.282486287625418,0.19961078961915082,0.7994090814234371,0.0019306053836308785,0.0,0.7990362441881285,1.0
dfn,cp,100.0,1,5,router,8.972826846666667,7.2582533,7.2582533,0.18748118288946464,0.8110957527749331,0.0014880204298886274,0.0,0.8102797197015709,1.0,113.57952712374582,113.35346923076922,113.33340234113712,0.0018745685638041523,0.9979480672426163,0.00015216478572813313,0.0,0.998001247441332,0.9998231198122073
dfn,cp,100.0,1,6,attacker,9.988333299999999,4.609177133333334,4.6125104666666665,0.5376363636363636,0.46208708542243243,0.0013333333333333335,0.0,0.46207362628050885,1.0,109.91638628762541,109.10688461538462,109.10688461538462,0.00731687398354065,0.9926406370356794,0.00015761811057638466,0.0,0.9926269575281207,1.0
dfn,cp,100.0,1,7,benign_consumer,9.988333299999999,4.460412943333333,4.463746276666667,0.5526969696969697,0.44723500324100884,0.0013333333333333335,0.0,0.447165046923944,1.0,10.0,4.492418183946488,4.492418183946488,0.5498175737306172,0.4495762665551839,0.0016722408026755853,0.0,0.44924181839464883,1.0
dfn,cp,100.0,1,8,benign_consumer,9.988333299999999,4.201120783333334,4.204454116666667,0.5785757575757575,0.42128599981590314,0.0013333333333333335,0.0,0.4212725406739795,1.0,10.0,4.610831906354515,4.610831906354515,0.537600081078342,0.46141763879598663,0.0016722408026755853,0.0,0.46108319063545156,1.0
dfn,cp,100.0,1,9,benign_consumer,9.988333299999999,4.444523533333333,4.447856833333334,0.5540976430976431,0.4458947151879976,0.0013333333333333335,0.0,0.4454543918341958,1.0,10.0,4.509105471571906,4.509105471571906,0.5479831762440458,0.45124499531772577,0.0016722408026755853,0.0,0.45091054715719064,1.0
dfn,cp,100.0,1,10,benign_consumer,9.988333299999999,4.39925858,4.402591946666666,0.5585454545454546,0.4411398078526769,0.0013333333333333335,0.0,0.4410698482022187,1.0,10.0,4.547806053511706,4.547806053511706,0.5442079659470964,0.45511505351170567,0.0016722408026755853,0.0,0.45478060535117054,1.0
dfn,cp,100.0,1,11,attacker,9.988333299999999,4.566901566666666,4.5702349,0.5422558922558922,0.45807455017365584,0.0013333333333333335,0.0,0.4576342234862206,1.0,109.91638628762541,109.03172107023411,109.01163411371238,0.007994981908025386,0.9918347943047833,0.00015761811057638466,0.0,0.9919486069171252,0.9998165833749272
dfn,ifa,1.0,1,0,router,16.001435766666667,15.431470866666665,15.431470866666665,0.036415370837988285,0.9634449477894881,0.0010696487767596307,0.0,0.9634449392138549,1.0,17.423854515050166,16.738206862541805,15.735033311036789,0.03983805820041808,0.9036235241483142,0.06064861175675684,0.0,0.9602566592066079,0.9408252012434188
dfn,ifa,1.0,1,1,router,0.0,0.0,0.0,0.0,0.0,0.0,0.0,1.0,0.0,0.0,0.0,0.0,0.0,0.0,0.0,0.0,1.0,0.0
dfn,ifa,1.0,1,2,router,21.407974833333334,16.001435766666667,16.001435766666667,0.2495566575177902,0.7496749049818113,0.0006012671852685099,0.0,0.7480204495514189,1.0,22.429944749163877,17.423854515050166,16.420678829431438,0.21935825792304597,0.7353518559625662,0.046595904826013786,0.0,0.7781461787688811,0.9432171835458788
dfn,ifa,1.0,1,3,router,9.076256743333333,7.2216336666666665,7.2216336666666665,0.20422742072742073,0.7949013423210346,0.001522149231120019,0.0,0.7936201936813652,1.0,9.981677414715719,8.063651137123745,7.060478662207359,0.18927517577183128,0.7125239656937937,0.11025983206245177,0.0,0.8094173558534816,0.8792816976867344
dfn,ifa,1.0,1,4,router,8.652310949999999,6.928087866666666,6.928087866666666,0.19559357744651862,0.8035531080057007,0.0016838365768764255,0.0,0.8026437040710258,1.0,9.119937377926421,7.282486287625418,7.282486287625418,0.19961078961915082,0.7994090814234371,0.0019306053836308785,0.0,0.7990362441881285,1.0
dfn,ifa,1.0,1,5,router,8.972826846666667,7.2582533,7.2582533,0.1874409252405113,0.8114314777734802,0.0014880204298886274,0.0,0.8102797197015709,1.0,8.974542792642142,7.083807324414717,7.083807324414717,0.20962372354512823,0.7895843112077411,0.0017178581671786083,0.0,0.7885930702862788,1.0
dfn,ifa,1.0,1,6,attacker,9.988333299999999,4.609177133333334,4.6125104666666665,0.5376363636363636,0.46210054456424415,0.0013333333333333335,0.0,0.46207362628050885,1.0,11.003181286884281,5.489267692307693,4.486086287625418,0.5051607812477378,0.4114858526871304,0.09197122839106586,0.0,0.49616365403898804,0.8263806104139831
dfn,ifa,1.0,1,7,benign_consumer,9.988333299999999,4.460412943333333,4.463746276666667,0.5526969696969697,0.44730495955796185,0.0013333333333333335,0.0,0.447165046923944,1.0,10.0,4.492418183946488,4.492418183946488,0.5498175737306172,0.4495762665551839,0.0016722408026755853,0.0,0.44924181839464883,1.0
dfn,ifa,1.0,1,8,benign_consumer,9.988333299999999,4.201120783333334,4.204454116666667,0.5785757575757575,0.42129945895771487,0.0013333333333333335,0.0,0.4212725406739795,1.0,10.0,4.610831906354515,4.610831906354515,0.537600081078342,0.46141763879598663,0.0016722408026755853,0.0,0.46108319063545156,1.0
dfn,ifa,1.0,1,9,benign_consumer,9.988333299999999,4.444523533333333,4.447856833333334,0.5540303030303031,0.4460346278219037,0.0013333333333333335,0.0,0.4454543918341958,1.0,10.0,4.509105471571906,4.509105471571906,0.5479831762440458,0.45124499531772577,0.0016722408026755853,0.0,0.45091054715719064,1.0
dfn,ifa,1.0,1,10,benign_consumer,9.988333299999999,4.39925858,4.402591946666666,0.5585454545454546,0.4412097641696299,0.0013333333333333335,0.0,0.4410698482022187,1.0,10.0,4.551150501672241,4.551150501672241,0.5438735177865612,0.45544949832775916,0.0016722408026755853,0.0,0.45511505016722403,1.0
dfn,ifa,1.0,1,11,benign_consumer,9.988333299999999,4.566901566666666,4.5702349,0.5421212121212121,0.4585283360027911,0.0013333333333333335,0.0,0.4576342234862206,1.0,10.0,4.4233922909699,4.4233922909699,0.5568004459308806,0.4426736772575251,0.0016722408026755853,0.0,0.44233922909699,1.0
dfn,ifa,1.0,2,0,router,16.237310166666667,15.617370266666667,15.617370266666667,0.0384580557427015,0.9615309496616091,0.001110862411123088,0.0,0.961529715846096,1.0,16.728419431438127,15.995919103344482,14.992745551839466,0.04307024599427237,0.8981986778925094,0.06493282072281209,0.0,0.9565458030670637,0.9388168833301227
dfn,ifa,1.0,2,1,router,0.0,0.0,0.0,0.0,0.0,0.0,0.0,1.0,0.0,0.0,0.0,0.0,0.0,0.0,0.0,0.0,1.0,0.0
dfn,ifa,1.0,2,2,router,21.8075975,16.237310166666667,16.237310166666667,0.25226430707845937,0.7481079536227426,0.0006067057395911198,0.0,0.7450509061869078,1.0,21.934991605351172,16.728419431438127,15.725252541806022,0.23706035324566524,0.7189157945828424,0.04860139781140219,0.0,0.7615528517151315,0.9414981410142351
dfn,ifa,1.0,2,3,router,9.06423285,7.215764900000001,7.215764900000001,0.20479377688588216,0.796614095498548,0.001907319986723448,0.0,0.795338223597819,1.0,9.59523220735786,7.855438060200669,6.852264849498328,0.18179801377715993,0.7179895718356049,0.11454901119854492,0.0,0.818389380706913,0.877840094100344
dfn,ifa,1.0,2,4,router,9.150034033333332,7.334765833333333,7.334765833333333,0.1955747631997632,0.8036645775743544,0.0014271716802745707,0.0,0.8022591513300145,1.0,8.806325367892976,6.947072307692307,6.947072307692307,0.20558188559860802,0.792781689574511,0.0016532250920611423,0.0,0.7916760941932602,1.0
dfn,ifa,1.0,2,5,router,9.023062923333333,7.257066766666667,7.257066766666667,0.1951381830587713,0.8060177725449517,0.0015272123584462317,0.0,0.8033328684798713,1.0,8.942109371237457,7.132481237458195,7.132481237458195,0.20110309608637367,0.7989063171573692,0.0019408547091501278,0.0,0.7971446222138576,1.0
dfn,ifa,1.0,2,6,attacker,9.988333299999999,4.546770516666666,4.550103849999999,0.543939393939394,0.4558620892706718,0.0013333333333333335,0.0,0.4558351709869365,1.0,11.003181286884281,5.321309163879598,4.318127190635452,0.5212287712287712,0.3956930887061063,0.09197122839106586,0.0,0.4803709414657541,0.8207165488988103
dfn,ifa,1.0,2,7,benign_consumer,9.988333299999999,4.5107957,4.5141290000000005,0.5475151515151515,0.45261815081280665,0.0013333333333333335,0.0,0.45210787114205175,1.0,10.0,4.273931973244147,4.273931973244147,0.5717441978311543,0.4277276454849498,0.0016722408026755853,0.0,0.4273931973244147,1.0
dfn,ifa,1.0,2,8,benign_consumer,9.988333299999999,4.607847366666666,4.6111807,0.5376363636363636,0.46233715917546087,0.0013333333333333335,0.0,0.46182687617136925,1.0,10.0,4.495753602006689,4.495753602006689,0.5497719671632715,0.449909808361204,0.0016722408026755853,0.0,0.44957536020066885,1.0
dfn,ifa,1.0,2,9,benign_consumer,9.988333299999999,4.53552,4.538853333333333,0.545060606060606,0.4548541727759781,0.0013333333333333335,0.0,0.4546443038250072,1.0,10.0,4.310571765886287,4.310571765886287,0.5678980439850005,0.4313916247491638,0.0016722408026755853,0.0,0.43105717658862874,1.0
dfn,ifa,1.0,2,10,benign_consumer,9.988333299999999,4.363667866666666,4.3670012,0.5622727272727273,0.43763256551573876,0.0013333333333333335,0.0,0.4374926528817209,1.0,10.0,4.519263454849498,4.519263454849498,0.5470913144826188,0.452260793645485,0.0016722408026755853,0.0,0.4519263454849498,1.0
dfn,ifa,1.0,2,11,benign_consumer,9.988333299999999,4.652728356666667,4.656061723333333,0.5336969696969697,0.4666241587344843,0.0013333333333333335,0.0,0.4664142864501201,1.0,10.0,4.42284591638796,4.42284591638796,0.5565470761122935,0.44261903979933104,0.0016722408026755853,0.0,0.44228459163879597,1.0
dfn,ifa,1.0,3,0,router,16.0595395,15.413730900000001,15.413730900000001,0.04004358051566065,0.9597114706966983,0.0010672888586791395,0.0,0.9597112586771264,1.0,16.901649431438127,16.31888345117057,15.315709899665551,0.03466507909922964,0.9070512594429863,0.06308706368472965,0.0,0.9653380900715688,0.9394130418068317
dfn,ifa,1.0,3,1,router,0.0,0.0,0.0,0.0,0.0,0.0,0.0,1.0,0.0,0.0,0.0,0.0,0.0,0.0,0.0,0.0,1.0,0.0
dfn,ifa,1.0,3,2,router,21.417698833333333,16.0595395,16.0595395,0.24803636659356867,0.7522853209522932,0.0006431266928686029,0.0,0.7495929365137148,1.0,22.195261839464884,16.901649431438127,15.898473578595318,0.23662139834807827,0.7191126719334974,0.04745278270131113,0.0,0.7610973421585409,0.9415182608028472
dfn,ifa,1.0,3,3,router,8.886037589999999,7.123550666666667,7.123550666666667,0.19941114742745178,0.8020781585350917,0.0021768110056852017,0.0,0.8002555467219415,1.0,9.795941107023411,7.9801755852842815,6.9770027090301,0.18728380226550081,0.7131217135331266,0.11155584507266546,0.0,0.8132794657533656,0.8763180645710247
dfn,ifa,1.0,3,4,router,8.967270173333333,7.2027811,7.2027811,0.19661410269658353,0.8037059083810566,0.0015161314433824811,0.0,0.8028649287051278,1.0,8.788860531772576,6.979644648829432,6.979644648829432,0.20777274564899983,0.7929849719865045,0.00195071975112792,0.0,0.7920405629112307,1.0
dfn,ifa,1.0,3,5,router,8.873280006666667,7.091367066666667,7.091367066666667,0.200868050851797,0.7982640809255456,0.0015789071050995708,0.0,0.7981059434915948,1.0,9.133913819397993,7.23544160535117,7.23544160535117,0.2047841140650505,0.7938826159655533,0.0016845932340410008,0.0,0.7929830413882951,1.0
dfn,ifa,1.0,3,6,attacker,9.988333299999999,4.5309010333333335,4.534234433333333,0.5455151515151515,0.45437246751414856,0.0013333333333333335,0.0,0.45423254821340076,1.0,11.003181286884281,5.450406889632107,4.447225284280936,0.5083445539967278,0.40794477537518187,0.09197122839106586,0.0,0.4926225968275624,0.8234028961462663
dfn,ifa,1.0,3,7,benign_consumer,9.988333299999999,4.34846979,4.351803156666667,0.5634848484848485,0.43638299907392586,0.0013333333333333335,0.0,0.4358727127365009,1.0,10.0,4.345542913043478,4.345542913043478,0.5645231580014188,0.43488873946488293,0.0016722408026755853,0.0,0.43455429130434786,1.0
dfn,ifa,1.0,3,8,benign_consumer,9.988333299999999,4.370881566666667,4.3742149,0.5616969696969697,0.43861105083475754,0.0013333333333333335,0.0,0.43810076783066604,1.0,10.0,4.34873764548495,4.34873764548495,0.5638137225093747,0.43520821270903015,0.0016722408026755853,0.0,0.43487376454849497,1.0
dfn,ifa,1.0,3,9,benign_consumer,9.988333299999999,4.5897219400000004,4.593055273333333,0.5396363636363636,0.46048311238428036,0.0013333333333333335,0.0,0.46001586741351824,1.0,10.0,4.440122886287625,4.440122886287625,0.5549660484443093,0.44434673678929765,0.0016722408026755853,0.0,0.4440122886287625,1.0
dfn,ifa,1.0,3,10,benign_consumer,9.988333299999999,4.561121166666667,4.564454466666667,0.5424242424242424,0.4576635397120465,0.0013333333333333335,0.0,0.4571532600412916,1.0,10.0,4.616228969899665,4.616228969899665,0.537600081078342,0.46195734515050163,0.0016722408026755853,0.0,0.46162289698996656,1.0
dfn,ifa,1.0,3,11,benign_consumer,9.988333299999999,4.305492206666667,4.30882554,0.5678787878787879,0.4318878416973383,0.0013333333333333335,0.0,0.4316779727463674,1.0,10.0,4.517684849498328,4.517684849498328,0.5476892672544846,0.45210293311036787,0.0016722408026755853,0.0,0.4517684849498328,1.0
dfn,ifa,1.0,4,0,router,16.195729933333332,15.525767766666668,15.525767766666668,0.041342005176289734,0.9584834837224989,0.0009242292124866064,0.0,0.9584832610957553,1.0,16.682876655518395,15.954546895986622,14.951373344481604,0.04384657750310793,0.8973721430635309,0.06401244384629905,0.0,0.956270211958613,0.9382709127004303
dfn,ifa,1.0,4,1,router,0.0,0.0,0.0,0.0,0.0,0.0,0.0,1.0,0.0,0.0,0.0,0.0,0.0,0.0,0.0,0.0,1.0,0.0
dfn,ifa,1.0,4,2,router,21.797514533333334,16.195729933333332,16.195729933333332,0.2564073111669446,0.7439316340560702,0.0005735476788615591,0.0,0.7424371107278716,1.0,21.908183913043477,16.682876655518395,15.679703879598662,0.2374942479756693,0.7181776557175619,0.048085584598821896,0.0,0.7608150304755793,0.9409136838064033
dfn,ifa,1.0,4,3,router,9.058480016666667,7.216941466666667,7.216941466666667,0.2059204111106285,0.7954916035902535,0.0016229570152049655,0.0,0.7940216178924255,1.0,9.616403177257524,7.9205366555183945,6.9173637123745815,0.17924572995151394,0.7209024434470882,0.11358531790492846,0.0,0.8219017468440029,0.876714382421033
dfn,ifa,1.0,4,4,router,9.0913342,7.3018331000000005,7.3018331000000005,0.19615674510674508,0.8035619241866642,0.001394317607800449,0.0,0.8028848015239354,1.0,8.754131505016721,7.121692173913043,7.121692173913043,0.18612093035169958,0.8137166141107852,0.0019033741637638096,0.0,0.8123373559629374,1.0
dfn,ifa,1.0,4,5,router,9.06322843,7.278739966666667,7.278739966666667,0.194611237781826,0.8039859701160927,0.0013274613744953844,0.0,0.8036590372281416,1.0,8.68409068896321,6.8659550836120395,6.8659550836120395,0.21080138739001614,0.7904074489200951,0.002059115528825304,0.0,0.7896484694547511,1.0
dfn,ifa,1.0,4,6,attacker,9.988333299999999,4.4405969333333335,4.4439303,0.5544848484848485,0.44532788509027815,0.0013333333333333335,0.0,0.44518796912292363,1.0,11.003181286884281,5.23750237458194,4.234320638795987,0.5289391767652638,0.3879255824601911,0.09197122839106586,0.0,0.4726034117227552,0.816265993639365
dfn,ifa,1.0,4,7,benign_consumer,9.988333299999999,4.611216416666667,4.614549716666667,0.5377272727272727,0.462654068433737,0.0013333333333333335,0.0,0.4621437887629821,1.0,10.0,4.378909331103679,4.378909331103679,0.5607226107226108,0.43822538127090305,0.0016722408026755853,0.0,0.43789093311036786,1.0
dfn,ifa,1.0,4,8,benign_consumer,9.988333299999999,4.608457666666666,4.611791,0.5376363636363636,0.46202810205115713,0.0013333333333333335,0.0,0.4620011837674217,1.0,10.0,4.259705986622074,4.259705986622074,0.573355629877369,0.4263050468227425,0.0016722408026755853,0.0,0.4259705986622073,1.0
dfn,ifa,1.0,4,9,benign_consumer,9.988333299999999,4.476209866666666,4.4795432,0.5511515151515152,0.4489228720669348,0.0013333333333333335,0.0,0.4487130031159639,1.0,10.0,4.494425518394649,4.494425518394649,0.5494932603628256,0.44977700000000004,0.0016722408026755853,0.0,0.44944255183946485,1.0
dfn,ifa,1.0,4,10,benign_consumer,9.988333299999999,4.44919034,4.452523706666667,0.5538181818181819,0.4461854147648505,0.0013333333333333335,0.0,0.44604549879749605,1.0,10.0,4.33540908361204,4.33540908361204,0.5654606263301916,0.43387535652173914,0.0016722408026755853,0.0,0.43354090836120407,1.0
dfn,ifa,1.0,4,11,benign_consumer,9.988333299999999,4.6073713566666665,4.610704723333333,0.538060606060606,0.46208832640471126,0.0013333333333333335,0.0,0.46187845412034695,1.0,10.0,4.34868160535117,4.34868160535117,0.564026553156988,0.4352026086956522,0.0016722408026755853,0.0,0.434868160535117,1.0
dfn,ifa,1.0,5,0,router,15.962917766666665,15.324684666666666,15.324684666666666,0.04137224789190061,0.9591464532443869,0.001248275766675211,0.0,0.9591462457329342,1.0,17.348703411371236,16.648613317391305,15.64543976588629,0.03963900895097494,0.9037616400864233,0.06150336802779035,0.0,0.9601045029523655,0.9411936410318664
dfn,ifa,1.0,5,1,router,0.0,0.0,0.0,0.0,0.0,0.0,0.0,1.0,0.0,0.0,0.0,0.0,0.0,0.0,0.0,0.0,1.0,0.0
dfn,ifa,1.0,5,2,router,21.4072139,15.962917766666665,15.962917766666665,0.250830550532737,0.7486263221493493,0.0006936188096818617,0.0,0.7464345612576613,1.0,22.69687993311037,17.348703411371236,16.345531973244146,0.2337839631991319,0.7229347650329427,0.04632373735215332,0.0,0.7644164970129472,0.9434972037058507
dfn,ifa,1.0,5,3,router,8.875355366666666,7.0478008,7.0478008,0.20575786854047723,0.7946937745507769,0.0018023232791448817,0.0,0.7937918600918294,1.0,9.883162474916388,8.09257280936455,7.089400468227424,0.18188457011831105,0.720753942917137,0.11010201095342528,0.0,0.8188790551472224,0.8798636858395966
dfn,ifa,1.0,5,4,router,8.746894099999999,6.9019622,6.9019622,0.21267689940068454,0.7893350535633648,0.0017572318588062166,0.0,0.7878383204423699,1.0,9.048546622073578,7.25596575250836,7.25596575250836,0.19609143179377292,0.8036999901544997,0.0019580019400943986,0.0,0.8025530727665134,1.0
dfn,ifa,1.0,5,5,router,9.415196493333333,7.4574509,7.4574509,0.20787994875494875,0.7942094521815974,0.001597455050007967,0.0,0.7925579802556898,1.0,9.0989081270903,7.348341371237458,7.348341371237458,0.19018347872862923,0.8093690861132963,0.0019148613735415281,0.0,0.80772819268135,1.0
dfn,ifa,1.0,5,6,attacker,9.988333299999999,4.4359128000000005,4.4392461,0.554939393939394,0.44511599008605873,0.0013333333333333335,0.0,0.44460571041530395,1.0,11.003181286884281,5.402274448160536,4.39909364548495,0.5133106024410372,0.40341639592850664,0.09197122839106586,0.0,0.4880941410019276,0.8223851354754641
dfn,ifa,1.0,5,7,benign_consumer,9.988333299999999,4.4327759,4.436109266666667,0.5551515151515151,0.4445456658861048,0.0013333333333333335,0.0,0.44440574991875015,1.0,10.0,4.48089602006689,4.48089602006689,0.5510742880308098,0.4484240501672241,0.0016722408026755853,0.0,0.44808960200668896,1.0
dfn,ifa,1.0,5,8,benign_consumer,9.988333299999999,4.2770340000000004,4.2803674,0.5708181818181818,0.4289861413830531,0.0013333333333333335,0.0,0.42884622208230516,1.0,10.0,4.500527859531773,4.500527859531773,0.548910509780075,0.4503872341137124,0.0016722408026755853,0.0,0.45005278595317727,1.0
dfn,ifa,1.0,5,9,benign_consumer,9.988333299999999,4.463193366666667,4.4665267,0.5523030303030303,0.448201117744991,0.0013333333333333335,0.0,0.4472505080532794,1.0,10.0,4.5480187625418065,4.5480187625418065,0.5441218202087768,0.4551363244147157,0.0016722408026755853,0.0,0.4548018762541806,1.0
dfn,ifa,1.0,5,10,benign_consumer,9.988333299999999,4.737930133333333,4.741263433333334,0.5250606060606061,0.47549399979309165,0.0013333333333333335,0.0,0.4746133497519664,1.0,10.0,4.5379129096989965,4.5379129096989965,0.5450643559339211,0.45412573913043475,0.0016722408026755853,0.0,0.4537912909698996,1.0
dfn,ifa,1.0,5,11,benign_consumer,9.988333299999999,4.670599660000001,4.67393306,0.5311515151515152,0.46840818715497873,0.0013333333333333335,0.0,0.4681983115372679,1.0,10.0,4.560995217391304,4.560995217391304,0.5428955102868146,0.45643396989966556,0.0016722408026755853,0.0,0.4560995217391305,1.0
dfn,ifa,2.0,1,0,router,16.001435766666667,15.431470866666665,15.431470866666665,0.036415370837988285,0.9634449477894881,0.0010696487767596307,0.0,0.9634449392138549,1.0,18.422341471571904,17.736696755852844,15.735033311036789,0.03773387087924381,0.8537474851424776,0.11285533969734733,0.0,0.9624103442041246,0.8868923442307434
dfn,ifa,2.0,1,1,router,0.0,0.0,0.0,0.0,0.0,0.0,0.0,1.0,0.0,0.0033444816053511705,0.0033444816053511705,0.0,0.0,0.1993311033586348,0.9913043478260869,0.0,1.0,0.0
dfn,ifa,2.0,1,2,router,21.407974833333334,16.001435766666667,16.001435766666667,0.2495566575177902,0.7496749049818113,0.0006012671852685099,0.0,0.7480204495514189,1.0,23.43178016722408,18.425685953177258,16.420678829431438,0.20988676468363623,0.7033525719325757,0.08824467969454433,0.0,0.7877085051982546,0.8910484159075057
dfn,ifa,2.0,1,3,router,9.076256743333333,7.2216336666666665,7.2216336666666665,0.20422742072742073,0.7949013423210346,0.001522149231120019,0.0,0.7936201936813652,1.0,10.983513066889632,9.065486555183947,7.060478662207359,0.17193365741959094,0.6459897719025329,0.19470059199676049,0.0,0.826933332377834,0.7798713959582432
dfn,ifa,2.0,1,4,router,8.652310949999999,6.928087866666666,6.928087866666666,0.19559357744651862,0.8035531080057007,0.0016838365768764255,0.0,0.8026437040710258,1.0,9.119937377926421,7.282486287625418,7.282486287625418,0.19961078961915082,0.7994090814234371,0.0019306053836308785,0.0,0.7990362441881285,1.0
dfn,ifa,2.0,1,5,router,8.972826846666667,7.2582533,7.2582533,0.1874409252405113,0.8114314777734802,0.0014880204298886274,0.0,0.8102797197015709,1.0,8.974542792642142,7.083807324414717,7.083807324414717,0.20962372354512823,0.7895843112077411,0.0017178581671786083,0.0,0.7885930702862788,1.0
dfn,ifa,2.0,1,6,attacker,9.988333299999999,4.609177133333334,4.6125104666666665,0.5376363636363636,0.46210054456424415,0.0013333333333333335,0.0,0.46207362628050885,1.0,12.005021065785952,6.491107290969899,4.486086287625418,0.4598584247413679,0.3754848476557185,0.16573414729703614,0.0,0.5399885442688875,0.683232445396014
dfn,ifa,2.0,1,7,benign_consumer,9.988333299999999,4.460412943333333,4.463746276666667,0.5526969696969697,0.44730495955796185,0.0013333333333333335,0.0,0.447165046923944,1.0,10.0,4.492418183946488,4.492418183946488,0.5498175737306172,0.4495762665551839,0.0016722408026755853,0.0,0.44924181839464883,1.0
dfn,ifa,2.0,1,8,benign_consumer,9.988333299999999,4.201120783333334,4.204454116666667,0.5785757575757575,0.42129945895771487,0.0013333333333333335,0.0,0.4212725406739795,1.0,10.0,4.610831906354515,4.610831906354515,0.537600081078342,0.46141763879598663,0.0016722408026755853,0.0,0.46108319063545156,1.0
dfn,ifa,2.0,1,9,benign_consumer,9.988333299999999,4.444523533333333,4.447856833333334,0.5540303030303031,0.4460346278219037,0.0013333333333333335,0.0,0.4454543918341958,1.0,10.0,4.509105471571906,4.509105471571906,0.5479831762440458,0.45124499531772577,0.0016722408026755853,0.0,0.45091054715719064,1.0
dfn,ifa,2.0,1,10,benign_consumer,9.988333299999999,4.39925858,4.402591946666666,0.5585454545454546,0.4412097641696299,0.0013333333333333335,0.0,0.4410698482022187,1.0,10.0,4.551150501672241,4.551150501672241,0.5438735177865612,0.45544949832775916,0.0016722408026755853,0.0,0.45511505016722403,1.0
dfn,ifa,2.0,1,11,benign_consumer,9.988333299999999,4.566901566666666,4.5702349,0.5421212121212121,0.4585283360027911,0.0013333333333333335,0.0,0.4576342234862206,1.0,10.0,4.4233922909699,4.4233922909699,0.5568004459308806,0.4426736772575251,0.0016722408026755853,0.0,0.44233922909699,1.0
dfn,ifa,2.0,2,0,router,16.237310166666667,15.617370266666667,15.617370266666667,0.0384580557427015,0.9615309496616091,0.001110862411123088,0.0,0.961529715846096,1.0,17.72691391304348,16.99440899665552,14.992745551839466,0.04042284212340343,0.8460238934659303,0.11860753134066473,0.0,0.9591217901671577,0.8817950015430808
dfn,ifa,2.0,2,1,router,0.0,0.0,0.0,0.0,0.0,0.0,0.0,1.0,0.0,0.0033444816053511705,0.0033444816053511705,0.0,0.0,0.1993311033586348,0.9913043478260869,0.0,1.0,0.0
dfn,ifa,2.0,2,2,router,21.8075975,16.237310166666667,16.237310166666667,0.25226430707845937,0.7481079536227426,0.0006067057395911198,0.0,0.7450509061869078,1.0,22.936827491638798,17.730258394648832,15.725252541806022,0.2260712047495948,0.6869553387455224,0.09027990420410552,0.0,0.7723348555931551,0.8865996762508634
dfn,ifa,2.0,2,3,router,9.06423285,7.215764900000001,7.215764900000001,0.20479377688588216,0.796614095498548,0.001907319986723448,0.0,0.795338223597819,1.0,10.597067658862876,8.857273946488293,6.852264849498328,0.16355067211844707,0.6488156332947151,0.20168896351461338,0.0,0.8361118313411008,0.7756675458809593
dfn,ifa,2.0,2,4,router,9.150034033333332,7.334765833333333,7.334765833333333,0.1955747631997632,0.8036645775743544,0.0014271716802745707,0.0,0.8022591513300145,1.0,8.806325367892976,6.947072307692307,6.947072307692307,0.20558188559860802,0.792781689574511,0.0016532250920611423,0.0,0.7916760941932602,1.0
dfn,ifa,2.0,2,5,router,9.023062923333333,7.257066766666667,7.257066766666667,0.1951381830587713,0.8060177725449517,0.0015272123584462317,0.0,0.8033328684798713,1.0,8.942109371237457,7.132481237458195,7.132481237458195,0.20110309608637367,0.7989063171573692,0.0019408547091501278,0.0,0.7971446222138576,1.0
dfn,ifa,2.0,2,6,attacker,9.988333299999999,4.546770516666666,4.550103849999999,0.543939393939394,0.4558620892706718,0.0013333333333333335,0.0,0.4558351709869365,1.0,12.005021065785952,6.323148294314381,4.318127190635452,0.47376803798208483,0.36151290460243124,0.16573414729703614,0.0,0.526016611778137,0.6741453527294755
dfn,ifa,2.0,2,7,benign_consumer,9.988333299999999,4.5107957,4.5141290000000005,0.5475151515151515,0.45261815081280665,0.0013333333333333335,0.0,0.45210787114205175,1.0,10.0,4.273931973244147,4.273931973244147,0.5717441978311543,0.4277276454849498,0.0016722408026755853,0.0,0.4273931973244147,1.0
dfn,ifa,2.0,2,8,benign_consumer,9.988333299999999,4.607847366666666,4.6111807,0.5376363636363636,0.46233715917546087,0.0013333333333333335,0.0,0.46182687617136925,1.0,10.0,4.495753602006689,4.495753602006689,0.5497719671632715,0.449909808361204,0.0016722408026755853,0.0,0.44957536020066885,1.0
dfn,ifa,2.0,2,9,benign_consumer,9.988333299999999,4.53552,4.538853333333333,0.545060606060606,0.4548541727759781,0.0013333333333333335,0.0,0.4546443038250072,1.0,10.0,4.310571765886287,4.310571765886287,0.5678980439850005,0.4313916247491638,0.0016722408026755853,0.0,0.43105717658862874,1.0
dfn,ifa,2.0,2,10,benign_consumer,9.988333299999999,4.363667866666666,4.3670012,0.5622727272727273,0.43763256551573876,0.0013333333333333335,0.0,0.4374926528817209,1.0,10.0,4.519263454849498,4.519263454849498,0.5470913144826188,0.452260793645485,0.0016722408026755853,0.0,0.4519263454849498,1.0
dfn,ifa,2.0,2,11,benign_consumer,9.988333299999999,4.652728356666667,4.656061723333333,0.5336969696969697,0.4666241587344843,0.0013333333333333335,0.0,0.4664142864501201,1.0,10.0,4.42284591638796,4.42284591638796,0.5565470761122935,0.44261903979933104,0.0016722408026755853,0.0,0.44228459163879597,1.0
dfn,ifa,2.0,3,0,router,16.0595395,15.413730900000001,15.413730900000001,0.04004358051566065,0.9597114706966983,0.0010672888586791395,0.0,0.9597112586771264,1.0,17.900138461538464,17.317373344481606,15.315709899665551,0.03261672799126581,0.8552892023757529,0.116741006443197,0.0,0.9673494497029113,0.8838839182641504
dfn,ifa,2.0,3,1,router,0.0,0.0,0.0,0.0,0.0,0.0,0.0,1.0,0.0,0.0033444816053511705,0.0033444816053511705,0.0,0.0,0.1993311033586348,0.9913043478260869,0.0,1.0,0.0
dfn,ifa,2.0,3,2,router,21.417698833333333,16.0595395,16.0595395,0.24803636659356867,0.7522853209522932,0.0006431266928686029,0.0,0.7495929365137148,1.0,23.197096889632107,17.903482943143814,15.898473578595318,0.22592620371622754,0.6877292313167398,0.08903427165416491,0.0,0.7716949688874719,0.8875677785743481
dfn,ifa,2.0,3,3,router,8.886037589999999,7.123550666666667,7.123550666666667,0.19941114742745178,0.8020781585350917,0.0021768110056852017,0.0,0.8002555467219415,1.0,10.797776324414714,8.982010635451505,6.9770027090301,0.1690515489678334,0.6460191712104517,0.19597776603142641,0.0,0.8311516545054759,0.7759096524667679
dfn,ifa,2.0,3,4,router,8.967270173333333,7.2027811,7.2027811,0.19661410269658353,0.8037059083810566,0.0015161314433824811,0.0,0.8028649287051278,1.0,8.788860531772576,6.979644648829432,6.979644648829432,0.20777274564899983,0.7929849719865045,0.00195071975112792,0.0,0.7920405629112307,1.0
dfn,ifa,2.0,3,5,router,8.873280006666667,7.091367066666667,7.091367066666667,0.200868050851797,0.7982640809255456,0.0015789071050995708,0.0,0.7981059434915948,1.0,9.133913819397993,7.23544160535117,7.23544160535117,0.2047841140650505,0.7938826159655533,0.0016845932340410008,0.0,0.7929830413882951,1.0
dfn,ifa,2.0,3,6,attacker,9.988333299999999,4.5309010333333335,4.534234433333333,0.5455151515151515,0.45437246751414856,0.0013333333333333335,0.0,0.45423254821340076,1.0,12.005021065785952,6.452246688963211,4.447225284280936,0.46280842902916486,0.37223850030733896,0.16573414729703614,0.0,0.5367422308594247,0.6802799669444952
dfn,ifa,2.0,3,7,benign_consumer,9.988333299999999,4.34846979,4.351803156666667,0.5634848484848485,0.43638299907392586,0.0013333333333333335,0.0,0.4358727127365009,1.0,10.0,4.345542913043478,4.345542913043478,0.5645231580014188,0.43488873946488293,0.0016722408026755853,0.0,0.43455429130434786,1.0
dfn,ifa,2.0,3,8,benign_consumer,9.988333299999999,4.370881566666667,4.3742149,0.5616969696969697,0.43861105083475754,0.0013333333333333335,0.0,0.43810076783066604,1.0,10.0,4.34873764548495,4.34873764548495,0.5638137225093747,0.43520821270903015,0.0016722408026755853,0.0,0.43487376454849497,1.0
dfn,ifa,2.0,3,9,benign_consumer,9.988333299999999,4.5897219400000004,4.593055273333333,0.5396363636363636,0.46048311238428036,0.0013333333333333335,0.0,0.46001586741351824,1.0,10.0,4.440122886287625,4.440122886287625,0.5549660484443093,0.44434673678929765,0.0016722408026755853,0.0,0.4440122886287625,1.0
dfn,ifa,2.0,3,10,benign_consumer,9.988333299999999,4.561121166666667,4.564454466666667,0.5424242424242424,0.4576635397120465,0.0013333333333333335,0.0,0.4571532600412916,1.0,10.0,4.616228969899665,4.616228969899665,0.537600081078342,0.46195734515050163,0.0016722408026755853,0.0,0.46162289698996656,1.0
dfn,ifa,2.0,3,11,benign_consumer,9.988333299999999,4.305492206666667,4.30882554,0.5678787878787879,0.4318878416973383,0.0013333333333333335,0.0,0.4316779727463674,1.0,10.0,4.517684849498328,4.517684849498328,0.5476892672544846,0.45210293311036787,0.0016722408026755853,0.0,0.4517684849498328,1.0
dfn,ifa,2.0,4,0,router,16.195729933333332,15.525767766666668,15.525767766666668,0.041342005176289734,0.9584834837224989,0.0009242292124866064,0.0,0.9584832610957553,1.0,17.681365752508363,16.95303678929766,14.951373344481604,0.04124247707578715,0.8453031619049928,0.11855611626726899,0.0,0.95880712893975,0.8814191365423294
dfn,ifa,2.0,4,1,router,0.0,0.0,0.0,0.0,0.0,0.0,0.0,1.0,0.0,0.0033444816053511705,0.0033444816053511705,0.0,0.0,0.1993311033586348,0.9913043478260869,0.0,1.0,0.0
dfn,ifa,2.0,4,2,router,21.797514533333334,16.195729933333332,16.195729933333332,0.2564073111669446,0.7439316340560702,0.0005735476788615591,0.0,0.7424371107278716,1.0,22.91001956521739,17.684710234113712,15.679703879598662,0.2265429524044591,0.6863508780391161,0.09048318173554303,0.0,0.771597167702363,0.8861481954632298
dfn,ifa,2.0,4,3,router,9.058480016666667,7.216941466666667,7.216941466666667,0.2059204111106285,0.7954916035902535,0.0016229570152049655,0.0,0.7940216178924255,1.0,10.618238428093646,8.922372307692306,6.9173637123745815,0.16166661174530542,0.6514824753715608,0.20058262002223615,0.0,0.8392037511524981,0.774975581468539
dfn,ifa,2.0,4,4,router,9.0913342,7.3018331000000005,7.3018331000000005,0.19615674510674508,0.8035619241866642,0.001394317607800449,0.0,0.8028848015239354,1.0,8.754131505016721,7.121692173913043,7.121692173913043,0.18612093035169958,0.8137166141107852,0.0019033741637638096,0.0,0.8123373559629374,1.0
dfn,ifa,2.0,4,5,router,9.06322843,7.278739966666667,7.278739966666667,0.194611237781826,0.8039859701160927,0.0013274613744953844,0.0,0.8036590372281416,1.0,8.68409068896321,6.8659550836120395,6.8659550836120395,0.21080138739001614,0.7904074489200951,0.002059115528825304,0.0,0.7896484694547511,1.0
dfn,ifa,2.0,4,6,attacker,9.988333299999999,4.4405969333333335,4.4439303,0.5544848484848485,0.44532788509027815,0.0013333333333333335,0.0,0.44518796912292363,1.0,12.005021065785952,6.239341906354515,4.234320638795987,0.48084407231564424,0.354333512414656,0.16573414729703614,0.0,0.5188372307527713,0.6666922914586745
dfn,ifa,2.0,4,7,benign_consumer,9.988333299999999,4.611216416666667,4.614549716666667,0.5377272727272727,0.462654068433737,0.0013333333333333335,0.0,0.4621437887629821,1.0,10.0,4.378909331103679,4.378909331103679,0.5607226107226108,0.43822538127090305,0.0016722408026755853,0.0,0.43789093311036786,1.0
dfn,ifa,2.0,4,8,benign_consumer,9.988333299999999,4.608457666666666,4.611791,0.5376363636363636,0.46202810205115713,0.0013333333333333335,0.0,0.4620011837674217,1.0,10.0,4.259705986622074,4.259705986622074,0.573355629877369,0.4263050468227425,0.0016722408026755853,0.0,0.4259705986622073,1.0
dfn,ifa,2.0,4,9,benign_consumer,9.988333299999999,4.476209866666666,4.4795432,0.5511515151515152,0.4489228720669348,0.0013333333333333335,0.0,0.4487130031159639,1.0,10.0,4.494425518394649,4.494425518394649,0.5494932603628256,0.44977700000000004,0.0016722408026755853,0.0,0.44944255183946485,1.0
dfn,ifa,2.0,4,10,benign_consumer,9.988333299999999,4.44919034,4.452523706666667,0.5538181818181819,0.4461854147648505,0.0013333333333333335,0.0,0.44604549879749605,1.0,10.0,4.33540908361204,4.33540908361204,0.5654606263301916,0.43387535652173914,0.0016722408026755853,0.0,0.43354090836120407,1.0
dfn,ifa,2.0,4,11,benign_consumer,9.988333299999999,4.6073713566666665,4.610704723333333,0.538060606060606,0.46208832640471126,0.0013333333333333335,0.0,0.46187845412034695,1.0,10.0,4.34868160535117,4.34868160535117,0.564026553156988,0.4352026086956522,0.0016722408026755853,0.0,0.434868160535117,1.0
dfn,ifa,2.0,5,0,router,15.962917766666665,15.324684666666666,15.324684666666666,0.04137224789190061,0.9591464532443869,0.001248275766675211,0.0,0.9591462457329342,1.0,18.347197658862875,17.64710321070234,15.64543976588629,0.037367478385930825,0.8536490610096509,0.11403734410631805,0.0,0.9623484857673557,0.8868501727869926
dfn,ifa,2.0,5,1,router,0.0,0.0,0.0,0.0,0.0,0.0,0.0,1.0,0.0,0.0033444816053511705,0.0033444816053511705,0.0,0.0,0.1993311033586348,0.9913043478260869,0.0,1.0,0.0
dfn,ifa,2.0,5,2,router,21.4072139,15.962917766666665,15.962917766666665,0.250830550532737,0.7486263221493493,0.0006936188096818617,0.0,0.7464345612576613,1.0,23.69871712374582,18.350542140468228,16.345531973244146,0.2237754737673984,0.6920814133720317,0.08730683685336822,0.0,0.7745107205969628,0.8910026016835187
dfn,ifa,2.0,5,3,router,8.875355366666666,7.0478008,7.0478008,0.20575786854047723,0.7946937745507769,0.0018023232791448817,0.0,0.7937918600918294,1.0,10.884997859531772,9.09441,7.089400468227424,0.16412160598845832,0.653189253257339,0.19483689904412943,0.0,0.8359863075162864,0.7802823901072675
dfn,ifa,2.0,5,4,router,8.746894099999999,6.9019622,6.9019622,0.21267689940068454,0.7893350535633648,0.0017572318588062166,0.0,0.7878383204423699,1.0,9.048546622073578,7.25596575250836,7.25596575250836,0.19609143179377292,0.8036999901544997,0.0019580019400943986,0.0,0.8025530727665134,1.0
dfn,ifa,2.0,5,5,router,9.415196493333333,7.4574509,7.4574509,0.20787994875494875,0.7942094521815974,0.001597455050007967,0.0,0.7925579802556898,1.0,9.0989081270903,7.348341371237458,7.348341371237458,0.19018347872862923,0.8093690861132963,0.0019148613735415281,0.0,0.80772819268135,1.0
dfn,ifa,2.0,5,6,attacker,9.988333299999999,4.4359128000000005,4.4392461,0.554939393939394,0.44511599008605873,0.0013333333333333335,0.0,0.44460571041530395,1.0,12.005021065785952,6.404114214046823,4.39909364548495,0.46719874328569977,0.36819825152889707,0.16573414729703614,0.0,0.5327019128043604,0.6768976329556655
dfn,ifa,2.0,5,7,benign_consumer,9.988333299999999,4.4327759,4.436109266666667,0.5551515151515151,0.4445456658861048,0.0013333333333333335,0.0,0.44440574991875015,1.0,10.0,4.48089602006689,4.48089602006689,0.5510742880308098,0.4484240501672241,0.0016722408026755853,0.0,0.44808960200668896,1.0
dfn,ifa,2.0,5,8,benign_consumer,9.988333299999999,4.2770340000000004,4.2803674,0.5708181818181818,0.4289861413830531,0.0013333333333333335,0.0,0.42884622208230516,1.0,10.0,4.500527859531773,4.500527859531773,0.548910509780075,0.4503872341137124,0.0016722408026755853,0.0,0.45005278595317727,1.0
dfn,ifa,2.0,5,9,benign_consumer,9.988333299999999,4.463193366666667,4.4665267,0.5523030303030303,0.448201117744991,0.0013333333333333335,0.0,0.4472505080532794,1.0,10.0,4.5480187625418065,4.5480187625418065,0.5441218202087768,0.4551363244147157,0.0016722408026755853,0.0,0.4548018762541806,1.0
dfn,ifa,2.0,5,10,benign_consumer,9.988333299999999,4.737930133333333,4.741263433333334,0.5250606060606061,0.47549399979309165,0.0013333333333333335,0.0,0.4746133497519664,1.0,10.0,4.5379129096989965,4.5379129096989965,0.5450643559339211,0.45412573913043475,0.0016722408026755853,0.0,0.4537912909698996,1.0
dfn,ifa,2.0,5,11,benign_consumer,9.988333299999999,4.670599660000001,4.67393306,0.5311515151515152,0.46840818715497873,0.0013333333333333335,0.0,0.4681983115372679,1.0,10.0,4.560995217391304,4.560995217391304,0.5428955102868146,0.45643396989966556,0.0016722408026755853,0.0,0.4560995217391305,1.0
dfn,ifa,4.0,1,0,router,16.001435766666667,15.431470866666665,15.431470866666665,0.036415370837988285,0.9634449477894881,0.0010696487767596307,0.0,0.9634449392138549,1.0,20.41732441471572,19.731680301003344,15.735033311036789,0.033866609823311654,0.7686697798564223,0.20027535724293302,0.0,0.9662037396061706,0.7952422080648325
dfn,ifa,4.0,1,1,router,0.0,0.0,0.0,0.0,0.0,0.0,0.0,1.0,0.0,0.006688963210702339,0.006688963210702339,0.0,0.0,0.033779267178963776,0.9907469342251951,0.0,1.0,0.0
dfn,ifa,4.0,1,2,router,21.407974833333334,16.001435766666667,16.001435766666667,0.2495566575177902,0.7496749049818113,0.0006012671852685099,0.0,0.7480204495514189,1.0,25.430108595317726,20.42401337792642,16.420678829431438,0.19312700371740354,0.6470076181536414,0.16015432037290925,0.0,0.8045792947820639,0.8020752472574595
dfn,ifa,4.0,1,3,router,9.076256743333333,7.2216336666666665,7.2216336666666665,0.20422742072742073,0.7949013423210346,0.001522149231120019,0.0,0.7936201936813652,1.0,12.981840558528427,11.063814983277592,7.060478662207359,0.14463558159973974,0.5432474209616632,0.3185140921441031,0.0,0.8540912122378261,0.6340953127608562
dfn,ifa,4.0,1,4,router,8.652310949999999,6.928087866666666,6.928087866666666,0.19559357744651862,0.8035531080057007,0.0016838365768764255,0.0,0.8026437040710258,1.0,9.119937377926421,7.282486287625418,7.282486287625418,0.19961078961915082,0.7994090814234371,0.0019306053836308785,0.0,0.7990362441881285,1.0
dfn,ifa,4.0,1,5,router,8.972826846666667,7.2582533,7.2582533,0.1874409252405113,0.8114314777734802,0.0014880204298886274,0.0,0.8102797197015709,1.0,8.974542792642142,7.083807324414717,7.083807324414717,0.20962372354512823,0.7895843112077411,0.0017178581671786083,0.0,0.7885930702862788,1.0
dfn,ifa,4.0,1,6,attacker,9.988333299999999,4.609177133333334,4.6125104666666665,0.5376363636363636,0.46210054456424415,0.0013333333333333335,0.0,0.46207362628050885,1.0,14.003348885618728,8.489434882943144,4.486086287625418,0.39397191437325213,0.32181760754370736,0.2843851177440583,0.0,0.6057989903782685,0.5200277113548348
dfn,ifa,4.0,1,7,benign_consumer,9.988333299999999,4.460412943333333,4.463746276666667,0.5526969696969697,0.44730495955796185,0.0013333333333333335,0.0,0.447165046923944,1.0,10.0,4.492418183946488,4.492418183946488,0.5498175737306172,0.4495762665551839,0.0016722408026755853,0.0,0.44924181839464883,1.0
dfn,ifa,4.0,1,8,benign_consumer,9.988333299999999,4.201120783333334,4.204454116666667,0.5785757575757575,0.42129945895771487,0.0013333333333333335,0.0,0.4212725406739795,1.0,10.0,4.610831906354515,4.610831906354515,0.537600081078342,0.46141763879598663,0.0016722408026755853,0.0,0.46108319063545156,1.0
dfn,ifa,4.0,1,9,benign_consumer,9.988333299999999,4.444523533333333,4.447856833333334,0.5540303030303031,0.4460346278219037,0.0013333333333333335,0.0,0.4454543918341958,1.0,10.0,4.509105471571906,4.509105471571906,0.5479831762440458,0.45124499531772577,0.0016722408026755853,0.0,0.45091054715719064,1.0
dfn,ifa,4.0,1,10,benign_consumer,9.988333299999999,4.39925858,4.402591946666666,0.5585454545454546,0.4412097641696299,0.0013333333333333335,0.0,0.4410698482022187,1.0,10.0,4.551150501672241,4.551150501672241,0.5438735177865612,0.45544949832775916,0.0016722408026755853,0.0,0.45511505016722403,1.0
dfn,ifa,4.0,1,11,benign_consumer,9.988333299999999,4.566901566666666,4.5702349,0.5421212121212121,0.4585283360027911,0.0013333333333333335,0.0,0.4576342234862206,1.0,10.0,4.4233922909699,4.4233922909699,0.5568004459308806,0.4426736772575251,0.0016722408026755853,0.0,0.44233922909699,1.0
dfn,ifa,4.0,2,0,router,16.237310166666667,15.617370266666667,15.617370266666667,0.0384580557427015,0.9615309496616091,0.001110862411123088,0.0,0.961529715846096,1.0,19.721897324414716,18.98939254180602,14.992745551839466,0.03625004748850654,0.7582080718772545,0.20861380714938454,0.0,0.9633179387571461,0.7867759248396189
dfn,ifa,4.0,2,1,router,0.0,0.0,0.0,0.0,0.0,0.0,0.0,1.0,0.0,0.006688963210702339,0.006688963210702339,0.0,0.0,0.033779267178963776,0.9907469342251951,0.0,1.0,0.0
dfn,ifa,4.0,2,2,router,21.8075975,16.237310166666667,16.237310166666667,0.25226430707845937,0.7481079536227426,0.0006067057395911198,0.0,0.7450509061869078,1.0,24.935154949832775,19.72858628762542,15.725252541806022,0.20728698370896995,0.6309787149454449,0.16334423947569807,0.0,0.7909840688943722,0.7944751102705295
dfn,ifa,4.0,2,3,router,9.06423285,7.215764900000001,7.215764900000001,0.20479377688588216,0.796614095498548,0.001907319986723448,0.0,0.795338223597819,1.0,12.595395050167223,10.855601404682274,6.852264849498328,0.13643202306975774,0.5427972630850513,0.32769637960519316,0.0,0.8628129554848503,0.6278822887176997
dfn,ifa,4.0,2,4,router,9.150034033333332,7.334765833333333,7.334765833333333,0.1955747631997632,0.8036645775743544,0.0014271716802745707,0.0,0.8022591513300145,1.0,8.806325367892976,6.947072307692307,6.947072307692307,0.20558188559860802,0.792781689574511,0.0016532250920611423,0.0,0.7916760941932602,1.0
dfn,ifa,4.0,2,5,router,9.023062923333333,7.257066766666667,7.257066766666667,0.1951381830587713,0.8060177725449517,0.0015272123584462317,0.0,0.8033328684798713,1.0,8.942109371237457,7.132481237458195,7.132481237458195,0.20110309608637367,0.7989063171573692,0.0019408547091501278,0.0,0.7971446222138576,1.0
dfn,ifa,4.0,2,6,attacker,9.988333299999999,4.546770516666666,4.550103849999999,0.543939393939394,0.4558620892706718,0.0013333333333333335,0.0,0.4558351709869365,1.0,14.003348885618728,8.321476488294314,4.318127190635452,0.40589332629466407,0.3098372990151069,0.2843851177440583,0.0,0.5938187331567184,0.5099806820379778
dfn,ifa,4.0,2,7,benign_consumer,9.988333299999999,4.5107957,4.5141290000000005,0.5475151515151515,0.45261815081280665,0.0013333333333333335,0.0,0.45210787114205175,1.0,10.0,4.273931973244147,4.273931973244147,0.5717441978311543,0.4277276454849498,0.0016722408026755853,0.0,0.4273931973244147,1.0
dfn,ifa,4.0,2,8,benign_consumer,9.988333299999999,4.607847366666666,4.6111807,0.5376363636363636,0.46233715917546087,0.0013333333333333335,0.0,0.46182687617136925,1.0,10.0,4.495753602006689,4.495753602006689,0.5497719671632715,0.449909808361204,0.0016722408026755853,0.0,0.44957536020066885,1.0
dfn,ifa,4.0,2,9,benign_consumer,9.988333299999999,4.53552,4.538853333333333,0.545060606060606,0.4548541727759781,0.0013333333333333335,0.0,0.4546443038250072,1.0,10.0,4.310571765886287,4.310571765886287,0.5678980439850005,0.4313916247491638,0.0016722408026755853,0.0,0.43105717658862874,1.0
dfn,ifa,4.0,2,10,benign_consumer,9.988333299999999,4.363667866666666,4.3670012,0.5622727272727273,0.43763256551573876,0.0013333333333333335,0.0,0.4374926528817209,1.0,10.0,4.519263454849498,4.519263454849498,0.5470913144826188,0.452260793645485,0.0016722408026755853,0.0,0.4519263454849498,1.0
dfn,ifa,4.0,2,11,benign_consumer,9.988333299999999,4.652728356666667,4.656061723333333,0.5336969696969697,0.4666241587344843,0.0013333333333333335,0.0,0.4664142864501201,1.0,10.0,4.42284591638796,4.42284591638796,0.5565470761122935,0.44261903979933104,0.0016722408026755853,0.0,0.44228459163879597,1.0
dfn,ifa,4.0,3,0,router,16.0595395,15.413730900000001,15.413730900000001,0.04004358051566065,0.9597114706966983,0.0010672888586791395,0.0,0.9597112586771264,1.0,19.895122073578595,19.312356889632106,15.315709899665551,0.029247466141056003,0.76748347908919,0.20630539160185152,0.0,0.9706917217436563,0.7903316900585042
dfn,ifa,4.0,3,1,router,0.0,0.0,0.0,0.0,0.0,0.0,0.0,1.0,0.0,0.006688963210702339,0.006688963210702339,0.0,0.0,0.033779267178963776,0.9907469342251951,0.0,1.0,0.0
dfn,ifa,4.0,3,2,router,21.417698833333333,16.0595395,16.0595395,0.24803636659356867,0.7522853209522932,0.0006431266928686029,0.0,0.7495929365137148,1.0,25.195425217391303,19.901811036789297,15.898473578595318,0.2074553647399888,0.6322101493040527,0.1616458760992256,0.0,0.7901329305383928,0.7963012812406647
dfn,ifa,4.0,3,3,router,8.886037589999999,7.123550666666667,7.123550666666667,0.19941114742745178,0.8020781585350917,0.0021768110056852017,0.0,0.8002555467219415,1.0,12.796103816053511,10.980338963210702,6.9770027090301,0.14125436417221726,0.5425145065801983,0.3221434871627552,0.0,0.8583911678585396,0.6297375572261493
dfn,ifa,4.0,3,4,router,8.967270173333333,7.2027811,7.2027811,0.19661410269658353,0.8037059083810566,0.0015161314433824811,0.0,0.8028649287051278,1.0,8.788860531772576,6.979644648829432,6.979644648829432,0.20777274564899983,0.7929849719865045,0.00195071975112792,0.0,0.7920405629112307,1.0
dfn,ifa,4.0,3,5,router,8.873280006666667,7.091367066666667,7.091367066666667,0.200868050851797,0.7982640809255456,0.0015789071050995708,0.0,0.7981059434915948,1.0,9.133913819397993,7.23544160535117,7.23544160535117,0.2047841140650505,0.7938826159655533,0.0016845932340410008,0.0,0.7929830413882951,1.0
dfn,ifa,4.0,3,6,attacker,9.988333299999999,4.5309010333333335,4.534234433333333,0.5455151515151515,0.45437246751414856,0.0013333333333333335,0.0,0.45423254821340076,1.0,14.003348885618728,8.450574749163879,4.447225284280936,0.39650561255912425,0.31902573228939873,0.2843851177440583,0.0,0.6030071787563993,0.5170123605928957
dfn,ifa,4.0,3,7,benign_consumer,9.988333299999999,4.34846979,4.351803156666667,0.5634848484848485,0.43638299907392586,0.0013333333333333335,0.0,0.4358727127365009,1.0,10.0,4.345542913043478,4.345542913043478,0.5645231580014188,0.43488873946488293,0.0016722408026755853,0.0,0.43455429130434786,1.0
dfn,ifa,4.0,3,8,benign_consumer,9.988333299999999,4.370881566666667,4.3742149,0.5616969696969697,0.43861105083475754,0.0013333333333333335,0.0,0.43810076783066604,1.0,10.0,4.34873764548495,4.34873764548495,0.5638137225093747,0.43520821270903015,0.0016722408026755853,0.0,0.43487376454849497,1.0
dfn,ifa,4.0,3,9,benign_consumer,9.988333299999999,4.5897219400000004,4.593055273333333,0.5396363636363636,0.46048311238428036,0.0013333333333333335,0.0,0.46001586741351824,1.0,10.0,4.440122886287625,4.440122886287625,0.5549660484443093,0.44434673678929765,0.0016722408026755853,0.0,0.4440122886287625,1.0
dfn,ifa,4.0,3,10,benign_consumer,9.988333299999999,4.561121166666667,4.564454466666667,0.5424242424242424,0.4576635397120465,0.0013333333333333335,0.0,0.4571532600412916,1.0,10.0,4.616228969899665,4.616228969899665,0.537600081078342,0.46195734515050163,0.0016722408026755853,0.0,0.46162289698996656,1.0
dfn,ifa,4.0,3,11,benign_consumer,9.988333299999999,4.305492206666667,4.30882554,0.5678787878787879,0.4318878416973383,0.0013333333333333335,0.0,0.4316779727463674,1.0,10.0,4.517684849498328,4.517684849498328,0.5476892672544846,0.45210293311036787,0.0016722408026755853,0.0,0.4517684849498328,1.0
dfn,ifa,4.0,4,0,router,16.195729933333332,15.525767766666668,15.525767766666668,0.041342005176289734,0.9584834837224989,0.0009242292124866064,0.0,0.9584832610957553,1.0,19.6763491638796,18.948020334448163,14.951373344481604,0.0368819644052847,0.7575705534664589,0.2086022829107132,0.0,0.9630881189653283,0.7862927179594759
dfn,ifa,4.0,4,1,router,0.0,0.0,0.0,0.0,0.0,0.0,0.0,1.0,0.0,0.006688963210702339,0.006688963210702339,0.0,0.0,0.033779267178963776,0.9907469342251951,0.0,1.0,0.0
dfn,ifa,4.0,4,2,router,21.797514533333334,16.195729933333332,16.195729933333332,0.2564073111669446,0.7439316340560702,0.0005735476788615591,0.0,0.7424371107278716,1.0,24.908347658862876,19.683038127090303,15.679703879598662,0.20774094788068198,0.63037754218687,0.16348599728959828,0.0,0.7902871521635155,0.7940494418532226
dfn,ifa,4.0,4,3,router,9.058480016666667,7.216941466666667,7.216941466666667,0.2059204111106285,0.7954916035902535,0.0016229570152049655,0.0,0.7940216178924255,1.0,12.616566053511706,10.920700401337793,6.9173637123745815,0.13426571691065306,0.5456766201088409,0.326502032588753,0.0,0.8655924848324118,0.6276739569766363
dfn,ifa,4.0,4,4,router,9.0913342,7.3018331000000005,7.3018331000000005,0.19615674510674508,0.8035619241866642,0.001394317607800449,0.0,0.8028848015239354,1.0,8.754131505016721,7.121692173913043,7.121692173913043,0.18612093035169958,0.8137166141107852,0.0019033741637638096,0.0,0.8123373559629374,1.0
dfn,ifa,4.0,4,5,router,9.06322843,7.278739966666667,7.278739966666667,0.194611237781826,0.8039859701160927,0.0013274613744953844,0.0,0.8036590372281416,1.0,8.68409068896321,6.8659550836120395,6.8659550836120395,0.21080138739001614,0.7904074489200951,0.002059115528825304,0.0,0.7896484694547511,1.0
dfn,ifa,4.0,4,6,attacker,9.988333299999999,4.4405969333333335,4.4439303,0.5544848484848485,0.44532788509027815,0.0013333333333333335,0.0,0.44518796912292363,1.0,14.003348885618728,8.237669698996655,4.234320638795987,0.41193444236922494,0.30369208316914653,0.2843851177440583,0.0,0.5876735013643289,0.5024875832103635
dfn,ifa,4.0,4,7,benign_consumer,9.988333299999999,4.611216416666667,4.614549716666667,0.5377272727272727,0.462654068433737,0.0013333333333333335,0.0,0.4621437887629821,1.0,10.0,4.378909331103679,4.378909331103679,0.5607226107226108,0.43822538127090305,0.0016722408026755853,0.0,0.43789093311036786,1.0
dfn,ifa,4.0,4,8,benign_consumer,9.988333299999999,4.608457666666666,4.611791,0.5376363636363636,0.46202810205115713,0.0013333333333333335,0.0,0.4620011837674217,1.0,10.0,4.259705986622074,4.259705986622074,0.573355629877369,0.4263050468227425,0.0016722408026755853,0.0,0.4259705986622073,1.0
dfn,ifa,4.0,4,9,benign_consumer,9.988333299999999,4.476209866666666,4.4795432,0.5511515151515152,0.4489228720669348,0.0013333333333333335,0.0,0.4487130031159639,1.0,10.0,4.494425518394649,4.494425518394649,0.5494932603628256,0.44977700000000004,0.0016722408026755853,0.0,0.44944255183946485,1.0
dfn,ifa,4.0,4,10,benign_consumer,9.988333299999999,4.44919034,4.452523706666667,0.5538181818181819,0.4461854147648505,0.0013333333333333335,0.0,0.44604549879749605,1.0,10.0,4.33540908361204,4.33540908361204,0.5654606263301916,0.43387535652173914,0.0016722408026755853,0.0,0.43354090836120407,1.0
dfn,ifa,4.0,4,11,benign_consumer,9.988333299999999,4.6073713566666665,4.610704723333333,0.538060606060606,0.46208832640471126,0.0013333333333333335,0.0,0.46187845412034695,1.0,10.0,4.34868160535117,4.34868160535117,0.564026553156988,0.4352026086956522,0.0016722408026755853,0.0,0.434868160535117,1.0
dfn,ifa,4.0,5,0,router,15.962917766666665,15.324684666666666,15.324684666666666,0.04137224789190061,0.9591464532443869,0.001248275766675211,0.0,0.9591462457329342,1.0,20.34218060200669,19.642086755852844,15.64543976588629,0.03365911856494301,0.7679156530763878,0.20178322998850678,0.0,0.9660619567819366,0.7946732378111265
dfn,ifa,4.0,5,1,router,0.0,0.0,0.0,0.0,0.0,0.0,0.0,1.0,0.0,0.006688963210702339,0.006688963210702339,0.0,0.0,0.033779267178963776,0.9907469342251951,0.0,1.0,0.0
dfn,ifa,4.0,5,2,router,21.4072139,15.962917766666665,15.962917766666665,0.250830550532737,0.7486263221493493,0.0006936188096818617,0.0,0.7464345612576613,1.0,25.697044314381273,20.34886956521739,16.345531973244146,0.20592017854960512,0.6373438740865853,0.15848264465485176,0.0,0.792327809161643,0.801453364862761
dfn,ifa,4.0,5,3,router,8.875355366666666,7.0478008,7.0478008,0.20575786854047723,0.7946937745507769,0.0018023232791448817,0.0,0.7937918600918294,1.0,12.88332474916388,11.092737190635452,7.089400468227424,0.13755325833356835,0.5490198736421018,0.3198758926474558,0.0,0.8620367578611813,0.6350105335817281
dfn,ifa,4.0,5,4,router,8.746894099999999,6.9019622,6.9019622,0.21267689940068454,0.7893350535633648,0.0017572318588062166,0.0,0.7878383204423699,1.0,9.048546622073578,7.25596575250836,7.25596575250836,0.19609143179377292,0.8036999901544997,0.0019580019400943986,0.0,0.8025530727665134,1.0
dfn,ifa,4.0,5,5,router,9.415196493333333,7.4574509,7.4574509,0.20787994875494875,0.7942094521815974,0.001597455050007967,0.0,0.7925579802556898,1.0,9.0989081270903,7.348341371237458,7.348341371237458,0.19018347872862923,0.8093690861132963,0.0019148613735415281,0.0,0.80772819268135,1.0
dfn,ifa,4.0,5,6,attacker,9.988333299999999,4.4359128000000005,4.4392461,0.554939393939394,0.44511599008605873,0.0013333333333333335,0.0,0.44460571041530395,1.0,14.003348885618728,8.402442709030101,4.39909364548495,0.4002613885557029,0.3155843002327186,0.2843851177440583,0.0,0.5995657204487503,0.5134487514337951
dfn,ifa,4.0,5,7,benign_consumer,9.988333299999999,4.4327759,4.436109266666667,0.5551515151515151,0.4445456658861048,0.0013333333333333335,0.0,0.44440574991875015,1.0,10.0,4.48089602006689,4.48089602006689,0.5510742880308098,0.4484240501672241,0.0016722408026755853,0.0,0.44808960200668896,1.0
dfn,ifa,4.0,5,8,benign_consumer,9.988333299999999,4.2770340000000004,4.2803674,0.5708181818181818,0.4289861413830531,0.0013333333333333335,0.0,0.42884622208230516,1.0,10.0,4.500527859531773,4.500527859531773,0.548910509780075,0.4503872341137124,0.0016722408026755853,0.0,0.45005278595317727,1.0
dfn,ifa,4.0,5,9,benign_consumer,9.988333299999999,4.463193366666667,4.4665267,0.5523030303030303,0.448201117744991,0.0013333333333333335,0.0,0.4472505080532794,1.0,10.0,4.5480187625418065,4.5480187625418065,0.5441218202087768,0.4551363244147157,0.0016722408026755853,0.0,0.4548018762541806,1.0
dfn,ifa,4.0,5,10,benign_consumer,9.988333299999999,4.737930133333333,4.741263433333334,0.5250606060606061,0.47549399979309165,0.0013333333333333335,0.0,0.4746133497519664,1.0,10.0,4.5379129096989965,4.5379129096989965,0.5450643559339211,0.45412573913043475,0.0016722408026755853,0.0,0.4537912909698996,1.0
dfn,ifa,4.0,5,11,benign_consumer,9.988333299999999,4.670599660000001,4.67393306,0.5311515151515152,0.46840818715497873,0.0013333333333333335,0.0,0.4681983115372679,1.0,10.0,4.560995217391304,4.560995217391304,0.5428955102868146,0.45643396989966556,0.0016722408026755853,0.0,0.4560995217391305,1.0
dfn,ifa,6.0,1,0,router,16.001435766666667,15.431470866666665,15.431470866666665,0.036415370837988285,0.9634449477894881,0.0010696487767596307,0.0,0.9634449392138549,1.0,22.412308361204015,21.7266635451505,15.735033311036789,0.030739113977283964,0.6992825498784461,0.27132350869733074,0.0,0.9692896136626513,0.7210864460073304
dfn,ifa,6.0,1,1,router,0.0,0.0,0.0,0.0,0.0,0.0,0.0,1.0,0.0,0.010033444816053512,0.010033444816053512,0.0,0.0,0.06644370686685891,0.9935340022296544,0.0,1.0,0.0
dfn,ifa,6.0,1,2,router,21.407974833333334,16.001435766666667,16.001435766666667,0.2495566575177902,0.7496749049818113,0.0006012671852685099,0.0,0.7480204495514189,1.0,27.428437558528426,22.422341806020068,16.420678829431438,0.17890336130977813,0.5991557580804576,0.2212985251006234,0.0,0.8189272644272628,0.7295426983201055
dfn,ifa,6.0,1,3,router,9.076256743333333,7.2216336666666665,7.2216336666666665,0.20422742072742073,0.7949013423210346,0.001522149231120019,0.0,0.7936201936813652,1.0,14.980169020066889,13.062143946488295,7.060478662207359,0.12508363325988123,0.46936822449893706,0.4081162920817783,0.0,0.8737229534097473,0.5354053282835107
dfn,ifa,6.0,1,4,router,8.652310949999999,6.928087866666666,6.928087866666666,0.19559357744651862,0.8035531080057007,0.0016838365768764255,0.0,0.8026437040710258,1.0,9.119937377926421,7.282486287625418,7.282486287625418,0.19961078961915082,0.7994090814234371,0.0019306053836308785,0.0,0.7990362441881285,1.0
dfn,ifa,6.0,1,5,router,8.972826846666667,7.2582533,7.2582533,0.1874409252405113,0.8114314777734802,0.0014880204298886274,0.0,0.8102797197015709,1.0,8.974542792642142,7.083807324414717,7.083807324414717,0.20962372354512823,0.7895843112077411,0.0017178581671786083,0.0,0.7885930702862788,1.0
dfn,ifa,6.0,1,6,attacker,9.988333299999999,4.609177133333334,4.6125104666666665,0.5376363636363636,0.46210054456424415,0.0013333333333333335,0.0,0.46207362628050885,1.0,16.001667933110365,10.48775448160535,4.486086287625418,0.34466221828753796,0.28160938994381157,0.373236216962939,0.0,0.6551275629759125,0.42076549590831785
dfn,ifa,6.0,1,7,benign_consumer,9.988333299999999,4.460412943333333,4.463746276666667,0.5526969696969697,0.44730495955796185,0.0013333333333333335,0.0,0.447165046923944,1.0,10.0,4.492418183946488,4.492418183946488,0.5498175737306172,0.4495762665551839,0.0016722408026755853,0.0,0.44924181839464883,1.0
dfn,ifa,6.0,1,8,benign_consumer,9.988333299999999,4.201120783333334,4.204454116666667,0.5785757575757575,0.42129945895771487,0.0013333333333333335,0.0,0.4212725406739795,1.0,10.0,4.610831906354515,4.610831906354515,0.537600081078342,0.46141763879598663,0.0016722408026755853,0.0,0.46108319063545156,1.0
dfn,ifa,6.0,1,9,benign_consumer,9.988333299999999,4.444523533333333,4.447856833333334,0.5540303030303031,0.4460346278219037,0.0013333333333333335,0.0,0.4454543918341958,1.0,10.0,4.509105471571906,4.509105471571906,0.5479831762440458,0.45124499531772577,0.0016722408026755853,0.0,0.45091054715719064,1.0
dfn,ifa,6.0,1,10,benign_consumer,9.988333299999999,4.39925858,4.402591946666666,0.5585454545454546,0.4412097641696299,0.0013333333333333335,0.0,0.4410698482022187,1.0,10.0,4.551150501672241,4.551150501672241,0.5438735177865612,0.45544949832775916,0.0016722408026755853,0.0,0.45511505016722403,1.0
dfn,ifa,6.0,1,11,benign_consumer,9.988333299999999,4.566901566666666,4.5702349,0.5421212121212121,0.4585283360027911,0.0013333333333333335,0.0,0.4576342234862206,1.0,10.0,4.4233922909699,4.4233922909699,0.5568004459308806,0.4426736772575251,0.0016722408026755853,0.0,0.44233922909699,1.0
dfn,ifa,6.0,2,0,router,16.237310166666667,15.617370266666667,15.617370266666667,0.0384580557427015,0.9615309496616091,0.001110862411123088,0.0,0.961529715846096,1.0,21.71688026755853,20.984375785953176,14.992745551839466,0.032868627479760326,0.6872813799325022,0.2807481330262636,0.0,0.9667241549281904,0.7106446560512687
dfn,ifa,6.0,2,1,router,0.0,0.0,0.0,0.0,0.0,0.0,0.0,1.0,0.0,0.010033444816053512,0.010033444816053512,0.0,0.0,0.06644370686685891,0.9935340022296544,0.0,1.0,0.0
dfn,ifa,6.0,2,2,router,21.8075975,16.237310166666667,16.237310166666667,0.25226430707845937,0.7481079536227426,0.0006067057395911198,0.0,0.7450509061869078,1.0,26.933483678929765,21.726913712374582,15.725252541806022,0.1914683898281624,0.5835760304989669,0.22505801439971804,0.0,0.8067609734435843,0.7200908168693565
dfn,ifa,6.0,2,3,router,9.06423285,7.215764900000001,7.215764900000001,0.20479377688588216,0.796614095498548,0.001907319986723448,0.0,0.795338223597819,1.0,14.59372210702341,12.853930133779263,6.852264849498328,0.11732306136706253,0.4672132327623324,0.4178038848526232,0.0,0.8818616906044195,0.5285718825417589
dfn,ifa,6.0,2,4,router,9.150034033333332,7.334765833333333,7.334765833333333,0.1955747631997632,0.8036645775743544,0.0014271716802745707,0.0,0.8022591513300145,1.0,8.806325367892976,6.947072307692307,6.947072307692307,0.20558188559860802,0.792781689574511,0.0016532250920611423,0.0,0.7916760941932602,1.0
dfn,ifa,6.0,2,5,router,9.023062923333333,7.257066766666667,7.257066766666667,0.1951381830587713,0.8060177725449517,0.0015272123584462317,0.0,0.8033328684798713,1.0,8.942109371237457,7.132481237458195,7.132481237458195,0.20110309608637367,0.7989063171573692,0.0019408547091501278,0.0,0.7971446222138576,1.0
dfn,ifa,6.0,2,6,attacker,9.988333299999999,4.546770516666666,4.550103849999999,0.543939393939394,0.4558620892706718,0.0013333333333333335,0.0,0.4558351709869365,1.0,16.001667933110365,10.319795886287626,4.318127190635452,0.35510443307757883,0.27110346003712155,0.373236216962939,0.0,0.6446216649082639,0.4110492984563152
dfn,ifa,6.0,2,7,benign_consumer,9.988333299999999,4.5107957,4.5141290000000005,0.5475151515151515,0.45261815081280665,0.0013333333333333335,0.0,0.45210787114205175,1.0,10.0,4.273931973244147,4.273931973244147,0.5717441978311543,0.4277276454849498,0.0016722408026755853,0.0,0.4273931973244147,1.0
dfn,ifa,6.0,2,8,benign_consumer,9.988333299999999,4.607847366666666,4.6111807,0.5376363636363636,0.46233715917546087,0.0013333333333333335,0.0,0.46182687617136925,1.0,10.0,4.495753602006689,4.495753602006689,0.5497719671632715,0.449909808361204,0.0016722408026755853,0.0,0.44957536020066885,1.0
dfn,ifa,6.0,2,9,benign_consumer,9.988333299999999,4.53552,4.538853333333333,0.545060606060606,0.4548541727759781,0.0013333333333333335,0.0,0.4546443038250072,1.0,10.0,4.310571765886287,4.310571765886287,0.5678980439850005,0.4313916247491638,0.0016722408026755853,0.0,0.43105717658862874,1.0
dfn,ifa,6.0,2,10,benign_consumer,9.988333299999999,4.363667866666666,4.3670012,0.5622727272727273,0.43763256551573876,0.0013333333333333335,0.0,0.4374926528817209,1.0,10.0,4.519263454849498,4.519263454849498,0.5470913144826188,0.452260793645485,0.0016722408026755853,0.0,0.4519263454849498,1.0
dfn,ifa,6.0,2,11,benign_consumer,9.988333299999999,4.652728356666667,4.656061723333333,0.5336969696969697,0.4666241587344843,0.0013333333333333335,0.0,0.4664142864501201,1.0,10.0,4.42284591638796,4.42284591638796,0.5565470761122935,0.44261903979933104,0.0016722408026755853,0.0,0.44228459163879597,1.0
dfn,ifa,6.0,3,0,router,16.0595395,15.413730900000001,15.413730900000001,0.04004358051566065,0.9597114706966983,0.0010672888586791395,0.0,0.9597112586771264,1.0,21.89010535117057,21.307340133779263,15.315709899665551,0.026538637803684737,0.6963465197132107,0.27848435037342906,0.0,0.9733984051379277,0.7150486300340895
dfn,ifa,6.0,3,1,router,0.0,0.0,0.0,0.0,0.0,0.0,0.0,1.0,0.0,0.010033444816053512,0.010033444816053512,0.0,0.0,0.06644370686685891,0.9935340022296544,0.0,1.0,0.0
dfn,ifa,6.0,3,2,router,21.417698833333333,16.0595395,16.0595395,0.24803636659356867,0.7522853209522932,0.0006431266928686029,0.0,0.7495929365137148,1.0,27.193754782608696,21.90013879598662,15.898473578595318,0.19184709625207616,0.5851226159230437,0.2233011976181871,0.0,0.805769666558211,0.7224090961778604
dfn,ifa,6.0,3,3,router,8.886037589999999,7.123550666666667,7.123550666666667,0.19941114742745178,0.8020781585350917,0.0021768110056852017,0.0,0.8002555467219415,1.0,14.794431040133778,12.978668528428093,6.9770027090301,0.12159576074995444,0.4682036747022977,0.41249634865438467,0.0,0.8778906644302831,0.531179416229693
dfn,ifa,6.0,3,4,router,8.967270173333333,7.2027811,7.2027811,0.19661410269658353,0.8037059083810566,0.0015161314433824811,0.0,0.8028649287051278,1.0,8.788860531772576,6.979644648829432,6.979644648829432,0.20777274564899983,0.7929849719865045,0.00195071975112792,0.0,0.7920405629112307,1.0
dfn,ifa,6.0,3,5,router,8.873280006666667,7.091367066666667,7.091367066666667,0.200868050851797,0.7982640809255456,0.0015789071050995708,0.0,0.7981059434915948,1.0,9.133913819397993,7.23544160535117,7.23544160535117,0.2047841140650505,0.7938826159655533,0.0016845932340410008,0.0,0.7929830413882951,1.0
dfn,ifa,6.0,3,6,attacker,9.988333299999999,4.5309010333333335,4.534234433333333,0.5455151515151515,0.45437246751414856,0.0013333333333333335,0.0,0.45423254821340076,1.0,16.001667933110365,10.44889491638796,4.447225284280936,0.34675251929088247,0.2792224878789566,0.373236216962939,0.0,0.6527407494226248,0.41808380676794765
dfn,ifa,6.0,3,7,benign_consumer,9.988333299999999,4.34846979,4.351803156666667,0.5634848484848485,0.43638299907392586,0.0013333333333333335,0.0,0.4358727127365009,1.0,10.0,4.345542913043478,4.345542913043478,0.5645231580014188,0.43488873946488293,0.0016722408026755853,0.0,0.43455429130434786,1.0
dfn,ifa,6.0,3,8,benign_consumer,9.988333299999999,4.370881566666667,4.3742149,0.5616969696969697,0.43861105083475754,0.0013333333333333335,0.0,0.43810076783066604,1.0,10.0,4.34873764548495,4.34873764548495,0.5638137225093747,0.43520821270903015,0.0016722408026755853,0.0,0.43487376454849497,1.0
dfn,ifa,6.0,3,9,benign_consumer,9.988333299999999,4.5897219400000004,4.593055273333333,0.5396363636363636,0.46048311238428036,0.0013333333333333335,0.0,0.46001586741351824,1.0,10.0,4.440122886287625,4.440122886287625,0.5549660484443093,0.44434673678929765,0.0016722408026755853,0.0,0.4440122886287625,1.0
dfn,ifa,6.0,3,10,benign_consumer,9.988333299999999,4.561121166666667,4.564454466666667,0.5424242424242424,0.4576635397120465,0.0013333333333333335,0.0,0.4571532600412916,1.0,10.0,4.616228969899665,4.616228969899665,0.537600081078342,0.46195734515050163,0.0016722408026755853,0.0,0.46162289698996656,1.0
dfn,ifa,6.0,3,11,benign_consumer,9.988333299999999,4.305492206666667,4.30882554,0.5678787878787879,0.4318878416973383,0.0013333333333333335,0.0,0.4316779727463674,1.0,10.0,4.517684849498328,4.517684849498328,0.5476892672544846,0.45210293311036787,0.0016722408026755853,0.0,0.4517684849498328,1.0
dfn,ifa,6.0,4,0,router,16.195729933333332,15.525767766666668,15.525767766666668,0.041342005176289734,0.9584834837224989,0.0009242292124866064,0.0,0.9584832610957553,1.0,21.671332775919733,20.943003578595317,14.951373344481604,0.03338522754987529,0.6867205094924924,0.28099475496590337,0.0,0.9665420075048562,0.7101522624096246
dfn,ifa,6.0,4,1,router,0.0,0.0,0.0,0.0,0.0,0.0,0.0,1.0,0.0,0.010033444816053512,0.010033444816053512,0.0,0.0,0.06644370686685891,0.9935340022296544,0.0,1.0,0.0
dfn,ifa,6.0,4,2,router,21.797514533333334,16.195729933333332,16.195729933333332,0.2564073111669446,0.7439316340560702,0.0005735476788615591,0.0,0.7424371107278716,1.0,26.906675986622073,21.681366220735786,15.679703879598662,0.19190294680380005,0.5829762698370837,0.2251201498730614,0.0,0.806102271745622,0.7196650352987514
dfn,ifa,6.0,4,3,router,9.058480016666667,7.216941466666667,7.216941466666667,0.2059204111106285,0.7954916035902535,0.0016229570152049655,0.0,0.7940216178924255,1.0,14.614895050167224,12.91902872909699,6.9173637123745815,0.115189569816189,0.47006062346371147,0.41665243779036976,0.0,0.8843538985856982,0.5289276491595906
dfn,ifa,6.0,4,4,router,9.0913342,7.3018331000000005,7.3018331000000005,0.19615674510674508,0.8035619241866642,0.001394317607800449,0.0,0.8028848015239354,1.0,8.754131505016721,7.121692173913043,7.121692173913043,0.18612093035169958,0.8137166141107852,0.0019033741637638096,0.0,0.8123373559629374,1.0
dfn,ifa,6.0,4,5,router,9.06322843,7.278739966666667,7.278739966666667,0.194611237781826,0.8039859701160927,0.0013274613744953844,0.0,0.8036590372281416,1.0,8.68409068896321,6.8659550836120395,6.8659550836120395,0.21080138739001614,0.7904074489200951,0.002059115528825304,0.0,0.7896484694547511,1.0
dfn,ifa,6.0,4,6,attacker,9.988333299999999,4.4405969333333335,4.4439303,0.5544848484848485,0.44532788509027815,0.0013333333333333335,0.0,0.44518796912292363,1.0,16.001667933110365,10.235986722408027,4.234320638795987,0.35991595077272825,0.26602606042210897,0.373236216962939,0.0,0.6395441030249657,0.4045406139595535
dfn,ifa,6.0,4,7,benign_consumer,9.988333299999999,4.611216416666667,4.614549716666667,0.5377272727272727,0.462654068433737,0.0013333333333333335,0.0,0.4621437887629821,1.0,10.0,4.378909331103679,4.378909331103679,0.5607226107226108,0.43822538127090305,0.0016722408026755853,0.0,0.43789093311036786,1.0
dfn,ifa,6.0,4,8,benign_consumer,9.988333299999999,4.608457666666666,4.611791,0.5376363636363636,0.46202810205115713,0.0013333333333333335,0.0,0.4620011837674217,1.0,10.0,4.259705986622074,4.259705986622074,0.573355629877369,0.4263050468227425,0.0016722408026755853,0.0,0.4259705986622073,1.0
dfn,ifa,6.0,4,9,benign_consumer,9.988333299999999,4.476209866666666,4.4795432,0.5511515151515152,0.4489228720669348,0.0013333333333333335,0.0,0.4487130031159639,1.0,10.0,4.494425518394649,4.494425518394649,0.5494932603628256,0.44977700000000004,0.0016722408026755853,0.0,0.44944255183946485,1.0
dfn,ifa,6.0,4,10,benign_consumer,9.988333299999999,4.44919034,4.452523706666667,0.5538181818181819,0.4461854147648505,0.0013333333333333335,0.0,0.44604549879749605,1.0,10.0,4.33540908361204,4.33540908361204,0.5654606263301916,0.43387535652173914,0.0016722408026755853,0.0,0.43354090836120407,1.0
dfn,ifa,6.0,4,11,benign_consumer,9.988333299999999,4.6073713566666665,4.610704723333333,0.538060606060606,0.46208832640471126,0.0013333333333333335,0.0,0.46187845412034695,1.0,10.0,4.34868160535117,4.34868160535117,0.564026553156988,0.4352026086956522,0.0016722408026755853,0.0,0.434868160535117,1.0
dfn,ifa,6.0,5,0,router,15.962917766666665,15.324684666666666,15.324684666666666,0.04137224789190061,0.9591464532443869,0.001248275766675211,0.0,0.9591462457329342,1.0,22.337164214046823,21.63707,15.64543976588629,0.030620007220930147,0.6981619307490466,0.27290413580406847,0.0,0.9691054296971656,0.7201956797445364
dfn,ifa,6.0,5,1,router,0.0,0.0,0.0,0.0,0.0,0.0,0.0,1.0,0.0,0.010033444816053512,0.010033444816053512,0.0,0.0,0.06644370686685891,0.9935340022296544,0.0,1.0,0.0
dfn,ifa,6.0,5,2,router,21.4072139,15.962917766666665,15.962917766666665,0.250830550532737,0.7486263221493493,0.0006936188096818617,0.0,0.7464345612576613,1.0,27.695372909698996,22.347197658862875,16.345531973244146,0.19076951896649116,0.5907522798294864,0.21907868886599333,0.0,0.8074942020581669,0.7286007789108376
dfn,ifa,6.0,5,3,router,8.875355366666666,7.0478008,7.0478008,0.20575786854047723,0.7946937745507769,0.0018023232791448817,0.0,0.7937918600918294,1.0,14.881650668896322,13.091065785953177,7.089400468227424,0.1186391537488781,0.47410264769242993,0.4098696880684883,0.0,0.8807986714337719,0.536463284488948
dfn,ifa,6.0,5,4,router,8.746894099999999,6.9019622,6.9019622,0.21267689940068454,0.7893350535633648,0.0017572318588062166,0.0,0.7878383204423699,1.0,9.048546622073578,7.25596575250836,7.25596575250836,0.19609143179377292,0.8036999901544997,0.0019580019400943986,0.0,0.8025530727665134,1.0
dfn,ifa,6.0,5,5,router,9.415196493333333,7.4574509,7.4574509,0.20787994875494875,0.7942094521815974,0.001597455050007967,0.0,0.7925579802556898,1.0,9.0989081270903,7.348341371237458,7.348341371237458,0.19018347872862923,0.8093690861132963,0.0019148613735415281,0.0,0.80772819268135,1.0
dfn,ifa,6.0,5,6,attacker,9.988333299999999,4.4359128000000005,4.4392461,0.554939393939394,0.44511599008605873,0.0013333333333333335,0.0,0.44460571041530395,1.0,16.001667933110365,10.400762809364549,4.39909364548495,0.35013634773864954,0.27617596415667817,0.373236216962939,0.0,0.6496941988130486,0.4147275556027546
dfn,ifa,6.0,5,7,benign_consumer,9.988333299999999,4.4327759,4.436109266666667,0.5551515151515151,0.4445456658861048,0.0013333333333333335,0.0,0.44440574991875015,1.0,10.0,4.48089602006689,4.48089602006689,0.5510742880308098,0.4484240501672241,0.0016722408026755853,0.0,0.44808960200668896,1.0
dfn,ifa,6.0,5,8,benign_consumer,9.988333299999999,4.2770340000000004,4.2803674,0.5708181818181818,0.4289861413830531,0.0013333333333333335,0.0,0.42884622208230516,1.0,10.0,4.500527859531773,4.500527859531773,0.548910509780075,0.4503872341137124,0.0016722408026755853,0.0,0.45005278595317727,1.0
dfn,ifa,6.0,5,9,benign_consumer,9.988333299999999,4.463193366666667,4.4665267,0.5523030303030303,0.448201117744991,0.0013333333333333335,0.0,0.4472505080532794,1.0,10.0,4.5480187625418065,4.5480187625418065,0.5441218202087768,0.4551363244147157,0.0016722408026755853,0.0,0.4548018762541806,1.0
dfn,ifa,6.0,5,10,benign_consumer,9.988333299999999,4.737930133333333,4.741263433333334,0.5250606060606061,0.47549399979309165,0.0013333333333333335,0.0,0.4746133497519664,1.0,10.0,4.5379129096989965,4.5379129096989965,0.5450643559339211,0.45412573913043475,0.0016722408026755853,0.0,0.4537912909698996,1.0
dfn,ifa,6.0,5,11,benign_consumer,9.988333299999999,4.670599660000001,4.67393306,0.5311515151515152,0.46840818715497873,0.0013333333333333335,0.0,0.4681983115372679,1.0,10.0,4.560995217391304,4.560995217391304,0.5428955102868146,0.45643396989966556,0.0016722408026755853,0.0,0.4560995217391305,1.0
dfn,ifa,8.0,1,0,router,16.001435766666667,15.431470866666665,15.431470866666665,0.036415370837988285,0.9634449477894881,0.0010696487767596307,0.0,0.9634449392138549,1.0,24.41063511705686,23.724991304347824,15.735033311036789,0.028152848475369863,0.6414661241457943,0.3309591576784531,0.0,0.9718511520566313,0.6596946395026084
dfn,ifa,8.0,1,1,router,0.0,0.0,0.0,0.0,0.0,0.0,0.0,1.0,0.0,0.010033444816053512,0.010033444816053512,0.0,0.0,0.06644370686685891,0.9935340022296544,0.0,1.0,0.0
dfn,ifa,8.0,1,2,router,21.407974833333334,16.001435766666667,16.001435766666667,0.2495566575177902,0.7496749049818113,0.0006012671852685099,0.0,0.7480204495514189,1.0,29.42676518394649,24.420668561872912,16.420678829431438,0.16666963675566474,0.5579860751619965,0.27425724036358395,0.0,0.8312861717681163,0.6692171393122568
dfn,ifa,8.0,1,3,router,9.076256743333333,7.2216336666666665,7.2216336666666665,0.20422742072742073,0.7949013423210346,0.001522149231120019,0.0,0.7936201936813652,1.0,16.97849768227425,15.060471571906355,7.060478662207359,0.110306793032173,0.41348520278993406,0.47707933518015544,0.0,0.888623604836275,0.46377961442400334
dfn,ifa,8.0,1,4,router,8.652310949999999,6.928087866666666,6.928087866666666,0.19559357744651862,0.8035531080057007,0.0016838365768764255,0.0,0.8026437040710258,1.0,9.119937377926421,7.282486287625418,7.282486287625418,0.19961078961915082,0.7994090814234371,0.0019306053836308785,0.0,0.7990362441881285,1.0
dfn,ifa,8.0,1,5,router,8.972826846666667,7.2582533,7.2582533,0.1874409252405113,0.8114314777734802,0.0014880204298886274,0.0,0.8102797197015709,1.0,8.974542792642142,7.083807324414717,7.083807324414717,0.20962372354512823,0.7895843112077411,0.0017178581671786083,0.0,0.7885930702862788,1.0
dfn,ifa,8.0,1,6,attacker,9.988333299999999,4.609177133333334,4.6125104666666665,0.5376363636363636,0.46210054456424415,0.0013333333333333335,0.0,0.46207362628050885,1.0,17.999995876254182,12.48608160535117,4.486086287625418,0.3063065837639494,0.2503215978337519,0.44245747759708953,0.0,0.6934711331913188,0.35365866378478983
dfn,ifa,8.0,1,7,benign_consumer,9.988333299999999,4.460412943333333,4.463746276666667,0.5526969696969697,0.44730495955796185,0.0013333333333333335,0.0,0.447165046923944,1.0,10.0,4.492418183946488,4.492418183946488,0.5498175737306172,0.4495762665551839,0.0016722408026755853,0.0,0.44924181839464883,1.0
dfn,ifa,8.0,1,8,benign_consumer,9.988333299999999,4.201120783333334,4.204454116666667,0.5785757575757575,0.42129945895771487,0.0013333333333333335,0.0,0.4212725406739795,1.0,10.0,4.610831906354515,4.610831906354515,0.537600081078342,0.46141763879598663,0.0016722408026755853,0.0,0.46108319063545156,1.0
dfn,ifa,8.0,1,9,benign_consumer,9.988333299999999,4.444523533333333,4.447856833333334,0.5540303030303031,0.4460346278219037,0.0013333333333333335,0.0,0.4454543918341958,1.0,10.0,4.509105471571906,4.509105471571906,0.5479831762440458,0.45124499531772577,0.0016722408026755853,0.0,0.45091054715719064,1.0
dfn,ifa,8.0,1,10,benign_consumer,9.988333299999999,4.39925858,4.402591946666666,0.5585454545454546,0.4412097641696299,0.0013333333333333335,0.0,0.4410698482022187,1.0,10.0,4.551150501672241,4.551150501672241,0.5438735177865612,0.45544949832775916,0.0016722408026755853,0.0,0.45511505016722403,1.0
dfn,ifa,8.0,1,11,benign_consumer,9.988333299999999,4.566901566666666,4.5702349,0.5421212121212121,0.4585283360027911,0.0013333333333333335,0.0,0.4576342234862206,1.0,10.0,4.4233922909699,4.4233922909699,0.5568004459308806,0.4426736772575251,0.0016722408026755853,0.0,0.44233922909699,1.0
dfn,ifa,8.0,2,0,router,16.237310166666667,15.617370266666667,15.617370266666667,0.0384580557427015,0.9615309496616091,0.001110862411123088,0.0,0.961529715846096,1.0,23.715208361204013,22.982703545150503,14.992745551839466,0.03008852384375011,0.628628798467939,0.34164405811836535,0.0,0.9695395823810677,0.6481116743159322
dfn,ifa,8.0,2,1,router,0.0,0.0,0.0,0.0,0.0,0.0,0.0,1.0,0.0,0.010033444816053512,0.010033444816053512,0.0,0.0,0.06644370686685891,0.9935340022296544,0.0,1.0,0.0
dfn,ifa,8.0,2,2,router,21.8075975,16.237310166666667,16.237310166666667,0.25226430707845937,0.7481079536227426,0.0006067057395911198,0.0,0.7450509061869078,1.0,28.931811404682275,23.72524180602007,15.725252541806022,0.17794679288647725,0.5428906985567983,0.2788218459622933,0.0,0.8202912545435285,0.6586797518984386
dfn,ifa,8.0,2,3,router,9.06423285,7.215764900000001,7.215764900000001,0.20479377688588216,0.796614095498548,0.001907319986723448,0.0,0.795338223597819,1.0,16.592047157190635,14.852257859531772,6.852264849498328,0.10303614597405743,0.41040076218927957,0.4869998552291335,0.0,0.896188021741645,0.4568554275831548
dfn,ifa,8.0,2,4,router,9.150034033333332,7.334765833333333,7.334765833333333,0.1955747631997632,0.8036645775743544,0.0014271716802745707,0.0,0.8022591513300145,1.0,8.806325367892976,6.947072307692307,6.947072307692307,0.20558188559860802,0.792781689574511,0.0016532250920611423,0.0,0.7916760941932602,1.0
dfn,ifa,8.0,2,5,router,9.023062923333333,7.257066766666667,7.257066766666667,0.1951381830587713,0.8060177725449517,0.0015272123584462317,0.0,0.8033328684798713,1.0,8.942109371237457,7.132481237458195,7.132481237458195,0.20110309608637367,0.7989063171573692,0.0019408547091501278,0.0,0.7971446222138576,1.0
dfn,ifa,8.0,2,6,attacker,9.988333299999999,4.546770516666666,4.550103849999999,0.543939393939394,0.4558620892706718,0.0013333333333333335,0.0,0.4558351709869365,1.0,17.999995876254182,12.318122508361204,4.318127190635452,0.3155888233727678,0.24098254934302923,0.44245747759708953,0.0,0.6841320884192794,0.3446519444448196
dfn,ifa,8.0,2,7,benign_consumer,9.988333299999999,4.5107957,4.5141290000000005,0.5475151515151515,0.45261815081280665,0.0013333333333333335,0.0,0.45210787114205175,1.0,10.0,4.273931973244147,4.273931973244147,0.5717441978311543,0.4277276454849498,0.0016722408026755853,0.0,0.4273931973244147,1.0
dfn,ifa,8.0,2,8,benign_consumer,9.988333299999999,4.607847366666666,4.6111807,0.5376363636363636,0.46233715917546087,0.0013333333333333335,0.0,0.46182687617136925,1.0,10.0,4.495753602006689,4.495753602006689,0.5497719671632715,0.449909808361204,0.0016722408026755853,0.0,0.44957536020066885,1.0
dfn,ifa,8.0,2,9,benign_consumer,9.988333299999999,4.53552,4.538853333333333,0.545060606060606,0.4548541727759781,0.0013333333333333335,0.0,0.4546443038250072,1.0,10.0,4.310571765886287,4.310571765886287,0.5678980439850005,0.4313916247491638,0.0016722408026755853,0.0,0.43105717658862874,1.0
dfn,ifa,8.0,2,10,benign_consumer,9.988333299999999,4.363667866666666,4.3670012,0.5622727272727273,0.43763256551573876,0.0013333333333333335,0.0,0.4374926528817209,1.0,10.0,4.519263454849498,4.519263454849498,0.5470913144826188,0.452260793645485,0.0016722408026755853,0.0,0.4519263454849498,1.0
dfn,ifa,8.0,2,11,benign_consumer,9.988333299999999,4.652728356666667,4.656061723333333,0.5336969696969697,0.4666241587344843,0.0013333333333333335,0.0,0.4664142864501201,1.0,10.0,4.42284591638796,4.42284591638796,0.5565470761122935,0.44261903979933104,0.0016722408026755853,0.0,0.44228459163879597,1.0
dfn,ifa,8.0,3,0,router,16.0595395,15.413730900000001,15.413730900000001,0.04004358051566065,0.9597114706966983,0.0010672888586791395,0.0,0.9597112586771264,1.0,23.88843311036789,23.305667892976587,15.315709899665551,0.02428262857700511,0.6373927152317328,0.33862372050364736,0.0,0.9756495408679031,0.6529827170270196
dfn,ifa,8.0,3,1,router,0.0,0.0,0.0,0.0,0.0,0.0,0.0,1.0,0.0,0.010033444816053512,0.010033444816053512,0.0,0.0,0.06644370686685891,0.9935340022296544,0.0,1.0,0.0
dfn,ifa,8.0,3,2,router,21.417698833333333,16.0595395,16.0595395,0.24803636659356867,0.7522853209522932,0.0006431266928686029,0.0,0.7495929365137148,1.0,29.192083177257526,23.898466555183944,15.898473578595318,0.17846956170985218,0.5446552915607601,0.2763871728298737,0.0,0.8192072675458516,0.661280733795064
dfn,ifa,8.0,3,3,router,8.886037589999999,7.123550666666667,7.123550666666667,0.19941114742745178,0.8020781585350917,0.0021768110056852017,0.0,0.8002555467219415,1.0,16.792759367892977,14.976996923076923,6.9770027090301,0.10686600308090549,0.41207836865494635,0.48205511045417093,0.0,0.8925910333876776,0.4598041545175165
dfn,ifa,8.0,3,4,router,8.967270173333333,7.2027811,7.2027811,0.19661410269658353,0.8037059083810566,0.0015161314433824811,0.0,0.8028649287051278,1.0,8.788860531772576,6.979644648829432,6.979644648829432,0.20777274564899983,0.7929849719865045,0.00195071975112792,0.0,0.7920405629112307,1.0
dfn,ifa,8.0,3,5,router,8.873280006666667,7.091367066666667,7.091367066666667,0.200868050851797,0.7982640809255456,0.0015789071050995708,0.0,0.7981059434915948,1.0,9.133913819397993,7.23544160535117,7.23544160535117,0.2047841140650505,0.7938826159655533,0.0016845932340410008,0.0,0.7929830413882951,1.0
dfn,ifa,8.0,3,6,attacker,9.988333299999999,4.5309010333333335,4.534234433333333,0.5455151515151515,0.45437246751414856,0.0013333333333333335,0.0,0.45423254821340076,1.0,17.999995876254182,12.447223511705685,4.447225284280936,0.30818144399017694,0.24818848184266973,0.44245747759708953,0.0,0.6913381753801635,0.35124584101242373
dfn,ifa,8.0,3,7,benign_consumer,9.988333299999999,4.34846979,4.351803156666667,0.5634848484848485,0.43638299907392586,0.0013333333333333335,0.0,0.4358727127365009,1.0,10.0,4.345542913043478,4.345542913043478,0.5645231580014188,0.43488873946488293,0.0016722408026755853,0.0,0.43455429130434786,1.0
dfn,ifa,8.0,3,8,benign_consumer,9.988333299999999,4.370881566666667,4.3742149,0.5616969696969697,0.43861105083475754,0.0013333333333333335,0.0,0.43810076783066604,1.0,10.0,4.34873764548495,4.34873764548495,0.5638137225093747,0.43520821270903015,0.0016722408026755853,0.0,0.43487376454849497,1.0
dfn,ifa,8.0,3,9,benign_consumer,9.988333299999999,4.5897219400000004,4.593055273333333,0.5396363636363636,0.46048311238428036,0.0013333333333333335,0.0,0.46001586741351824,1.0,10.0,4.440122886287625,4.440122886287625,0.5549660484443093,0.44434673678929765,0.0016722408026755853,0.0,0.4440122886287625,1.0
dfn,ifa,8.0,3,10,benign_consumer,9.988333299999999,4.561121166666667,4.564454466666667,0.5424242424242424,0.4576635397120465,0.0013333333333333335,0.0,0.4571532600412916,1.0,10.0,4.616228969899665,4.616228969899665,0.537600081078342,0.46195734515050163,0.0016722408026755853,0.0,0.46162289698996656,1.0
dfn,ifa,8.0,3,11,benign_consumer,9.988333299999999,4.305492206666667,4.30882554,0.5678787878787879,0.4318878416973383,0.0013333333333333335,0.0,0.4316779727463674,1.0,10.0,4.517684849498328,4.517684849498328,0.5476892672544846,0.45210293311036787,0.0016722408026755853,0.0,0.4517684849498328,1.0
dfn,ifa,8.0,4,0,router,16.195729933333332,15.525767766666668,15.525767766666668,0.041342005176289734,0.9584834837224989,0.0009242292124866064,0.0,0.9584832610957553,1.0,23.66966086956522,22.94133133779264,14.951373344481604,0.030511409178853442,0.6280874854371314,0.3418984377029047,0.0,0.9693974961379296,0.6475837636128805
dfn,ifa,8.0,4,1,router,0.0,0.0,0.0,0.0,0.0,0.0,0.0,1.0,0.0,0.010033444816053512,0.010033444816053512,0.0,0.0,0.06644370686685891,0.9935340022296544,0.0,1.0,0.0
dfn,ifa,8.0,4,2,router,21.797514533333334,16.195729933333332,16.195729933333332,0.2564073111669446,0.7439316340560702,0.0005735476788615591,0.0,0.7424371107278716,1.0,28.905003578595316,23.679694314381273,15.679703879598662,0.17836216679877692,0.5422922568320684,0.27898313802244207,0.0,0.8196679335793438,0.6582436360771364
dfn,ifa,8.0,4,3,router,9.058480016666667,7.216941466666667,7.216941466666667,0.2059204111106285,0.7954916035902535,0.0016229570152049655,0.0,0.7940216178924255,1.0,16.61322237458194,14.917356321070233,6.9173637123745815,0.10100612109221145,0.41313173486136306,0.48632937936407855,0.0,0.8984378339096647,0.4575729873038204
dfn,ifa,8.0,4,4,router,9.0913342,7.3018331000000005,7.3018331000000005,0.19615674510674508,0.8035619241866642,0.001394317607800449,0.0,0.8028848015239354,1.0,8.754131505016721,7.121692173913043,7.121692173913043,0.18612093035169958,0.8137166141107852,0.0019033741637638096,0.0,0.8123373559629374,1.0
dfn,ifa,8.0,4,5,router,9.06322843,7.278739966666667,7.278739966666667,0.194611237781826,0.8039859701160927,0.0013274613744953844,0.0,0.8036590372281416,1.0,8.68409068896321,6.8659550836120395,6.8659550836120395,0.21080138739001614,0.7904074489200951,0.002059115528825304,0.0,0.7896484694547511,1.0
dfn,ifa,8.0,4,6,attacker,9.988333299999999,4.4405969333333335,4.4439303,0.5544848484848485,0.44532788509027815,0.0013333333333333335,0.0,0.44518796912292363,1.0,17.999995876254182,12.234314180602007,4.234320638795987,0.3199014620900784,0.2364428962142864,0.44245747759708953,0.0,0.679592332514356,0.33892983938067117
dfn,ifa,8.0,4,7,benign_consumer,9.988333299999999,4.611216416666667,4.614549716666667,0.5377272727272727,0.462654068433737,0.0013333333333333335,0.0,0.4621437887629821,1.0,10.0,4.378909331103679,4.378909331103679,0.5607226107226108,0.43822538127090305,0.0016722408026755853,0.0,0.43789093311036786,1.0
dfn,ifa,8.0,4,8,benign_consumer,9.988333299999999,4.608457666666666,4.611791,0.5376363636363636,0.46202810205115713,0.0013333333333333335,0.0,0.4620011837674217,1.0,10.0,4.259705986622074,4.259705986622074,0.573355629877369,0.4263050468227425,0.0016722408026755853,0.0,0.4259705986622073,1.0
dfn,ifa,8.0,4,9,benign_consumer,9.988333299999999,4.476209866666666,4.4795432,0.5511515151515152,0.4489228720669348,0.0013333333333333335,0.0,0.4487130031159639,1.0,10.0,4.494425518394649,4.494425518394649,0.5494932603628256,0.44977700000000004,0.0016722408026755853,0.0,0.44944255183946485,1.0
dfn,ifa,8.0,4,10,benign_consumer,9.988333299999999,4.44919034,4.452523706666667,0.5538181818181819,0.4461854147648505,0.0013333333333333335,0.0,0.44604549879749605,1.0,10.0,4.33540908361204,4.33540908361204,0.5654606263301916,0.43387535652173914,0.0016722408026755853,0.0,0.43354090836120407,1.0
dfn,ifa,8.0,4,11,benign_consumer,9.988333299999999,4.6073713566666665,4.610704723333333,0.538060606060606,0.46208832640471126,0.0013333333333333335,0.0,0.46187845412034695,1.0,10.0,4.34868160535117,4.34868160535117,0.564026553156988,0.4352026086956522,0.0016722408026755853,0.0,0.434868160535117,1.0
dfn,ifa,8.0,5,0,router,15.962917766666665,15.324684666666666,15.324684666666666,0.04137224789190061,0.9591464532443869,0.001248275766675211,0.0,0.9591462457329342,1.0,24.335491973244146,23.635397759197325,15.64543976588629,0.028099850110739486,0.640138940097612,0.3325234479015584,0.0,0.9716420107772581,0.6586086203116488
dfn,ifa,8.0,5,1,router,0.0,0.0,0.0,0.0,0.0,0.0,0.0,1.0,0.0,0.010033444816053512,0.010033444816053512,0.0,0.0,0.06644370686685891,0.9935340022296544,0.0,1.0,0.0
dfn,ifa,8.0,5,2,router,21.4072139,15.962917766666665,15.962917766666665,0.250830550532737,0.7486263221493493,0.0006936188096818617,0.0,0.7464345612576613,1.0,29.693700434782606,24.345525418060202,16.345531973244146,0.1777388187868147,0.5505904050695678,0.271572467316806,0.0,0.82056857869275,0.668093749598415
dfn,ifa,8.0,5,3,router,8.875355366666666,7.0478008,7.0478008,0.20575786854047723,0.7946937745507769,0.0018023232791448817,0.0,0.7937918600918294,1.0,16.87997856187291,15.08939331103679,7.089400468227424,0.10440899273837263,0.41745500373817596,0.4792772333506493,0.0,0.8949995587314267,0.4648557227277144
dfn,ifa,8.0,5,4,router,8.746894099999999,6.9019622,6.9019622,0.21267689940068454,0.7893350535633648,0.0017572318588062166,0.0,0.7878383204423699,1.0,9.048546622073578,7.25596575250836,7.25596575250836,0.19609143179377292,0.8036999901544997,0.0019580019400943986,0.0,0.8025530727665134,1.0
dfn,ifa,8.0,5,5,router,9.415196493333333,7.4574509,7.4574509,0.20787994875494875,0.7942094521815974,0.001597455050007967,0.0,0.7925579802556898,1.0,9.0989081270903,7.348341371237458,7.348341371237458,0.19018347872862923,0.8093690861132963,0.0019148613735415281,0.0,0.80772819268135,1.0
dfn,ifa,8.0,5,6,attacker,9.988333299999999,4.4359128000000005,4.4392461,0.554939393939394,0.44511599008605873,0.0013333333333333335,0.0,0.44460571041530395,1.0,17.999995876254182,12.399090602006689,4.39909364548495,0.31117223766094615,0.24549711523886264,0.44245747759708953,0.0,0.6886467412872658,0.34821792133826324
dfn,ifa,8.0,5,7,benign_consumer,9.988333299999999,4.4327759,4.436109266666667,0.5551515151515151,0.4445456658861048,0.0013333333333333335,0.0,0.44440574991875015,1.0,10.0,4.48089602006689,4.48089602006689,0.5510742880308098,0.4484240501672241,0.0016722408026755853,0.0,0.44808960200668896,1.0
dfn,ifa,8.0,5,8,benign_consumer,9.988333299999999,4.2770340000000004,4.2803674,0.5708181818181818,0.4289861413830531,0.0013333333333333335,0.0,0.42884622208230516,1.0,10.0,4.500527859531773,4.500527859531773,0.548910509780075,0.4503872341137124,0.0016722408026755853,0.0,0.45005278595317727,1.0
dfn,ifa,8.0,5,9,benign_consumer,9.988333299999999,4.463193366666667,4.4665267,0.5523030303030303,0.448201117744991,0.0013333333333333335,0.0,0.4472505080532794,1.0,10.0,4.5480187625418065,4.5480187625418065,0.5441218202087768,0.4551363244147157,0.0016722408026755853,0.0,0.4548018762541806,1.0
dfn,ifa,8.0,5,10,benign_consumer,9.988333299999999,4.737930133333333,4.741263433333334,0.5250606060606061,0.47549399979309165,0.0013333333333333335,0.0,0.4746133497519664,1.0,10.0,4.5379129096989965,4.5379129096989965,0.5450643559339211,0.45412573913043475,0.0016722408026755853,0.0,0.4537912909698996,1.0
dfn,ifa,8.0,5,11,benign_consumer,9.988333299999999,4.670599660000001,4.67393306,0.5311515151515152,0.46840818715497873,0.0013333333333333335,0.0,0.4681983115372679,1.0,10.0,4.560995217391304,4.560995217391304,0.5428955102868146,0.45643396989966556,0.0016722408026755853,0.0,0.4560995217391305,1.0
dfn,ifa,10.0,1,0,router,16.001435766666667,15.431470866666665,15.431470866666665,0.036415370837988285,0.9634449477894881,0.0010696487767596307,0.0,0.9634449392138549,1.0,26.398940133779263,25.716638361204016,15.738377458193979,0.02583758324954134,0.5922046623441767,0.38037628714949695,0.0,0.9741471427480428,0.6075589895936152
dfn,ifa,10.0,1,1,router,0.0,0.0,0.0,0.0,0.0,0.0,0.0,1.0,0.0,0.013377926421278847,0.013377926421278847,0.0,0.0,0.0020204434040162773,0.9876268658877354,0.0,1.0,0.0
dfn,ifa,10.0,1,2,router,21.407974833333334,16.001435766666667,16.001435766666667,0.2495566575177902,0.7496749049818113,0.0006012671852685099,0.0,0.7480204495514189,1.0,31.418412006688964,26.412318060200544,16.420678829431438,0.15573296987587806,0.5218988215304752,0.3197961906151517,0.0,0.8421858254823762,0.6176152823953119
dfn,ifa,10.0,1,3,router,9.076256743333333,7.2216336666666665,7.2216336666666665,0.20422742072742073,0.7949013423210346,0.001522149231120019,0.0,0.7936201936813652,1.0,18.970139923076925,17.05211839464883,7.060478662207359,0.09860896214978968,0.36872431898107194,0.5287836100470756,0.0,0.9003593533316571,0.4081851930285132
dfn,ifa,10.0,1,4,router,8.652310949999999,6.928087866666666,6.928087866666666,0.19559357744651862,0.8035531080057007,0.0016838365768764255,0.0,0.8026437040710258,1.0,9.119937377926421,7.282486287625418,7.282486287625418,0.19961078961915082,0.7994090814234371,0.0019306053836308785,0.0,0.7990362441881285,1.0
dfn,ifa,10.0,1,5,router,8.972826846666667,7.2582533,7.2582533,0.1874409252405113,0.8114314777734802,0.0014880204298886274,0.0,0.8102797197015709,1.0,8.974542792642142,7.083807324414717,7.083807324414717,0.20962372354512823,0.7895843112077411,0.0017178581671786083,0.0,0.7885930702862788,1.0
dfn,ifa,10.0,1,6,attacker,9.988333299999999,4.609177133333334,4.6125104666666665,0.5376363636363636,0.46210054456424415,0.0013333333333333335,0.0,0.46207362628050885,1.0,19.99498320735786,14.481066220735787,4.486086287625418,0.2753764753764754,0.22524718058346338,0.49675652037362217,0.0,0.7242344306930925,0.3049413444918481
dfn,ifa,10.0,1,7,benign_consumer,9.988333299999999,4.460412943333333,4.463746276666667,0.5526969696969697,0.44730495955796185,0.0013333333333333335,0.0,0.447165046923944,1.0,10.0,4.492418183946488,4.492418183946488,0.5498175737306172,0.4495762665551839,0.0016722408026755853,0.0,0.44924181839464883,1.0
dfn,ifa,10.0,1,8,benign_consumer,9.988333299999999,4.201120783333334,4.204454116666667,0.5785757575757575,0.42129945895771487,0.0013333333333333335,0.0,0.4212725406739795,1.0,10.0,4.610831906354515,4.610831906354515,0.537600081078342,0.46141763879598663,0.0016722408026755853,0.0,0.46108319063545156,1.0
dfn,ifa,10.0,1,9,benign_consumer,9.988333299999999,4.444523533333333,4.447856833333334,0.5540303030303031,0.4460346278219037,0.0013333333333333335,0.0,0.4454543918341958,1.0,10.0,4.509105471571906,4.509105471571906,0.5479831762440458,0.45124499531772577,0.0016722408026755853,0.0,0.45091054715719064,1.0
dfn,ifa,10.0,1,10,benign_consumer,9.988333299999999,4.39925858,4.402591946666666,0.5585454545454546,0.4412097641696299,0.0013333333333333335,0.0,0.4410698482022187,1.0,10.0,4.551150501672241,4.551150501672241,0.5438735177865612,0.45544949832775916,0.0016722408026755853,0.0,0.45511505016722403,1.0
dfn,ifa,10.0,1,11,benign_consumer,9.988333299999999,4.566901566666666,4.5702349,0.5421212121212121,0.4585283360027911,0.0013333333333333335,0.0,0.4576342234862206,1.0,10.0,4.4233922909699,4.4233922909699,0.5568004459308806,0.4426736772575251,0.0016722408026755853,0.0,0.44233922909699,1.0
dfn,ifa,10.0,2,0,router,16.237310166666667,15.617370266666667,15.617370266666667,0.0384580557427015,0.9615309496616091,0.001110862411123088,0.0,0.961529715846096,1.0,25.710201672240803,24.97100668896321,14.99274578595318,0.02803117828431329,0.5786140506716241,0.3913615943150097,0.0,0.9716471120477689,0.5952672986016114
dfn,ifa,10.0,2,1,router,0.0,0.0,0.0,0.0,0.0,0.0,0.0,1.0,0.0,0.013377926421278847,0.013377926421278847,0.0,0.0,0.0020204434040162773,0.9876268658877354,0.0,1.0,0.0
dfn,ifa,10.0,2,2,router,21.8075975,16.237310166666667,16.237310166666667,0.25226430707845937,0.7481079536227426,0.0006067057395911198,0.0,0.7450509061869078,1.0,30.923456220735787,25.723579598662084,15.731941170568563,0.1655185838398778,0.5076174577898045,0.3247179688827487,0.0,0.8325147028265967,0.6065149739262533
dfn,ifa,10.0,2,3,router,9.06423285,7.215764900000001,7.215764900000001,0.20479377688588216,0.796614095498548,0.001907319986723448,0.0,0.795338223597819,1.0,18.58369752508361,16.843902675585284,6.852264849498328,0.0915013118605679,0.3653555459585487,0.5392310234499469,0.0,0.9075841787271156,0.4014901039630824
dfn,ifa,10.0,2,4,router,9.150034033333332,7.334765833333333,7.334765833333333,0.1955747631997632,0.8036645775743544,0.0014271716802745707,0.0,0.8022591513300145,1.0,8.806325367892976,6.947072307692307,6.947072307692307,0.20558188559860802,0.792781689574511,0.0016532250920611423,0.0,0.7916760941932602,1.0
dfn,ifa,10.0,2,5,router,9.023062923333333,7.257066766666667,7.257066766666667,0.1951381830587713,0.8060177725449517,0.0015272123584462317,0.0,0.8033328684798713,1.0,8.942109371237457,7.132481237458195,7.132481237458195,0.20110309608637367,0.7989063171573692,0.0019408547091501278,0.0,0.7971446222138576,1.0
dfn,ifa,10.0,2,6,attacker,9.988333299999999,4.546770516666666,4.550103849999999,0.543939393939394,0.4558620892706718,0.0013333333333333335,0.0,0.4558351709869365,1.0,19.99498320735786,14.313109364548495,4.318127190635452,0.28373414025587934,0.21684523428882016,0.49675652037362217,0.0,0.7158325972234899,0.2966763730832981
dfn,ifa,10.0,2,7,benign_consumer,9.988333299999999,4.5107957,4.5141290000000005,0.5475151515151515,0.45261815081280665,0.0013333333333333335,0.0,0.45210787114205175,1.0,10.0,4.273931973244147,4.273931973244147,0.5717441978311543,0.4277276454849498,0.0016722408026755853,0.0,0.4273931973244147,1.0
dfn,ifa,10.0,2,8,benign_consumer,9.988333299999999,4.607847366666666,4.6111807,0.5376363636363636,0.46233715917546087,0.0013333333333333335,0.0,0.46182687617136925,1.0,10.0,4.495753602006689,4.495753602006689,0.5497719671632715,0.449909808361204,0.0016722408026755853,0.0,0.44957536020066885,1.0
dfn,ifa,10.0,2,9,benign_consumer,9.988333299999999,4.53552,4.538853333333333,0.545060606060606,0.4548541727759781,0.0013333333333333335,0.0,0.4546443038250072,1.0,10.0,4.310571765886287,4.310571765886287,0.5678980439850005,0.4313916247491638,0.0016722408026755853,0.0,0.43105717658862874,1.0
dfn,ifa,10.0,2,10,benign_consumer,9.988333299999999,4.363667866666666,4.3670012,0.5622727272727273,0.43763256551573876,0.0013333333333333335,0.0,0.4374926528817209,1.0,10.0,4.519263454849498,4.519263454849498,0.5470913144826188,0.452260793645485,0.0016722408026755853,0.0,0.4519263454849498,1.0
dfn,ifa,10.0,2,11,benign_consumer,9.988333299999999,4.652728356666667,4.656061723333333,0.5336969696969697,0.4666241587344843,0.0013333333333333335,0.0,0.4664142864501201,1.0,10.0,4.42284591638796,4.42284591638796,0.5565470761122935,0.44261903979933104,0.0016722408026755853,0.0,0.44228459163879597,1.0
dfn,ifa,10.0,3,0,router,16.0595395,15.413730900000001,15.413730900000001,0.04004358051566065,0.9597114706966983,0.0010672888586791395,0.0,0.9597112586771264,1.0,25.876734448160537,25.293970802675588,15.315709899665551,0.022387615040883664,0.5872171326675676,0.3884074129974912,0.0,0.9775461579557314,0.6003854616734513
dfn,ifa,10.0,3,1,router,0.0,0.0,0.0,0.0,0.0,0.0,0.0,1.0,0.0,0.013377926421278847,0.013377926421278847,0.0,0.0,0.0020204434040162773,0.9876268658877354,0.0,1.0,0.0
dfn,ifa,10.0,3,2,router,21.417698833333333,16.0595395,16.0595395,0.24803636659356867,0.7522853209522932,0.0006431266928686029,0.0,0.7495929365137148,1.0,31.187072876254177,25.890112374581815,15.898473578595318,0.16664882746060355,0.5091292749215256,0.3220033517500387,0.0,0.8309414369253264,0.6091796399876764
dfn,ifa,10.0,3,3,router,8.886037589999999,7.123550666666667,7.123550666666667,0.19941114742745178,0.8020781585350917,0.0021768110056852017,0.0,0.8002555467219415,1.0,18.784409468227423,16.97198662207358,6.9803471906354515,0.09498942647550135,0.3674519244819158,0.5338817913100518,0.0,0.9044152388160446,0.40457488366123945
dfn,ifa,10.0,3,4,router,8.967270173333333,7.2027811,7.2027811,0.19661410269658353,0.8037059083810566,0.0015161314433824811,0.0,0.8028649287051278,1.0,8.788860531772576,6.979644648829432,6.979644648829432,0.20777274564899983,0.7929849719865045,0.00195071975112792,0.0,0.7920405629112307,1.0
dfn,ifa,10.0,3,5,router,8.873280006666667,7.091367066666667,7.091367066666667,0.200868050851797,0.7982640809255456,0.0015789071050995708,0.0,0.7981059434915948,1.0,9.133913819397993,7.23544160535117,7.23544160535117,0.2047841140650505,0.7938826159655533,0.0016845932340410008,0.0,0.7929830413882951,1.0
dfn,ifa,10.0,3,6,attacker,9.988333299999999,4.5309010333333335,4.534234433333333,0.5455151515151515,0.45437246751414856,0.0013333333333333335,0.0,0.45423254821340076,1.0,19.99498320735786,14.442211036789297,4.447225284280936,0.27712923147705754,0.22328501793268346,0.49675652037362217,0.0,0.7222725596999087,0.30272812379023417
dfn,ifa,10.0,3,7,benign_consumer,9.988333299999999,4.34846979,4.351803156666667,0.5634848484848485,0.43638299907392586,0.0013333333333333335,0.0,0.4358727127365009,1.0,10.0,4.345542913043478,4.345542913043478,0.5645231580014188,0.43488873946488293,0.0016722408026755853,0.0,0.43455429130434786,1.0
dfn,ifa,10.0,3,8,benign_consumer,9.988333299999999,4.370881566666667,4.3742149,0.5616969696969697,0.43861105083475754,0.0013333333333333335,0.0,0.43810076783066604,1.0,10.0,4.34873764548495,4.34873764548495,0.5638137225093747,0.43520821270903015,0.0016722408026755853,0.0,0.43487376454849497,1.0
dfn,ifa,10.0,3,9,benign_consumer,9.988333299999999,4.5897219400000004,4.593055273333333,0.5396363636363636,0.46048311238428036,0.0013333333333333335,0.0,0.46001586741351824,1.0,10.0,4.440122886287625,4.440122886287625,0.5549660484443093,0.44434673678929765,0.0016722408026755853,0.0,0.4440122886287625,1.0
dfn,ifa,10.0,3,10,benign_consumer,9.988333299999999,4.561121166666667,4.564454466666667,0.5424242424242424,0.4576635397120465,0.0013333333333333335,0.0,0.4571532600412916,1.0,10.0,4.616228969899665,4.616228969899665,0.537600081078342,0.46195734515050163,0.0016722408026755853,0.0,0.46162289698996656,1.0
dfn,ifa,10.0,3,11,benign_consumer,9.988333299999999,4.305492206666667,4.30882554,0.5678787878787879,0.4318878416973383,0.0013333333333333335,0.0,0.4316779727463674,1.0,10.0,4.517684849498328,4.517684849498328,0.5476892672544846,0.45210293311036787,0.0016722408026755853,0.0,0.4517684849498328,1.0
dfn,ifa,10.0,4,0,router,16.195729933333332,15.525767766666668,15.525767766666668,0.041342005176289734,0.9584834837224989,0.0009242292124866064,0.0,0.9584832610957553,1.0,25.657964214046824,24.929634247491638,14.951373344481604,0.027985945596644794,0.5783080523467702,0.391805585812819,0.0,0.9718426624316768,0.5947099039818393
dfn,ifa,10.0,4,1,router,0.0,0.0,0.0,0.0,0.0,0.0,0.0,1.0,0.0,0.013377926421278847,0.013377926421278847,0.0,0.0,0.0020204434040162773,0.9876268658877354,0.0,1.0,0.0
dfn,ifa,10.0,4,2,router,21.797514533333334,16.195729933333332,16.195729933333332,0.2564073111669446,0.7439316340560702,0.0005735476788615591,0.0,0.7424371107278716,1.0,30.89665193979933,25.671342140468102,15.679703879598662,0.16644413760270296,0.5065534070378047,0.3246646733084367,0.0,0.8314870232362805,0.6059898127696608
dfn,ifa,10.0,4,3,router,9.058480016666667,7.216941466666667,7.216941466666667,0.2059204111106285,0.7954916035902535,0.0016229570152049655,0.0,0.7940216178924255,1.0,18.604868193979932,16.909004682274247,6.9173637123745815,0.08939670583285883,0.3679849735530213,0.5385432712587775,0.0,0.9097323468480182,0.40239731797419964
dfn,ifa,10.0,4,4,router,9.0913342,7.3018331000000005,7.3018331000000005,0.19615674510674508,0.8035619241866642,0.001394317607800449,0.0,0.8028848015239354,1.0,8.754131505016721,7.121692173913043,7.121692173913043,0.18612093035169958,0.8137166141107852,0.0019033741637638096,0.0,0.8123373559629374,1.0
dfn,ifa,10.0,4,5,router,9.06322843,7.278739966666667,7.278739966666667,0.194611237781826,0.8039859701160927,0.0013274613744953844,0.0,0.8036590372281416,1.0,8.68409068896321,6.8659550836120395,6.8659550836120395,0.21080138739001614,0.7904074489200951,0.002059115528825304,0.0,0.7896484694547511,1.0
dfn,ifa,10.0,4,6,attacker,9.988333299999999,4.4405969333333335,4.4439303,0.5544848484848485,0.44532788509027815,0.0013333333333333335,0.0,0.44518796912292363,1.0,19.99498320735786,14.229303678929767,4.234320638795987,0.2877961812744421,0.21262764930693753,0.49675652037362217,0.0,0.711615054700776,0.2914837696496723
dfn,ifa,10.0,4,7,benign_consumer,9.988333299999999,4.611216416666667,4.614549716666667,0.5377272727272727,0.462654068433737,0.0013333333333333335,0.0,0.4621437887629821,1.0,10.0,4.378909331103679,4.378909331103679,0.5607226107226108,0.43822538127090305,0.0016722408026755853,0.0,0.43789093311036786,1.0
dfn,ifa,10.0,4,8,benign_consumer,9.988333299999999,4.608457666666666,4.611791,0.5376363636363636,0.46202810205115713,0.0013333333333333335,0.0,0.4620011837674217,1.0,10.0,4.259705986622074,4.259705986622074,0.573355629877369,0.4263050468227425,0.0016722408026755853,0.0,0.4259705986622073,1.0
dfn,ifa,10.0,4,9,benign_consumer,9.988333299999999,4.476209866666666,4.4795432,0.5511515151515152,0.4489228720669348,0.0013333333333333335,0.0,0.4487130031159639,1.0,10.0,4.494425518394649,4.494425518394649,0.5494932603628256,0.44977700000000004,0.0016722408026755853,0.0,0.44944255183946485,1.0
dfn,ifa,10.0,4,10,benign_consumer,9.988333299999999,4.44919034,4.452523706666667,0.5538181818181819,0.4461854147648505,0.0013333333333333335,0.0,0.44604549879749605,1.0,10.0,4.33540908361204,4.33540908361204,0.5654606263301916,0.43387535652173914,0.0016722408026755853,0.0,0.43354090836120407,1.0
dfn,ifa,10.0,4,11,benign_consumer,9.988333299999999,4.6073713566666665,4.610704723333333,0.538060606060606,0.46208832640471126,0.0013333333333333335,0.0,0.46187845412034695,1.0,10.0,4.34868160535117,4.34868160535117,0.564026553156988,0.4352026086956522,0.0016722408026755853,0.0,0.434868160535117,1.0
dfn,ifa,10.0,5,0,router,15.962917766666665,15.324684666666666,15.324684666666666,0.04137224789190061,0.9591464532443869,0.001248275766675211,0.0,0.9591462457329342,1.0,26.323792642140468,25.623700668896323,15.64543976588629,0.025955014399721414,0.5905684742105272,0.38162298075847956,0.0,0.9737875925113201,0.6062559717005939
dfn,ifa,10.0,5,1,router,0.0,0.0,0.0,0.0,0.0,0.0,0.0,1.0,0.0,0.013377926421278847,0.013377926421278847,0.0,0.0,0.0020204434040162773,0.9876268658877354,0.0,1.0,0.0
dfn,ifa,10.0,5,2,router,21.4072139,15.962917766666665,15.962917766666665,0.250830550532737,0.7486263221493493,0.0006936188096818617,0.0,0.7464345612576613,1.0,31.685344581939802,26.337170568561746,16.345531973244146,0.16605055783841502,0.5152246778440941,0.31652068154946333,0.0,0.8321003034005267,0.6163317188283528
dfn,ifa,10.0,5,3,router,8.875355366666666,7.0478008,7.0478008,0.20575786854047723,0.7946937745507769,0.0018023232791448817,0.0,0.7937918600918294,1.0,18.871630468227426,17.08103745819398,7.089400468227424,0.09295855497276778,0.3722739830691911,0.5314440796739707,0.0,0.9063349042319321,0.4092404507681321
dfn,ifa,10.0,5,4,router,8.746894099999999,6.9019622,6.9019622,0.21267689940068454,0.7893350535633648,0.0017572318588062166,0.0,0.7878383204423699,1.0,9.048546622073578,7.25596575250836,7.25596575250836,0.19609143179377292,0.8036999901544997,0.0019580019400943986,0.0,0.8025530727665134,1.0
dfn,ifa,10.0,5,5,router,9.415196493333333,7.4574509,7.4574509,0.20787994875494875,0.7942094521815974,0.001597455050007967,0.0,0.7925579802556898,1.0,9.0989081270903,7.348341371237458,7.348341371237458,0.19018347872862923,0.8093690861132963,0.0019148613735415281,0.0,0.80772819268135,1.0
dfn,ifa,10.0,5,6,attacker,9.988333299999999,4.4359128000000005,4.4392461,0.554939393939394,0.44511599008605873,0.0013333333333333335,0.0,0.44460571041530395,1.0,19.99498320735786,14.39407959866221,4.39909364548495,0.2797676558546124,0.22091307222244633,0.49675652037362217,0.0,0.7199006239734608,0.30003766689443284
dfn,ifa,10.0,5,7,benign_consumer,9.988333299999999,4.4327759,4.436109266666667,0.5551515151515151,0.4445456658861048,0.0013333333333333335,0.0,0.44440574991875015,1.0,10.0,4.48089602006689,4.48089602006689,0.5510742880308098,0.4484240501672241,0.0016722408026755853,0.0,0.44808960200668896,1.0
dfn,ifa,10.0,5,8,benign_consumer,9.988333299999999,4.2770340000000004,4.2803674,0.5708181818181818,0.4289861413830531,0.0013333333333333335,0.0,0.42884622208230516,1.0,10.0,4.500527859531773,4.500527859531773,0.548910509780075,0.4503872341137124,0.0016722408026755853,0.0,0.45005278595317727,1.0
dfn,ifa,10.0,5,9,benign_consumer,9.988333299999999,4.463193366666667,4.4665267,0.5523030303030303,0.448201117744991,0.0013333333333333335,0.0,0.4472505080532794,1.0,10.0,4.5480187625418065,4.5480187625418065,0.5441218202087768,0.4551363244147157,0.0016722408026755853,0.0,0.4548018762541806,1.0
dfn,ifa,10.0,5,10,benign_consumer,9.988333299999999,4.737930133333333,4.741263433333334,0.5250606060606061,0.47549399979309165,0.0013333333333333335,0.0,0.4746133497519664,1.0,10.0,4.5379129096989965,4.5379129096989965,0.5450643559339211,0.45412573913043475,0.0016722408026755853,0.0,0.4537912909698996,1.0
dfn,ifa,10.0,5,11,benign_consumer,9.988333299999999,4.670599660000001,4.67393306,0.5311515151515152,0.46840818715497873,0.0013333333333333335,0.0,0.4681983115372679,1.0,10.0,4.560995217391304,4.560995217391304,0.5428955102868146,0.45643396989966556,0.0016722408026755853,0.0,0.4560995217391305,1.0
dfn,ifa,12.0,1,0,router,16.001435766666667,15.431470866666665,15.431470866666665,0.036415370837988285,0.9634449477894881,0.0010696487767596307,0.0,0.9634449392138549,1.0,28.403946822742476,27.718283478260872,15.735033311036789,0.02411660739472355,0.5507765052778821,0.42447171001740086,0.0,0.9758614720837017,0.5640821412935713
dfn,ifa,12.0,1,1,router,0.0,0.0,0.0,0.0,0.0,0.0,0.0,1.0,0.0,0.013377926421404762,0.013377926421404762,0.0,0.0,0.007517119850043738,0.9935340022296544,0.0,1.0,0.0
dfn,ifa,12.0,1,2,router,21.407974833333334,16.001435766666667,16.001435766666667,0.2495566575177902,0.7496749049818113,0.0006012671852685099,0.0,0.7480204495514189,1.0,33.42342070234114,28.41732474916388,16.420678829431438,0.14668385589281954,0.49072760986474,0.3607811919140458,0.0,0.851505099138244,0.5745224704291776
dfn,ifa,12.0,1,3,router,9.076256743333333,7.2216336666666665,7.2216336666666665,0.20422742072742073,0.7949013423210346,0.001522149231120019,0.0,0.7936201936813652,1.0,20.975153301003346,19.057127090301005,7.060478662207359,0.08935881808953576,0.33431320314482604,0.575055729000694,0.0,0.9098030209984248,0.36637626340065144
dfn,ifa,12.0,1,4,router,8.652310949999999,6.928087866666666,6.928087866666666,0.19559357744651862,0.8035531080057007,0.0016838365768764255,0.0,0.8026437040710258,1.0,9.119937377926421,7.282486287625418,7.282486287625418,0.19961078961915082,0.7994090814234371,0.0019306053836308785,0.0,0.7990362441881285,1.0
dfn,ifa,12.0,1,5,router,8.972826846666667,7.2582533,7.2582533,0.1874409252405113,0.8114314777734802,0.0014880204298886274,0.0,0.8102797197015709,1.0,8.974542792642142,7.083807324414717,7.083807324414717,0.20962372354512823,0.7895843112077411,0.0017178581671786083,0.0,0.7885930702862788,1.0
dfn,ifa,12.0,1,6,attacker,9.988333299999999,4.609177133333334,4.6125104666666665,0.5376363636363636,0.46210054456424415,0.0013333333333333335,0.0,0.46207362628050885,1.0,21.996655551839464,16.482738461538464,4.486086287625418,0.25034920970648755,0.20473061383643337,0.5420965753088213,0.0,0.7493297508914459,0.2682304063418149
dfn,ifa,12.0,1,7,benign_consumer,9.988333299999999,4.460412943333333,4.463746276666667,0.5526969696969697,0.44730495955796185,0.0013333333333333335,0.0,0.447165046923944,1.0,10.0,4.492418183946488,4.492418183946488,0.5498175737306172,0.4495762665551839,0.0016722408026755853,0.0,0.44924181839464883,1.0
dfn,ifa,12.0,1,8,benign_consumer,9.988333299999999,4.201120783333334,4.204454116666667,0.5785757575757575,0.42129945895771487,0.0013333333333333335,0.0,0.4212725406739795,1.0,10.0,4.610831906354515,4.610831906354515,0.537600081078342,0.46141763879598663,0.0016722408026755853,0.0,0.46108319063545156,1.0
dfn,ifa,12.0,1,9,benign_consumer,9.988333299999999,4.444523533333333,4.447856833333334,0.5540303030303031,0.4460346278219037,0.0013333333333333335,0.0,0.4454543918341958,1.0,10.0,4.509105471571906,4.509105471571906,0.5479831762440458,0.45124499531772577,0.0016722408026755853,0.0,0.45091054715719064,1.0
dfn,ifa,12.0,1,10,benign_consumer,9.988333299999999,4.39925858,4.402591946666666,0.5585454545454546,0.4412097641696299,0.0013333333333333335,0.0,0.4410698482022187,1.0,10.0,4.551150501672241,4.551150501672241,0.5438735177865612,0.45544949832775916,0.0016722408026755853,0.0,0.45511505016722403,1.0
dfn,ifa,12.0,1,11,benign_consumer,9.988333299999999,4.566901566666666,4.5702349,0.5421212121212121,0.4585283360027911,0.0013333333333333335,0.0,0.4576342234862206,1.0,10.0,4.4233922909699,4.4233922909699,0.5568004459308806,0.4426736772575251,0.0016722408026755853,0.0,0.44233922909699,1.0
dfn,ifa,12.0,2,0,router,16.237310166666667,15.617370266666667,15.617370266666667,0.0384580557427015,0.9615309496616091,0.001110862411123088,0.0,0.961529715846096,1.0,27.70851939799331,26.975995719063544,14.992745551839466,0.025766601701171354,0.5373831711981524,0.4359627037851437,0.0,0.9739262229572809,0.5515557089797155
dfn,ifa,12.0,2,1,router,0.0,0.0,0.0,0.0,0.0,0.0,0.0,1.0,0.0,0.013377926421404762,0.013377926421404762,0.0,0.0,0.007517119850043738,0.9935340022296544,0.0,1.0,0.0
dfn,ifa,12.0,2,2,router,21.8075975,16.237310166666667,16.237310166666667,0.25226430707845937,0.7481079536227426,0.0006067057395911198,0.0,0.7450509061869078,1.0,32.928466588628766,27.721897324414712,15.725252541806022,0.15601291548400184,0.47661449368540043,0.36598269638725417,0.0,0.8423113089401317,0.563057491303407
dfn,ifa,12.0,2,3,router,9.06423285,7.215764900000001,7.215764900000001,0.20479377688588216,0.796614095498548,0.001907319986723448,0.0,0.795338223597819,1.0,20.58870387959866,18.84891304347826,6.852264849498328,0.08299431689292044,0.3304460331211588,0.5852543735979674,0.0,0.916364144843516,0.3598129559081713
dfn,ifa,12.0,2,4,router,9.150034033333332,7.334765833333333,7.334765833333333,0.1955747631997632,0.8036645775743544,0.0014271716802745707,0.0,0.8022591513300145,1.0,8.806325367892976,6.947072307692307,6.947072307692307,0.20558188559860802,0.792781689574511,0.0016532250920611423,0.0,0.7916760941932602,1.0
dfn,ifa,12.0,2,5,router,9.023062923333333,7.257066766666667,7.257066766666667,0.1951381830587713,0.8060177725449517,0.0015272123584462317,0.0,0.8033328684798713,1.0,8.942109371237457,7.132481237458195,7.132481237458195,0.20110309608637367,0.7989063171573692,0.0019408547091501278,0.0,0.7971446222138576,1.0
dfn,ifa,12.0,2,6,attacker,9.988333299999999,4.546770516666666,4.550103849999999,0.543939393939394,0.4558620892706718,0.0013333333333333335,0.0,0.4558351709869365,1.0,21.996655551839464,16.31478227424749,4.318127190635452,0.257942813330337,0.1970940412502746,0.5420965753088213,0.0,0.7416933109876533,0.2606190629896873
dfn,ifa,12.0,2,7,benign_consumer,9.988333299999999,4.5107957,4.5141290000000005,0.5475151515151515,0.45261815081280665,0.0013333333333333335,0.0,0.45210787114205175,1.0,10.0,4.273931973244147,4.273931973244147,0.5717441978311543,0.4277276454849498,0.0016722408026755853,0.0,0.4273931973244147,1.0
dfn,ifa,12.0,2,8,benign_consumer,9.988333299999999,4.607847366666666,4.6111807,0.5376363636363636,0.46233715917546087,0.0013333333333333335,0.0,0.46182687617136925,1.0,10.0,4.495753602006689,4.495753602006689,0.5497719671632715,0.449909808361204,0.0016722408026755853,0.0,0.44957536020066885,1.0
dfn,ifa,12.0,2,9,benign_consumer,9.988333299999999,4.53552,4.538853333333333,0.545060606060606,0.4548541727759781,0.0013333333333333335,0.0,0.4546443038250072,1.0,10.0,4.310571765886287,4.310571765886287,0.5678980439850005,0.4313916247491638,0.0016722408026755853,0.0,0.43105717658862874,1.0
dfn,ifa,12.0,2,10,benign_consumer,9.988333299999999,4.363667866666666,4.3670012,0.5622727272727273,0.43763256551573876,0.0013333333333333335,0.0,0.4374926528817209,1.0,10.0,4.519263454849498,4.519263454849498,0.5470913144826188,0.452260793645485,0.0016722408026755853,0.0,0.4519263454849498,1.0
dfn,ifa,12.0,2,11,benign_consumer,9.988333299999999,4.652728356666667,4.656061723333333,0.5336969696969697,0.4666241587344843,0.0013333333333333335,0.0,0.4664142864501201,1.0,10.0,4.42284591638796,4.42284591638796,0.5565470761122935,0.44261903979933104,0.0016722408026755853,0.0,0.44228459163879597,1.0
dfn,ifa,12.0,3,0,router,16.0595395,15.413730900000001,15.413730900000001,0.04004358051566065,0.9597114706966983,0.0010672888586791395,0.0,0.9597112586771264,1.0,27.881743478260866,27.29896006688963,15.315709899665551,0.020769489149041177,0.5454808401423099,0.4328621882119826,0.0,0.9791609319988893,0.556809144999974
dfn,ifa,12.0,3,1,router,0.0,0.0,0.0,0.0,0.0,0.0,0.0,1.0,0.0,0.013377926421404762,0.013377926421404762,0.0,0.0,0.007517119850043738,0.9935340022296544,0.0,1.0,0.0
dfn,ifa,12.0,3,2,router,21.417698833333333,16.0595395,16.0595395,0.24803636659356867,0.7522853209522932,0.0006431266928686029,0.0,0.7495929365137148,1.0,33.18873809364548,27.89512140468227,15.898473578595318,0.15670455153252622,0.4786308644326114,0.3632988612716797,0.0,0.8411299307212972,0.5658933888759454
dfn,ifa,12.0,3,3,router,8.886037589999999,7.123550666666667,7.123550666666667,0.19941114742745178,0.8020781585350917,0.0021768110056852017,0.0,0.8002555467219415,1.0,20.789414484949834,18.973651839464882,6.9770027090301,0.08616283589147784,0.3327099226437388,0.579431845477917,0.0,0.9133444541935091,0.3629203084587751
dfn,ifa,12.0,3,4,router,8.967270173333333,7.2027811,7.2027811,0.19661410269658353,0.8037059083810566,0.0015161314433824811,0.0,0.8028649287051278,1.0,8.788860531772576,6.979644648829432,6.979644648829432,0.20777274564899983,0.7929849719865045,0.00195071975112792,0.0,0.7920405629112307,1.0
dfn,ifa,12.0,3,5,router,8.873280006666667,7.091367066666667,7.091367066666667,0.200868050851797,0.7982640809255456,0.0015789071050995708,0.0,0.7981059434915948,1.0,9.133913819397993,7.23544160535117,7.23544160535117,0.2047841140650505,0.7938826159655533,0.0016845932340410008,0.0,0.7929830413882951,1.0
dfn,ifa,12.0,3,6,attacker,9.988333299999999,4.5309010333333335,4.534234433333333,0.5455151515151515,0.45437246751414856,0.0013333333333333335,0.0,0.45423254821340076,1.0,21.996655551839464,16.443882943143812,4.447225284280936,0.25194037216721527,0.20295395820098977,0.5420965753088213,0.0,0.7475533449407908,0.26623215952079826
dfn,ifa,12.0,3,7,benign_consumer,9.988333299999999,4.34846979,4.351803156666667,0.5634848484848485,0.43638299907392586,0.0013333333333333335,0.0,0.4358727127365009,1.0,10.0,4.345542913043478,4.345542913043478,0.5645231580014188,0.43488873946488293,0.0016722408026755853,0.0,0.43455429130434786,1.0
dfn,ifa,12.0,3,8,benign_consumer,9.988333299999999,4.370881566666667,4.3742149,0.5616969696969697,0.43861105083475754,0.0013333333333333335,0.0,0.43810076783066604,1.0,10.0,4.34873764548495,4.34873764548495,0.5638137225093747,0.43520821270903015,0.0016722408026755853,0.0,0.43487376454849497,1.0
dfn,ifa,12.0,3,9,benign_consumer,9.988333299999999,4.5897219400000004,4.593055273333333,0.5396363636363636,0.46048311238428036,0.0013333333333333335,0.0,0.46001586741351824,1.0,10.0,4.440122886287625,4.440122886287625,0.5549660484443093,0.44434673678929765,0.0016722408026755853,0.0,0.4440122886287625,1.0
dfn,ifa,12.0,3,10,benign_consumer,9.988333299999999,4.561121166666667,4.564454466666667,0.5424242424242424,0.4576635397120465,0.0013333333333333335,0.0,0.4571532600412916,1.0,10.0,4.616228969899665,4.616228969899665,0.537600081078342,0.46195734515050163,0.0016722408026755853,0.0,0.46162289698996656,1.0
dfn,ifa,12.0,3,11,benign_consumer,9.988333299999999,4.305492206666667,4.30882554,0.5678787878787879,0.4318878416973383,0.0013333333333333335,0.0,0.4316779727463674,1.0,10.0,4.517684849498328,4.517684849498328,0.5476892672544846,0.45210293311036787,0.0016722408026755853,0.0,0.4517684849498328,1.0
dfn,ifa,12.0,4,0,router,16.195729933333332,15.525767766666668,15.525767766666668,0.041342005176289734,0.9584834837224989,0.0009242292124866064,0.0,0.9584832610957553,1.0,27.662971237458194,26.934623511705688,14.951373344481604,0.026055275654736268,0.5368569790160003,0.43616462379308674,0.0,0.9738432562903875,0.5509858149921864
dfn,ifa,12.0,4,1,router,0.0,0.0,0.0,0.0,0.0,0.0,0.0,1.0,0.0,0.013377926421404762,0.013377926421404762,0.0,0.0,0.007517119850043738,0.9935340022296544,0.0,1.0,0.0
dfn,ifa,12.0,4,2,router,21.797514533333334,16.195729933333332,16.195729933333332,0.2564073111669446,0.7439316340560702,0.0005735476788615591,0.0,0.7424371107278716,1.0,32.90165896321071,27.6763491638796,15.679703879598662,0.15639292183255193,0.47602111136540465,0.36602934725469644,0.0,0.8417505101980518,0.5625954830622764
dfn,ifa,12.0,4,3,router,9.058480016666667,7.216941466666667,7.216941466666667,0.2059204111106285,0.7954916035902535,0.0016229570152049655,0.0,0.7940216178924255,1.0,20.609878227424748,18.914011705685617,6.9173637123745815,0.08119736541488322,0.33289025346098466,0.5840239133134257,0.0,0.9182410379528939,0.3608717427731408
dfn,ifa,12.0,4,4,router,9.0913342,7.3018331000000005,7.3018331000000005,0.19615674510674508,0.8035619241866642,0.001394317607800449,0.0,0.8028848015239354,1.0,8.754131505016721,7.121692173913043,7.121692173913043,0.18612093035169958,0.8137166141107852,0.0019033741637638096,0.0,0.8123373559629374,1.0
dfn,ifa,12.0,4,5,router,9.06322843,7.278739966666667,7.278739966666667,0.194611237781826,0.8039859701160927,0.0013274613744953844,0.0,0.8036590372281416,1.0,8.68409068896321,6.8659550836120395,6.8659550836120395,0.21080138739001614,0.7904074489200951,0.002059115528825304,0.0,0.7896484694547511,1.0
dfn,ifa,12.0,4,6,attacker,9.988333299999999,4.4405969333333335,4.4439303,0.5544848484848485,0.44532788509027815,0.0013333333333333335,0.0,0.44518796912292363,1.0,21.996655551839464,16.23097558528428,4.234320638795987,0.2616358436774316,0.1932699025437464,0.5420965753088213,0.0,0.7378691655881884,0.25597675333902054
dfn,ifa,12.0,4,7,benign_consumer,9.988333299999999,4.611216416666667,4.614549716666667,0.5377272727272727,0.462654068433737,0.0013333333333333335,0.0,0.4621437887629821,1.0,10.0,4.378909331103679,4.378909331103679,0.5607226107226108,0.43822538127090305,0.0016722408026755853,0.0,0.43789093311036786,1.0
dfn,ifa,12.0,4,8,benign_consumer,9.988333299999999,4.608457666666666,4.611791,0.5376363636363636,0.46202810205115713,0.0013333333333333335,0.0,0.4620011837674217,1.0,10.0,4.259705986622074,4.259705986622074,0.573355629877369,0.4263050468227425,0.0016722408026755853,0.0,0.4259705986622073,1.0
dfn,ifa,12.0,4,9,benign_consumer,9.988333299999999,4.476209866666666,4.4795432,0.5511515151515152,0.4489228720669348,0.0013333333333333335,0.0,0.4487130031159639,1.0,10.0,4.494425518394649,4.494425518394649,0.5494932603628256,0.44977700000000004,0.0016722408026755853,0.0,0.44944255183946485,1.0
dfn,ifa,12.0,4,10,benign_consumer,9.988333299999999,4.44919034,4.452523706666667,0.5538181818181819,0.4461854147648505,0.0013333333333333335,0.0,0.44604549879749605,1.0,10.0,4.33540908361204,4.33540908361204,0.5654606263301916,0.43387535652173914,0.0016722408026755853,0.0,0.43354090836120407,1.0
dfn,ifa,12.0,4,11,benign_consumer,9.988333299999999,4.6073713566666665,4.610704723333333,0.538060606060606,0.46208832640471126,0.0013333333333333335,0.0,0.46187845412034695,1.0,10.0,4.34868160535117,4.34868160535117,0.564026553156988,0.4352026086956522,0.0016722408026755853,0.0,0.434868160535117,1.0
dfn,ifa,12.0,5,0,router,15.962917766666665,15.324684666666666,15.324684666666666,0.04137224789190061,0.9591464532443869,0.001248275766675211,0.0,0.9591462457329342,1.0,28.328802675585283,27.628689933110365,15.64543976588629,0.024149791848500357,0.5492659146381826,0.4260829925601017,0.0,0.9756256011144584,0.5628043539866802
dfn,ifa,12.0,5,1,router,0.0,0.0,0.0,0.0,0.0,0.0,0.0,1.0,0.0,0.013377926421404762,0.013377926421404762,0.0,0.0,0.007517119850043738,0.9935340022296544,0.0,1.0,0.0
dfn,ifa,12.0,5,2,router,21.4072139,15.962917766666665,15.962917766666665,0.250830550532737,0.7486263221493493,0.0006936188096818617,0.0,0.7464345612576613,1.0,33.69035595317725,28.34218060200669,16.345531973244146,0.15644927261578118,0.48482870061569044,0.3576845000313325,0.0,0.8419793155574496,0.5732441207564366
dfn,ifa,12.0,5,3,router,8.875355366666666,7.0478008,7.0478008,0.20575786854047723,0.7946937745507769,0.0018023232791448817,0.0,0.7937918600918294,1.0,20.87663414715719,19.08604882943144,7.089400468227424,0.08433284241321357,0.3372596902685075,0.5772365058545258,0.0,0.9151243717443717,0.3673805284626559
dfn,ifa,12.0,5,4,router,8.746894099999999,6.9019622,6.9019622,0.21267689940068454,0.7893350535633648,0.0017572318588062166,0.0,0.7878383204423699,1.0,9.048546622073578,7.25596575250836,7.25596575250836,0.19609143179377292,0.8036999901544997,0.0019580019400943986,0.0,0.8025530727665134,1.0
dfn,ifa,12.0,5,5,router,9.415196493333333,7.4574509,7.4574509,0.20787994875494875,0.7942094521815974,0.001597455050007967,0.0,0.7925579802556898,1.0,9.0989081270903,7.348341371237458,7.348341371237458,0.19018347872862923,0.8093690861132963,0.0019148613735415281,0.0,0.80772819268135,1.0
dfn,ifa,12.0,5,6,attacker,9.988333299999999,4.4359128000000005,4.4392461,0.554939393939394,0.44511599008605873,0.0013333333333333335,0.0,0.44460571041530395,1.0,21.996655551839464,16.395752173913042,4.39909364548495,0.254342318047422,0.20078482469372738,0.5420965753088213,0.0,0.7453842509342021,0.26378256861270577
dfn,ifa,12.0,5,7,benign_consumer,9.988333299999999,4.4327759,4.436109266666667,0.5551515151515151,0.4445456658861048,0.0013333333333333335,0.0,0.44440574991875015,1.0,10.0,4.48089602006689,4.48089602006689,0.5510742880308098,0.4484240501672241,0.0016722408026755853,0.0,0.44808960200668896,1.0
dfn,ifa,12.0,5,8,benign_consumer,9.988333299999999,4.2770340000000004,4.2803674,0.5708181818181818,0.4289861413830531,0.0013333333333333335,0.0,0.42884622208230516,1.0,10.0,4.500527859531773,4.500527859531773,0.548910509780075,0.4503872341137124,0.0016722408026755853,0.0,0.45005278595317727,1.0
dfn,ifa,12.0,5,9,benign_consumer,9.988333299999999,4.463193366666667,4.4665267,0.5523030303030303,0.448201117744991,0.0013333333333333335,0.0,0.4472505080532794,1.0,10.0,4.5480187625418065,4.5480187625418065,0.5441218202087768,0.4551363244147157,0.0016722408026755853,0.0,0.4548018762541806,1.0
dfn,ifa,12.0,5,10,benign_consumer,9.988333299999999,4.737930133333333,4.741263433333334,0.5250606060606061,0.47549399979309165,0.0013333333333333335,0.0,0.4746133497519664,1.0,10.0,4.5379129096989965,4.5379129096989965,0.5450643559339211,0.45412573913043475,0.0016722408026755853,0.0,0.4537912909698996,1.0
dfn,ifa,12.0,5,11,benign_consumer,9.988333299999999,4.670599660000001,4.67393306,0.5311515151515152,0.46840818715497873,0.0013333333333333335,0.0,0.4681983115372679,1.0,10.0,4.560995217391304,4.560995217391304,0.5428955102868146,0.45643396989966556,0.0016722408026755853,0.0,0.4560995217391305,1.0
dfn,ifa,15.0,1,0,router,16.001435766666667,15.431470866666665,15.431470866666665,0.036415370837988285,0.9634449477894881,0.0010696487767596307,0.0,0.9634449392138549,1.0,31.397546822742473,30.718589498327763,15.741721605351172,0.02161675040897982,0.498130900849405,0.4783811053108788,0.0,0.9783914405896673,0.5088432447950968
dfn,ifa,15.0,1,1,router,0.0,0.0,0.0,0.0,0.0,0.0,0.0,1.0,0.0,0.013377926421404762,0.013377926421404762,0.0,0.0,0.007517119850043738,0.9935340022296544,0.0,1.0,0.0
dfn,ifa,15.0,1,2,router,21.407974833333334,16.001435766666667,16.001435766666667,0.2495566575177902,0.7496749049818113,0.0006012671852685099,0.0,0.7480204495514189,1.0,36.41701434782609,31.41092474916388,16.420678829431438,0.13445442521078352,0.4501192029708361,0.41274461655682193,0.0,0.8638047856976279,0.5193935695002626
dfn,ifa,15.0,1,3,router,9.076256743333333,7.2216336666666665,7.2216336666666665,0.20422742072742073,0.7949013423210346,0.001522149231120019,0.0,0.7936201936813652,1.0,23.968752966555183,22.050720735785955,7.060478662207359,0.0783110575714947,0.2922288364050482,0.6259111665922821,0.0,0.92099047534661,0.3164397632962368
dfn,ifa,15.0,1,4,router,8.652310949999999,6.928087866666666,6.928087866666666,0.19559357744651862,0.8035531080057007,0.0016838365768764255,0.0,0.8026437040710258,1.0,9.119937377926421,7.282486287625418,7.282486287625418,0.19961078961915082,0.7994090814234371,0.0019306053836308785,0.0,0.7990362441881285,1.0
dfn,ifa,15.0,1,5,router,8.972826846666667,7.2582533,7.2582533,0.1874409252405113,0.8114314777734802,0.0014880204298886274,0.0,0.8102797197015709,1.0,8.974542792642142,7.083807324414717,7.083807324414717,0.20962372354512823,0.7895843112077411,0.0017178581671786083,0.0,0.7885930702862788,1.0
dfn,ifa,15.0,1,6,attacker,9.988333299999999,4.609177133333334,4.6125104666666665,0.5376363636363636,0.46210054456424415,0.0013333333333333335,0.0,0.46207362628050885,1.0,24.99414712374582,19.480230100334445,4.486086287625418,0.22033694287874891,0.1801917418169973,0.5961718920224018,0.0,0.7793914392658318,0.22732033519736772
dfn,ifa,15.0,1,7,benign_consumer,9.988333299999999,4.460412943333333,4.463746276666667,0.5526969696969697,0.44730495955796185,0.0013333333333333335,0.0,0.447165046923944,1.0,10.0,4.492418183946488,4.492418183946488,0.5498175737306172,0.4495762665551839,0.0016722408026755853,0.0,0.44924181839464883,1.0
dfn,ifa,15.0,1,8,benign_consumer,9.988333299999999,4.201120783333334,4.204454116666667,0.5785757575757575,0.42129945895771487,0.0013333333333333335,0.0,0.4212725406739795,1.0,10.0,4.610831906354515,4.610831906354515,0.537600081078342,0.46141763879598663,0.0016722408026755853,0.0,0.46108319063545156,1.0
dfn,ifa,15.0,1,9,benign_consumer,9.988333299999999,4.444523533333333,4.447856833333334,0.5540303030303031,0.4460346278219037,0.0013333333333333335,0.0,0.4454543918341958,1.0,10.0,4.509105471571906,4.509105471571906,0.5479831762440458,0.45124499531772577,0.0016722408026755853,0.0,0.45091054715719064,1.0
dfn,ifa,15.0,1,10,benign_consumer,9.988333299999999,4.39925858,4.402591946666666,0.5585454545454546,0.4412097641696299,0.0013333333333333335,0.0,0.4410698482022187,1.0,10.0,4.551150501672241,4.551150501672241,0.5438735177865612,0.45544949832775916,0.0016722408026755853,0.0,0.45511505016722403,1.0
dfn,ifa,15.0,1,11,benign_consumer,9.988333299999999,4.566901566666666,4.5702349,0.5421212121212121,0.4585283360027911,0.0013333333333333335,0.0,0.4576342234862206,1.0,10.0,4.4233922909699,4.4233922909699,0.5568004459308806,0.4426736772575251,0.0016722408026755853,0.0,0.44233922909699,1.0
dfn,ifa,15.0,2,0,router,16.237310166666667,15.617370266666667,15.617370266666667,0.0384580557427015,0.9615309496616091,0.001110862411123088,0.0,0.961529715846096,1.0,30.705461872909698,29.969613678929765,14.99274578595318,0.023523257138225437,0.4844898062560316,0.48972655708655766,0.0,0.976285606716436,0.49609762832989374
dfn,ifa,15.0,2,1,router,0.0,0.0,0.0,0.0,0.0,0.0,0.0,1.0,0.0,0.013377926421404762,0.013377926421404762,0.0,0.0,0.007517119850043738,0.9935340022296544,0.0,1.0,0.0
dfn,ifa,15.0,2,2,router,21.8075975,16.237310166666667,16.237310166666667,0.25226430707845937,0.7481079536227426,0.0006067057395911198,0.0,0.7450509061869078,1.0,35.92206558528428,30.718839799331104,15.728597023411371,0.14259854618320417,0.43679858712977737,0.4181187781072389,0.0,0.8557562530666083,0.507854435185367
dfn,ifa,15.0,2,3,router,9.06423285,7.215764900000001,7.215764900000001,0.20479377688588216,0.796614095498548,0.001907319986723448,0.0,0.795338223597819,1.0,23.582305217391305,21.84251204013378,6.852264849498328,0.07228460406214866,0.2884054320600272,0.6356327010527797,0.0,0.927075190121908,0.31041621199504416
dfn,ifa,15.0,2,4,router,9.150034033333332,7.334765833333333,7.334765833333333,0.1955747631997632,0.8036645775743544,0.0014271716802745707,0.0,0.8022591513300145,1.0,8.806325367892976,6.947072307692307,6.947072307692307,0.20558188559860802,0.792781689574511,0.0016532250920611423,0.0,0.7916760941932602,1.0
dfn,ifa,15.0,2,5,router,9.023062923333333,7.257066766666667,7.257066766666667,0.1951381830587713,0.8060177725449517,0.0015272123584462317,0.0,0.8033328684798713,1.0,8.942109371237457,7.132481237458195,7.132481237458195,0.20110309608637367,0.7989063171573692,0.0019408547091501278,0.0,0.7971446222138576,1.0
dfn,ifa,15.0,2,6,attacker,9.988333299999999,4.546770516666666,4.550103849999999,0.543939393939394,0.4558620892706718,0.0013333333333333335,0.0,0.4558351709869365,1.0,24.99414712374582,19.31227357859532,4.318127190635452,0.2270192015342517,0.1734704284558095,0.5961718920224018,0.0,0.7726702294985985,0.2205491839828055
dfn,ifa,15.0,2,7,benign_consumer,9.988333299999999,4.5107957,4.5141290000000005,0.5475151515151515,0.45261815081280665,0.0013333333333333335,0.0,0.45210787114205175,1.0,10.0,4.273931973244147,4.273931973244147,0.5717441978311543,0.4277276454849498,0.0016722408026755853,0.0,0.4273931973244147,1.0
dfn,ifa,15.0,2,8,benign_consumer,9.988333299999999,4.607847366666666,4.6111807,0.5376363636363636,0.46233715917546087,0.0013333333333333335,0.0,0.46182687617136925,1.0,10.0,4.495753602006689,4.495753602006689,0.5497719671632715,0.449909808361204,0.0016722408026755853,0.0,0.44957536020066885,1.0
dfn,ifa,15.0,2,9,benign_consumer,9.988333299999999,4.53552,4.538853333333333,0.545060606060606,0.4548541727759781,0.0013333333333333335,0.0,0.4546443038250072,1.0,10.0,4.310571765886287,4.310571765886287,0.5678980439850005,0.4313916247491638,0.0016722408026755853,0.0,0.43105717658862874,1.0
dfn,ifa,15.0,2,10,benign_consumer,9.988333299999999,4.363667866666666,4.3670012,0.5622727272727273,0.43763256551573876,0.0013333333333333335,0.0,0.4374926528817209,1.0,10.0,4.519263454849498,4.519263454849498,0.5470913144826188,0.452260793645485,0.0016722408026755853,0.0,0.4519263454849498,1.0
dfn,ifa,15.0,2,11,benign_consumer,9.988333299999999,4.652728356666667,4.656061723333333,0.5336969696969697,0.4666241587344843,0.0013333333333333335,0.0,0.4664142864501201,1.0,10.0,4.42284591638796,4.42284591638796,0.5565470761122935,0.44261903979933104,0.0016722408026755853,0.0,0.44228459163879597,1.0
dfn,ifa,15.0,3,0,router,16.0595395,15.413730900000001,15.413730900000001,0.04004358051566065,0.9597114706966983,0.0010672888586791395,0.0,0.9597112586771264,1.0,30.87534314381271,30.292577792642142,15.315709899665551,0.018775308594724906,0.4922181641717136,0.486566017920902,0.0,0.9811831574168498,0.5014037816430652
dfn,ifa,15.0,3,1,router,0.0,0.0,0.0,0.0,0.0,0.0,0.0,1.0,0.0,0.013377926421404762,0.013377926421404762,0.0,0.0,0.007517119850043738,0.9935340022296544,0.0,1.0,0.0
dfn,ifa,15.0,3,2,router,21.417698833333333,16.0595395,16.0595395,0.24803636659356867,0.7522853209522932,0.0006431266928686029,0.0,0.7495929365137148,1.0,36.18567688963211,30.888721070234116,15.898473578595318,0.14366575036153054,0.4386845765510119,0.415065618819664,0.0,0.8542882837301337,0.5106635388993249
dfn,ifa,15.0,3,3,router,8.886037589999999,7.123550666666667,7.123550666666667,0.19941114742745178,0.8020781585350917,0.0021768110056852017,0.0,0.8002555467219415,1.0,23.783009468227423,21.970590635451508,6.9803471906354515,0.07530395189912047,0.2907395216179002,0.6303056257996065,0.0,0.9243744197846959,0.31343721187826495
dfn,ifa,15.0,3,4,router,8.967270173333333,7.2027811,7.2027811,0.19661410269658353,0.8037059083810566,0.0015161314433824811,0.0,0.8028649287051278,1.0,8.788860531772576,6.979644648829432,6.979644648829432,0.20777274564899983,0.7929849719865045,0.00195071975112792,0.0,0.7920405629112307,1.0
dfn,ifa,15.0,3,5,router,8.873280006666667,7.091367066666667,7.091367066666667,0.200868050851797,0.7982640809255456,0.0015789071050995708,0.0,0.7981059434915948,1.0,9.133913819397993,7.23544160535117,7.23544160535117,0.2047841140650505,0.7938826159655533,0.0016845932340410008,0.0,0.7929830413882951,1.0
dfn,ifa,15.0,3,6,attacker,9.988333299999999,4.5309010333333335,4.534234433333333,0.5455151515151515,0.45437246751414856,0.0013333333333333335,0.0,0.45423254821340076,1.0,24.99414712374582,19.4413745819398,4.447225284280936,0.2217436521115451,0.17862309756453096,0.5961718920224018,0.0,0.7778230149213027,0.22557082758492591
dfn,ifa,15.0,3,7,benign_consumer,9.988333299999999,4.34846979,4.351803156666667,0.5634848484848485,0.43638299907392586,0.0013333333333333335,0.0,0.4358727127365009,1.0,10.0,4.345542913043478,4.345542913043478,0.5645231580014188,0.43488873946488293,0.0016722408026755853,0.0,0.43455429130434786,1.0
dfn,ifa,15.0,3,8,benign_consumer,9.988333299999999,4.370881566666667,4.3742149,0.5616969696969697,0.43861105083475754,0.0013333333333333335,0.0,0.43810076783066604,1.0,10.0,4.34873764548495,4.34873764548495,0.5638137225093747,0.43520821270903015,0.0016722408026755853,0.0,0.43487376454849497,1.0
dfn,ifa,15.0,3,9,benign_consumer,9.988333299999999,4.5897219400000004,4.593055273333333,0.5396363636363636,0.46048311238428036,0.0013333333333333335,0.0,0.46001586741351824,1.0,10.0,4.440122886287625,4.440122886287625,0.5549660484443093,0.44434673678929765,0.0016722408026755853,0.0,0.4440122886287625,1.0
dfn,ifa,15.0,3,10,benign_consumer,9.988333299999999,4.561121166666667,4.564454466666667,0.5424242424242424,0.4576635397120465,0.0013333333333333335,0.0,0.4571532600412916,1.0,10.0,4.616228969899665,4.616228969899665,0.537600081078342,0.46195734515050163,0.0016722408026755853,0.0,0.46162289698996656,1.0
dfn,ifa,15.0,3,11,benign_consumer,9.988333299999999,4.305492206666667,4.30882554,0.5678787878787879,0.4318878416973383,0.0013333333333333335,0.0,0.4316779727463674,1.0,10.0,4.517684849498328,4.517684849498328,0.5476892672544846,0.45210293311036787,0.0016722408026755853,0.0,0.4517684849498328,1.0
dfn,ifa,15.0,4,0,router,16.195729933333332,15.525767766666668,15.525767766666668,0.041342005176289734,0.9584834837224989,0.0009242292124866064,0.0,0.9584832610957553,1.0,30.656569230769232,29.928241237458195,14.951373344481604,0.023510797266427262,0.4840656847842377,0.490169885378816,0.0,0.9763984021764889,0.495510062799679
dfn,ifa,15.0,4,1,router,0.0,0.0,0.0,0.0,0.0,0.0,0.0,1.0,0.0,0.013377926421404762,0.013377926421404762,0.0,0.0,0.007517119850043738,0.9935340022296544,0.0,1.0,0.0
dfn,ifa,15.0,4,2,router,21.797514533333334,16.195729933333332,16.195729933333332,0.2564073111669446,0.7439316340560702,0.0005735476788615591,0.0,0.7424371107278716,1.0,35.895253277591976,30.669947157190638,15.679703879598662,0.14323934623543527,0.435976226357023,0.4181251296298734,0.0,0.8550031925557775,0.5072994897157678
dfn,ifa,15.0,4,3,router,9.058480016666667,7.216941466666667,7.216941466666667,0.2059204111106285,0.7954916035902535,0.0016229570152049655,0.0,0.7940216178924255,1.0,23.603475551839466,21.90760602006689,6.9173637123745815,0.07052285288308346,0.2906198785344902,0.6348631677110593,0.0,0.9288095181092056,0.3114994355259817
dfn,ifa,15.0,4,4,router,9.0913342,7.3018331000000005,7.3018331000000005,0.19615674510674508,0.8035619241866642,0.001394317607800449,0.0,0.8028848015239354,1.0,8.754131505016721,7.121692173913043,7.121692173913043,0.18612093035169958,0.8137166141107852,0.0019033741637638096,0.0,0.8123373559629374,1.0
dfn,ifa,15.0,4,5,router,9.06322843,7.278739966666667,7.278739966666667,0.194611237781826,0.8039859701160927,0.0013274613744953844,0.0,0.8036590372281416,1.0,8.68409068896321,6.8659550836120395,6.8659550836120395,0.21080138739001614,0.7904074489200951,0.002059115528825304,0.0,0.7896484694547511,1.0
dfn,ifa,15.0,4,6,attacker,9.988333299999999,4.4405969333333335,4.4439303,0.5544848484848485,0.44532788509027815,0.0013333333333333335,0.0,0.44518796912292363,1.0,24.99414712374582,19.22846755852843,4.234320638795987,0.23027823904078085,0.17009787680134505,0.5961718920224018,0.0,0.7692976984811658,0.21653541587563999
dfn,ifa,15.0,4,7,benign_consumer,9.988333299999999,4.611216416666667,4.614549716666667,0.5377272727272727,0.462654068433737,0.0013333333333333335,0.0,0.4621437887629821,1.0,10.0,4.378909331103679,4.378909331103679,0.5607226107226108,0.43822538127090305,0.0016722408026755853,0.0,0.43789093311036786,1.0
dfn,ifa,15.0,4,8,benign_consumer,9.988333299999999,4.608457666666666,4.611791,0.5376363636363636,0.46202810205115713,0.0013333333333333335,0.0,0.4620011837674217,1.0,10.0,4.259705986622074,4.259705986622074,0.573355629877369,0.4263050468227425,0.0016722408026755853,0.0,0.4259705986622073,1.0
dfn,ifa,15.0,4,9,benign_consumer,9.988333299999999,4.476209866666666,4.4795432,0.5511515151515152,0.4489228720669348,0.0013333333333333335,0.0,0.4487130031159639,1.0,10.0,4.494425518394649,4.494425518394649,0.5494932603628256,0.44977700000000004,0.0016722408026755853,0.0,0.44944255183946485,1.0
dfn,ifa,15.0,4,10,benign_consumer,9.988333299999999,4.44919034,4.452523706666667,0.5538181818181819,0.4461854147648505,0.0013333333333333335,0.0,0.44604549879749605,1.0,10.0,4.33540908361204,4.33540908361204,0.5654606263301916,0.43387535652173914,0.0016722408026755853,0.0,0.43354090836120407,1.0
dfn,ifa,15.0,4,11,benign_consumer,9.988333299999999,4.6073713566666665,4.610704723333333,0.538060606060606,0.46208832640471126,0.0013333333333333335,0.0,0.46187845412034695,1.0,10.0,4.34868160535117,4.34868160535117,0.564026553156988,0.4352026086956522,0.0016722408026755853,0.0,0.434868160535117,1.0
dfn,ifa,15.0,5,0,router,15.962917766666665,15.324684666666666,15.324684666666666,0.04137224789190061,0.9591464532443869,0.001248275766675211,0.0,0.9591462457329342,1.0,31.322400000000002,30.622307658862876,15.64543976588629,0.02187078862707871,0.4963716544928418,0.47971000489935905,0.0,0.9779362083446791,0.5074078518793651
dfn,ifa,15.0,5,1,router,0.0,0.0,0.0,0.0,0.0,0.0,0.0,1.0,0.0,0.013377926421404762,0.013377926421404762,0.0,0.0,0.007517119850043738,0.9935340022296544,0.0,1.0,0.0
dfn,ifa,15.0,5,2,router,21.4072139,15.962917766666665,15.962917766666665,0.250830550532737,0.7486263221493493,0.0006936188096818617,0.0,0.7464345612576613,1.0,36.683954949832774,31.335777926421404,16.345531973244146,0.14341808859640712,0.4450081070270176,0.4092518901783521,0.0,0.8550034923720147,0.518085708974595
dfn,ifa,15.0,5,3,router,8.875355366666666,7.0478008,7.0478008,0.20575786854047723,0.7946937745507769,0.0018023232791448817,0.0,0.7937918600918294,1.0,23.87023448160535,22.079647826086955,7.089400468227424,0.07383656953470895,0.294690252800728,0.6284183726112806,0.0,0.9257589945183224,0.31735677418246405
dfn,ifa,15.0,5,4,router,8.746894099999999,6.9019622,6.9019622,0.21267689940068454,0.7893350535633648,0.0017572318588062166,0.0,0.7878383204423699,1.0,9.048546622073578,7.25596575250836,7.25596575250836,0.19609143179377292,0.8036999901544997,0.0019580019400943986,0.0,0.8025530727665134,1.0
dfn,ifa,15.0,5,5,router,9.415196493333333,7.4574509,7.4574509,0.20787994875494875,0.7942094521815974,0.001597455050007967,0.0,0.7925579802556898,1.0,9.0989081270903,7.348341371237458,7.348341371237458,0.19018347872862923,0.8093690861132963,0.0019148613735415281,0.0,0.80772819268135,1.0
dfn,ifa,15.0,5,6,attacker,9.988333299999999,4.4359128000000005,4.4392461,0.554939393939394,0.44511599008605873,0.0013333333333333335,0.0,0.44460571041530395,1.0,24.99414712374582,19.39324381270903,4.39909364548495,0.22384763508509328,0.17672359662509826,0.5961718920224018,0.0,0.7759235487291454,0.22343780616248962
dfn,ifa,15.0,5,7,benign_consumer,9.988333299999999,4.4327759,4.436109266666667,0.5551515151515151,0.4445456658861048,0.0013333333333333335,0.0,0.44440574991875015,1.0,10.0,4.48089602006689,4.48089602006689,0.5510742880308098,0.4484240501672241,0.0016722408026755853,0.0,0.44808960200668896,1.0
dfn,ifa,15.0,5,8,benign_consumer,9.988333299999999,4.2770340000000004,4.2803674,0.5708181818181818,0.4289861413830531,0.0013333333333333335,0.0,0.42884622208230516,1.0,10.0,4.500527859531773,4.500527859531773,0.548910509780075,0.4503872341137124,0.0016722408026755853,0.0,0.45005278595317727,1.0
dfn,ifa,15.0,5,9,benign_consumer,9.988333299999999,4.463193366666667,4.4665267,0.5523030303030303,0.448201117744991,0.0013333333333333335,0.0,0.4472505080532794,1.0,10.0,4.5480187625418065,4.5480187625418065,0.5441218202087768,0.4551363244147157,0.0016722408026755853,0.0,0.4548018762541806,1.0
dfn,ifa,15.0,5,10,benign_consumer,9.988333299999999,4.737930133333333,4.741263433333334,0.5250606060606061,0.47549399979309165,0.0013333333333333335,0.0,0.4746133497519664,1.0,10.0,4.5379129096989965,4.5379129096989965,0.5450643559339211,0.45412573913043475,0.0016722408026755853,0.0,0.4537912909698996,1.0
dfn,ifa,15.0,5,11,benign_consumer,9.988333299999999,4.670599660000001,4.67393306,0.5311515151515152,0.46840818715497873,0.0013333333333333335,0.0,0.4681983115372679,1.0,10.0,4.560995217391304,4.560995217391304,0.5428955102868146,0.45643396989966556,0.0016722408026755853,0.0,0.4560995217391305,1.0
dfn,ifa,20.0,1,0,router,16.001435766666667,15.431470866666665,15.431470866666665,0.036415370837988285,0.9634449477894881,0.0010696487767596307,0.0,0.9634449392138549,1.0,36.39057859531773,35.708277123745816,15.738377458193979,0.018678432519665493,0.4295622212195053,0.5488194995554893,0.0,0.9812928117656168,0.4375026892949851
dfn,ifa,20.0,1,1,router,0.0,0.0,0.0,0.0,0.0,0.0,0.0,1.0,0.0,0.013377926421404762,0.013377926421404762,0.0,0.0,0.007517119850043738,0.9935340022296544,0.0,1.0,0.0
dfn,ifa,20.0,1,2,router,21.407974833333334,16.001435766666667,16.001435766666667,0.2495566575177902,0.7496749049818113,0.0006012671852685099,0.0,0.7480204495514189,1.0,41.410050468227425,36.403956521739126,16.420678829431438,0.11827600751480295,0.3955749785833695,0.48271747752141825,0.0,0.8802018510679464,0.4479980631236922
dfn,ifa,20.0,1,3,router,9.076256743333333,7.2216336666666665,7.2216336666666665,0.20422742072742073,0.7949013423210346,0.001522149231120019,0.0,0.7936201936813652,1.0,28.96177905351171,27.04375685618729,7.060478662207359,0.06492579448899204,0.24187112147227982,0.688439035113667,0.0,0.9345350685036997,0.25820914642102943
dfn,ifa,20.0,1,4,router,8.652310949999999,6.928087866666666,6.928087866666666,0.19559357744651862,0.8035531080057007,0.0016838365768764255,0.0,0.8026437040710258,1.0,9.119937377926421,7.282486287625418,7.282486287625418,0.19961078961915082,0.7994090814234371,0.0019306053836308785,0.0,0.7990362441881285,1.0
dfn,ifa,20.0,1,5,router,8.972826846666667,7.2582533,7.2582533,0.1874409252405113,0.8114314777734802,0.0014880204298886274,0.0,0.8102797197015709,1.0,8.974542792642142,7.083807324414717,7.083807324414717,0.20962372354512823,0.7895843112077411,0.0017178581671786083,0.0,0.7885930702862788,1.0
dfn,ifa,20.0,1,6,attacker,9.988333299999999,4.609177133333334,4.6125104666666665,0.5376363636363636,0.46210054456424415,0.0013333333333333335,0.0,0.46207362628050885,1.0,29.983277591973245,24.469360869565218,4.486086287625418,0.18367017897172175,0.1502640008895071,0.6621360703162901,0.0,0.8160924846163018,0.18136496398928798
dfn,ifa,20.0,1,7,benign_consumer,9.988333299999999,4.460412943333333,4.463746276666667,0.5526969696969697,0.44730495955796185,0.0013333333333333335,0.0,0.447165046923944,1.0,10.0,4.492418183946488,4.492418183946488,0.5498175737306172,0.4495762665551839,0.0016722408026755853,0.0,0.44924181839464883,1.0
dfn,ifa,20.0,1,8,benign_consumer,9.988333299999999,4.201120783333334,4.204454116666667,0.5785757575757575,0.42129945895771487,0.0013333333333333335,0.0,0.4212725406739795,1.0,10.0,4.610831906354515,4.610831906354515,0.537600081078342,0.46141763879598663,0.0016722408026755853,0.0,0.46108319063545156,1.0
dfn,ifa,20.0,1,9,benign_consumer,9.988333299999999,4.444523533333333,4.447856833333334,0.5540303030303031,0.4460346278219037,0.0013333333333333335,0.0,0.4454543918341958,1.0,10.0,4.509105471571906,4.509105471571906,0.5479831762440458,0.45124499531772577,0.0016722408026755853,0.0,0.45091054715719064,1.0
dfn,ifa,20.0,1,10,benign_consumer,9.988333299999999,4.39925858,4.402591946666666,0.5585454545454546,0.4412097641696299,0.0013333333333333335,0.0,0.4410698482022187,1.0,10.0,4.551150501672241,4.551150501672241,0.5438735177865612,0.45544949832775916,0.0016722408026755853,0.0,0.45511505016722403,1.0
dfn,ifa,20.0,1,11,benign_consumer,9.988333299999999,4.566901566666666,4.5702349,0.5421212121212121,0.4585283360027911,0.0013333333333333335,0.0,0.4576342234862206,1.0,10.0,4.4233922909699,4.4233922909699,0.5568004459308806,0.4426736772575251,0.0016722408026755853,0.0,0.44233922909699,1.0
dfn,ifa,20.0,2,0,router,16.237310166666667,15.617370266666667,15.617370266666667,0.0384580557427015,0.9615309496616091,0.001110862411123088,0.0,0.961529715846096,1.0,35.701840468227424,34.96264545150502,14.99274578595318,0.020246748333934275,0.4166093552836304,0.559880118123077,0.0,0.979548806525968,0.425167557333091
dfn,ifa,20.0,2,1,router,0.0,0.0,0.0,0.0,0.0,0.0,0.0,1.0,0.0,0.013377926421404762,0.013377926421404762,0.0,0.0,0.007517119850043738,0.9935340022296544,0.0,1.0,0.0
dfn,ifa,20.0,2,2,router,21.8075975,16.237310166666667,16.237310166666667,0.25226430707845937,0.7481079536227426,0.0006067057395911198,0.0,0.7450509061869078,1.0,40.91509468227425,35.71521839464883,15.731941170568563,0.12488610021621042,0.3834761932180402,0.48832758654925595,0.0,0.8735550772033848,0.43678877499035923
dfn,ifa,20.0,2,3,router,9.06423285,7.215764900000001,7.215764900000001,0.20479377688588216,0.796614095498548,0.001907319986723448,0.0,0.795338223597819,1.0,28.57533665551839,26.835541137123744,6.852264849498328,0.059773261072447625,0.23797522497783258,0.6974423215438995,0.0,0.9397370272632178,0.25275258382106236
dfn,ifa,20.0,2,4,router,9.150034033333332,7.334765833333333,7.334765833333333,0.1955747631997632,0.8036645775743544,0.0014271716802745707,0.0,0.8022591513300145,1.0,8.806325367892976,6.947072307692307,6.947072307692307,0.20558188559860802,0.792781689574511,0.0016532250920611423,0.0,0.7916760941932602,1.0
dfn,ifa,20.0,2,5,router,9.023062923333333,7.257066766666667,7.257066766666667,0.1951381830587713,0.8060177725449517,0.0015272123584462317,0.0,0.8033328684798713,1.0,8.942109371237457,7.132481237458195,7.132481237458195,0.20110309608637367,0.7989063171573692,0.0019408547091501278,0.0,0.7971446222138576,1.0
dfn,ifa,20.0,2,6,attacker,9.988333299999999,4.546770516666666,4.550103849999999,0.543939393939394,0.4558620892706718,0.0013333333333333335,0.0,0.4558351709869365,1.0,29.983277591973245,24.301404682274246,4.318127190635452,0.18924371561117706,0.14465822244327803,0.6621360703162901,0.0,0.8104868044203011,0.1756757308683606
dfn,ifa,20.0,2,7,benign_consumer,9.988333299999999,4.5107957,4.5141290000000005,0.5475151515151515,0.45261815081280665,0.0013333333333333335,0.0,0.45210787114205175,1.0,10.0,4.273931973244147,4.273931973244147,0.5717441978311543,0.4277276454849498,0.0016722408026755853,0.0,0.4273931973244147,1.0
dfn,ifa,20.0,2,8,benign_consumer,9.988333299999999,4.607847366666666,4.6111807,0.5376363636363636,0.46233715917546087,0.0013333333333333335,0.0,0.46182687617136925,1.0,10.0,4.495753602006689,4.495753602006689,0.5497719671632715,0.449909808361204,0.0016722408026755853,0.0,0.44957536020066885,1.0
dfn,ifa,20.0,2,9,benign_consumer,9.988333299999999,4.53552,4.538853333333333,0.545060606060606,0.4548541727759781,0.0013333333333333335,0.0,0.4546443038250072,1.0,10.0,4.310571765886287,4.310571765886287,0.5678980439850005,0.4313916247491638,0.0016722408026755853,0.0,0.43105717658862874,1.0
dfn,ifa,20.0,2,10,benign_consumer,9.988333299999999,4.363667866666666,4.3670012,0.5622727272727273,0.43763256551573876,0.0013333333333333335,0.0,0.4374926528817209,1.0,10.0,4.519263454849498,4.519263454849498,0.5470913144826188,0.452260793645485,0.0016722408026755853,0.0,0.4519263454849498,1.0
dfn,ifa,20.0,2,11,benign_consumer,9.988333299999999,4.652728356666667,4.656061723333333,0.5336969696969697,0.4666241587344843,0.0013333333333333335,0.0,0.4664142864501201,1.0,10.0,4.42284591638796,4.42284591638796,0.5565470761122935,0.44261903979933104,0.0016722408026755853,0.0,0.44228459163879597,1.0
dfn,ifa,20.0,3,0,router,16.0595395,15.413730900000001,15.413730900000001,0.04004358051566065,0.9597114706966983,0.0010672888586791395,0.0,0.9597112586771264,1.0,35.86837357859532,35.28560956521739,15.315709899665551,0.016125489162141866,0.4235634713018064,0.5568597189222149,0.0,0.9838199782366037,0.4303089422646548
dfn,ifa,20.0,3,1,router,0.0,0.0,0.0,0.0,0.0,0.0,0.0,1.0,0.0,0.013377926421404762,0.013377926421404762,0.0,0.0,0.007517119850043738,0.9935340022296544,0.0,1.0,0.0
dfn,ifa,20.0,3,2,router,21.417698833333333,16.0595395,16.0595395,0.24803636659356867,0.7522853209522932,0.0006431266928686029,0.0,0.7495929365137148,1.0,41.17871200668896,35.88175150501672,15.898473578595318,0.12603044608380345,0.38536413181958507,0.4852331205294252,0.0,0.8720428394095924,0.4394577680157521
dfn,ifa,20.0,3,3,router,8.886037589999999,7.123550666666667,7.123550666666667,0.19941114742745178,0.8020781585350917,0.0021768110056852017,0.0,0.8002555467219415,1.0,28.77604826421405,26.96362575250836,6.9803471906354515,0.062097878896189916,0.24038708886228793,0.6926652315102051,0.0,0.9375494079384972,0.25558818310052156
dfn,ifa,20.0,3,4,router,8.967270173333333,7.2027811,7.2027811,0.19661410269658353,0.8037059083810566,0.0015161314433824811,0.0,0.8028649287051278,1.0,8.788860531772576,6.979644648829432,6.979644648829432,0.20777274564899983,0.7929849719865045,0.00195071975112792,0.0,0.7920405629112307,1.0
dfn,ifa,20.0,3,5,router,8.873280006666667,7.091367066666667,7.091367066666667,0.200868050851797,0.7982640809255456,0.0015789071050995708,0.0,0.7981059434915948,1.0,9.133913819397993,7.23544160535117,7.23544160535117,0.2047841140650505,0.7938826159655533,0.0016845932340410008,0.0,0.7929830413882951,1.0
dfn,ifa,20.0,3,6,attacker,9.988333299999999,4.5309010333333335,4.534234433333333,0.5455151515151515,0.45437246751414856,0.0013333333333333335,0.0,0.45423254821340076,1.0,29.983277591973245,24.430505351170567,4.447225284280936,0.18485932798695773,0.14893767922356807,0.6621360703162901,0.0,0.8147663468934072,0.17990664415234006
dfn,ifa,20.0,3,7,benign_consumer,9.988333299999999,4.34846979,4.351803156666667,0.5634848484848485,0.43638299907392586,0.0013333333333333335,0.0,0.4358727127365009,1.0,10.0,4.345542913043478,4.345542913043478,0.5645231580014188,0.43488873946488293,0.0016722408026755853,0.0,0.43455429130434786,1.0
dfn,ifa,20.0,3,8,benign_consumer,9.988333299999999,4.370881566666667,4.3742149,0.5616969696969697,0.43861105083475754,0.0013333333333333335,0.0,0.43810076783066604,1.0,10.0,4.34873764548495,4.34873764548495,0.5638137225093747,0.43520821270903015,0.0016722408026755853,0.0,0.43487376454849497,1.0
dfn,ifa,20.0,3,9,benign_consumer,9.988333299999999,4.5897219400000004,4.593055273333333,0.5396363636363636,0.46048311238428036,0.0013333333333333335,0.0,0.46001586741351824,1.0,10.0,4.440122886287625,4.440122886287625,0.5549660484443093,0.44434673678929765,0.0016722408026755853,0.0,0.4440122886287625,1.0
dfn,ifa,20.0,3,10,benign_consumer,9.988333299999999,4.561121166666667,4.564454466666667,0.5424242424242424,0.4576635397120465,0.0013333333333333335,0.0,0.4571532600412916,1.0,10.0,4.616228969899665,4.616228969899665,0.537600081078342,0.46195734515050163,0.0016722408026755853,0.0,0.46162289698996656,1.0
dfn,ifa,20.0,3,11,benign_consumer,9.988333299999999,4.305492206666667,4.30882554,0.5678787878787879,0.4318878416973383,0.0013333333333333335,0.0,0.4316779727463674,1.0,10.0,4.517684849498328,4.517684849498328,0.5476892672544846,0.45210293311036787,0.0016722408026755853,0.0,0.4517684849498328,1.0
dfn,ifa,20.0,4,0,router,16.195729933333332,15.525767766666668,15.525767766666668,0.041342005176289734,0.9584834837224989,0.0009242292124866064,0.0,0.9584832610957553,1.0,35.649603344481605,34.921273010033445,14.951373344481604,0.02015245678915023,0.41618336697274483,0.5603207166405251,0.0,0.9797281282412705,0.42457362829200573
dfn,ifa,20.0,4,1,router,0.0,0.0,0.0,0.0,0.0,0.0,0.0,1.0,0.0,0.013377926421404762,0.013377926421404762,0.0,0.0,0.007517119850043738,0.9935340022296544,0.0,1.0,0.0
dfn,ifa,20.0,4,2,router,21.797514533333334,16.195729933333332,16.195729933333332,0.2564073111669446,0.7439316340560702,0.0005735476788615591,0.0,0.7424371107278716,1.0,40.88829073578595,35.66298127090301,15.679703879598662,0.1255693497720515,0.38261382334452815,0.4882944740704335,0.0,0.8727950668146295,0.4361687840533471
dfn,ifa,20.0,4,3,router,9.058480016666667,7.216941466666667,7.216941466666667,0.2059204111106285,0.7954916035902535,0.0016229570152049655,0.0,0.7940216178924255,1.0,28.596507324414716,26.90064347826087,6.9173637123745815,0.058276530433446175,0.23988990925896103,0.6966519327664742,0.0,0.9411866804648317,0.2538624643430415
dfn,ifa,20.0,4,4,router,9.0913342,7.3018331000000005,7.3018331000000005,0.19615674510674508,0.8035619241866642,0.001394317607800449,0.0,0.8028848015239354,1.0,8.754131505016721,7.121692173913043,7.121692173913043,0.18612093035169958,0.8137166141107852,0.0019033741637638096,0.0,0.8123373559629374,1.0
dfn,ifa,20.0,4,5,router,9.06322843,7.278739966666667,7.278739966666667,0.194611237781826,0.8039859701160927,0.0013274613744953844,0.0,0.8036590372281416,1.0,8.68409068896321,6.8659550836120395,6.8659550836120395,0.21080138739001614,0.7904074489200951,0.002059115528825304,0.0,0.7896484694547511,1.0
dfn,ifa,20.0,4,6,attacker,9.988333299999999,4.4405969333333335,4.4439303,0.5544848484848485,0.44532788509027815,0.0013333333333333335,0.0,0.44518796912292363,1.0,29.983277591973245,24.21759799331104,4.234320638795987,0.19197923784179044,0.14182182301322951,0.6621360703162901,0.0,0.8076503990581418,0.17238829509204565
dfn,ifa,20.0,4,7,benign_consumer,9.988333299999999,4.611216416666667,4.614549716666667,0.5377272727272727,0.462654068433737,0.0013333333333333335,0.0,0.4621437887629821,1.0,10.0,4.378909331103679,4.378909331103679,0.5607226107226108,0.43822538127090305,0.0016722408026755853,0.0,0.43789093311036786,1.0
dfn,ifa,20.0,4,8,benign_consumer,9.988333299999999,4.608457666666666,4.611791,0.5376363636363636,0.46202810205115713,0.0013333333333333335,0.0,0.4620011837674217,1.0,10.0,4.259705986622074,4.259705986622074,0.573355629877369,0.4263050468227425,0.0016722408026755853,0.0,0.4259705986622073,1.0
dfn,ifa,20.0,4,9,benign_consumer,9.988333299999999,4.476209866666666,4.4795432,0.5511515151515152,0.4489228720669348,0.0013333333333333335,0.0,0.4487130031159639,1.0,10.0,4.494425518394649,4.494425518394649,0.5494932603628256,0.44977700000000004,0.0016722408026755853,0.0,0.44944255183946485,1.0
dfn,ifa,20.0,4,10,benign_consumer,9.988333299999999,4.44919034,4.452523706666667,0.5538181818181819,0.4461854147648505,0.0013333333333333335,0.0,0.44604549879749605,1.0,10.0,4.33540908361204,4.33540908361204,0.5654606263301916,0.43387535652173914,0.0016722408026755853,0.0,0.43354090836120407,1.0
dfn,ifa,20.0,4,11,benign_consumer,9.988333299999999,4.6073713566666665,4.610704723333333,0.538060606060606,0.46208832640471126,0.0013333333333333335,0.0,0.46187845412034695,1.0,10.0,4.34868160535117,4.34868160535117,0.564026553156988,0.4352026086956522,0.0016722408026755853,0.0,0.434868160535117,1.0
dfn,ifa,20.0,5,0,router,15.962917766666665,15.324684666666666,15.324684666666666,0.04137224789190061,0.9591464532443869,0.001248275766675211,0.0,0.9591462457329342,1.0,36.31543143812709,35.61533943143812,15.64543976588629,0.018869831037554807,0.4279710697399298,0.5500069829453703,0.0,0.9809574855667994,0.4361392665504303
dfn,ifa,20.0,5,1,router,0.0,0.0,0.0,0.0,0.0,0.0,0.0,1.0,0.0,0.013377926421404762,0.013377926421404762,0.0,0.0,0.007517119850043738,0.9935340022296544,0.0,1.0,0.0
dfn,ifa,20.0,5,2,router,21.4072139,15.962917766666665,15.962917766666665,0.250830550532737,0.7486263221493493,0.0006936188096818617,0.0,0.7464345612576613,1.0,41.67698371237458,36.3288093645485,16.345531973244146,0.12619457034068562,0.39146984930901113,0.4791185654922932,0.0,0.8723908579113175,0.44673774392131366
dfn,ifa,20.0,5,3,router,8.875355366666666,7.0478008,7.0478008,0.20575786854047723,0.7946937745507769,0.0018023232791448817,0.0,0.7937918600918294,1.0,28.863269264214047,27.072676588628763,7.089400468227424,0.06094414821851635,0.24378828227261284,0.6908047295553661,0.0,0.9386150922197146,0.25901885046424045
dfn,ifa,20.0,5,4,router,8.746894099999999,6.9019622,6.9019622,0.21267689940068454,0.7893350535633648,0.0017572318588062166,0.0,0.7878383204423699,1.0,9.048546622073578,7.25596575250836,7.25596575250836,0.19609143179377292,0.8036999901544997,0.0019580019400943986,0.0,0.8025530727665134,1.0
dfn,ifa,20.0,5,5,router,9.415196493333333,7.4574509,7.4574509,0.20787994875494875,0.7942094521815974,0.001597455050007967,0.0,0.7925579802556898,1.0,9.0989081270903,7.348341371237458,7.348341371237458,0.19018347872862923,0.8093690861132963,0.0019148613735415281,0.0,0.80772819268135,1.0
dfn,ifa,20.0,5,6,attacker,9.988333299999999,4.4359128000000005,4.4392461,0.554939393939394,0.44511599008605873,0.0013333333333333335,0.0,0.44460571041530395,1.0,29.983277591973245,24.382373244147157,4.39909364548495,0.1865873101497225,0.14738844739063445,0.6621360703162901,0.0,0.8132170993672987,0.17818375957884466
dfn,ifa,20.0,5,7,benign_consumer,9.988333299999999,4.4327759,4.436109266666667,0.5551515151515151,0.4445456658861048,0.0013333333333333335,0.0,0.44440574991875015,1.0,10.0,4.48089602006689,4.48089602006689,0.5510742880308098,0.4484240501672241,0.0016722408026755853,0.0,0.44808960200668896,1.0
dfn,ifa,20.0,5,8,benign_consumer,9.988333299999999,4.2770340000000004,4.2803674,0.5708181818181818,0.4289861413830531,0.0013333333333333335,0.0,0.42884622208230516,1.0,10.0,4.500527859531773,4.500527859531773,0.548910509780075,0.4503872341137124,0.0016722408026755853,0.0,0.45005278595317727,1.0
dfn,ifa,20.0,5,9,benign_consumer,9.988333299999999,4.463193366666667,4.4665267,0.5523030303030303,0.448201117744991,0.0013333333333333335,0.0,0.4472505080532794,1.0,10.0,4.5480187625418065,4.5480187625418065,0.5441218202087768,0.4551363244147157,0.0016722408026755853,0.0,0.4548018762541806,1.0
dfn,ifa,20.0,5,10,benign_consumer,9.988333299999999,4.737930133333333,4.741263433333334,0.5250606060606061,0.47549399979309165,0.0013333333333333335,0.0,0.4746133497519664,1.0,10.0,4.5379129096989965,4.5379129096989965,0.5450643559339211,0.45412573913043475,0.0016722408026755853,0.0,0.4537912909698996,1.0
dfn,ifa,20.0,5,11,benign_consumer,9.988333299999999,4.670599660000001,4.67393306,0.5311515151515152,0.46840818715497873,0.0013333333333333335,0.0,0.4681983115372679,1.0,10.0,4.560995217391304,4.560995217391304,0.5428955102868146,0.45643396989966556,0.0016722408026755853,0.0,0.4560995217391305,1.0
dfn,ifa,30.0,1,0,router,16.001435766666667,15.431470866666665,15.431470866666665,0.036415370837988285,0.9634449477894881,0.0010696487767596307,0.0,0.9634449392138549,1.0,46.382217391304344,45.69991591973244,15.738377458193979,0.01464428146739887,0.33724917278789157,0.6443948447427373,0.0,0.9853318700894856,0.3420925074438154
dfn,ifa,30.0,1,1,router,0.0,0.0,0.0,0.0,0.0,0.0,0.0,1.0,0.0,0.013377926421404694,0.013377926421404694,0.0,0.0,0.025055741337664295,0.9923634336677815,0.0,1.0,0.0
dfn,ifa,30.0,1,2,router,21.407974833333334,16.001435766666667,16.001435766666667,0.2495566575177902,0.7496749049818113,0.0006012671852685099,0.0,0.7480204495514189,1.0,51.40168959866221,46.39559531772575,16.420678829431438,0.09542596210108935,0.3186867207498947,0.5819543309674381,0.0,0.903399528662736,0.35172789200460103
dfn,ifa,30.0,1,3,router,9.076256743333333,7.2216336666666665,7.2216336666666665,0.20422742072742073,0.7949013423210346,0.001522149231120019,0.0,0.7936201936813652,1.0,38.95341718060201,37.03539598662207,7.060478662207359,0.04844675776222725,0.1801031678079556,0.7662747186254304,0.0,0.9512160586941635,0.18899114025000413
dfn,ifa,30.0,1,4,router,8.652310949999999,6.928087866666666,6.928087866666666,0.19559357744651862,0.8035531080057007,0.0016838365768764255,0.0,0.8026437040710258,1.0,9.119937377926421,7.282486287625418,7.282486287625418,0.19961078961915082,0.7994090814234371,0.0019306053836308785,0.0,0.7990362441881285,1.0
dfn,ifa,30.0,1,5,router,8.972826846666667,7.2582533,7.2582533,0.1874409252405113,0.8114314777734802,0.0014880204298886274,0.0,0.8102797197015709,1.0,8.974542792642142,7.083807324414717,7.083807324414717,0.20962372354512823,0.7895843112077411,0.0017178581671786083,0.0,0.7885930702862788,1.0
dfn,ifa,30.0,1,6,attacker,9.988333299999999,4.609177133333334,4.6125104666666665,0.5376363636363636,0.46210054456424415,0.0013333333333333335,0.0,0.46207362628050885,1.0,39.98494983277592,34.47103277591973,4.486086287625418,0.13775868125209134,0.11265269140652015,0.7450532373029364,0.0,0.8620984004008272,0.12907955905223842
dfn,ifa,30.0,1,7,benign_consumer,9.988333299999999,4.460412943333333,4.463746276666667,0.5526969696969697,0.44730495955796185,0.0013333333333333335,0.0,0.447165046923944,1.0,10.0,4.492418183946488,4.492418183946488,0.5498175737306172,0.4495762665551839,0.0016722408026755853,0.0,0.44924181839464883,1.0
dfn,ifa,30.0,1,8,benign_consumer,9.988333299999999,4.201120783333334,4.204454116666667,0.5785757575757575,0.42129945895771487,0.0013333333333333335,0.0,0.4212725406739795,1.0,10.0,4.610831906354515,4.610831906354515,0.537600081078342,0.46141763879598663,0.0016722408026755853,0.0,0.46108319063545156,1.0
dfn,ifa,30.0,1,9,benign_consumer,9.988333299999999,4.444523533333333,4.447856833333334,0.5540303030303031,0.4460346278219037,0.0013333333333333335,0.0,0.4454543918341958,1.0,10.0,4.509105471571906,4.509105471571906,0.5479831762440458,0.45124499531772577,0.0016722408026755853,0.0,0.45091054715719064,1.0
dfn,ifa,30.0,1,10,benign_consumer,9.988333299999999,4.39925858,4.402591946666666,0.5585454545454546,0.4412097641696299,0.0013333333333333335,0.0,0.4410698482022187,1.0,10.0,4.551150501672241,4.551150501672241,0.5438735177865612,0.45544949832775916,0.0016722408026755853,0.0,0.45511505016722403,1.0
dfn,ifa,30.0,1,11,benign_consumer,9.988333299999999,4.566901566666666,4.5702349,0.5421212121212121,0.4585283360027911,0.0013333333333333335,0.0,0.4576342234862206,1.0,10.0,4.4233922909699,4.4233922909699,0.5568004459308806,0.4426736772575251,0.0016722408026755853,0.0,0.44233922909699,1.0
dfn,ifa,30.0,2,0,router,16.237310166666667,15.617370266666667,15.617370266666667,0.0384580557427015,0.9615309496616091,0.001110862411123088,0.0,0.961529715846096,1.0,45.69347892976589,44.95428424749164,14.99274578595318,0.01586661576942806,0.32576488229923445,0.6544264184334633,0.0,0.9839924152398821,0.3309681255249061
dfn,ifa,30.0,2,1,router,0.0,0.0,0.0,0.0,0.0,0.0,0.0,1.0,0.0,0.013377926421404694,0.013377926421404694,0.0,0.0,0.025055741337664295,0.9923634336677815,0.0,1.0,0.0
dfn,ifa,30.0,2,2,router,21.8075975,16.237310166666667,16.237310166666667,0.25226430707845937,0.7481079536227426,0.0006067057395911198,0.0,0.7450509061869078,1.0,50.90673347826087,45.706856856187294,15.731941170568563,0.10036979201826118,0.30831331920934224,0.5873818901924913,0.0,0.8983757917004823,0.3415842906415113
dfn,ifa,30.0,2,3,router,9.06423285,7.215764900000001,7.215764900000001,0.20479377688588216,0.796614095498548,0.001907319986723448,0.0,0.795338223597819,1.0,38.566975117056856,36.82717993311037,6.852264849498328,0.04443569469545571,0.17658477049214366,0.7737558066784687,0.0,0.9552562341115836,0.18457297505967135
dfn,ifa,30.0,2,4,router,9.150034033333332,7.334765833333333,7.334765833333333,0.1955747631997632,0.8036645775743544,0.0014271716802745707,0.0,0.8022591513300145,1.0,8.806325367892976,6.947072307692307,6.947072307692307,0.20558188559860802,0.792781689574511,0.0016532250920611423,0.0,0.7916760941932602,1.0
dfn,ifa,30.0,2,5,router,9.023062923333333,7.257066766666667,7.257066766666667,0.1951381830587713,0.8060177725449517,0.0015272123584462317,0.0,0.8033328684798713,1.0,8.942109371237457,7.132481237458195,7.132481237458195,0.20110309608637367,0.7989063171573692,0.0019408547091501278,0.0,0.7971446222138576,1.0
dfn,ifa,30.0,2,6,attacker,9.988333299999999,4.546770516666666,4.550103849999999,0.543939393939394,0.4558620892706718,0.0013333333333333335,0.0,0.4558351709869365,1.0,39.98494983277592,34.30307658862876,4.318127190635452,0.14193412253554655,0.1084504790361313,0.7450532373029364,0.0,0.8578962613817104,0.124802710520779
dfn,ifa,30.0,2,7,benign_consumer,9.988333299999999,4.5107957,4.5141290000000005,0.5475151515151515,0.45261815081280665,0.0013333333333333335,0.0,0.45210787114205175,1.0,10.0,4.273931973244147,4.273931973244147,0.5717441978311543,0.4277276454849498,0.0016722408026755853,0.0,0.4273931973244147,1.0
dfn,ifa,30.0,2,8,benign_consumer,9.988333299999999,4.607847366666666,4.6111807,0.5376363636363636,0.46233715917546087,0.0013333333333333335,0.0,0.46182687617136925,1.0,10.0,4.495753602006689,4.495753602006689,0.5497719671632715,0.449909808361204,0.0016722408026755853,0.0,0.44957536020066885,1.0
dfn,ifa,30.0,2,9,benign_consumer,9.988333299999999,4.53552,4.538853333333333,0.545060606060606,0.4548541727759781,0.0013333333333333335,0.0,0.4546443038250072,1.0,10.0,4.310571765886287,4.310571765886287,0.5678980439850005,0.4313916247491638,0.0016722408026755853,0.0,0.43105717658862874,1.0
dfn,ifa,30.0,2,10,benign_consumer,9.988333299999999,4.363667866666666,4.3670012,0.5622727272727273,0.43763256551573876,0.0013333333333333335,0.0,0.4374926528817209,1.0,10.0,4.519263454849498,4.519263454849498,0.5470913144826188,0.452260793645485,0.0016722408026755853,0.0,0.4519263454849498,1.0
dfn,ifa,30.0,2,11,benign_consumer,9.988333299999999,4.652728356666667,4.656061723333333,0.5336969696969697,0.4666241587344843,0.0013333333333333335,0.0,0.4664142864501201,1.0,10.0,4.42284591638796,4.42284591638796,0.5565470761122935,0.44261903979933104,0.0016722408026755853,0.0,0.44228459163879597,1.0
dfn,ifa,30.0,3,0,router,16.0595395,15.413730900000001,15.413730900000001,0.04004358051566065,0.9597114706966983,0.0010672888586791395,0.0,0.9597112586771264,1.0,45.86001237458194,45.27724836120401,15.315709899665551,0.012610753266869447,0.3315258334760285,0.651688823263325,0.0,0.9873460153297084,0.3356151086420049
dfn,ifa,30.0,3,1,router,0.0,0.0,0.0,0.0,0.0,0.0,0.0,1.0,0.0,0.013377926421404694,0.013377926421404694,0.0,0.0,0.025055741337664295,0.9923634336677815,0.0,1.0,0.0
dfn,ifa,30.0,3,2,router,21.417698833333333,16.0595395,16.0595395,0.24803636659356867,0.7522853209522932,0.0006431266928686029,0.0,0.7495929365137148,1.0,51.170351137123745,45.87339030100335,15.898473578595318,0.10142478725139051,0.31019819893263567,0.5843918653337082,0.0,0.8970023589382788,0.343990236237991
dfn,ifa,30.0,3,3,router,8.886037589999999,7.123550666666667,7.123550666666667,0.19941114742745178,0.8020781585350917,0.0021768110056852017,0.0,0.8002555467219415,1.0,38.76768706020067,36.95526488294315,6.9803471906354515,0.046180830538821174,0.17876597860172624,0.7697304524701774,0.0,0.9535863664600838,0.18697944380074663
dfn,ifa,30.0,3,4,router,8.967270173333333,7.2027811,7.2027811,0.19661410269658353,0.8037059083810566,0.0015161314433824811,0.0,0.8028649287051278,1.0,8.788860531772576,6.979644648829432,6.979644648829432,0.20777274564899983,0.7929849719865045,0.00195071975112792,0.0,0.7920405629112307,1.0
dfn,ifa,30.0,3,5,router,8.873280006666667,7.091367066666667,7.091367066666667,0.200868050851797,0.7982640809255456,0.0015789071050995708,0.0,0.7981059434915948,1.0,9.133913819397993,7.23544160535117,7.23544160535117,0.2047841140650505,0.7938826159655533,0.0016845932340410008,0.0,0.7929830413882951,1.0
dfn,ifa,30.0,3,6,attacker,9.988333299999999,4.5309010333333335,4.534234433333333,0.5455151515151515,0.45437246751414856,0.0013333333333333335,0.0,0.45423254821340076,1.0,39.98494983277592,34.43217759197324,4.447225284280936,0.138647699066575,0.11166631151449448,0.7450532373029364,0.0,0.8611121665277981,0.12801636007611156
dfn,ifa,30.0,3,7,benign_consumer,9.988333299999999,4.34846979,4.351803156666667,0.5634848484848485,0.43638299907392586,0.0013333333333333335,0.0,0.4358727127365009,1.0,10.0,4.345542913043478,4.345542913043478,0.5645231580014188,0.43488873946488293,0.0016722408026755853,0.0,0.43455429130434786,1.0
dfn,ifa,30.0,3,8,benign_consumer,9.988333299999999,4.370881566666667,4.3742149,0.5616969696969697,0.43861105083475754,0.0013333333333333335,0.0,0.43810076783066604,1.0,10.0,4.34873764548495,4.34873764548495,0.5638137225093747,0.43520821270903015,0.0016722408026755853,0.0,0.43487376454849497,1.0
dfn,ifa,30.0,3,9,benign_consumer,9.988333299999999,4.5897219400000004,4.593055273333333,0.5396363636363636,0.46048311238428036,0.0013333333333333335,0.0,0.46001586741351824,1.0,10.0,4.440122886287625,4.440122886287625,0.5549660484443093,0.44434673678929765,0.0016722408026755853,0.0,0.4440122886287625,1.0
dfn,ifa,30.0,3,10,benign_consumer,9.988333299999999,4.561121166666667,4.564454466666667,0.5424242424242424,0.4576635397120465,0.0013333333333333335,0.0,0.4571532600412916,1.0,10.0,4.616228969899665,4.616228969899665,0.537600081078342,0.46195734515050163,0.0016722408026755853,0.0,0.46162289698996656,1.0
dfn,ifa,30.0,3,11,benign_consumer,9.988333299999999,4.305492206666667,4.30882554,0.5678787878787879,0.4318878416973383,0.0013333333333333335,0.0,0.4316779727463674,1.0,10.0,4.517684849498328,4.517684849498328,0.5476892672544846,0.45210293311036787,0.0016722408026755853,0.0,0.4517684849498328,1.0
dfn,ifa,30.0,4,0,router,16.195729933333332,15.525767766666668,15.525767766666668,0.041342005176289734,0.9584834837224989,0.0009242292124866064,0.0,0.9584832610957553,1.0,45.64124214046823,44.91291180602006,14.951373344481604,0.015764624335113105,0.325319305732838,0.6548457300393106,0.0,0.9841508249435619,0.33040625831547604
dfn,ifa,30.0,4,1,router,0.0,0.0,0.0,0.0,0.0,0.0,0.0,1.0,0.0,0.013377926421404694,0.013377926421404694,0.0,0.0,0.025055741337664295,0.9923634336677815,0.0,1.0,0.0
dfn,ifa,30.0,4,2,router,21.797514533333334,16.195729933333332,16.195729933333332,0.2564073111669446,0.7439316340560702,0.0005735476788615591,0.0,0.7424371107278716,1.0,50.879929531772575,45.654620066889635,15.679703879598662,0.10090703833617327,0.30757280032553913,0.5873855090564792,0.0,0.897777200476524,0.34097254509636576
dfn,ifa,30.0,4,3,router,9.058480016666667,7.216941466666667,7.216941466666667,0.2059204111106285,0.7954916035902535,0.0016229570152049655,0.0,0.7940216178924255,1.0,38.588145785953174,36.89228227424749,6.9173637123745815,0.043279678407101,0.17808642372061168,0.7730425732244319,0.0,0.9563498819327797,0.1855912119088743
dfn,ifa,30.0,4,4,router,9.0913342,7.3018331000000005,7.3018331000000005,0.19615674510674508,0.8035619241866642,0.001394317607800449,0.0,0.8028848015239354,1.0,8.754131505016721,7.121692173913043,7.121692173913043,0.18612093035169958,0.8137166141107852,0.0019033741637638096,0.0,0.8123373559629374,1.0
dfn,ifa,30.0,4,5,router,9.06322843,7.278739966666667,7.278739966666667,0.194611237781826,0.8039859701160927,0.0013274613744953844,0.0,0.8036590372281416,1.0,8.68409068896321,6.8659550836120395,6.8659550836120395,0.21080138739001614,0.7904074489200951,0.002059115528825304,0.0,0.7896484694547511,1.0
dfn,ifa,30.0,4,6,attacker,9.988333299999999,4.4405969333333335,4.4439303,0.5544848484848485,0.44532788509027815,0.0013333333333333335,0.0,0.44518796912292363,1.0,39.98494983277592,34.21927023411371,4.234320638795987,0.14398555163969495,0.10633438453364454,0.7450532373029364,0.0,0.8557801711541182,0.12243560090708046
dfn,ifa,30.0,4,7,benign_consumer,9.988333299999999,4.611216416666667,4.614549716666667,0.5377272727272727,0.462654068433737,0.0013333333333333335,0.0,0.4621437887629821,1.0,10.0,4.378909331103679,4.378909331103679,0.5607226107226108,0.43822538127090305,0.0016722408026755853,0.0,0.43789093311036786,1.0
dfn,ifa,30.0,4,8,benign_consumer,9.988333299999999,4.608457666666666,4.611791,0.5376363636363636,0.46202810205115713,0.0013333333333333335,0.0,0.4620011837674217,1.0,10.0,4.259705986622074,4.259705986622074,0.573355629877369,0.4263050468227425,0.0016722408026755853,0.0,0.4259705986622073,1.0
dfn,ifa,30.0,4,9,benign_consumer,9.988333299999999,4.476209866666666,4.4795432,0.5511515151515152,0.4489228720669348,0.0013333333333333335,0.0,0.4487130031159639,1.0,10.0,4.494425518394649,4.494425518394649,0.5494932603628256,0.44977700000000004,0.0016722408026755853,0.0,0.44944255183946485,1.0
dfn,ifa,30.0,4,10,benign_consumer,9.988333299999999,4.44919034,4.452523706666667,0.5538181818181819,0.4461854147648505,0.0013333333333333335,0.0,0.44604549879749605,1.0,10.0,4.33540908361204,4.33540908361204,0.5654606263301916,0.43387535652173914,0.0016722408026755853,0.0,0.43354090836120407,1.0
dfn,ifa,30.0,4,11,benign_consumer,9.988333299999999,4.6073713566666665,4.610704723333333,0.538060606060606,0.46208832640471126,0.0013333333333333335,0.0,0.46187845412034695,1.0,10.0,4.34868160535117,4.34868160535117,0.564026553156988,0.4352026086956522,0.0016722408026755853,0.0,0.434868160535117,1.0
dfn,ifa,30.0,5,0,router,15.962917766666665,15.324684666666666,15.324684666666666,0.04137224789190061,0.9591464532443869,0.001248275766675211,0.0,0.9591462457329342,1.0,46.307070903010036,45.60697822742475,15.64543976588629,0.014840786565272062,0.33582665755439345,0.6454647566994097,0.0,0.9850360682118062,0.34082706510734606
dfn,ifa,30.0,5,1,router,0.0,0.0,0.0,0.0,0.0,0.0,0.0,1.0,0.0,0.013377926421404694,0.013377926421404694,0.0,0.0,0.025055741337664295,0.9923634336677815,0.0,1.0,0.0
dfn,ifa,30.0,5,2,router,21.4072139,15.962917766666665,15.962917766666665,0.250830550532737,0.7486263221493493,0.0006936188096818617,0.0,0.7464345612576613,1.0,51.66862284280936,46.32044882943144,16.345531973244146,0.10184649967559606,0.3158137328049177,0.5785519202348871,0.0,0.8970327193111591,0.3505982822826403
dfn,ifa,30.0,5,3,router,8.875355366666666,7.0478008,7.0478008,0.20575786854047723,0.7946937745507769,0.0018023232791448817,0.0,0.7937918600918294,1.0,38.854908394648824,37.06431571906354,7.089400468227424,0.04538710158893002,0.18138018968087807,0.7682542089044649,0.0,0.9543117689677185,0.18963348972279473
dfn,ifa,30.0,5,4,router,8.746894099999999,6.9019622,6.9019622,0.21267689940068454,0.7893350535633648,0.0017572318588062166,0.0,0.7878383204423699,1.0,9.048546622073578,7.25596575250836,7.25596575250836,0.19609143179377292,0.8036999901544997,0.0019580019400943986,0.0,0.8025530727665134,1.0
dfn,ifa,30.0,5,5,router,9.415196493333333,7.4574509,7.4574509,0.20787994875494875,0.7942094521815974,0.001597455050007967,0.0,0.7925579802556898,1.0,9.0989081270903,7.348341371237458,7.348341371237458,0.19018347872862923,0.8093690861132963,0.0019148613735415281,0.0,0.80772819268135,1.0
dfn,ifa,30.0,5,6,attacker,9.988333299999999,4.4359128000000005,4.4392461,0.554939393939394,0.44511599008605873,0.0013333333333333335,0.0,0.44460571041530395,1.0,39.98494983277592,34.384045819398,4.39909364548495,0.13994795160906356,0.11048975681035758,0.7450532373029364,0.0,0.8599356084409682,0.1267388888897646
dfn,ifa,30.0,5,7,benign_consumer,9.988333299999999,4.4327759,4.436109266666667,0.5551515151515151,0.4445456658861048,0.0013333333333333335,0.0,0.44440574991875015,1.0,10.0,4.48089602006689,4.48089602006689,0.5510742880308098,0.4484240501672241,0.0016722408026755853,0.0,0.44808960200668896,1.0
dfn,ifa,30.0,5,8,benign_consumer,9.988333299999999,4.2770340000000004,4.2803674,0.5708181818181818,0.4289861413830531,0.0013333333333333335,0.0,0.42884622208230516,1.0,10.0,4.500527859531773,4.500527859531773,0.548910509780075,0.4503872341137124,0.0016722408026755853,0.0,0.45005278595317727,1.0
dfn,ifa,30.0,5,9,benign_consumer,9.988333299999999,4.463193366666667,4.4665267,0.5523030303030303,0.448201117744991,0.0013333333333333335,0.0,0.4472505080532794,1.0,10.0,4.5480187625418065,4.5480187625418065,0.5441218202087768,0.4551363244147157,0.0016722408026755853,0.0,0.4548018762541806,1.0
dfn,ifa,30.0,5,10,benign_consumer,9.988333299999999,4.737930133333333,4.741263433333334,0.5250606060606061,0.47549399979309165,0.0013333333333333335,0.0,0.4746133497519664,1.0,10.0,4.5379129096989965,4.5379129096989965,0.5450643559339211,0.45412573913043475,0.0016722408026755853,0.0,0.4537912909698996,1.0
dfn,ifa,30.0,5,11,benign_consumer,9.988333299999999,4.670599660000001,4.67393306,0.5311515151515152,0.46840818715497873,0.0013333333333333335,0.0,0.4681983115372679,1.0,10.0,4.560995217391304,4.560995217391304,0.5428955102868146,0.45643396989966556,0.0016722408026755853,0.0,0.4560995217391305,1.0
dfn,ifa,50.0,1,0,router,16.001435766666667,15.431470866666665,15.431470866666665,0.036415370837988285,0.9634449477894881,0.0010696487767596307,0.0,0.9634449392138549,1.0,66.36549498327759,65.68988314381271,15.745066755852841,0.01014186552448297,0.23610286063614744,0.7490843088014673,0.0,0.9898461673315787,0.23841609867613725
dfn,ifa,50.0,1,1,router,0.0,0.0,0.0,0.0,0.0,0.0,0.0,1.0,0.0,0.013377926421404694,0.013377926421404694,0.0,0.0,0.025055741337664295,0.9923634336677815,0.0,1.0,0.0
dfn,ifa,50.0,1,2,router,21.407974833333334,16.001435766666667,16.001435766666667,0.2495566575177902,0.7496749049818113,0.0006012671852685099,0.0,0.7480204495514189,1.0,71.38496685618729,66.378872909699,16.420678829431438,0.0688878486339399,0.2296134378425114,0.6968269764450902,0.0,0.9303269140641198,0.24614435020173475
dfn,ifa,50.0,1,3,router,9.076256743333333,7.2216336666666665,7.2216336666666665,0.20422742072742073,0.7949013423210346,0.001522149231120019,0.0,0.7936201936813652,1.0,58.93669510702341,57.01867324414715,7.060478662207359,0.03215632340433273,0.11927473542859264,0.8428097402424084,0.0,0.9676684346205959,0.12309126143390535
dfn,ifa,50.0,1,4,router,8.652310949999999,6.928087866666666,6.928087866666666,0.19559357744651862,0.8035531080057007,0.0016838365768764255,0.0,0.8026437040710258,1.0,9.119937377926421,7.282486287625418,7.282486287625418,0.19961078961915082,0.7994090814234371,0.0019306053836308785,0.0,0.7990362441881285,1.0
dfn,ifa,50.0,1,5,router,8.972826846666667,7.2582533,7.2582533,0.1874409252405113,0.8114314777734802,0.0014880204298886274,0.0,0.8102797197015709,1.0,8.974542792642142,7.083807324414717,7.083807324414717,0.20962372354512823,0.7895843112077411,0.0017178581671786083,0.0,0.7885930702862788,1.0
dfn,ifa,50.0,1,6,attacker,9.988333299999999,4.609177133333334,4.6125104666666665,0.5376363636363636,0.46210054456424415,0.0013333333333333335,0.0,0.46207362628050885,1.0,59.95819364548495,54.44427692307692,4.486086287625418,0.09187388994944234,0.07515721345024783,0.8275617470987436,0.0,0.9080302203393755,0.08196133397668703
dfn,ifa,50.0,1,7,benign_consumer,9.988333299999999,4.460412943333333,4.463746276666667,0.5526969696969697,0.44730495955796185,0.0013333333333333335,0.0,0.447165046923944,1.0,10.0,4.492418183946488,4.492418183946488,0.5498175737306172,0.4495762665551839,0.0016722408026755853,0.0,0.44924181839464883,1.0
dfn,ifa,50.0,1,8,benign_consumer,9.988333299999999,4.201120783333334,4.204454116666667,0.5785757575757575,0.42129945895771487,0.0013333333333333335,0.0,0.4212725406739795,1.0,10.0,4.610831906354515,4.610831906354515,0.537600081078342,0.46141763879598663,0.0016722408026755853,0.0,0.46108319063545156,1.0
dfn,ifa,50.0,1,9,benign_consumer,9.988333299999999,4.444523533333333,4.447856833333334,0.5540303030303031,0.4460346278219037,0.0013333333333333335,0.0,0.4454543918341958,1.0,10.0,4.509105471571906,4.509105471571906,0.5479831762440458,0.45124499531772577,0.0016722408026755853,0.0,0.45091054715719064,1.0
dfn,ifa,50.0,1,10,benign_consumer,9.988333299999999,4.39925858,4.402591946666666,0.5585454545454546,0.4412097641696299,0.0013333333333333335,0.0,0.4410698482022187,1.0,10.0,4.551150501672241,4.551150501672241,0.5438735177865612,0.45544949832775916,0.0016722408026755853,0.0,0.45511505016722403,1.0
dfn,ifa,50.0,1,11,benign_consumer,9.988333299999999,4.566901566666666,4.5702349,0.5421212121212121,0.4585283360027911,0.0013333333333333335,0.0,0.4576342234862206,1.0,10.0,4.4233922909699,4.4233922909699,0.5568004459308806,0.4426736772575251,0.0016722408026755853,0.0,0.44233922909699,1.0
dfn,ifa,100.0,1,0,router,16.001435766666667,15.431470866666665,15.431470866666665,0.036415370837988285,0.9634449477894881,0.0010696487767596307,0.0,0.9634449392138549,1.0,116.3203280936455,115.63804401337792,15.741722608695651,0.005849142520145279,0.1349433962835271,0.8535759729324781,0.0,0.9941460749499277,0.13568594067236753
dfn,ifa,100.0,1,1,router,0.0,0.0,0.0,0.0,0.0,0.0,0.0,1.0,0.0,0.016722408026755863,0.016722408026755863,0.0,0.0,0.022240802557903967,0.9934782608695653,0.0,1.0,0.0
dfn,ifa,100.0,1,2,router,21.407974833333334,16.001435766666667,16.001435766666667,0.2495566575177902,0.7496749049818113,0.0006012671852685099,0.0,0.7480204495514189,1.0,121.34313608695653,116.34039163879598,16.424022976588628,0.04064435005884537,0.1352866815638775,0.8185541147142381,0.0,0.9589411266554604,0.1407337040503813
dfn,ifa,100.0,1,3,router,9.076256743333333,7.2216336666666665,7.2216336666666665,0.20422742072742073,0.7949013423210346,0.001522149231120019,0.0,0.7936201936813652,1.0,108.89492988963211,106.97684247491638,7.060478662207359,0.017480277038065224,0.06469773716078203,0.9115385253808818,0.0,0.9824503400423951,0.06578920562259703
dfn,ifa,100.0,1,4,router,8.652310949999999,6.928087866666666,6.928087866666666,0.19559357744651862,0.8035531080057007,0.0016838365768764255,0.0,0.8026437040710258,1.0,9.119937377926421,7.282486287625418,7.282486287625418,0.19961078961915082,0.7994090814234371,0.0019306053836308785,0.0,0.7990362441881285,1.0
dfn,ifa,100.0,1,5,router,8.972826846666667,7.2582533,7.2582533,0.1874409252405113,0.8114314777734802,0.0014880204298886274,0.0,0.8102797197015709,1.0,8.974542792642142,7.083807324414717,7.083807324414717,0.20962372354512823,0.7895843112077411,0.0017178581671786083,0.0,0.7885930702862788,1.0
dfn,ifa,100.0,1,6,attacker,9.988333299999999,4.609177133333334,4.6125104666666665,0.5376363636363636,0.46210054456424415,0.0013333333333333335,0.0,0.46207362628050885,1.0,109.91973280936455,104.40585284280937,4.486086287625418,0.0501235544733733,0.040997871044896946,0.902824819536192,0.0,0.9498320496969955,0.0428475169028151
dfn,ifa,100.0,1,7,benign_consumer,9.988333299999999,4.460412943333333,4.463746276666667,0.5526969696969697,0.44730495955796185,0.0013333333333333335,0.0,0.447165046923944,1.0,10.000000033444817,4.492418183946488,4.492418183946488,0.5498581129015911,0.4495627800572459,0.001672215177488411,0.0,0.44922833189671074,1.0
dfn,ifa,100.0,1,8,benign_consumer,9.988333299999999,4.201120783333334,4.204454116666667,0.5785757575757575,0.42129945895771487,0.0013333333333333335,0.0,0.4212725406739795,1.0,10.000000033444817,4.610831906354515,4.610831906354515,0.5375291375291376,0.4614435812187224,0.001672215177488411,0.0,0.4611091330581873,1.0
dfn,ifa,100.0,1,9,benign_consumer,9.988333299999999,4.444523533333333,4.447856833333334,0.5540303030303031,0.4460346278219037,0.0013333333333333335,0.0,0.4454543918341958,1.0,10.000000033444817,4.509105471571906,4.509105471571906,0.5481520894564372,0.45116978160593907,0.001672215177488411,0.0,0.45083533344540394,1.0
dfn,ifa,100.0,1,10,benign_consumer,9.988333299999999,4.39925858,4.402591946666666,0.5585454545454546,0.4412097641696299,0.0013333333333333335,0.0,0.4410698482022187,1.0,10.000000033444817,4.551150501672241,4.551150501672241,0.5439512178642614,0.45545369675134856,0.001672215177488411,0.0,0.45508421580758196,0.9994315477673148
dfn,ifa,100.0,1,11,benign_consumer,9.988333299999999,4.566901566666666,4.5702349,0.5421212121212121,0.4585283360027911,0.0013333333333333335,0.0,0.4576342234862206,1.0,10.000000033444817,4.42339231103679,4.4233922909699,0.5568477416303503,0.44268722204760225,0.001672215177488411,0.0,0.4423177431105647,0.9993353755525656
dumbbell,cp,10.0,1,0,attacker,9.988333299999999,4.6125104666666665,4.615199333333333,0.5373333333333333,0.46199652816067927,0.0016,0.0,0.46240695961384215,0.9602942871736938,20.03338793812709,16.560747826086956,16.557836053511707,0.28519831032304305,0.7214985186299221,0.0003988509666353414,0.0,0.7539437034702011,0.826839258385695
dumbbell,cp,10.0,1,1,benign_consumer,9.988333299999999,4.45374621,4.45696779,0.5533636363636364,0.44582368013591034,0.0013333333333333335,0.0,0.4464983735906106,0.9626567722856445,10.0,4.4924181170568565,4.492418826086956,0.5498175737306172,0.44823853143812703,0.0016722408026755853,0.0,0.4492418117056856,0.9583250212338431
dumbbell,cp,10.0,1,2,attacker,9.988333299999999,4.187814016666667,4.1906142,0.5799090909090909,0.419901389594637,0.0013333333333333335,0.0,0.41994186400731287,0.9628745857741965,20.03338793812709,16.593825484949832,16.59091280936455,0.28101536145014405,0.7281402461817149,0.0009242946292765307,0.0,0.7568255142032634,0.8267374278764157
dumbbell,cp,10.0,1,3,router,9.220832966666666,9.2174996,9.2174996,0.0004166666666666667,0.9995814968408151,0.001967566087262003,0.0,0.9995814968408151,1.0,35.531696287625415,35.531696287625415,35.531696287625415,0.0,1.0,0.0002683918924930511,0.0,1.0,1.0
dumbbell,cp,10.0,1,4,router,0.0,0.0,0.0,0.0,0.0,0.0,0.0,1.0,0.0,0.0,0.0,0.0,0.0,0.0,0.0,0.0,1.0,0.0
dumbbell,cp,10.0,1,5,router,13.264070693333332,9.716555866666665,9.716555866666665,0.26811503577834844,0.73179269358953,0.0010719285690351575,0.0,0.7311248667537968,1.0,37.646560324414715,35.53264311036789,35.53264311036789,0.10668916587014651,0.9074398713670032,0.0002604104730047773,0.0,0.9064112429172652,1.0
dumbbell,cp,10.0,1,6,router,9.716555866666665,9.327498233333333,9.327498233333333,0.041566146816146815,0.9586902179531701,0.0017471607955821266,0.0,0.9586902179531701,1.0,35.53264311036789,35.531696287625415,35.531696287625415,0.0,1.0,0.00026830084768547353,0.0,0.999985235907433,1.0
dumbbell,cp,10.0,1,7,router,9.327498233333333,9.244165733333332,9.244165733333332,0.009407819032819032,0.9903924188604893,0.0018245876282853239,0.0,0.9903924188604893,1.0,35.531696287625415,35.531696287625415,35.531696287625415,0.0,1.0,0.0002683918924930511,0.0,1.0,1.0
dumbbell,cp,10.0,1,8,router,9.244165733333332,9.220832966666666,9.220832966666666,0.0022973322973322973,0.9975836450543517,0.0019675397897507903,0.0,0.9975836450543517,1.0,35.531696287625415,35.531696287625415,35.531696287625415,0.0,1.0,0.0002683918924930511,0.0,1.0,1.0
dumbbell,cp,10.0,1,9,router,0.0,0.0,0.0,0.0,0.0,0.0,0.0,1.0,0.0,0.0,0.0,0.0,0.0,0.0,0.0,0.0,1.0,0.0
dumbbell,cp,10.0,2,0,attacker,9.988333299999999,4.533437216666667,4.5341042,0.545151515151515,0.45423582419193453,0.0016,0.0,0.45450184098693647,0.9657280965439248,20.03338793812709,16.440879130434784,16.442675785953178,0.2974878848364237,0.7154086354870167,0.0003988509666353414,0.0,0.7425573272170031,0.8262776551708149
dumbbell,cp,10.0,2,1,benign_consumer,9.988333299999999,4.510795566666666,4.513595433333333,0.5475824915824916,0.4517218069340641,0.0013333333333333335,0.0,0.4521078578087184,0.9586786794640021,10.0,4.270587525083612,4.2705873244147154,0.5720229046316003,0.4247176053511706,0.0016722408026755853,0.0,0.42705875250836123,0.954968687359656
dumbbell,cp,10.0,2,2,attacker,9.988333299999999,4.6211807,4.621313433333333,0.5363333333333333,0.461173583206003,0.0013333333333333335,0.0,0.4632672028585078,0.9601646508980999,20.03338793812709,16.54009244147157,16.540285551839467,0.28450571167962474,0.7208432580881337,0.0009242946292765307,0.0,0.7522920947510714,0.8263251581842018
dumbbell,cp,10.0,2,3,router,9.658055533333332,9.644721933333333,9.644721933333333,0.0013560606060606063,0.9985946774876676,0.0016820038058099193,0.0,0.9985946774876676,1.0,35.21920207357859,35.21920207357859,35.21920207357859,0.0,1.0,0.0002551877441145707,0.0,1.0,1.0
dumbbell,cp,10.0,2,4,router,0.0,0.0,0.0,0.0,0.0,0.0,0.0,1.0,0.0,0.0,0.0,0.0,0.0,0.0,0.0,0.0,1.0,0.0
dumbbell,cp,10.0,2,5,router,13.675413483333331,10.191094533333333,10.191094533333333,0.2536179762050111,0.7472738453651719,0.001133680536746329,0.0,0.7454462076350286,1.0,37.25112899665552,35.21949672240803,35.21949672240803,0.10653707353818367,0.9086458856989733,0.00024614281158791995,0.0,0.9077067848227849,1.0
dumbbell,cp,10.0,2,6,router,10.191094533333333,9.771386766666666,9.771386766666666,0.04058836479424714,0.9588022918698839,0.0015918785580164426,0.0,0.9588022918698839,1.0,35.21949672240803,35.21920240802676,35.21920240802676,0.0,1.0,0.0002551579339179982,0.0,0.999995341446846,1.0
dumbbell,cp,10.0,2,7,router,9.771386766666666,9.684721666666666,9.684721666666666,0.009459272209272208,0.9907217502352675,0.0016062465397080603,0.0,0.9907217502352675,1.0,35.21920240802676,35.21920207357859,35.21920207357859,0.0,1.0,0.0002551877133562055,0.0,0.9999999964140783,1.0
dumbbell,cp,10.0,2,8,router,9.684721666666666,9.658055533333332,9.658055533333332,0.0028137325637325634,0.9972194215892892,0.0016819921139873825,0.0,0.9972194215892892,1.0,35.21920207357859,35.21920207357859,35.21920207357859,0.0,1.0,0.0002551877441145707,0.0,1.0,1.0
dumbbell,cp,10.0,2,9,router,0.0,0.0,0.0,0.0,0.0,0.0,0.0,1.0,0.0,0.0,0.0,0.0,0.0,0.0,0.0,0.0,1.0,0.0
dumbbell,cp,10.0,3,0,attacker,9.988333299999999,4.5342343,4.537461333333333,0.5453030303030303,0.45321188398814677,0.0016,0.0,0.45456587488006744,0.9647163442387188,20.03338793812709,16.499015652173913,16.495587257525084,0.28892562171250696,0.7175110678023671,0.0003988509666353414,0.0,0.7500969418867902,0.8259985064802686
dumbbell,cp,10.0,3,1,benign_consumer,9.988333299999999,4.345137623333334,4.3456963533333335,0.5638484848484848,0.43527535902549935,0.0013333333333333335,0.0,0.4356464894236394,0.9617258221444467,10.0,4.352230872909699,4.354880107023411,0.5638542616803487,0.4344846762541806,0.0016722408026755853,0.0,0.4352230872909699,0.9602255080519345
dumbbell,cp,10.0,3,2,attacker,9.988333299999999,4.360881733333333,4.364210536666667,0.5627643097643098,0.4364363134655522,0.0013333333333333335,0.0,0.4371007844973326,0.9593635817262054,20.03338793812709,16.465565351170568,16.46468595317726,0.2906186205099249,0.7177238609221912,0.0009242946292765307,0.0,0.7475457469972772,0.8251277972004826
dumbbell,cp,10.0,3,3,router,9.250309233333335,9.223642333333334,9.223642333333334,0.003007770007770008,0.9971068774156984,0.0018059078127859508,0.0,0.9971068774156984,1.0,35.193559464882945,35.193559464882945,35.193559464882945,0.0,1.0,0.00026461527690645274,0.0,1.0,1.0
dumbbell,cp,10.0,3,4,router,0.0,0.0,0.0,0.0,0.0,0.0,0.0,1.0,0.0,0.0,0.0,0.0,0.0,0.0,0.0,0.0,1.0,0.0
dumbbell,cp,10.0,3,5,router,13.250253723333334,9.818810366666666,9.818810366666666,0.2570208373227269,0.7431223176980492,0.001222752482384161,0.0,0.7407483923241215,1.0,37.31637956856187,35.19506381270903,35.19506381270903,0.11019297607717402,0.905048865048394,0.00025621727076516505,0.0,0.9036460454541763,1.0
dumbbell,cp,10.0,3,6,router,9.818810366666666,9.406175333333334,9.406175333333334,0.042934422059422064,0.9571259253480542,0.0016614924396738256,0.0,0.9571259253480542,1.0,35.19506381270903,35.19436214046823,35.19436214046823,0.0,1.0,0.00026445419144614297,0.0,0.9999884895041194,1.0
dumbbell,cp,10.0,3,7,router,9.406175333333334,9.286975066666667,9.286975066666667,0.013386280386280385,0.9867803492098062,0.0017187232026345742,0.0,0.9867803492098062,1.0,35.19436214046823,35.193559464882945,35.193559464882945,0.0,1.0,0.0002645291921015277,0.0,0.9999868381351098,1.0
dumbbell,cp,10.0,3,8,router,9.286975066666667,9.250309233333335,9.250309233333335,0.00396961371961372,0.9960457205971621,0.0017853418647030507,0.0,0.9960457205971621,1.0,35.193559464882945,35.193559464882945,35.193559464882945,0.0,1.0,0.00026461527690645274,0.0,1.0,1.0
dumbbell,cp,10.0,3,9,router,0.0,0.0,0.0,0.0,0.0,0.0,0.0,1.0,0.0,0.0,0.0,0.0,0.0,0.0,0.0,0.0,1.0,0.0
dumbbell,cp,10.0,4,0,attacker,9.988333299999999,4.4439303,4.4440627,0.5541818181818182,0.44547100408531937,0.0016,0.0,0.44552130578959026,0.9619324468214749,20.03338793812709,16.25321307692308,16.256183612040132,0.31469270136411975,0.7106127487983894,0.0003988509666353414,0.0,0.7292357630104277,0.8254798912089995
dumbbell,cp,10.0,4,1,benign_consumer,9.988333299999999,4.621216516666666,4.624550126666667,0.5367946127946128,0.4622343984482072,0.0013333333333333335,0.0,0.4631437987629821,0.9586051939054901,10.0,4.378909264214046,4.378887257525084,0.5607226107226108,0.4372198227424749,0.0016722408026755853,0.0,0.43789092642140465,0.9600160385910184
dumbbell,cp,10.0,4,2,attacker,9.988333299999999,4.618457766666667,4.619017833333333,0.5366363636363637,0.46172697566315113,0.0013333333333333335,0.0,0.4630011937674217,0.9618556273183955,20.03338793812709,16.310966387959866,16.31289204013378,0.30537487874444397,0.7118394547972825,0.0009242946292765307,0.0,0.7354501376681417,0.8255909635254206
dumbbell,cp,10.0,4,3,router,9.5803875,9.570387233333333,9.570387233333333,0.001537037037037037,0.9987388813445425,0.0013853052936831159,0.0,0.9987388813445425,1.0,34.89777237458194,34.89777237458194,34.89777237458194,0.0,1.0,0.0002671565782908546,0.0,1.0,1.0
dumbbell,cp,10.0,4,4,router,0.0,0.0,0.0,0.0,0.0,0.0,0.0,1.0,0.0,0.0,0.0,0.0,0.0,0.0,0.0,0.0,1.0,0.0
dumbbell,cp,10.0,4,5,router,13.693604583333332,10.100387966666666,10.100387966666666,0.26168315595562464,0.7387288376863727,0.0010353733511366393,0.0,0.7375199604189411,1.0,36.94266016722408,34.89777304347826,34.89777304347826,0.10616148418930843,0.9088975414151949,0.0002561373825924876,0.0,0.9067873498171788,1.0
dumbbell,cp,10.0,4,6,router,10.100387966666666,9.707052833333334,9.707052833333334,0.03887193824693825,0.960815717701336,0.0012639402559844219,0.0,0.960815717701336,1.0,34.89777304347826,34.89777237458194,34.89777237458194,0.0,1.0,0.00026715651382254907,0.0,0.9999999926581238,1.0
dumbbell,cp,10.0,4,7,router,9.707052833333334,9.603721,9.603721,0.010973304473304473,0.989298702823773,0.0013852473602251267,0.0,0.989298702823773,1.0,34.89777237458194,34.89777237458194,34.89777237458194,0.0,1.0,0.0002671565782908546,0.0,1.0,1.0
dumbbell,cp,10.0,4,8,router,9.603721,9.5803875,9.5803875,0.0023876863876863877,0.9975873345316605,0.0013853020263438238,0.0,0.9975873345316605,1.0,34.89777237458194,34.89777237458194,34.89777237458194,0.0,1.0,0.0002671565782908546,0.0,1.0,1.0
dumbbell,cp,10.0,4,9,router,0.0,0.0,0.0,0.0,0.0,0.0,0.0,1.0,0.0,0.0,0.0,0.0,0.0,0.0,0.0,0.0,1.0,0.0
dumbbell,cp,10.0,5,0,attacker,9.988333299999999,4.4425794666666665,4.445783619999999,0.5542188552188553,0.44563309494879877,0.0016,0.0,0.4452723770819706,0.9646085499497972,20.03338793812709,16.4741818729097,16.47139678929766,0.29447515940744734,0.7184519343429133,0.0003988509666353414,0.0,0.745243027816075,0.8269750086250138
dumbbell,cp,10.0,5,1,benign_consumer,9.988333299999999,4.442775999999999,4.446002766666666,0.5541515151515152,0.4437289398132462,0.0013333333333333335,0.0,0.4454063834974369,0.9674951996079852,10.0,4.48758508361204,4.487579799331104,0.5504053917097395,0.4480890869565217,0.0016722408026755853,0.0,0.44875850836120407,0.9551240467529891
dumbbell,cp,10.0,5,2,attacker,9.988333299999999,4.290367366666667,4.293679076666667,0.5694848484848485,0.42889769743217016,0.0013333333333333335,0.0,0.43017955874897185,0.9600306288164249,20.03338793812709,16.513536722408027,16.512778160535117,0.29107468618338184,0.7130941473678749,0.0009242946292765307,0.0,0.7478101601203878,0.8262633979685091
dumbbell,cp,10.0,5,3,router,9.044271833333333,9.040938533333334,9.040938533333334,0.0004166666666666667,0.9995787200466331,0.002023583743420779,0.0,0.9995787200466331,1.0,35.55703464882943,35.55703464882943,35.55703464882943,0.0,1.0,0.00025953915400090576,0.0,1.0,1.0
dumbbell,cp,10.0,5,4,router,0.0,0.0,0.0,0.0,0.0,0.0,0.0,1.0,0.0,0.0,0.0,0.0,0.0,0.0,0.0,0.0,1.0,0.0
dumbbell,cp,10.0,5,5,router,13.185722866666667,9.6408064,9.6408064,0.268151815793509,0.7310586036821721,0.0012320569397333303,0.0,0.729903860119938,1.0,37.47487147157191,35.557169096989966,35.557169096989966,0.09787292961844343,0.9159552941125292,0.00025160953492183184,0.0,0.9149826608737031,1.0
dumbbell,cp,10.0,5,6,router,9.6408064,9.207604466666666,9.207604466666666,0.045859866984866986,0.9540687942917123,0.001853358403377063,0.0,0.9540687942917123,1.0,35.557169096989966,35.55703464882943,35.55703464882943,0.0,1.0,0.0002595267210806456,0.0,0.9999979821295364,1.0
dumbbell,cp,10.0,5,7,router,9.207604466666666,9.090938266666667,9.090938266666667,0.01274024124024124,0.9871867735888437,0.002011419519816746,0.0,0.9871867735888437,1.0,35.55703464882943,35.55703464882943,35.55703464882943,0.0,1.0,0.00025953915400090576,0.0,1.0,1.0
dumbbell,cp,10.0,5,8,router,9.090938266666667,9.044271833333333,9.044271833333333,0.005273846523846524,0.994672772367486,0.002015716796186746,0.0,0.994672772367486,1.0,35.55703464882943,35.55703464882943,35.55703464882943,0.0,1.0,0.00025953915400090576,0.0,1.0,1.0
dumbbell,cp,10.0,5,9,router,0.0,0.0,0.0,0.0,0.0,0.0,0.0,1.0,0.0,0.0,0.0,0.0,0.0,0.0,0.0,0.0,1.0,0.0
dumbbell,cp,12.0,1,0,attacker,9.988333299999999,4.6125104666666665,4.615199333333333,0.5373333333333333,0.46199652816067927,0.0016,0.0,0.46240695961384215,0.9602942871736938,22.0398601270903,18.72438441471572,18.721428528428092,0.26509403825868544,0.7821781809917007,0.0008837910960514229,0.0,0.7790336119200438,0.9756328723312253
dumbbell,cp,12.0,1,1,benign_consumer,9.988333299999999,4.45374621,4.45696779,0.5533636363636364,0.44582368013591034,0.0013333333333333335,0.0,0.4464983735906106,0.9626567722856445,10.0,4.4957626655518395,4.495763341137123,0.549483125570082,0.4482385448160535,0.0016722408026755853,0.0,0.4495762665551839,0.956123950295905
dumbbell,cp,12.0,1,2,attacker,9.988333299999999,4.187814016666667,4.1906142,0.5799090909090909,0.419901389594637,0.0013333333333333335,0.0,0.41994186400731287,0.9628745857741965,22.0398601270903,18.770840735785953,18.767841438127093,0.263299328374168,0.7892888703603963,0.0009597881615639414,0.0,0.7816597267565532,0.9776688155936767
dumbbell,cp,12.0,1,3,router,9.220832966666666,9.2174996,9.2174996,0.0004166666666666667,0.9995814968408151,0.001967566087262003,0.0,0.9995814968408151,1.0,40.16095451505017,40.16095451505017,40.16095451505017,0.0,1.0,0.000620350845702269,0.0,1.0,1.0
dumbbell,cp,12.0,1,4,router,0.0,0.0,0.0,0.0,0.0,0.0,0.0,1.0,0.0,0.0,0.0,0.0,0.0,0.0,0.0,0.0,1.0,0.0
dumbbell,cp,12.0,1,5,router,13.264070693333332,9.716555866666665,9.716555866666665,0.26811503577834844,0.73179269358953,0.0010719285690351575,0.0,0.7311248667537968,1.0,41.99098781605351,40.16190133779264,40.16156120401338,0.07897878944581124,0.931603898497168,0.0005326688811896454,0.0,0.9320231734910797,0.9943727898759084
dumbbell,cp,12.0,1,6,router,9.716555866666665,9.327498233333333,9.327498233333333,0.041566146816146815,0.9586902179531701,0.0017471607955821266,0.0,0.9586902179531701,1.0,40.16190133779264,40.16095451505017,40.16089030100334,0.0,0.9987635750455156,0.0006202598064267929,0.0,0.9999852921169183,0.9987635750455156
dumbbell,cp,12.0,1,7,router,9.327498233333333,9.244165733333332,9.244165733333332,0.009407819032819032,0.9903924188604893,0.0018245876282853239,0.0,0.9903924188604893,1.0,40.16095451505017,40.16095451505017,40.16095451505017,0.0,1.0,0.000620350845702269,0.0,1.0,1.0
dumbbell,cp,12.0,1,8,router,9.244165733333332,9.220832966666666,9.220832966666666,0.0022973322973322973,0.9975836450543517,0.0019675397897507903,0.0,0.9975836450543517,1.0,40.16095451505017,40.16095451505017,40.16095451505017,0.0,1.0,0.000620350845702269,0.0,1.0,1.0
dumbbell,cp,12.0,1,9,router,0.0,0.0,0.0,0.0,0.0,0.0,0.0,1.0,0.0,0.0,0.0,0.0,0.0,0.0,0.0,0.0,1.0,0.0
dumbbell,cp,12.0,2,0,attacker,9.988333299999999,4.533437216666667,4.5341042,0.545151515151515,0.45423582419193453,0.0016,0.0,0.45450184098693647,0.9657280965439248,22.0398601270903,18.630629866220737,18.632363846153847,0.27851962335212516,0.7775842438071958,0.0008837910960514229,0.0,0.769262556584913,0.9764893455884385
dumbbell,cp,12.0,2,1,benign_consumer,9.988333299999999,4.510795566666666,4.513595433333333,0.5475824915824916,0.4517218069340641,0.0013333333333333335,0.0,0.4521078578087184,0.9586786794640021,10.0,4.267243076923077,4.267241939799331,0.5723573527921354,0.42471751505016725,0.0016722408026755853,0.0,0.4267243076923077,0.9541799520370964
dumbbell,cp,12.0,2,2,attacker,9.988333299999999,4.6211807,4.621313433333333,0.5363333333333333,0.461173583206003,0.0013333333333333335,0.0,0.4632672028585078,0.9601646508980999,22.0398601270903,18.723691705685617,18.723798963210704,0.26764557015804347,0.7874470092072706,0.0009597881615639414,0.0,0.7788360396625024,0.976424369095139
dumbbell,cp,12.0,2,3,router,9.658055533333332,9.644721933333333,9.644721933333333,0.0013560606060606063,0.9985946774876676,0.0016820038058099193,0.0,0.9985946774876676,1.0,39.806348160535116,39.806348160535116,39.806348160535116,0.0,1.0,0.0005154184980780837,0.0,1.0,1.0
dumbbell,cp,12.0,2,4,router,0.0,0.0,0.0,0.0,0.0,0.0,0.0,1.0,0.0,0.0,0.0,0.0,0.0,0.0,0.0,0.0,1.0,0.0
dumbbell,cp,12.0,2,5,router,13.675413483333331,10.191094533333333,10.191094533333333,0.2536179762050111,0.7472738453651719,0.001133680536746329,0.0,0.7454462076350286,1.0,41.621564648829434,39.80664280936455,39.80627525083612,0.07939613027801302,0.9322516335156062,0.0004901707221406782,0.0,0.932048237075279,0.9944372920948579
dumbbell,cp,12.0,2,6,router,10.191094533333333,9.771386766666666,9.771386766666666,0.04058836479424714,0.9588022918698839,0.0015918785580164426,0.0,0.9588022918698839,1.0,39.80664280936455,39.806348494983276,39.806260869565214,0.0,0.9987764017371596,0.0005153886911659166,0.0,0.9999953673352268,0.9987764017371596
dumbbell,cp,12.0,2,7,router,9.771386766666666,9.684721666666666,9.684721666666666,0.009459272209272208,0.9907217502352675,0.0016062465397080603,0.0,0.9907217502352675,1.0,39.806348494983276,39.806348160535116,39.806348160535116,0.0,1.0,0.0005154184673197184,0.0,0.9999999964140783,1.0
dumbbell,cp,12.0,2,8,router,9.684721666666666,9.658055533333332,9.658055533333332,0.0028137325637325634,0.9972194215892892,0.0016819921139873825,0.0,0.9972194215892892,1.0,39.806348160535116,39.806348160535116,39.806348160535116,0.0,1.0,0.0005154184980780837,0.0,1.0,1.0
dumbbell,cp,12.0,2,9,router,0.0,0.0,0.0,0.0,0.0,0.0,0.0,1.0,0.0,0.0,0.0,0.0,0.0,0.0,0.0,0.0,1.0,0.0
dumbbell,cp,12.0,3,0,attacker,9.988333299999999,4.5342343,4.537461333333333,0.5453030303030303,0.45321188398814677,0.0016,0.0,0.45456587488006744,0.9647163442387188,22.0398601270903,18.67605795986622,18.672567090301005,0.26275883292989494,0.7840676090126113,0.0008837910960514229,0.0,0.7790625707037453,0.9747212580544885
dumbbell,cp,12.0,3,1,benign_consumer,9.988333299999999,4.345137623333334,4.3456963533333335,0.5638484848484848,0.43527535902549935,0.0013333333333333335,0.0,0.4356464894236394,0.9617258221444467,10.0,4.348886391304348,4.351535658862876,0.5641887098408838,0.4344846795986622,0.0016722408026755853,0.0,0.43488863913043474,0.9609232566975832
dumbbell,cp,12.0,3,2,attacker,9.988333299999999,4.360881733333333,4.364210536666667,0.5627643097643098,0.4364363134655522,0.0013333333333333335,0.0,0.4371007844973326,0.9593635817262054,22.0398601270903,18.642603110367894,18.641642408026758,0.2692499084427096,0.7837425955328648,0.0009597881615639414,0.0,0.7761201112401261,0.9756520728024828
dumbbell,cp,12.0,3,3,router,9.250309233333335,9.223642333333334,9.223642333333334,0.003007770007770008,0.9971068774156984,0.0018059078127859508,0.0,0.9971068774156984,1.0,39.86848127090301,39.86848127090301,39.86848127090301,0.0,1.0,0.0006434981334770563,0.0,1.0,1.0
dumbbell,cp,12.0,3,4,router,0.0,0.0,0.0,0.0,0.0,0.0,0.0,1.0,0.0,0.0,0.0,0.0,0.0,0.0,0.0,0.0,1.0,0.0
dumbbell,cp,12.0,3,5,router,13.250253723333334,9.818810366666666,9.818810366666666,0.2570208373227269,0.7431223176980492,0.001222752482384161,0.0,0.7407483923241215,1.0,41.66754746153846,39.869985618729096,39.86961939799331,0.07886546220010214,0.9323338353945787,0.0005967802504214843,0.0,0.9320409339960797,0.9944268238953778
dumbbell,cp,12.0,3,6,router,9.818810366666666,9.406175333333334,9.406175333333334,0.042934422059422064,0.9571259253480542,0.0016614924396738256,0.0,0.9571259253480542,1.0,39.869985618729096,39.869283946488295,39.86919866220736,0.0,0.9988230241537122,0.0006433370562788379,0.0,0.999988537356845,0.9988230241537122
dumbbell,cp,12.0,3,7,router,9.406175333333334,9.286975066666667,9.286975066666667,0.013386280386280385,0.9867803492098062,0.0017187232026345742,0.0,0.9867803492098062,1.0,39.869283946488295,39.86848127090301,39.86848127090301,0.0,1.0,0.0006434120527742094,0.0,0.9999868800313446,1.0
dumbbell,cp,12.0,3,8,router,9.286975066666667,9.250309233333335,9.250309233333335,0.00396961371961372,0.9960457205971621,0.0017853418647030507,0.0,0.9960457205971621,1.0,39.86848127090301,39.86848127090301,39.86848127090301,0.0,1.0,0.0006434981334770563,0.0,1.0,1.0
dumbbell,cp,12.0,3,9,router,0.0,0.0,0.0,0.0,0.0,0.0,0.0,1.0,0.0,0.0,0.0,0.0,0.0,0.0,0.0,0.0,1.0,0.0
dumbbell,cp,12.0,4,0,attacker,9.988333299999999,4.4439303,4.4440627,0.5541818181818182,0.44547100408531937,0.0016,0.0,0.44552130578959026,0.9619324468214749,22.0398601270903,18.416877859531773,18.417108361204015,0.2839966570900284,0.7715165343052555,0.0008837910960514229,0.0,0.7629887785951768,0.9737262145212426
dumbbell,cp,12.0,4,1,benign_consumer,9.988333299999999,4.621216516666666,4.624550126666667,0.5367946127946128,0.4622343984482072,0.0013333333333333335,0.0,0.4631437987629821,0.9586051939054901,10.0,4.378909264214046,4.378887224080268,0.5607226107226108,0.4372198193979933,0.0016722408026755853,0.0,0.43789092642140465,0.956808638629071
dumbbell,cp,12.0,4,2,attacker,9.988333299999999,4.618457766666667,4.619017833333333,0.5366363636363637,0.46172697566315113,0.0013333333333333335,0.0,0.4630011937674217,0.9618556273183955,22.0398601270903,18.427806153846152,18.42964976588629,0.28916062258008085,0.7691751723241232,0.0009597881615639414,0.0,0.759895603345411,0.9772603381236405
dumbbell,cp,12.0,4,3,router,9.5803875,9.570387233333333,9.570387233333333,0.001537037037037037,0.9987388813445425,0.0013853052936831159,0.0,0.9987388813445425,1.0,39.441583277591974,39.441583277591974,39.441583277591974,0.0,1.0,0.0005777220804660277,0.0,1.0,1.0
dumbbell,cp,12.0,4,4,router,0.0,0.0,0.0,0.0,0.0,0.0,0.0,1.0,0.0,0.0,0.0,0.0,0.0,0.0,0.0,0.0,1.0,0.0
dumbbell,cp,12.0,4,5,router,13.693604583333332,10.100387966666666,10.100387966666666,0.26168315595562464,0.7387288376863727,0.0010353733511366393,0.0,0.7375199604189411,1.0,41.223593277591974,39.44492876254181,39.44122073578595,0.07906261008904462,0.9328698825096065,0.0005277572116078443,0.0,0.9312590386072763,0.994197581778623
dumbbell,cp,12.0,4,6,router,10.100387966666666,9.707052833333334,9.707052833333334,0.03887193824693825,0.960815717701336,0.0012639402559844219,0.0,0.960815717701336,1.0,39.44492876254181,39.44492809364549,39.44484381270903,0.0,0.9986865612334042,0.0005777215006054974,0.0,0.9999999926581238,0.998737385044521
dumbbell,cp,12.0,4,7,router,9.707052833333334,9.603721,9.603721,0.010973304473304473,0.989298702823773,0.0013852473602251267,0.0,0.989298702823773,1.0,39.44492809364549,39.441583277591974,39.441583277591974,2.8585312866249325e-05,0.999949176188883,0.0005777215650738029,0.0,0.9999490947617435,1.0
dumbbell,cp,12.0,4,8,router,9.603721,9.5803875,9.5803875,0.0023876863876863877,0.9975873345316605,0.0013853020263438238,0.0,0.9975873345316605,1.0,39.441583277591974,39.441583277591974,39.441583277591974,0.0,1.0,0.0005777220804660277,0.0,1.0,1.0
dumbbell,cp,12.0,4,9,router,0.0,0.0,0.0,0.0,0.0,0.0,0.0,1.0,0.0,0.0,0.0,0.0,0.0,0.0,0.0,0.0,1.0,0.0
dumbbell,cp,12.0,5,0,attacker,9.988333299999999,4.4425794666666665,4.445783619999999,0.5542188552188553,0.44563309494879877,0.0016,0.0,0.4452723770819706,0.9646085499497972,22.0398601270903,18.684536321070237,18.678362408026757,0.26603502031157056,0.7861675404342413,0.0008837910960514229,0.0,0.777711362419425,0.979142522557668
dumbbell,cp,12.0,5,1,benign_consumer,9.988333299999999,4.442775999999999,4.446002766666666,0.5541515151515152,0.4437289398132462,0.0013333333333333335,0.0,0.4454063834974369,0.9674951996079852,10.0,4.494274046822742,4.493733612040134,0.5497364953886693,0.448370016722408,0.0016722408026755853,0.0,0.44942740468227427,0.9544967517939417
dumbbell,cp,12.0,5,2,attacker,9.988333299999999,4.290367366666667,4.293679076666667,0.5694848484848485,0.42889769743217016,0.0013333333333333335,0.0,0.43017955874897185,0.9600306288164249,22.0398601270903,18.667172709030098,18.66633076923077,0.2709037072454749,0.7810027284476234,0.0009597881615639414,0.0,0.774482562439034,0.975205770463626
dumbbell,cp,12.0,5,3,router,9.044271833333333,9.040938533333334,9.040938533333334,0.0004166666666666667,0.9995787200466331,0.002023583743420779,0.0,0.9995787200466331,1.0,40.12213210702341,40.12213210702341,40.12213210702341,0.0,1.0,0.0005952256271035543,0.0,1.0,1.0
dumbbell,cp,12.0,5,4,router,0.0,0.0,0.0,0.0,0.0,0.0,0.0,1.0,0.0,0.0,0.0,0.0,0.0,0.0,0.0,0.0,1.0,0.0
dumbbell,cp,12.0,5,5,router,13.185722866666667,9.6408064,9.6408064,0.268151815793509,0.7310586036821721,0.0012320569397333303,0.0,0.729903860119938,1.0,41.845983076923076,40.125611036789294,40.12192073578595,0.07404105719443532,0.9357204381497718,0.000527978755751502,0.0,0.9368888667490346,0.9944476435166045
dumbbell,cp,12.0,5,6,router,9.6408064,9.207604466666666,9.207604466666666,0.045859866984866986,0.9540687942917123,0.001853358403377063,0.0,0.9540687942917123,1.0,40.125611036789294,40.125476588628764,40.125410702341135,0.0,0.9988504279551792,0.000595213195775771,0.0,0.9999979938688445,0.9989020414976626
dumbbell,cp,12.0,5,7,router,9.207604466666666,9.090938266666667,9.090938266666667,0.01274024124024124,0.9871867735888437,0.002011419519816746,0.0,0.9871867735888437,1.0,40.125476588628764,40.12213210702341,40.12213210702341,2.908244874218409e-05,0.9999483564092557,0.0005952256271035521,0.0,0.9999483564092554,1.0
dumbbell,cp,12.0,5,8,router,9.090938266666667,9.044271833333333,9.044271833333333,0.005273846523846524,0.994672772367486,0.002015716796186746,0.0,0.994672772367486,1.0,40.12213210702341,40.12213210702341,40.12213210702341,0.0,1.0,0.0005952256271035543,0.0,1.0,1.0
dumbbell,cp,12.0,5,9,router,0.0,0.0,0.0,0.0,0.0,0.0,0.0,1.0,0.0,0.0,0.0,0.0,0.0,0.0,0.0,0.0,1.0,0.0
dumbbell,cp,15.0,1,0,attacker,9.988333299999999,4.6125104666666665,4.615199333333333,0.5373333333333333,0.46199652816067927,0.0016,0.0,0.46240695961384215,0.9602942871736938,25.048812473244148,22.00092518394649,21.998228127090304,0.22767322671100293,0.7946194481612782,0.0003955607639320679,0.0,0.8226027581668227,0.9102319276615856
dumbbell,cp,15.0,1,1,benign_consumer,9.988333299999999,4.45374621,4.45696779,0.5533636363636364,0.44582368013591034,0.0013333333333333335,0.0,0.4464983735906106,0.9626567722856445,10.0,4.489073668896321,4.489074411371238,0.5501520218911523,0.44790409665551845,0.0016722408026755853,0.0,0.4489073668896321,0.9560823707667095
dumbbell,cp,15.0,1,2,attacker,9.988333299999999,4.187814016666667,4.1906142,0.5799090909090909,0.419901389594637,0.0013333333333333335,0.0,0.41994186400731287,0.9628745857741965,25.048812473244148,22.070765016722408,22.06795762541806,0.21349230479665263,0.8058337473301486,0.0009144295334681904,0.0,0.8308014406077697,0.9114523317435907
dumbbell,cp,15.0,1,3,router,9.220832966666666,9.2174996,9.2174996,0.0004166666666666667,0.9995814968408151,0.001967566087262003,0.0,0.9995814968408151,1.0,46.930594983277594,46.930594983277594,46.930594983277594,0.0,1.0,0.000255596736680941,0.0,1.0,1.0
dumbbell,cp,15.0,1,4,router,0.0,0.0,0.0,0.0,0.0,0.0,0.0,1.0,0.0,0.0,0.0,0.0,0.0,0.0,0.0,0.0,1.0,0.0
dumbbell,cp,15.0,1,5,router,13.264070693333332,9.716555866666665,9.716555866666665,0.26811503577834844,0.73179269358953,0.0010719285690351575,0.0,0.7311248667537968,1.0,48.56075881939799,46.93154180602007,46.93154180602007,0.06529274237432622,0.9481633395796488,0.00024926260129730496,0.0,0.9470797256162725,1.0
dumbbell,cp,15.0,1,6,router,9.716555866666665,9.327498233333333,9.327498233333333,0.041566146816146815,0.9586902179531701,0.0017471607955821266,0.0,0.9586902179531701,1.0,46.93154180602007,46.930594983277594,46.930594983277594,0.0,1.0,0.00025550585824706044,0.0,0.9999856057597071,1.0
dumbbell,cp,15.0,1,7,router,9.327498233333333,9.244165733333332,9.244165733333332,0.009407819032819032,0.9903924188604893,0.0018245876282853239,0.0,0.9903924188604893,1.0,46.930594983277594,46.930594983277594,46.930594983277594,0.0,1.0,0.000255596736680941,0.0,1.0,1.0
dumbbell,cp,15.0,1,8,router,9.244165733333332,9.220832966666666,9.220832966666666,0.0022973322973322973,0.9975836450543517,0.0019675397897507903,0.0,0.9975836450543517,1.0,46.930594983277594,46.930594983277594,46.930594983277594,0.0,1.0,0.000255596736680941,0.0,1.0,1.0
dumbbell,cp,15.0,1,9,router,0.0,0.0,0.0,0.0,0.0,0.0,0.0,1.0,0.0,0.0,0.0,0.0,0.0,0.0,0.0,0.0,1.0,0.0
dumbbell,cp,15.0,2,0,attacker,9.988333299999999,4.533437216666667,4.5341042,0.545151515151515,0.45423582419193453,0.0016,0.0,0.45450184098693647,0.9657280965439248,25.048812473244148,21.949816321070234,21.949145418060198,0.22708654704378153,0.7992331191777873,0.0003955607639320679,0.0,0.8221598054314153,0.9115774673898088
dumbbell,cp,15.0,2,1,benign_consumer,9.988333299999999,4.510795566666666,4.513595433333333,0.5475824915824916,0.4517218069340641,0.0013333333333333335,0.0,0.4521078578087184,0.9586786794640021,10.0,4.263898595317726,4.263897491638796,0.5726918009526705,0.42471751839464883,0.0016722408026755853,0.0,0.42638985953177255,0.9529544865419345
dumbbell,cp,15.0,2,2,attacker,9.988333299999999,4.6211807,4.621313433333333,0.5363333333333333,0.461173583206003,0.0013333333333333335,0.0,0.4632672028585078,0.9601646508980999,25.048812473244148,21.992706220735787,21.99311852842809,0.22623065340456647,0.7986814574153066,0.0009144295334681904,0.0,0.824017179809388,0.9105278790489105
dumbbell,cp,15.0,2,3,router,9.658055533333332,9.644721933333333,9.644721933333333,0.0013560606060606063,0.9985946774876676,0.0016820038058099193,0.0,0.9985946774876676,1.0,46.60851538461538,46.60851538461538,46.60851538461538,0.0,1.0,0.0002441207907111696,0.0,1.0,1.0
dumbbell,cp,15.0,2,4,router,0.0,0.0,0.0,0.0,0.0,0.0,0.0,1.0,0.0,0.0,0.0,0.0,0.0,0.0,0.0,0.0,1.0,0.0
dumbbell,cp,15.0,2,5,router,13.675413483333331,10.191094533333333,10.191094533333333,0.2536179762050111,0.7472738453651719,0.001133680536746329,0.0,0.7454462076350286,1.0,48.20641862876254,46.60881003344482,46.60881003344482,0.06545850416170748,0.9493247831364107,0.00023662721288027458,0.0,0.9486169516989595,1.0
dumbbell,cp,15.0,2,6,router,10.191094533333333,9.771386766666666,9.771386766666666,0.04058836479424714,0.9588022918698839,0.0015918785580164426,0.0,0.9588022918698839,1.0,46.60881003344482,46.60851571906355,46.60851571906355,0.0,1.0,0.00024409106215452054,0.0,0.999995496863103,1.0
dumbbell,cp,15.0,2,7,router,9.771386766666666,9.684721666666666,9.684721666666666,0.009459272209272208,0.9907217502352675,0.0016062465397080603,0.0,0.9907217502352675,1.0,46.60851571906355,46.60851538461538,46.60851538461538,0.0,1.0,0.0002441207599528044,0.0,0.9999999964140783,1.0
dumbbell,cp,15.0,2,8,router,9.684721666666666,9.658055533333332,9.658055533333332,0.0028137325637325634,0.9972194215892892,0.0016819921139873825,0.0,0.9972194215892892,1.0,46.60851538461538,46.60851538461538,46.60851538461538,0.0,1.0,0.0002441207907111696,0.0,1.0,1.0
dumbbell,cp,15.0,2,9,router,0.0,0.0,0.0,0.0,0.0,0.0,0.0,1.0,0.0,0.0,0.0,0.0,0.0,0.0,0.0,0.0,1.0,0.0
dumbbell,cp,15.0,3,0,attacker,9.988333299999999,4.5342343,4.537461333333333,0.5453030303030303,0.45321188398814677,0.0016,0.0,0.45456587488006744,0.9647163442387188,25.048812473244148,21.94922575250836,21.946012474916387,0.22231561019871784,0.7995710363685603,0.0003955607639320679,0.0,0.824054218223792,0.91037391330951
dumbbell,cp,15.0,3,1,benign_consumer,9.988333299999999,4.345137623333334,4.3456963533333335,0.5638484848484848,0.43527535902549935,0.0013333333333333335,0.0,0.4356464894236394,0.9617258221444467,10.0,4.352230872909699,4.354880073578595,0.5638542616803487,0.434484672909699,0.0016722408026755853,0.0,0.4352230872909699,0.9594959474325847
dumbbell,cp,15.0,3,2,attacker,9.988333299999999,4.360881733333333,4.364210536666667,0.5627643097643098,0.4364363134655522,0.0013333333333333335,0.0,0.4371007844973326,0.9593635817262054,25.048812473244148,21.971825050167222,21.967818762541807,0.2245144348405218,0.7999093366474531,0.0009144295334681904,0.0,0.8234601775185821,0.9103120831548849
dumbbell,cp,15.0,3,3,router,9.250309233333335,9.223642333333334,9.223642333333334,0.003007770007770008,0.9971068774156984,0.0018059078127859508,0.0,0.9971068774156984,1.0,46.56441204013378,46.56441204013378,46.56441204013378,0.0,1.0,0.0002539232434533081,0.0,1.0,1.0
dumbbell,cp,15.0,3,4,router,0.0,0.0,0.0,0.0,0.0,0.0,0.0,1.0,0.0,0.0,0.0,0.0,0.0,0.0,0.0,0.0,1.0,0.0
dumbbell,cp,15.0,3,5,router,13.250253723333334,9.818810366666666,9.818810366666666,0.2570208373227269,0.7431223176980492,0.001222752482384161,0.0,0.7407483923241215,1.0,48.27328221070234,46.572604682274246,46.56926053511705,0.06987810085288627,0.9458849357462189,0.00024677198420224375,0.0,0.9441595184733589,0.999951542933578
dumbbell,cp,15.0,3,6,router,9.818810366666666,9.406175333333334,9.406175333333334,0.042934422059422064,0.9571259253480542,0.0016614924396738256,0.0,0.9571259253480542,1.0,46.572604682274246,46.56855886287625,46.56855886287625,2.8585312866249325e-05,0.9999022128148326,0.00025376201908022957,0.0,0.9999394643624525,1.0
dumbbell,cp,15.0,3,7,router,9.406175333333334,9.286975066666667,9.286975066666667,0.013386280386280385,0.9867803492098062,0.0017187232026345742,0.0,0.9867803492098062,1.0,46.56855886287625,46.56441204013378,46.56441204013378,2.8343064452128563e-05,0.999951542933578,0.0002538368770614672,0.0,0.9999386947422385,1.0
dumbbell,cp,15.0,3,8,router,9.286975066666667,9.250309233333335,9.250309233333335,0.00396961371961372,0.9960457205971621,0.0017853418647030507,0.0,0.9960457205971621,1.0,46.56441204013378,46.56441204013378,46.56441204013378,0.0,1.0,0.0002539232434533081,0.0,1.0,1.0
dumbbell,cp,15.0,3,9,router,0.0,0.0,0.0,0.0,0.0,0.0,0.0,1.0,0.0,0.0,0.0,0.0,0.0,0.0,0.0,0.0,1.0,0.0
dumbbell,cp,15.0,4,0,attacker,9.988333299999999,4.4439303,4.4440627,0.5541818181818182,0.44547100408531937,0.0016,0.0,0.44552130578959026,0.9619324468214749,25.048812473244148,21.703394381270904,21.703798528428095,0.24278726064185793,0.7918534561168371,0.0003955607639320679,0.0,0.8079295597146195,0.9112189802917897
dumbbell,cp,15.0,4,1,benign_consumer,9.988333299999999,4.621216516666666,4.624550126666667,0.5367946127946128,0.4622343984482072,0.0013333333333333335,0.0,0.4631437987629821,0.9586051939054901,10.0,4.382253712374582,4.382231772575251,0.5603881625620756,0.4372198260869565,0.0016722408026755853,0.0,0.43822537123745814,0.9567825435639038
dumbbell,cp,15.0,4,2,attacker,9.988333299999999,4.618457766666667,4.619017833333333,0.5366363636363637,0.46172697566315113,0.0013333333333333335,0.0,0.4630011937674217,0.9618556273183955,25.048812473244148,21.75448491638796,21.756626755852842,0.23587047010960052,0.795035245797729,0.0009144295334681904,0.0,0.8132539092888679,0.9100881204637519
dumbbell,cp,15.0,4,3,router,9.5803875,9.570387233333333,9.570387233333333,0.001537037037037037,0.9987388813445425,0.0013853052936831159,0.0,0.9987388813445425,1.0,46.22271036789297,46.22271036789297,46.22271036789297,0.0,1.0,0.0002554375299216198,0.0,1.0,1.0
dumbbell,cp,15.0,4,4,router,0.0,0.0,0.0,0.0,0.0,0.0,0.0,1.0,0.0,0.0,0.0,0.0,0.0,0.0,0.0,0.0,1.0,0.0
dumbbell,cp,15.0,4,5,router,13.693604583333332,10.100387966666666,10.100387966666666,0.26168315595562464,0.7387288376863727,0.0010353733511366393,0.0,0.7375199604189411,1.0,47.84013488294314,46.2227110367893,46.2227110367893,0.0678955986896489,0.9476011094268055,0.00024639923116744614,0.0,0.9454261376313003,1.0
dumbbell,cp,15.0,4,6,router,10.100387966666666,9.707052833333334,9.707052833333334,0.03887193824693825,0.960815717701336,0.0012639402559844219,0.0,0.960815717701336,1.0,46.2227110367893,46.22271036789297,46.22271036789297,0.0,1.0,0.0002554374654533143,0.0,0.9999999926581238,1.0
dumbbell,cp,15.0,4,7,router,9.707052833333334,9.603721,9.603721,0.010973304473304473,0.989298702823773,0.0013852473602251267,0.0,0.989298702823773,1.0,46.22271036789297,46.22271036789297,46.22271036789297,0.0,1.0,0.0002554375299216198,0.0,1.0,1.0
dumbbell,cp,15.0,4,8,router,9.603721,9.5803875,9.5803875,0.0023876863876863877,0.9975873345316605,0.0013853020263438238,0.0,0.9975873345316605,1.0,46.22271036789297,46.22271036789297,46.22271036789297,0.0,1.0,0.0002554375299216198,0.0,1.0,1.0
dumbbell,cp,15.0,4,9,router,0.0,0.0,0.0,0.0,0.0,0.0,0.0,1.0,0.0,0.0,0.0,0.0,0.0,0.0,0.0,0.0,1.0,0.0
dumbbell,cp,15.0,5,0,attacker,9.988333299999999,4.4425794666666665,4.445783619999999,0.5542188552188553,0.44563309494879877,0.0016,0.0,0.4452723770819706,0.9646085499497972,25.048812473244148,21.97776016722408,21.971865050167224,0.22446492492821787,0.8032502858478395,0.0003955607639320679,0.0,0.8231393105117525,0.9106837211866914
dumbbell,cp,15.0,5,1,benign_consumer,9.988333299999999,4.442775999999999,4.446002766666666,0.5541515151515152,0.4437289398132462,0.0013333333333333335,0.0,0.4454063834974369,0.9674951996079852,10.0,4.48758508361204,4.487044782608695,0.5504053917097395,0.4480355886287625,0.0016722408026755853,0.0,0.44875850836120407,0.9538514955368271
dumbbell,cp,15.0,5,2,attacker,9.988333299999999,4.290367366666667,4.293679076666667,0.5694848484848485,0.42889769743217016,0.0013333333333333335,0.0,0.43017955874897185,0.9600306288164249,25.048812473244148,21.967087591973247,21.966549197324415,0.2222999826260696,0.8008136348877728,0.0009144295334681904,0.0,0.8236493712172275,0.911223696571387
dumbbell,cp,15.0,5,3,router,9.044271833333333,9.040938533333334,9.040938533333334,0.0004166666666666667,0.9995787200466331,0.002023583743420779,0.0,0.9995787200466331,1.0,46.88180568561873,46.88180568561873,46.88180568561873,0.0,1.0,0.00024733273060331494,0.0,1.0,1.0
dumbbell,cp,15.0,5,4,router,0.0,0.0,0.0,0.0,0.0,0.0,0.0,1.0,0.0,0.0,0.0,0.0,0.0,0.0,0.0,0.0,1.0,0.0
dumbbell,cp,15.0,5,5,router,13.185722866666667,9.6408064,9.6408064,0.268151815793509,0.7310586036821721,0.0012320569397333303,0.0,0.729903860119938,1.0,48.43243846153846,46.888629431438126,46.88528494983277,0.05856349462531053,0.9532812293337702,0.00024009859695766999,0.0,0.9523974917387363,0.9999489737609945
dumbbell,cp,15.0,5,6,router,9.6408064,9.207604466666666,9.207604466666666,0.045859866984866986,0.9540687942917123,0.001853358403377063,0.0,0.9540687942917123,1.0,46.888629431438126,46.88515016722408,46.88515016722408,2.8343064452128563e-05,0.9998988195418904,0.0002473203249731817,0.0,0.999947883153543,1.0
dumbbell,cp,15.0,5,7,router,9.207604466666666,9.090938266666667,9.090938266666667,0.01274024124024124,0.9871867735888437,0.002011419519816746,0.0,0.9871867735888437,1.0,46.88515016722408,46.88180568561873,46.88180568561873,2.8831737977165263e-05,0.9999489737609948,0.00024733273060331283,0.0,0.9999489737609945,1.0
dumbbell,cp,15.0,5,8,router,9.090938266666667,9.044271833333333,9.044271833333333,0.005273846523846524,0.994672772367486,0.002015716796186746,0.0,0.994672772367486,1.0,46.88180568561873,46.88180568561873,46.88180568561873,0.0,1.0,0.00024733273060331494,0.0,1.0,1.0
dumbbell,cp,15.0,5,9,router,0.0,0.0,0.0,0.0,0.0,0.0,0.0,1.0,0.0,0.0,0.0,0.0,0.0,0.0,0.0,0.0,1.0,0.0
dumbbell,cp,20.0,1,0,attacker,9.988333299999999,4.6125104666666665,4.615199333333333,0.5373333333333333,0.46199652816067927,0.0016,0.0,0.46240695961384215,0.9602942871736938,30.060142107023413,27.49850725752508,27.495592508361206,0.1565499926155664,0.8076562339134361,0.00038096847701856297,0.0,0.8846519304918797,0.8372509543338137
dumbbell,cp,20.0,1,1,benign_consumer,9.988333299999999,4.45374621,4.45696779,0.5533636363636364,0.44582368013591034,0.0013333333333333335,0.0,0.4464983735906106,0.9626567722856445,10.0,4.4924181170568565,4.492419060200669,0.5498175737306172,0.4482385548494983,0.0016722408026755853,0.0,0.4492418117056856,0.9554718646598862
dumbbell,cp,20.0,1,2,attacker,9.988333299999999,4.187814016666667,4.1906142,0.5799090909090909,0.419901389594637,0.0013333333333333335,0.0,0.41994186400731287,0.9628745857741965,30.060142107023413,27.55351889632107,27.5506118729097,0.1613792005096353,0.8102619136659343,0.000868061057690406,0.0,0.8829294822372226,0.8384382700868597
dumbbell,cp,20.0,1,3,router,9.220832966666666,9.2174996,9.2174996,0.0004166666666666667,0.9995814968408151,0.001967566087262003,0.0,0.9995814968408151,1.0,58.06731872909699,58.06731872909699,58.06731872909699,0.0,1.0,0.00022821998955604192,0.0,1.0,1.0
dumbbell,cp,20.0,1,4,router,0.0,0.0,0.0,0.0,0.0,0.0,0.0,1.0,0.0,0.0,0.0,0.0,0.0,0.0,0.0,0.0,1.0,0.0
dumbbell,cp,20.0,1,5,router,13.264070693333332,9.716555866666665,9.716555866666665,0.26811503577834844,0.73179269358953,0.0010719285690351575,0.0,0.7311248667537968,1.0,59.54401594314382,58.06826555183947,58.06826555183947,0.05204604644543036,0.9635782300970072,0.0002234835757214935,0.0,0.9626061716826578,1.0
dumbbell,cp,20.0,1,6,router,9.716555866666665,9.327498233333333,9.327498233333333,0.041566146816146815,0.9586902179531701,0.0017471607955821266,0.0,0.9586902179531701,1.0,58.06826555183947,58.06731872909699,58.06731872909699,0.0,1.0,0.0002281326942550603,0.0,0.9999870394333658,1.0
dumbbell,cp,20.0,1,7,router,9.327498233333333,9.244165733333332,9.244165733333332,0.009407819032819032,0.9903924188604893,0.0018245876282853239,0.0,0.9903924188604893,1.0,58.06731872909699,58.06731872909699,58.06731872909699,0.0,1.0,0.00022821998955604192,0.0,1.0,1.0
dumbbell,cp,20.0,1,8,router,9.244165733333332,9.220832966666666,9.220832966666666,0.0022973322973322973,0.9975836450543517,0.0019675397897507903,0.0,0.9975836450543517,1.0,58.06731872909699,58.06731872909699,58.06731872909699,0.0,1.0,0.00022821998955604192,0.0,1.0,1.0
dumbbell,cp,20.0,1,9,router,0.0,0.0,0.0,0.0,0.0,0.0,0.0,1.0,0.0,0.0,0.0,0.0,0.0,0.0,0.0,0.0,1.0,0.0
dumbbell,cp,20.0,2,0,attacker,9.988333299999999,4.533437216666667,4.5341042,0.545151515151515,0.45423582419193453,0.0016,0.0,0.45450184098693647,0.9657280965439248,30.060142107023413,27.411163010033444,27.40693762541806,0.16967294615191977,0.8060256855049706,0.00038096847701856297,0.0,0.8776414049639933,0.837033035592506
dumbbell,cp,20.0,2,1,benign_consumer,9.988333299999999,4.510795566666666,4.513595433333333,0.5475824915824916,0.4517218069340641,0.0013333333333333335,0.0,0.4521078578087184,0.9586786794640021,10.0,4.270587525083612,4.270586454849498,0.5720229046316003,0.4247175217391304,0.0016722408026755853,0.0,0.42705875250836123,0.9519756381493931
dumbbell,cp,20.0,2,2,attacker,9.988333299999999,4.6211807,4.621313433333333,0.5363333333333333,0.461173583206003,0.0013333333333333335,0.0,0.4632672028585078,0.9601646508980999,30.060142107023413,27.458877491638795,27.455724247491638,0.16179364114146721,0.8059137734184589,0.000868061057690406,0.0,0.8821568676962833,0.8368484342964686
dumbbell,cp,20.0,2,3,router,9.658055533333332,9.644721933333333,9.644721933333333,0.0013560606060606063,0.9985946774876676,0.0016820038058099193,0.0,0.9985946774876676,1.0,57.660090301003336,57.660090301003336,57.660090301003336,0.0,1.0,0.00022204150921410914,0.0,1.0,1.0
dumbbell,cp,20.0,2,4,router,0.0,0.0,0.0,0.0,0.0,0.0,0.0,1.0,0.0,0.006688963210702341,0.006688963210702341,0.006688963210702341,0.0,0.8260869565217391,0.6722408026755854,0.0,1.0,0.8260869565217391
dumbbell,cp,20.0,2,5,router,13.675413483333331,10.191094533333333,10.191094533333333,0.2536179762050111,0.7472738453651719,0.001133680536746329,0.0,0.7454462076350286,1.0,59.140205384615385,57.66707257525083,57.660384949832775,0.05407578619725517,0.9632151891189389,0.00021662887372346303,0.0,0.9625843357603437,0.9999031633545525
dumbbell,cp,20.0,2,6,router,10.191094533333333,9.771386766666666,9.771386766666666,0.04058836479424714,0.9588022918698839,0.0015918785580164426,0.0,0.9588022918698839,1.0,57.66707257525083,57.66677826086956,57.6600906354515,0.0,0.9999031633545525,0.0002220125465026901,0.0,0.9999958386738719,0.9999031633545525
dumbbell,cp,20.0,2,7,router,9.771386766666666,9.684721666666666,9.684721666666666,0.009459272209272208,0.9907217502352675,0.0016062465397080603,0.0,0.9907217502352675,1.0,57.66677826086956,57.66677792642141,57.660090301003336,0.0,0.9999031633545525,0.00022204147845574393,0.0,0.9999999964140783,0.9999031633545525
dumbbell,cp,20.0,2,8,router,9.684721666666666,9.658055533333332,9.658055533333332,0.0028137325637325634,0.9972194215892892,0.0016819921139873825,0.0,0.9972194215892892,1.0,57.66677792642141,57.66677926421404,57.66677926421404,0.0,0.9999031633545525,0.00022204150921410914,0.0,1.0000000130421955,1.0
dumbbell,cp,20.0,2,9,router,0.0,0.0,0.0,0.0,0.0,0.0,0.0,1.0,0.0,0.006688963210702341,0.006688963210702341,0.006688963210702341,0.0,0.8260869565217391,0.6722408026755854,0.0,1.0,0.8260869565217391
dumbbell,cp,20.0,3,0,attacker,9.988333299999999,4.5342343,4.537461333333333,0.5453030303030303,0.45321188398814677,0.0016,0.0,0.45456587488006744,0.9647163442387188,30.060142107023413,27.477609966555182,27.474178394648828,0.16212042405912683,0.8050947079889996,0.00038096847701856297,0.0,0.8826274667201388,0.8371179069156348
dumbbell,cp,20.0,3,1,benign_consumer,9.988333299999999,4.345137623333334,4.3456963533333335,0.5638484848484848,0.43527535902549935,0.0013333333333333335,0.0,0.4356464894236394,0.9617258221444467,10.0,4.352230872909699,4.3548800401337795,0.5638542616803487,0.4344846695652174,0.0016722408026755853,0.0,0.4352230872909699,0.9595008503459134
dumbbell,cp,20.0,3,2,attacker,9.988333299999999,4.360881733333333,4.364210536666667,0.5627643097643098,0.4364363134655522,0.0013333333333333335,0.0,0.4371007844973326,0.9593635817262054,30.060142107023413,27.444150267558527,27.43992719063545,0.16476476422128594,0.8073977213978719,0.000868061057690406,0.0,0.880804286633793,0.836941148522932
dumbbell,cp,20.0,3,3,router,9.250309233333335,9.223642333333334,9.223642333333334,0.003007770007770008,0.9971068774156984,0.0018059078127859508,0.0,0.9971068774156984,1.0,57.72865986622073,57.72865986622073,57.72865986622073,0.0,1.0,0.00023039323372260265,0.0,1.0,1.0
dumbbell,cp,20.0,3,4,router,0.0,0.0,0.0,0.0,0.0,0.0,0.0,1.0,0.0,0.0033444816053511705,0.0033444816053511705,0.0033444816053511705,0.0,0.5150501672240803,0.3979933110367893,0.0,1.0,0.5150501672240803
dumbbell,cp,20.0,3,5,router,13.250253723333334,9.818810366666666,9.818810366666666,0.2570208373227269,0.7431223176980492,0.001222752482384161,0.0,0.7407483923241215,1.0,59.2735566923077,57.73685418060201,57.73016387959866,0.052619187964093934,0.962869011658127,0.000225485885579294,0.0,0.9614217490724184,0.9999115685880031
dumbbell,cp,20.0,3,6,router,9.818810366666666,9.406175333333334,9.406175333333334,0.042934422059422064,0.9571259253480542,0.0016614924396738256,0.0,0.9571259253480542,1.0,57.73685418060201,57.7361525083612,57.729462207357855,0.0,0.9999115685880031,0.00023023790009652045,0.0,0.9999898146916137,0.9999115685880031
dumbbell,cp,20.0,3,7,router,9.406175333333334,9.286975066666667,9.286975066666667,0.013386280386280385,0.9867803492098062,0.0017187232026345742,0.0,0.9867803492098062,1.0,57.7361525083612,57.73535016722408,57.72865986622073,0.0,0.9999115685880031,0.00023031022150588954,0.0,0.9999883488139228,0.9999115685880031
dumbbell,cp,20.0,3,8,router,9.286975066666667,9.250309233333335,9.250309233333335,0.00396961371961372,0.9960457205971621,0.0017853418647030507,0.0,0.9960457205971621,1.0,57.73535016722408,57.73534882943143,57.73534882943143,0.0,0.9999115685880031,0.00023039323369076388,0.0,1.0000000183322941,1.0
dumbbell,cp,20.0,3,9,router,0.0,0.0,0.0,0.0,0.0,0.0,0.0,1.0,0.0,0.006688963210702341,0.0033444816053511705,0.0033444816053511705,0.0033444816053511705,0.1505016722408027,0.23076924789297534,0.0,0.6354515050167224,0.5150501672240803
dumbbell,cp,20.0,4,0,attacker,9.988333299999999,4.4439303,4.4440627,0.5541818181818182,0.44547100408531937,0.0016,0.0,0.44552130578959026,0.9619324468214749,30.060142107023413,27.20287381270903,27.19594983277592,0.18754940037905113,0.8025847714793504,0.00038096847701856297,0.0,0.8658141258038257,0.8368745132579889
dumbbell,cp,20.0,4,1,benign_consumer,9.988333299999999,4.621216516666666,4.624550126666667,0.5367946127946128,0.4622343984482072,0.0013333333333333335,0.0,0.4631437987629821,0.9586051939054901,10.0,4.382253712374582,4.382231739130435,0.5603881625620756,0.4372198227424749,0.0016722408026755853,0.0,0.43822537123745814,0.9574408345569476
dumbbell,cp,20.0,4,2,attacker,9.988333299999999,4.618457766666667,4.619017833333333,0.5366363636363637,0.46172697566315113,0.0013333333333333335,0.0,0.4630011937674217,0.9618556273183955,30.060142107023413,27.2492937458194,27.251213244147156,0.17876598039641517,0.8030083187899428,0.000868061057690406,0.0,0.8698267375250853,0.836703097977904
dumbbell,cp,20.0,4,3,router,9.5803875,9.570387233333333,9.570387233333333,0.001537037037037037,0.9987388813445425,0.0013853052936831159,0.0,0.9987388813445425,1.0,57.29222675585285,57.29222675585285,57.29222675585285,0.0,1.0,0.00023083131911189316,0.0,1.0,1.0
dumbbell,cp,20.0,4,4,router,0.0,0.0,0.0,0.0,0.0,0.0,0.0,1.0,0.0,0.006688963210702341,0.006688963210702341,0.006688963210702341,0.0,0.8093645484949833,0.6163210698849484,0.0,1.0,0.8093645484949833
dumbbell,cp,20.0,4,5,router,13.693604583333332,10.100387966666666,10.100387966666666,0.26168315595562464,0.7387288376863727,0.0010353733511366393,0.0,0.7375199604189411,1.0,58.83398762541806,57.298915384615384,57.292227424749164,0.053245233259129096,0.9630740357392071,0.00022585551818492803,0.0,0.9613558728182495,0.9999043088829429
dumbbell,cp,20.0,4,6,router,10.100387966666666,9.707052833333334,9.707052833333334,0.03887193824693825,0.960815717701336,0.0012639402559844219,0.0,0.960815717701336,1.0,57.298915384615384,57.29891471571906,57.29222675585285,0.0,0.9999043088829429,0.00023081707821925515,0.0,0.9999999926581238,0.9999043088829429
dumbbell,cp,20.0,4,7,router,9.707052833333334,9.603721,9.603721,0.010973304473304473,0.989298702823773,0.0013852473602251267,0.0,0.989298702823773,1.0,57.29891471571906,57.29891471571906,57.29222675585285,0.0,0.9999043088829429,0.0002308171426875606,0.0,1.0,0.9999043088829429
dumbbell,cp,20.0,4,8,router,9.603721,9.5803875,9.5803875,0.0023876863876863877,0.9975873345316605,0.0013853020263438238,0.0,0.9975873345316605,1.0,57.29891471571906,57.29891571906355,57.29891571906355,0.0,0.9999043088829429,0.0002308171426875606,0.0,1.0000000169509646,1.0
dumbbell,cp,20.0,4,9,router,0.0,0.0,0.0,0.0,0.0,0.0,0.0,1.0,0.0,0.006688963210702341,0.006688963210702341,0.006688963210702341,0.0,0.8093645484949833,0.6163210698849484,0.0,1.0,0.8093645484949833
dumbbell,cp,20.0,5,0,attacker,9.988333299999999,4.4425794666666665,4.445783619999999,0.5542188552188553,0.44563309494879877,0.0016,0.0,0.4452723770819706,0.9646085499497972,30.060142107023413,27.467189665551842,27.464401237458194,0.16465535934530945,0.8070962774113959,0.00038096847701856297,0.0,0.8810018018699718,0.8374527869555428
dumbbell,cp,20.0,5,1,benign_consumer,9.988333299999999,4.442775999999999,4.446002766666666,0.5541515151515152,0.4437289398132462,0.0013333333333333335,0.0,0.4454063834974369,0.9674951996079852,10.0,4.4909295652173915,4.490389264214047,0.5500709435492044,0.4480355886287625,0.0016722408026755853,0.0,0.44909295652173914,0.9535843385868612
dumbbell,cp,20.0,5,2,attacker,9.988333299999999,4.290367366666667,4.293679076666667,0.5694848484848485,0.42889769743217016,0.0013333333333333335,0.0,0.43017955874897185,0.9600306288164249,30.060142107023413,27.46199762541806,27.461244080267562,0.16575290651377608,0.8035131835178793,0.000868061057690406,0.0,0.8816186134939792,0.8377157518908384
dumbbell,cp,20.0,5,3,router,9.044271833333333,9.040938533333334,9.040938533333334,0.0004166666666666667,0.9995787200466331,0.002023583743420779,0.0,0.9995787200466331,1.0,57.96006722408026,57.96006722408026,57.96006722408026,0.0,1.0,0.00022242407635275578,0.0,1.0,1.0
dumbbell,cp,20.0,5,4,router,0.0,0.0,0.0,0.0,0.0,0.0,0.0,1.0,0.0,0.0033444816053511705,0.0033444816053511705,0.0033444816053511705,0.0,0.6086956521739131,0.5986622073578596,0.0,1.0,0.6086956521739131
dumbbell,cp,20.0,5,5,router,13.185722866666667,9.6408064,9.6408064,0.268151815793509,0.7310586036821721,0.0012320569397333303,0.0,0.729903860119938,1.0,59.41968662207358,57.96354347826087,57.96020033444817,0.05203467714971649,0.9637238898715476,0.00021627030416391903,0.0,0.9628469012349666,0.9999522068720791
dumbbell,cp,20.0,5,6,router,9.6408064,9.207604466666666,9.207604466666666,0.045859866984866986,0.9540687942917123,0.001853358403377063,0.0,0.9540687942917123,1.0,57.96354347826087,57.96341036789298,57.96006722408026,0.0,0.9999522068720791,0.0002224098295017324,0.0,0.9999981970055741,0.9999522068720791
dumbbell,cp,20.0,5,7,router,9.207604466666666,9.090938266666667,9.090938266666667,0.01274024124024124,0.9871867735888437,0.002011419519816746,0.0,0.9871867735888437,1.0,57.96341036789298,57.96341036789298,57.96006722408026,0.0,0.9999522068720791,0.00022242194750221242,0.0,1.0,0.9999522068720791
dumbbell,cp,20.0,5,8,router,9.090938266666667,9.044271833333333,9.044271833333333,0.005273846523846524,0.994672772367486,0.002015716796186746,0.0,0.994672772367486,1.0,57.96341036789298,57.963411705685616,57.963411705685616,0.0,0.9999522068720791,0.00022242194750221242,0.0,1.0000000169238878,1.0
dumbbell,cp,20.0,5,9,router,0.0,0.0,0.0,0.0,0.0,0.0,0.0,1.0,0.0,0.0033444816053511705,0.0033444816053511705,0.0033444816053511705,0.0,0.6086956521739131,0.5986622073578596,0.0,1.0,0.6086956521739131
dumbbell,cp,30.0,1,0,attacker,9.988333299999999,4.6125104666666665,4.615199333333333,0.5373333333333333,0.46199652816067927,0.0016,0.0,0.46240695961384215,0.9602942871736938,40.065272909699,38.112198327759195,38.106153846153845,0.10389600606991911,0.9356287425936104,0.0006494875618326273,0.0,0.9352830877551422,0.9953003516000908
dumbbell,cp,30.0,1,1,benign_consumer,9.988333299999999,4.45374621,4.45696779,0.5533636363636364,0.44582368013591034,0.0013333333333333335,0.0,0.4464983735906106,0.9626567722856445,10.0,4.4924181170568565,4.492418892976589,0.5498175737306172,0.4482385448160535,0.0016722408026755853,0.0,0.4492418117056856,0.9554868034483213
dumbbell,cp,30.0,1,2,attacker,9.988333299999999,4.187814016666667,4.1906142,0.5799090909090909,0.419901389594637,0.0013333333333333335,0.0,0.41994186400731287,0.9628745857741965,40.065272909699,38.13386722408027,38.13106120401338,0.09386818930653572,0.9391112071100627,0.00033708925909059923,0.0,0.9384948425179614,0.9957965438987088
dumbbell,cp,30.0,1,3,router,9.220832966666666,9.2174996,9.2174996,0.0004166666666666667,0.9995814968408151,0.001967566087262003,0.0,0.9995814968408151,1.0,79.50294916387959,79.50294916387959,79.50294916387959,0.0,1.0,0.0001728718913243266,0.0,1.0,1.0
dumbbell,cp,30.0,1,4,router,0.0,0.0,0.0,0.0,0.0,0.0,0.0,1.0,0.0,0.0,0.0,0.0,0.0,0.0,0.0,0.0,1.0,0.0
dumbbell,cp,30.0,1,5,router,13.264070693333332,9.716555866666665,9.716555866666665,0.26811503577834844,0.73179269358953,0.0010719285690351575,0.0,0.7311248667537968,1.0,80.73848366889632,79.5105839464883,79.5105839464883,0.027767709749201137,0.9815499220660163,0.00017041449106634275,0.0,0.9807083311368462,1.0
dumbbell,cp,30.0,1,6,router,9.716555866666665,9.327498233333333,9.327498233333333,0.041566146816146815,0.9586902179531701,0.0017471607955821266,0.0,0.9586902179531701,1.0,79.5105839464883,79.50294916387959,79.50294916387959,5.5518671090345234e-05,0.9999146557905182,0.0001728044966802688,0.0,0.9999045967850291,1.0
dumbbell,cp,30.0,1,7,router,9.327498233333333,9.244165733333332,9.244165733333332,0.009407819032819032,0.9903924188604893,0.0018245876282853239,0.0,0.9903924188604893,1.0,79.50294916387959,79.50294916387959,79.50294916387959,0.0,1.0,0.0001728718913243266,0.0,1.0,1.0
dumbbell,cp,30.0,1,8,router,9.244165733333332,9.220832966666666,9.220832966666666,0.0022973322973322973,0.9975836450543517,0.0019675397897507903,0.0,0.9975836450543517,1.0,79.50294916387959,79.50294916387959,79.50294916387959,0.0,1.0,0.0001728718913243266,0.0,1.0,1.0
dumbbell,cp,30.0,1,9,router,0.0,0.0,0.0,0.0,0.0,0.0,0.0,1.0,0.0,0.0,0.0,0.0,0.0,0.0,0.0,0.0,1.0,0.0
dumbbell,cp,30.0,2,0,attacker,9.988333299999999,4.533437216666667,4.5341042,0.545151515151515,0.45423582419193453,0.0016,0.0,0.45450184098693647,0.9657280965439248,40.065272909699,38.1077889632107,38.10711872909699,0.09516460820808648,0.9368961731145378,0.0006494875618326273,0.0,0.937600873800451,0.9948434427379482
dumbbell,cp,30.0,2,1,benign_consumer,9.988333299999999,4.510795566666666,4.513595433333333,0.5475824915824916,0.4517218069340641,0.0013333333333333335,0.0,0.4521078578087184,0.9586786794640021,10.0,4.270587525083612,4.27058635451505,0.5720229046316003,0.4247175117056856,0.0016722408026755853,0.0,0.42705875250836123,0.9523314451889946
dumbbell,cp,30.0,2,2,attacker,9.988333299999999,4.6211807,4.621313433333333,0.5363333333333333,0.461173583206003,0.0013333333333333335,0.0,0.4632672028585078,0.9601646508980999,40.065272909699,38.09276889632107,38.09317591973244,0.10095680632031309,0.9364791685741158,0.00033708925909059923,0.0,0.9355760504246937,0.9954140596815721
dumbbell,cp,30.0,2,3,router,9.658055533333332,9.644721933333333,9.644721933333333,0.0013560606060606063,0.9985946774876676,0.0016820038058099193,0.0,0.9985946774876676,1.0,79.25524080267559,79.25524080267559,79.25524080267559,0.0,1.0,0.00016950891936935679,0.0,1.0,1.0
dumbbell,cp,30.0,2,4,router,0.0,0.0,0.0,0.0,0.0,0.0,0.0,1.0,0.0,0.0,0.0,0.0,0.0,0.0,0.0,0.0,1.0,0.0
dumbbell,cp,30.0,2,5,router,13.675413483333331,10.191094533333333,10.191094533333333,0.2536179762050111,0.7472738453651719,0.001133680536746329,0.0,0.7454462076350286,1.0,80.47114538461538,79.2588822742475,79.2588822742475,0.02892947893252615,0.9810887414305075,0.00016758610941584922,0.0,0.9804699302269584,1.0
dumbbell,cp,30.0,2,6,router,10.191094533333333,9.771386766666666,9.771386766666666,0.04058836479424714,0.9588022918698839,0.0015918785580164426,0.0,0.9588022918698839,1.0,79.2588822742475,79.25524113712375,79.25524113712375,2.8585312866249325e-05,0.9999575818578542,0.00016948644272952838,0.0,0.9999543500548949,1.0
dumbbell,cp,30.0,2,7,router,9.771386766666666,9.684721666666666,9.684721666666666,0.009459272209272208,0.9907217502352675,0.0016062465397080603,0.0,0.9907217502352675,1.0,79.25524113712375,79.25524080267559,79.25524080267559,0.0,1.0,0.0001695088886109916,0.0,0.9999999964140783,1.0
dumbbell,cp,30.0,2,8,router,9.684721666666666,9.658055533333332,9.658055533333332,0.0028137325637325634,0.9972194215892892,0.0016819921139873825,0.0,0.9972194215892892,1.0,79.25524080267559,79.25524080267559,79.25524080267559,0.0,1.0,0.00016950891936935679,0.0,1.0,1.0
dumbbell,cp,30.0,2,9,router,0.0,0.0,0.0,0.0,0.0,0.0,0.0,1.0,0.0,0.0,0.0,0.0,0.0,0.0,0.0,0.0,1.0,0.0
dumbbell,cp,30.0,3,0,attacker,9.988333299999999,4.5342343,4.537461333333333,0.5453030303030303,0.45321188398814677,0.0016,0.0,0.45456587488006744,0.9647163442387188,40.065272909699,38.098091304347825,38.094869565217394,0.09911690346472955,0.935609899454379,0.0006494875618326273,0.0,0.9361051138967139,0.9947795860653139
dumbbell,cp,30.0,3,1,benign_consumer,9.988333299999999,4.345137623333334,4.3456963533333335,0.5638484848484848,0.43527535902549935,0.0013333333333333335,0.0,0.4356464894236394,0.9617258221444467,10.0,4.355575321070234,4.3582245886287625,0.5635198135198135,0.4344846762541806,0.0016722408026755853,0.0,0.4355575321070234,0.9593030286020245
dumbbell,cp,30.0,3,2,attacker,9.988333299999999,4.360881733333333,4.364210536666667,0.5627643097643098,0.4364363134655522,0.0013333333333333335,0.0,0.4371007844973326,0.9593635817262054,40.065272909699,38.05703043478261,38.04700267558528,0.09795861954628883,0.9358965550019649,0.00033708925909059923,0.0,0.9359012295417137,0.9946623530331926
dumbbell,cp,30.0,3,3,router,9.250309233333335,9.223642333333334,9.223642333333334,0.003007770007770008,0.9971068774156984,0.0018059078127859508,0.0,0.9971068774156984,1.0,79.15696454849498,79.15696454849498,79.15696454849498,0.0,1.0,0.00017384825477974566,0.0,1.0,1.0
dumbbell,cp,30.0,3,4,router,0.0,0.0,0.0,0.0,0.0,0.0,0.0,1.0,0.0,0.0,0.0,0.0,0.0,0.0,0.0,0.0,1.0,0.0
dumbbell,cp,30.0,3,5,router,13.250253723333334,9.818810366666666,9.818810366666666,0.2570208373227269,0.7431223176980492,0.001222752482384161,0.0,0.7407483923241215,1.0,80.51069706020067,79.16849598662208,79.16515351170568,0.03352550535493779,0.9790434579470599,0.00017124062118515891,0.0,0.9778838799986073,0.9999632878934397
dumbbell,cp,30.0,3,6,router,9.818810366666666,9.406175333333334,9.406175333333334,0.042934422059422064,0.9571259253480542,0.0016614924396738256,0.0,0.9571259253480542,1.0,79.16849598662208,79.16111304347827,79.16111304347827,5.506158740517171e-05,0.999878745667078,0.00017373021068467062,0.0,0.9999076998027279,1.0
dumbbell,cp,30.0,3,7,router,9.406175333333334,9.286975066666667,9.286975066666667,0.013386280386280385,0.9867803492098062,0.0017187232026345742,0.0,0.9867803492098062,1.0,79.16111304347827,79.15696454849498,79.15696454849498,2.741378365041943e-05,0.9999632878934397,0.0001737850109141896,0.0,0.9999543329004331,1.0
dumbbell,cp,30.0,3,8,router,9.286975066666667,9.250309233333335,9.250309233333335,0.00396961371961372,0.9960457205971621,0.0017853418647030507,0.0,0.9960457205971621,1.0,79.15696454849498,79.15696454849498,79.15696454849498,0.0,1.0,0.00017384825477974566,0.0,1.0,1.0
dumbbell,cp,30.0,3,9,router,0.0,0.0,0.0,0.0,0.0,0.0,0.0,1.0,0.0,0.0,0.0,0.0,0.0,0.0,0.0,0.0,1.0,0.0
dumbbell,cp,30.0,4,0,attacker,9.988333299999999,4.4439303,4.4440627,0.5541818181818182,0.44547100408531937,0.0016,0.0,0.44552130578959026,0.9619324468214749,40.065272909699,37.94710769230769,37.94697123745819,0.09875150309932919,0.9343872414879623,0.0006494875618326273,0.0,0.9339659352091189,0.9952007853159804
dumbbell,cp,30.0,4,1,benign_consumer,9.988333299999999,4.621216516666666,4.624550126666667,0.5367946127946128,0.4622343984482072,0.0013333333333333335,0.0,0.4631437987629821,0.9586051939054901,10.0,4.3789092307692306,4.378887224080268,0.5607226107226108,0.4372198260869565,0.0016722408026755853,0.0,0.43789092307692307,0.9562454722925752
dumbbell,cp,30.0,4,2,attacker,9.988333299999999,4.618457766666667,4.619017833333333,0.5366363636363637,0.46172697566315113,0.0013333333333333335,0.0,0.4630011937674217,0.9618556273183955,40.065272909699,37.8923602006689,37.89449431438127,0.10715959913215792,0.9312792592376941,0.00033708925909059923,0.0,0.9303637729565511,0.9950264867158369
dumbbell,cp,30.0,4,3,router,9.5803875,9.570387233333333,9.570387233333333,0.001537037037037037,0.9987388813445425,0.0013853052936831159,0.0,0.9987388813445425,1.0,78.95420568561873,78.95420568561873,78.95420568561873,0.0,1.0,0.00017348236940704573,0.0,1.0,1.0
dumbbell,cp,30.0,4,4,router,0.0,0.0,0.0,0.0,0.0,0.0,0.0,1.0,0.0,0.0,0.0,0.0,0.0,0.0,0.0,0.0,1.0,0.0
dumbbell,cp,30.0,4,5,router,13.693604583333332,10.100387966666666,10.100387966666666,0.26168315595562464,0.7387288376863727,0.0010353733511366393,0.0,0.7375199604189411,1.0,80.21837712374582,78.95420635451505,78.95420635451505,0.028494948096991327,0.9813256512196623,0.00017137434211475684,0.0,0.9797687375576538,1.0
dumbbell,cp,30.0,4,6,router,10.100387966666666,9.707052833333334,9.707052833333334,0.03887193824693825,0.960815717701336,0.0012639402559844219,0.0,0.960815717701336,1.0,78.95420635451505,78.95420568561873,78.95420568561873,0.0,1.0,0.00017348230493874028,0.0,0.9999999926581238,1.0
dumbbell,cp,30.0,4,7,router,9.707052833333334,9.603721,9.603721,0.010973304473304473,0.989298702823773,0.0013852473602251267,0.0,0.989298702823773,1.0,78.95420568561873,78.95420568561873,78.95420568561873,0.0,1.0,0.00017348236940704573,0.0,1.0,1.0
dumbbell,cp,30.0,4,8,router,9.603721,9.5803875,9.5803875,0.0023876863876863877,0.9975873345316605,0.0013853020263438238,0.0,0.9975873345316605,1.0,78.95420568561873,78.95420568561873,78.95420568561873,0.0,1.0,0.00017348236940704573,0.0,1.0,1.0
dumbbell,cp,30.0,4,9,router,0.0,0.0,0.0,0.0,0.0,0.0,0.0,1.0,0.0,0.0,0.0,0.0,0.0,0.0,0.0,0.0,1.0,0.0
dumbbell,cp,30.0,5,0,attacker,9.988333299999999,4.4425794666666665,4.445783619999999,0.5542188552188553,0.44563309494879877,0.0016,0.0,0.4452723770819706,0.9646085499497972,40.065272909699,38.064290301003346,38.05837056856187,0.10383040383040383,0.9356148487082724,0.0006494875618326273,0.0,0.9344090842636803,0.9957073553194904
dumbbell,cp,30.0,5,1,benign_consumer,9.988333299999999,4.442775999999999,4.446002766666666,0.5541515151515152,0.4437289398132462,0.0013333333333333335,0.0,0.4454063834974369,0.9674951996079852,10.0,4.4909295652173915,4.487044849498328,0.5500709435492044,0.4480355919732441,0.0016722408026755853,0.0,0.44909295652173914,0.9538423669262067
dumbbell,cp,30.0,5,2,attacker,9.988333299999999,4.290367366666667,4.293679076666667,0.5694848484848485,0.42889769743217016,0.0013333333333333335,0.0,0.43017955874897185,0.9600306288164249,40.065272909699,38.09856153846154,38.09534080267559,0.09701649918150275,0.9375302458723889,0.00033708925909059923,0.0,0.9368045109573923,0.9950151594477235
dumbbell,cp,30.0,5,3,router,9.044271833333333,9.040938533333334,9.040938533333334,0.0004166666666666667,0.9995787200466331,0.002023583743420779,0.0,0.9995787200466331,1.0,79.39602775919732,79.39602775919732,79.39602775919732,0.0,1.0,0.0001702512434288369,0.0,1.0,1.0
dumbbell,cp,30.0,5,4,router,0.0,0.0,0.0,0.0,0.0,0.0,0.0,1.0,0.0,0.0,0.0,0.0,0.0,0.0,0.0,0.0,1.0,0.0
dumbbell,cp,30.0,5,5,router,13.185722866666667,9.6408064,9.6408064,0.268151815793509,0.7310586036821721,0.0012320569397333303,0.0,0.729903860119938,1.0,80.65378140468228,79.40619030100335,79.39950200668896,0.02824973747846667,0.9812614024746319,0.0001668328691653762,0.0,0.9803185206679184,0.9999238772036417
dumbbell,cp,30.0,5,6,router,9.6408064,9.207604466666666,9.207604466666666,0.045859866984866986,0.9540687942917123,0.001853358403377063,0.0,0.9540687942917123,1.0,79.40619030100335,79.40271605351171,79.40271605351171,2.8343064452128563e-05,0.9998799972572546,0.00017024157878671003,0.0,0.9999547085411271,1.0
dumbbell,cp,30.0,5,7,router,9.207604466666666,9.090938266666667,9.090938266666667,0.01274024124024124,0.9871867735888437,0.002011419519816746,0.0,0.9871867735888437,1.0,79.40271605351171,79.39602775919732,79.39602775919732,5.4860740282735164e-05,0.999923877204394,0.00017025124342476673,0.0,0.9999238772036417,1.0
dumbbell,cp,30.0,5,8,router,9.090938266666667,9.044271833333333,9.044271833333333,0.005273846523846524,0.994672772367486,0.002015716796186746,0.0,0.994672772367486,1.0,79.39602775919732,79.39602775919732,79.39602775919732,0.0,1.0,0.0001702512434288369,0.0,1.0,1.0
dumbbell,cp,30.0,5,9,router,0.0,0.0,0.0,0.0,0.0,0.0,0.0,1.0,0.0,0.0,0.0,0.0,0.0,0.0,0.0,0.0,1.0,0.0
dumbbell,cp,35.0,1,0,attacker,9.988333299999999,4.6125104666666665,4.615199333333333,0.5373333333333333,0.46199652816067927,0.0016,0.0,0.46240695961384215,0.9602942871736938,45.076604013377924,43.32405518394649,43.31533076923077,0.06933636281462369,0.9288805298869393,0.0006079564131150867,0.0,0.9521812143383028,0.9602381330693373
dumbbell,cp,35.0,1,1,benign_consumer,9.988333299999999,4.45374621,4.45696779,0.5533636363636364,0.44582368013591034,0.0013333333333333335,0.0,0.4464983735906106,0.9626567722856445,10.0,4.4957626655518395,4.4924188929765885,0.549483125570082,0.4482385448160535,0.0016722408026755853,0.0,0.4495762665551839,0.9546590313611852
dumbbell,cp,35.0,1,2,attacker,9.988333299999999,4.187814016666667,4.1906142,0.5799090909090909,0.419901389594637,0.0013333333333333335,0.0,0.41994186400731287,0.9628745857741965,45.076604013377924,43.36252642140468,43.35637023411371,0.06934381845287049,0.9281548408893235,0.0003203389626521009,0.0,0.9529456295718767,0.9595459075119533
dumbbell,cp,35.0,1,3,router,9.220832966666666,9.2174996,9.2174996,0.0004166666666666667,0.9995814968408151,0.001967566087262003,0.0,0.9995814968408151,1.0,89.90334113712375,89.90334113712375,89.90334113712375,0.0,1.0,0.0001633147334049449,0.0,1.0,1.0
dumbbell,cp,35.0,1,4,router,0.0,0.0,0.0,0.0,0.0,0.0,0.0,1.0,0.0,0.0,0.0,0.0,0.0,0.0,0.0,0.0,1.0,0.0
dumbbell,cp,35.0,1,5,router,13.264070693333332,9.716555866666665,9.716555866666665,0.26811503577834844,0.73179269358953,0.0010719285690351575,0.0,0.7311248667537968,1.0,91.18234427090302,89.91699698996655,89.90761170568561,0.02331174557071268,0.9599651846619824,0.00016093420152160732,0.0,0.9828236516050751,0.9702574878441438
dumbbell,cp,35.0,1,6,router,9.716555866666665,9.327498233333333,9.327498233333333,0.041566146816146815,0.9586902179531701,0.0017471607955821266,0.0,0.9586902179531701,1.0,89.91699698996655,89.91270133779264,89.91267324414716,2.7190907360578626e-05,0.9783160918135982,0.00016324798223513464,0.0,0.9999578580954995,0.9784077077622552
dumbbell,cp,35.0,1,7,router,9.327498233333333,9.244165733333332,9.244165733333332,0.009407819032819032,0.9903924188604893,0.0018245876282853239,0.0,0.9903924188604893,1.0,89.91270133779264,89.90334113712375,89.90333210702342,0.00020139565200892647,0.9871109604446693,0.00016331473340494484,0.0,0.9998681124124723,0.9871712932068464
dumbbell,cp,35.0,1,8,router,9.244165733333332,9.220832966666666,9.220832966666666,0.0022973322973322973,0.9975836450543517,0.0019675397897507903,0.0,0.9975836450543517,1.0,89.90334113712375,89.90334113712375,89.9033193979933,0.0,0.9952616440982011,0.0001633147334049449,0.0,1.0,0.9952607379187121
dumbbell,cp,35.0,1,9,router,0.0,0.0,0.0,0.0,0.0,0.0,0.0,1.0,0.0,0.0,0.0,0.0,0.0,0.0,0.0,0.0,1.0,0.0
dumbbell,cp,35.0,2,0,attacker,9.988333299999999,4.533437216666667,4.5341042,0.545151515151515,0.45423582419193453,0.0016,0.0,0.45450184098693647,0.9657280965439248,45.076604013377924,43.27692675585285,43.27625585284281,0.07142385620646491,0.9273508848223173,0.0006079564131150867,0.0,0.9509744880326078,0.960180870831144
dumbbell,cp,35.0,2,1,benign_consumer,9.988333299999999,4.510795566666666,4.513595433333333,0.5475824915824916,0.4517218069340641,0.0013333333333333335,0.0,0.4521078578087184,0.9586786794640021,10.0,4.267243076923077,4.267241939799331,0.5723573527921354,0.42471751505016725,0.0016722408026755853,0.0,0.4267243076923077,0.9523292995136802
dumbbell,cp,35.0,2,2,attacker,9.988333299999999,4.6211807,4.621313433333333,0.5363333333333333,0.461173583206003,0.0013333333333333335,0.0,0.4632672028585078,0.9601646508980999,45.076604013377924,43.34149933110368,43.338558862876255,0.06857107610849593,0.9300999309078652,0.0003203389626521009,0.0,0.9527516971621649,0.9589235175846536
dumbbell,cp,35.0,2,3,router,9.658055533333332,9.644721933333333,9.644721933333333,0.0013560606060606063,0.9985946774876676,0.0016820038058099193,0.0,0.9985946774876676,1.0,89.68657558528429,89.68657558528429,89.68657558528429,0.0,1.0,0.00016069104049117503,0.0,1.0,1.0
dumbbell,cp,35.0,2,4,router,0.0,0.0,0.0,0.0,0.0,0.0,0.0,1.0,0.0,0.0,0.0,0.0,0.0,0.0,0.0,0.0,1.0,0.0
dumbbell,cp,35.0,2,5,router,13.675413483333331,10.191094533333333,10.191094533333333,0.2536179762050111,0.7472738453651719,0.001133680536746329,0.0,0.7454462076350286,1.0,90.8856691638796,89.69355217391305,89.69018795986622,0.021313673084850732,0.9607067440365199,0.0001589903016981995,0.0,0.9841947646593142,0.97040444426158
dumbbell,cp,35.0,2,6,router,10.191094533333333,9.771386766666666,9.771386766666666,0.04058836479424714,0.9588022918698839,0.0015918785580164426,0.0,0.9588022918698839,1.0,89.69355217391305,89.68991638795987,89.68653712374582,2.787068004459309e-05,0.9784699280108246,0.00016066876064100766,0.0,0.9999636101871783,0.9785010491311922
dumbbell,cp,35.0,2,7,router,9.771386766666666,9.684721666666666,9.684721666666666,0.009459272209272208,0.9907217502352675,0.0016062465397080603,0.0,0.9907217502352675,1.0,89.68991638795987,89.6899160535117,89.68992675585285,0.0,0.9872734753015282,0.00016069100973280982,0.0,0.9999999964140783,0.9872725606574193
dumbbell,cp,35.0,2,8,router,9.684721666666666,9.658055533333332,9.658055533333332,0.0028137325637325634,0.9972194215892892,0.0016819921139873825,0.0,0.9972194215892892,1.0,89.6899160535117,89.68657558528429,89.68656220735787,2.908244874218409e-05,0.9953701341728759,0.00016069104049117503,0.0,0.9999655394252424,0.9953692195287668
dumbbell,cp,35.0,2,9,router,0.0,0.0,0.0,0.0,0.0,0.0,0.0,1.0,0.0,0.0,0.0,0.0,0.0,0.0,0.0,0.0,1.0,0.0
dumbbell,cp,35.0,3,0,attacker,9.988333299999999,4.5342343,4.537461333333333,0.5453030303030303,0.45321188398814677,0.0016,0.0,0.45456587488006744,0.9647163442387188,45.076604013377924,43.26965618729097,43.263092642140464,0.07919190093103137,0.9282971775004822,0.0006079564131150867,0.0,0.9486284954398121,0.9601856944148749
dumbbell,cp,35.0,3,1,benign_consumer,9.988333299999999,4.345137623333334,4.3456963533333335,0.5638484848484848,0.43527535902549935,0.0013333333333333335,0.0,0.4356464894236394,0.9617258221444467,10.0,4.355575321070234,4.358331612040134,0.5635198135198135,0.43449537859531767,0.0016722408026755853,0.0,0.4355575321070234,0.9594073511425809
dumbbell,cp,35.0,3,2,attacker,9.988333299999999,4.360881733333333,4.364210536666667,0.5627643097643098,0.4364363134655522,0.0013333333333333335,0.0,0.4371007844973326,0.9593635817262054,45.076604013377924,43.25898461538462,43.252301672240804,0.07053387038240923,0.9284424947265079,0.0003203389626521009,0.0,0.9510218163632433,0.959229808870069
dumbbell,cp,35.0,3,3,router,9.250309233333335,9.223642333333334,9.223642333333334,0.003007770007770008,0.9971068774156984,0.0018059078127859508,0.0,0.9971068774156984,1.0,89.6207889632107,89.6207889632107,89.6207889632107,0.0,1.0,0.00016498308090829398,0.0,1.0,1.0
dumbbell,cp,35.0,3,4,router,0.0,0.0,0.0,0.0,0.0,0.0,0.0,1.0,0.0,0.0,0.0,0.0,0.0,0.0,0.0,0.0,1.0,0.0
dumbbell,cp,35.0,3,5,router,13.250253723333334,9.818810366666666,9.818810366666666,0.2570208373227269,0.7431223176980492,0.001222752482384161,0.0,0.7407483923241215,1.0,90.88421612374582,89.63232943143812,89.62227859531772,0.024190468198093774,0.9591618699895094,0.00016278720634963162,0.0,0.9826668196222013,0.9703327134903311
dumbbell,cp,35.0,3,6,router,9.818810366666666,9.406175333333334,9.406175333333334,0.042934422059422064,0.9571259253480542,0.0016614924396738256,0.0,0.9571259253480542,1.0,89.63232943143812,89.63163311036789,89.62497090301004,0.0,0.9784681013780678,0.00016486609927986257,0.0,0.9999926410302235,0.9784673147889118
dumbbell,cp,35.0,3,7,router,9.406175333333334,9.286975066666667,9.286975066666667,0.013386280386280385,0.9867803492098062,0.0017187232026345742,0.0,0.9867803492098062,1.0,89.63163311036789,89.6274829431438,89.62749264214047,0.00016722408026755855,0.9872806276417524,0.00016492036800415432,0.0,0.9999170046347778,0.9872799065229145
dumbbell,cp,35.0,3,8,router,9.286975066666667,9.250309233333335,9.250309233333335,0.00396961371961372,0.9960457205971621,0.0017853418647030507,0.0,0.9960457205971621,1.0,89.6274829431438,89.6207889632107,89.62078862876254,5.5054127496296884e-05,0.9954142379447389,0.00016498276082595336,0.0,0.9999340183171884,0.995414605010195
dumbbell,cp,35.0,3,9,router,0.0,0.0,0.0,0.0,0.0,0.0,0.0,1.0,0.0,0.0,0.0,0.0,0.0,0.0,0.0,0.0,1.0,0.0
dumbbell,cp,35.0,4,0,attacker,9.988333299999999,4.4439303,4.4440627,0.5541818181818182,0.44547100408531937,0.0016,0.0,0.44552130578959026,0.9619324468214749,45.076604013377924,43.185190301003345,43.18505050167224,0.07715425976295541,0.9251860450934746,0.0006079564131150867,0.0,0.9477683060011213,0.9605661725610555
dumbbell,cp,35.0,4,1,benign_consumer,9.988333299999999,4.621216516666666,4.624550126666667,0.5367946127946128,0.4622343984482072,0.0013333333333333335,0.0,0.4631437987629821,0.9586051939054901,10.0,4.382253712374582,4.382227525083612,0.5603881625620756,0.43721940133779263,0.0016722408026755853,0.0,0.43822537123745814,0.9564912577125064
dumbbell,cp,35.0,4,2,attacker,9.988333299999999,4.618457766666667,4.619017833333333,0.5366363636363637,0.46172697566315113,0.0013333333333333335,0.0,0.4630011937674217,0.9618556273183955,45.076604013377924,43.115043143812706,43.11714983277592,0.08413841741532405,0.923959608401075,0.0003203389626521009,0.0,0.9449637017085819,0.9590952779273311
dumbbell,cp,35.0,4,3,router,9.5803875,9.570387233333333,9.570387233333333,0.001537037037037037,0.9987388813445425,0.0013853052936831159,0.0,0.9987388813445425,1.0,89.48186086956521,89.48186086956521,89.48186086956521,0.0,1.0,0.0001643646363784692,0.0,1.0,1.0
dumbbell,cp,35.0,4,4,router,0.0,0.0,0.0,0.0,0.0,0.0,0.0,1.0,0.0,0.0,0.0,0.0,0.0,0.0,0.0,0.0,1.0,0.0
dumbbell,cp,35.0,4,5,router,13.693604583333332,10.100387966666666,10.100387966666666,0.26168315595562464,0.7387288376863727,0.0010353733511366393,0.0,0.7375199604189411,1.0,90.68248715719064,89.48520401337792,89.4818685618729,0.020343910593701317,0.960904383637929,0.00016287974808291023,0.0,0.9841379571792415,0.9703286597538133
dumbbell,cp,35.0,4,6,router,10.100387966666666,9.707052833333334,9.707052833333334,0.03887193824693825,0.960815717701336,0.0012639402559844219,0.0,0.960815717701336,1.0,89.48520401337792,89.4852033444816,89.48523612040134,0.0,0.9784724683384,0.0001643645719101637,0.0,0.9999999926581238,0.9784715629255352
dumbbell,cp,35.0,4,7,router,9.707052833333334,9.603721,9.603721,0.010973304473304473,0.989298702823773,0.0013852473602251267,0.0,0.989298702823773,1.0,89.4852033444816,89.48186086956521,89.48185886287625,0.00016722408026755855,0.9872939573737715,0.0001643646363784692,0.0,0.9999236587030863,0.9872930519609066
dumbbell,cp,35.0,4,8,router,9.603721,9.5803875,9.5803875,0.0023876863876863877,0.9975873345316605,0.0013853020263438238,0.0,0.9975873345316605,1.0,89.48186086956521,89.48186086956521,89.48186287625418,0.0,0.9954368751036438,0.0001643646363784692,0.0,1.0,0.9954359696907791
dumbbell,cp,35.0,4,9,router,0.0,0.0,0.0,0.0,0.0,0.0,0.0,1.0,0.0,0.0,0.0,0.0,0.0,0.0,0.0,0.0,1.0,0.0
dumbbell,cp,35.0,5,0,attacker,9.988333299999999,4.4425794666666665,4.445783619999999,0.5542188552188553,0.44563309494879877,0.0016,0.0,0.4452723770819706,0.9646085499497972,45.076604013377924,43.278800334448164,43.276223745819394,0.07314731879949271,0.9281198117707877,0.0006079564131150867,0.0,0.9503935334811376,0.9607521252824044
dumbbell,cp,35.0,5,1,benign_consumer,9.988333299999999,4.442775999999999,4.446002766666666,0.5541515151515152,0.4437289398132462,0.0013333333333333335,0.0,0.4454063834974369,0.9674951996079852,10.0,4.4909295652173915,4.490389096989967,0.5500709435492044,0.4480355719063545,0.0016722408026755853,0.0,0.44909295652173914,0.9538453265863672
dumbbell,cp,35.0,5,2,attacker,9.988333299999999,4.290367366666667,4.293679076666667,0.5694848484848485,0.42889769743217016,0.0013333333333333335,0.0,0.43017955874897185,0.9600306288164249,45.076604013377924,43.273737123745825,43.27051471571907,0.07728405770993084,0.926528334143741,0.0003203389626521009,0.0,0.9491080577731849,0.9585080434742942
dumbbell,cp,35.0,5,3,router,9.044271833333333,9.040938533333334,9.040938533333334,0.0004166666666666667,0.9995787200466331,0.002023583743420779,0.0,0.9995787200466331,1.0,89.86995886287625,89.86995886287625,89.86995886287625,0.0,1.0,0.00016036674107834244,0.0,1.0,1.0
dumbbell,cp,35.0,5,4,router,0.0,0.0,0.0,0.0,0.0,0.0,0.0,1.0,0.0,0.0,0.0,0.0,0.0,0.0,0.0,0.0,1.0,0.0
dumbbell,cp,35.0,5,5,router,13.185722866666667,9.6408064,9.6408064,0.268151815793509,0.7310586036821721,0.0012320569397333303,0.0,0.729903860119938,1.0,91.04346702341138,89.87343545150502,89.8701033444816,0.021839181447058244,0.9604212857209266,0.00015753682451773304,0.0,0.9841863063064976,0.9703953797326016
dumbbell,cp,35.0,5,6,router,9.6408064,9.207604466666666,9.207604466666666,0.045859866984866986,0.9540687942917123,0.001853358403377063,0.0,0.9540687942917123,1.0,89.87343545150502,89.87330401337793,89.8699762541806,0.0,0.9785020248835957,0.00016035715964305664,0.0,0.9999986561115538,0.9785011490087662
dumbbell,cp,35.0,5,7,router,9.207604466666666,9.090938266666667,9.090938266666667,0.01274024124024124,0.9871867735888437,0.002011419519816746,0.0,0.9871867735888437,1.0,89.87330401337793,89.87330401337793,89.87332675585284,0.0,0.9872832935306279,0.00016036674107834244,0.0,1.0,0.9872823956153314
dumbbell,cp,35.0,5,8,router,9.090938266666667,9.044271833333333,9.044271833333333,0.005273846523846524,0.994672772367486,0.002015716796186746,0.0,0.994672772367486,1.0,89.87330401337793,89.86995886287625,89.86996254180602,2.787068004459309e-05,0.9953877807627147,0.00016036674107834244,0.0,0.9999666640539956,0.9953881960302909
dumbbell,cp,35.0,5,9,router,0.0,0.0,0.0,0.0,0.0,0.0,0.0,1.0,0.0,0.0,0.0,0.0,0.0,0.0,0.0,0.0,1.0,0.0
dumbbell,cp,40.0,1,0,attacker,9.988333299999999,4.6125104666666665,4.615199333333333,0.5373333333333333,0.46199652816067927,0.0016,0.0,0.46240695961384215,0.9602942871736938,50.09225033444816,48.50357725752509,48.50066555183947,0.049193960669370505,0.8558046934874158,0.0003087371906667235,0.0,0.9629631021826515,0.8643073971357748
dumbbell,cp,40.0,1,1,benign_consumer,9.988333299999999,4.45374621,4.45696779,0.5533636363636364,0.44582368013591034,0.0013333333333333335,0.0,0.4464983735906106,0.9626567722856445,10.0,4.4957626655518395,4.495763341137123,0.549483125570082,0.44823854147157194,0.0016722408026755853,0.0,0.4495762665551839,0.9559996111186778
dumbbell,cp,40.0,1,2,attacker,9.988333299999999,4.187814016666667,4.1906142,0.5799090909090909,0.419901389594637,0.0013333333333333335,0.0,0.41994186400731287,0.9628745857741965,50.09225033444816,48.53132173913043,48.52830133779264,0.04932386454125585,0.8572868594977627,0.0006508718568704115,0.0,0.9632697363976604,0.8650169541767931
dumbbell,cp,40.0,1,3,router,9.220832966666666,9.2174996,9.2174996,0.0004166666666666667,0.9995814968408151,0.001967566087262003,0.0,0.9995814968408151,1.0,100.34417993311037,100.34417993311037,100.34417993311037,0.0,1.0,0.00016102900158052898,0.0,1.0,1.0
dumbbell,cp,40.0,1,4,router,0.0,0.0,0.0,0.0,0.0,0.0,0.0,1.0,0.0,0.0,0.0,0.0,0.0,0.0,0.0,0.0,1.0,0.0
dumbbell,cp,40.0,1,5,router,13.264070693333332,9.716555866666665,9.716555866666665,0.26811503577834844,0.73179269358953,0.0010719285690351575,0.0,0.7311248667537968,1.0,101.53023289966556,100.35516220735786,100.35516220735786,0.016341696843032105,0.9872834326970326,0.00015887793522596582,0.0,0.9864713286475586,1.0
dumbbell,cp,40.0,1,6,router,9.716555866666665,9.327498233333333,9.327498233333333,0.041566146816146815,0.9586902179531701,0.0017471607955821266,0.0,0.9586902179531701,1.0,100.35516220735786,100.34417993311037,100.34417993311037,8.113415905979105e-05,0.999906558097051,0.00016095416134218927,0.0,0.9998970805884098,1.0
dumbbell,cp,40.0,1,7,router,9.327498233333333,9.244165733333332,9.244165733333332,0.009407819032819032,0.9903924188604893,0.0018245876282853239,0.0,0.9903924188604893,1.0,100.34417993311037,100.34417993311037,100.34417993311037,0.0,1.0,0.00016102900158052898,0.0,1.0,1.0
dumbbell,cp,40.0,1,8,router,9.244165733333332,9.220832966666666,9.220832966666666,0.0022973322973322973,0.9975836450543517,0.0019675397897507903,0.0,0.9975836450543517,1.0,100.34417993311037,100.34417993311037,100.34417993311037,0.0,1.0,0.00016102900158052898,0.0,1.0,1.0
dumbbell,cp,40.0,1,9,router,0.0,0.0,0.0,0.0,0.0,0.0,0.0,1.0,0.0,0.0,0.0,0.0,0.0,0.0,0.0,0.0,1.0,0.0
dumbbell,cp,40.0,2,0,attacker,9.988333299999999,4.533437216666667,4.5341042,0.545151515151515,0.45423582419193453,0.0016,0.0,0.45450184098693647,0.9657280965439248,50.09225033444816,48.46982040133779,48.46224481605351,0.052790624387203146,0.8565503859171245,0.0003087371906667235,0.0,0.961509965007827,0.8644371183753625
dumbbell,cp,40.0,2,1,benign_consumer,9.988333299999999,4.510795566666666,4.513595433333333,0.5475824915824916,0.4517218069340641,0.0013333333333333335,0.0,0.4521078578087184,0.9586786794640021,10.0,4.270587525083612,4.270586387959867,0.5720229046316003,0.42471751505016725,0.0016722408026755853,0.0,0.42705875250836123,0.9524165662108508
dumbbell,cp,40.0,2,2,attacker,9.988333299999999,4.6211807,4.621313433333333,0.5363333333333333,0.461173583206003,0.0013333333333333335,0.0,0.4632672028585078,0.9601646508980999,50.09225033444816,48.4740347826087,48.46700568561873,0.04841571472006254,0.8557631969454677,0.0006508718568704115,0.0,0.9628073957884162,0.8642653329141082
dumbbell,cp,40.0,2,3,router,9.658055533333332,9.644721933333333,9.644721933333333,0.0013560606060606063,0.9985946774876676,0.0016820038058099193,0.0,0.9985946774876676,1.0,100.02144080267558,100.02144080267558,100.02144080267558,0.0,1.0,0.0001588817676972483,0.0,1.0,1.0
dumbbell,cp,40.0,2,4,router,0.0,0.0,0.0,0.0,0.0,0.0,0.0,1.0,0.0,0.010033444816053512,0.010033444816053512,0.010033444816053512,0.0,0.8260869565217391,0.5284280936456736,0.0,1.0,0.8260869565217391
dumbbell,cp,40.0,2,5,router,13.675413483333331,10.191094533333333,10.191094533333333,0.2536179762050111,0.7472738453651719,0.001133680536746329,0.0,0.7454462076350286,1.0,101.21401829431439,100.04179933110368,100.03176254180602,0.01870200629389637,0.9862523160633037,0.00015727166182181331,0.0,0.985828930100931,0.9999097715296579
dumbbell,cp,40.0,2,6,router,10.191094533333333,9.771386766666666,9.771386766666666,0.04058836479424714,0.9588022918698839,0.0015918785580164426,0.0,0.9588022918698839,1.0,100.04179933110368,100.0314779264214,100.02144113712374,8.456872116425534e-05,0.9998044622861929,0.0001588272680507896,0.0,0.9998916616178115,0.9999097715296579
dumbbell,cp,40.0,2,7,router,9.771386766666666,9.684721666666666,9.684721666666666,0.009459272209272208,0.9907217502352675,0.0016062465397080603,0.0,0.9907217502352675,1.0,100.0314779264214,100.03147759197326,100.02144080267558,0.0,0.9999097715296579,0.0001588817369388829,0.0,0.9999999964140783,0.9999097715296579
dumbbell,cp,40.0,2,8,router,9.684721666666666,9.658055533333332,9.658055533333332,0.0028137325637325634,0.9972194215892892,0.0016819921139873825,0.0,0.9972194215892892,1.0,100.03147759197326,100.03147424749164,100.03147424749164,0.0,0.9999097715296579,0.0001588817676972481,0.0,0.9999999745976595,1.0
dumbbell,cp,40.0,2,9,router,0.0,0.0,0.0,0.0,0.0,0.0,0.0,1.0,0.0,0.010033444816053512,0.010033444816053512,0.010033444816053512,0.0,0.8260869565217391,0.5284280936456736,0.0,1.0,0.8260869565217391
dumbbell,cp,40.0,3,0,attacker,9.988333299999999,4.5342343,4.537461333333333,0.5453030303030303,0.45321188398814677,0.0016,0.0,0.45456587488006744,0.9647163442387188,50.09225033444816,48.47954347826087,48.472765886287625,0.04897094583480899,0.8553998932466059,0.0003087371906667235,0.0,0.9627276153747479,0.8639737591489841
dumbbell,cp,40.0,3,1,benign_consumer,9.988333299999999,4.345137623333334,4.3456963533333335,0.5638484848484848,0.43527535902549935,0.0013333333333333335,0.0,0.4356464894236394,0.9617258221444467,10.0,4.355575321070234,4.358331511705686,0.5635198135198135,0.4344953685618729,0.0016722408026755853,0.0,0.4355575321070234,0.9591340963217269
dumbbell,cp,40.0,3,2,attacker,9.988333299999999,4.360881733333333,4.364210536666667,0.5627643097643098,0.4364363134655522,0.0013333333333333335,0.0,0.4371007844973326,0.9593635817262054,50.09225033444816,48.458578260869565,48.438307357859536,0.05339859415946372,0.8560852366508338,0.0006508718568704115,0.0,0.961190733597619,0.8647614175297229
dumbbell,cp,40.0,3,3,router,9.250309233333335,9.223642333333334,9.223642333333334,0.003007770007770008,0.9971068774156984,0.0018059078127859508,0.0,0.9971068774156984,1.0,100.0493966555184,100.0493966555184,100.0493966555184,0.0,1.0,0.0001629768961459123,0.0,1.0,1.0
dumbbell,cp,40.0,3,4,router,0.0,0.0,0.0,0.0,0.0,0.0,0.0,1.0,0.0,0.006688963210702341,0.006688963210702341,0.006688963210702341,0.0,0.9665551839464883,0.6822742646153833,0.0,1.0,0.9665551839464883
dumbbell,cp,40.0,3,5,router,13.250253723333334,9.818810366666666,9.818810366666666,0.2570208373227269,0.7431223176980492,0.001222752482384161,0.0,0.7407483923241215,1.0,101.29326729431438,100.0776668896321,100.06428929765886,0.018435370819831817,0.9863934723137984,0.0001609323517338632,0.0,0.9854913919905907,0.9998691539621866
dumbbell,cp,40.0,3,6,router,9.818810366666666,9.406175333333334,9.406175333333334,0.042934422059422064,0.9571259253480542,0.0016614924396738256,0.0,0.9571259253480542,1.0,100.0776668896321,100.06358127090301,100.05354816053512,0.00011176787662354715,0.9997301642921687,0.00016286030810153183,0.0,0.9998537339051156,0.9999057625751521
dumbbell,cp,40.0,3,7,router,9.406175333333334,9.286975066666667,9.286975066666667,0.013386280386280385,0.9867803492098062,0.0017187232026345742,0.0,0.9867803492098062,1.0,100.06358127090301,100.05942976588628,100.0493966555184,2.741378365041943e-05,0.999869153965425,0.0001629145474800186,0.0,0.9999549624834334,0.9999057625751521
dumbbell,cp,40.0,3,8,router,9.286975066666667,9.250309233333335,9.250309233333335,0.00396961371961372,0.9960457205971621,0.0017853418647030507,0.0,0.9960457205971621,1.0,100.05942976588628,100.05943010033445,100.05943010033445,0.0,0.9999057625783903,0.0001629768961026643,0.0,0.9999999950350852,1.0
dumbbell,cp,40.0,3,9,router,0.0,0.0,0.0,0.0,0.0,0.0,0.0,1.0,0.0,0.010033444816053512,0.006688963210702341,0.006688963210702341,0.0033444816053511705,0.6020066889632107,0.5150502014715694,0.0,0.6354515050167224,0.9665551839464883
dumbbell,cp,40.0,4,0,attacker,9.988333299999999,4.4439303,4.4440627,0.5541818181818182,0.44547100408531937,0.0016,0.0,0.44552130578959026,0.9619324468214749,50.09225033444816,48.35464949832776,48.34761471571906,0.05684139372663963,0.8556850672005466,0.0003087371906667235,0.0,0.9589529803721165,0.8646927273876475
dumbbell,cp,40.0,4,1,benign_consumer,9.988333299999999,4.621216516666666,4.624550126666667,0.5367946127946128,0.4622343984482072,0.0013333333333333335,0.0,0.4631437987629821,0.9586051939054901,10.0,4.382253712374582,4.3788872909698995,0.5603881625620756,0.4372198260869565,0.0016722408026755853,0.0,0.43822537123745814,0.9562053834637271
dumbbell,cp,40.0,4,2,attacker,9.988333299999999,4.618457766666667,4.619017833333333,0.5366363636363637,0.46172697566315113,0.0013333333333333335,0.0,0.4630011937674217,0.9618556273183955,50.09225033444816,48.23704481605351,48.232276254180604,0.05753358959880699,0.8543653318980373,0.0006508718568704115,0.0,0.9568126172424037,0.8642558310145765
dumbbell,cp,40.0,4,3,router,9.5803875,9.570387233333333,9.570387233333333,0.001537037037037037,0.9987388813445425,0.0013853052936831159,0.0,0.9987388813445425,1.0,99.77705852842809,99.77705852842809,99.77705852842809,0.0,1.0,0.0001626679235724369,0.0,1.0,1.0
dumbbell,cp,40.0,4,4,router,0.0,0.0,0.0,0.0,0.0,0.0,0.0,1.0,0.0,0.010033444816052636,0.010033444816052636,0.010033444816052636,0.0,0.8093645484949833,0.46581939764907726,0.0,1.0,0.8093645484949833
dumbbell,cp,40.0,4,5,router,13.693604583333332,10.100387966666666,10.100387966666666,0.26168315595562464,0.7387288376863727,0.0010353733511366393,0.0,0.7375199604189411,1.0,100.97351759197325,99.80046655518395,99.7904287625418,0.016269474720640612,0.9875045017104713,0.00016103699905864225,0.0,0.9863625900740919,0.9999085713183771
dumbbell,cp,40.0,4,6,router,10.100387966666666,9.707052833333334,9.707052833333334,0.03887193824693825,0.960815717701336,0.0012639402559844219,0.0,0.960815717701336,1.0,99.80046655518395,99.78709632107022,99.77705852842809,0.00011220887139652036,0.9997707613551583,0.00016265964194269738,0.0,0.999862182694905,0.9999085713183771
dumbbell,cp,40.0,4,7,router,9.707052833333334,9.603721,9.603721,0.010973304473304473,0.989298702823773,0.0013852473602251267,0.0,0.989298702823773,1.0,99.78709632107022,99.78709632107022,99.77705852842809,0.0,0.9999085713183771,0.00016265970692986719,0.0,1.0,0.9999085713183771
dumbbell,cp,40.0,4,8,router,9.603721,9.5803875,9.5803875,0.0023876863876863877,0.9975873345316605,0.0013853020263438238,0.0,0.9975873345316605,1.0,99.78709632107022,99.78709197324415,99.78709197324415,0.0,0.9999085713183771,0.00016265970692986719,0.0,0.9999999581173676,1.0
dumbbell,cp,40.0,4,9,router,0.0,0.0,0.0,0.0,0.0,0.0,0.0,1.0,0.0,0.010033444816052636,0.010033444816052636,0.010033444816052636,0.0,0.8093645484949833,0.46581939764907726,0.0,1.0,0.8093645484949833
dumbbell,cp,40.0,5,0,attacker,9.988333299999999,4.4425794666666665,4.445783619999999,0.5542188552188553,0.44563309494879877,0.0016,0.0,0.4452723770819706,0.9646085499497972,50.09225033444816,48.431695986622074,48.42222608695652,0.053788535506283194,0.8559474367786705,0.0003087371906667235,0.0,0.9605974368589895,0.8645625947367582
dumbbell,cp,40.0,5,1,benign_consumer,9.988333299999999,4.442775999999999,4.446002766666666,0.5541515151515152,0.4437289398132462,0.0013333333333333335,0.0,0.4454063834974369,0.9674951996079852,10.0,4.4909295652173915,4.4903891304347825,0.5500709435492044,0.44803557525083615,0.0016722408026755853,0.0,0.44909295652173914,0.9533348275864073
dumbbell,cp,40.0,5,2,attacker,9.988333299999999,4.290367366666667,4.293679076666667,0.5694848484848485,0.42889769743217016,0.0013333333333333335,0.0,0.43017955874897185,0.9600306288164249,50.09225033444816,48.42713879598662,48.4263872909699,0.05249659760529326,0.8549648560775713,0.0006508718568704115,0.0,0.9609457019583648,0.8641224595525118
dumbbell,cp,40.0,5,3,router,9.044271833333333,9.040938533333334,9.040938533333334,0.0004166666666666667,0.9995787200466331,0.002023583743420779,0.0,0.9995787200466331,1.0,100.20742742474916,100.20742742474916,100.20742742474916,0.0,1.0,0.00015853970557105194,0.0,1.0,1.0
dumbbell,cp,40.0,5,4,router,0.0,0.0,0.0,0.0,0.0,0.0,0.0,1.0,0.0,0.0033444816053511705,0.0033444816053511705,0.0033444816053511705,0.0,0.6086956521739131,0.5986622073578596,0.0,1.0,0.6086956521739131
dumbbell,cp,40.0,5,5,router,13.185722866666667,9.6408064,9.6408064,0.268151815793509,0.7310586036821721,0.0012320569397333303,0.0,0.729903860119938,1.0,101.34934394648829,100.22427357859532,100.22092909698996,0.015609710574847892,0.98778005988793,0.0001555730717047454,0.0,0.9871200334402208,0.9999699049687008
dumbbell,cp,40.0,5,6,router,9.6408064,9.207604466666666,9.207604466666666,0.045859866984866986,0.9540687942917123,0.001853358403377063,0.0,0.9540687942917123,1.0,100.22427357859532,100.21077190635451,100.20742742474916,0.00011172863958380927,0.9998385244977225,0.00015852043805987697,0.0,0.9998672935810925,0.9999699049687008
dumbbell,cp,40.0,5,7,router,9.207604466666666,9.090938266666667,9.090938266666667,0.01274024124024124,0.9871867735888437,0.002011419519816746,0.0,0.9871867735888437,1.0,100.21077190635451,100.21077190635451,100.20742742474916,0.0,0.9999699049687008,0.0001585382704606864,0.0,1.0,0.9999699049687008
dumbbell,cp,40.0,5,8,router,9.090938266666667,9.044271833333333,9.044271833333333,0.005273846523846524,0.994672772367486,0.002015716796186746,0.0,0.994672772367486,1.0,100.21077190635451,100.21077190635451,100.21077190635451,0.0,0.9999699049687008,0.0001585382704606864,0.0,1.0000000018972748,1.0
dumbbell,cp,40.0,5,9,router,0.0,0.0,0.0,0.0,0.0,0.0,0.0,1.0,0.0,0.0033444816053511705,0.0033444816053511705,0.0033444816053511705,0.0,0.6086956521739131,0.5986622073578596,0.0,1.0,0.6086956521739131
dumbbell,cp,45.0,1,0,attacker,9.988333299999999,4.6125104666666665,4.615199333333333,0.5373333333333333,0.46199652816067927,0.0016,0.0,0.46240695961384215,0.9602942871736938,55.108700334448166,53.68070033444816,53.55157859531773,0.03453398296591454,0.9037556993436173,0.0003084487523640299,0.0,0.9712972391753497,0.9185165291380092
dumbbell,cp,45.0,1,1,benign_consumer,9.988333299999999,4.45374621,4.45696779,0.5533636363636364,0.44582368013591034,0.0013333333333333335,0.0,0.4464983735906106,0.9626567722856445,10.0,4.4957626655518395,4.492418826086956,0.549483125570082,0.44823853812709036,0.0016722408026755853,0.0,0.4495762665551839,0.9555314770089199
dumbbell,cp,45.0,1,2,attacker,9.988333299999999,4.187814016666667,4.1906142,0.5799090909090909,0.419901389594637,0.0013333333333333335,0.0,0.41994186400731287,0.9628745857741965,55.108700334448166,53.69160802675586,53.56238227424749,0.03466388683779988,0.9045543363990531,0.0006503820003931707,0.0,0.9712586128757236,0.9187809810002237
dumbbell,cp,45.0,1,3,router,9.220832966666666,9.2174996,9.2174996,0.0004166666666666667,0.9995814968408151,0.001967566087262003,0.0,0.9995814968408151,1.0,110.76830301003345,110.76830301003345,110.76830301003345,0.0,1.0,0.0001605007304310043,0.0,1.0,1.0
dumbbell,cp,45.0,1,4,router,0.0,0.0,0.0,0.0,0.0,0.0,0.0,1.0,0.0,0.0,0.0,0.0,0.0,0.0,0.0,0.0,1.0,0.0
dumbbell,cp,45.0,1,5,router,13.264070693333332,9.716555866666665,9.716555866666665,0.26811503577834844,0.73179269358953,0.0010719285690351575,0.0,0.7311248667537968,1.0,111.8680740367893,110.79601204013377,110.5659304347826,0.01131347450016684,0.9407493477397127,0.00015842365583505836,0.0,0.9894532498724843,0.9458787062726277
dumbbell,cp,45.0,1,6,router,9.716555866666665,9.327498233333333,9.327498233333333,0.041566146816146815,0.9586902179531701,0.0017471607955821266,0.0,0.9586902179531701,1.0,110.79601204013377,110.78168294314382,110.59039163879598,0.00011012299358595418,0.9537615032021938,0.0001604340029923462,0.0,0.9998798454904708,0.9539227420593455
dumbbell,cp,45.0,1,7,router,9.327498233333333,9.244165733333332,9.244165733333332,0.009407819032819032,0.9903924188604893,0.0018245876282853239,0.0,0.9903924188604893,1.0,110.78168294314382,110.77499531772574,110.62517926421404,5.439619668868681e-05,0.9625234010190141,0.00016050073043099924,0.0,0.9999449349064637,0.9626044698655255
dumbbell,cp,45.0,1,8,router,9.244165733333332,9.220832966666666,9.220832966666666,0.0022973322973322973,0.9975836450543517,0.0019675397897507903,0.0,0.9975836450543517,1.0,110.77499531772574,110.76830301003345,110.65325886287624,0.00017943567480274537,0.9712332923466067,0.0001605007304310043,0.0,0.9998988812120189,0.9712586040227174
dumbbell,cp,45.0,1,9,router,0.0,0.0,0.0,0.0,0.0,0.0,0.0,1.0,0.0,0.0,0.0,0.0,0.0,0.0,0.0,0.0,1.0,0.0
dumbbell,cp,45.0,2,0,attacker,9.988333299999999,4.533437216666667,4.5341042,0.545151515151515,0.45423582419193453,0.0016,0.0,0.45450184098693647,0.9657280965439248,55.108700334448166,53.59931237458194,53.475561872909694,0.03612487151332483,0.9031089570037908,0.0003084487523640299,0.0,0.9698667909577161,0.9190454985403287
dumbbell,cp,45.0,2,1,benign_consumer,9.988333299999999,4.510795566666666,4.513595433333333,0.5475824915824916,0.4517218069340641,0.0013333333333333335,0.0,0.4521078578087184,0.9586786794640021,10.0,4.267243076923077,4.263897424749164,0.5723573527921354,0.4247175117056856,0.0016722408026755853,0.0,0.4267243076923077,0.9520639603918974
dumbbell,cp,45.0,2,2,attacker,9.988333299999999,4.6211807,4.621313433333333,0.5363333333333333,0.461173583206003,0.0013333333333333335,0.0,0.4632672028585078,0.9601646508980999,55.108700334448166,53.66456321070234,53.5418906354515,0.032417944374466115,0.9030575565088483,0.0006503820003931707,0.0,0.9719300874751909,0.918212362741879
dumbbell,cp,45.0,2,3,router,9.658055533333332,9.644721933333333,9.644721933333333,0.0013560606060606063,0.9985946774876676,0.0016820038058099193,0.0,0.9985946774876676,1.0,110.43835652173912,110.43835652173912,110.43835652173912,0.0,1.0,0.00015811208209752086,0.0,1.0,1.0
dumbbell,cp,45.0,2,4,router,0.0,0.0,0.0,0.0,0.0,0.0,0.0,1.0,0.0,0.0,0.0,0.0,0.0,0.0,0.0,0.0,1.0,0.0
dumbbell,cp,45.0,2,5,router,13.675413483333331,10.191094533333333,10.191094533333333,0.2536179762050111,0.7472738453651719,0.001133680536746329,0.0,0.7454462076350286,1.0,111.53111498327759,110.44199464882944,110.22191471571907,0.013018587344096309,0.9408299871373965,0.00015651528416457807,0.0,0.9890252790283168,0.9460297908003638
dumbbell,cp,45.0,2,6,router,10.191094533333333,9.771386766666666,9.771386766666666,0.04058836479424714,0.9588022918698839,0.0015918785580164426,0.0,0.9588022918698839,1.0,110.44199464882944,110.44170234113713,110.2570618729097,0.0,0.9540549709011912,0.0001580898272798427,0.0,0.9999969843460191,0.9540823890017304
dumbbell,cp,45.0,2,7,router,9.771386766666666,9.684721666666666,9.684721666666666,0.009459272209272208,0.9907217502352675,0.0016062465397080603,0.0,0.9907217502352675,1.0,110.44170234113713,110.43835652173912,110.2885093645485,2.7190907360578626e-05,0.9627488891676942,0.00015811205133915568,0.0,0.9999723463640809,0.9627762767560376
dumbbell,cp,45.0,2,8,router,9.684721666666666,9.658055533333332,9.658055533333332,0.0028137325637325634,0.9972194215892892,0.0016819921139873825,0.0,0.9972194215892892,1.0,110.43835652173912,110.43835652173912,110.3232585284281,0.0,0.9714702479253287,0.00015811208209752086,0.0,1.0,0.9714702478672871
dumbbell,cp,45.0,2,9,router,0.0,0.0,0.0,0.0,0.0,0.0,0.0,1.0,0.0,0.0,0.0,0.0,0.0,0.0,0.0,0.0,1.0,0.0
dumbbell,cp,45.0,3,0,attacker,9.988333299999999,4.5342343,4.537461333333333,0.5453030303030303,0.45321188398814677,0.0016,0.0,0.45456587488006744,0.9647163442387188,55.108700334448166,53.66254648829431,53.52956822742475,0.03419948541117465,0.9033354765886377,0.0003084487523640299,0.0,0.9711839114076946,0.9184350595938086
dumbbell,cp,45.0,3,1,benign_consumer,9.988333299999999,4.345137623333334,4.3456963533333335,0.5638484848484848,0.43527535902549935,0.0013333333333333335,0.0,0.4356464894236394,0.9617258221444467,10.0,4.355575321070234,4.354987030100334,0.5635198135198135,0.4344953685618729,0.0016722408026755853,0.0,0.4355575321070234,0.9590680679888336
dumbbell,cp,45.0,3,2,attacker,9.988333299999999,4.360881733333333,4.364210536666667,0.5627643097643098,0.4364363134655522,0.0013333333333333335,0.0,0.4371007844973326,0.9593635817262054,55.108700334448166,53.61536588628763,53.48225986622074,0.03715252139165182,0.9034198972830344,0.0006503820003931707,0.0,0.969696593137195,0.9185129046253993
dumbbell,cp,45.0,3,3,router,9.250309233333335,9.223642333333334,9.223642333333334,0.003007770007770008,0.9971068774156984,0.0018059078127859508,0.0,0.9971068774156984,1.0,110.39950903010035,110.39950903010035,110.39950903010035,0.0,1.0,0.00016165871289510595,0.0,1.0,1.0
dumbbell,cp,45.0,3,4,router,0.0,0.0,0.0,0.0,0.0,0.0,0.0,1.0,0.0,0.006688963210702341,0.006688963210702341,0.006688963210702341,0.0,0.9665551839464883,0.6321070576588604,0.0,1.0,0.9665551839464883
dumbbell,cp,45.0,3,5,router,13.250253723333334,9.818810366666666,9.818810366666666,0.2570208373227269,0.7431223176980492,0.001222752482384161,0.0,0.7407483923241215,1.0,111.6334883645485,110.42442274247492,110.19099297658863,0.014986650695839829,0.9407057268537685,0.0001596840312194621,0.0,0.9874585259848686,0.9462566100146558
dumbbell,cp,45.0,3,6,router,9.818810366666666,9.406175333333334,9.406175333333334,0.042934422059422064,0.9571259253480542,0.0016614924396738256,0.0,0.9571259253480542,1.0,110.42442274247492,110.41703879598663,110.21905719063544,5.506158740517171e-05,0.9542033861001221,0.00016154194101486455,0.0,0.9999374280226169,0.9542810081614657
dumbbell,cp,45.0,3,7,router,9.406175333333334,9.286975066666667,9.286975066666667,0.013386280386280385,0.9867803492098062,0.0017187232026345742,0.0,0.9867803492098062,1.0,110.41703879598663,110.41289030100334,110.25639364548493,2.6971625849606212e-05,0.962917894125092,0.00016159615071532668,0.0,0.9999640303683882,0.9629711666885478
dumbbell,cp,45.0,3,8,router,9.286975066666667,9.250309233333335,9.250309233333335,0.00396961371961372,0.9960457205971621,0.0017853418647030507,0.0,0.9960457205971621,1.0,110.41289030100334,110.40619799331105,110.29116889632108,0.00019509476031215163,0.9716084812287626,0.00016165871285183395,0.0,0.9998982005210517,0.9716338488842834
dumbbell,cp,45.0,3,9,router,0.0,0.0,0.0,0.0,0.0,0.0,0.0,1.0,0.0,0.006688963210702341,0.006688963210702341,0.006688963210702341,0.0,0.9665551839464883,0.6321070576588604,0.0,1.0,0.9665551839464883
dumbbell,cp,45.0,4,0,attacker,9.988333299999999,4.4439303,4.4440627,0.5541818181818182,0.44547100408531937,0.0016,0.0,0.44552130578959026,0.9619324468214749,55.108700334448166,53.48136254180602,53.35815719063545,0.03911564121827843,0.9014956838648309,0.0003084487523640299,0.0,0.9674796794022218,0.9183395565060831
dumbbell,cp,45.0,4,1,benign_consumer,9.988333299999999,4.621216516666666,4.624550126666667,0.5367946127946128,0.4622343984482072,0.0013333333333333335,0.0,0.4631437987629821,0.9586051939054901,10.0,4.382253712374582,4.382227491638796,0.5603881625620756,0.43721939799331105,0.0016722408026755853,0.0,0.43822537123745814,0.956736022278131
dumbbell,cp,45.0,4,2,attacker,9.988333299999999,4.618457766666667,4.619017833333333,0.5366363636363637,0.46172697566315113,0.0013333333333333335,0.0,0.4630011937674217,0.9618556273183955,55.108700334448166,53.44734247491639,53.32637591973244,0.040922664292229516,0.9014977061200117,0.0006503820003931707,0.0,0.9662917766100433,0.9184377179591023
dumbbell,cp,45.0,4,3,router,9.5803875,9.570387233333333,9.570387233333333,0.001537037037037037,0.9987388813445425,0.0013853052936831159,0.0,0.9987388813445425,1.0,110.21800066889634,110.21800066889634,110.21800066889634,0.0,1.0,0.0001620643988510432,0.0,1.0,1.0
dumbbell,cp,45.0,4,4,router,0.0,0.0,0.0,0.0,0.0,0.0,0.0,1.0,0.0,0.0,0.0,0.0,0.0,0.0,0.0,0.0,1.0,0.0
dumbbell,cp,45.0,4,5,router,13.693604583333332,10.100387966666666,10.100387966666666,0.26168315595562464,0.7387288376863727,0.0010353733511366393,0.0,0.7375199604189411,1.0,111.31095973244148,110.22468795986623,110.00397658862876,0.011917672305023424,0.941303968304626,0.00016059596018372162,0.0,0.9890837117021086,0.9459920092117593
dumbbell,cp,45.0,4,6,router,10.100387966666666,9.707052833333334,9.707052833333334,0.03887193824693825,0.960815717701336,0.0012639402559844219,0.0,0.960815717701336,1.0,110.22468795986623,110.2246872909699,110.0394160535117,0.0,0.9539787005763589,0.0001620643343827377,0.0,0.9999999926581238,0.9540063887784063
dumbbell,cp,45.0,4,7,router,9.707052833333334,9.603721,9.603721,0.010973304473304473,0.989298702823773,0.0013852473602251267,0.0,0.989298702823773,1.0,110.2246872909699,110.22134180602006,110.07422240802674,2.7640343845877443e-05,0.9626309769287431,0.0001620643988510432,0.0,0.9999721365765979,0.9626851517058447
dumbbell,cp,45.0,4,8,router,9.603721,9.5803875,9.5803875,0.0023876863876863877,0.9975873345316605,0.0013853020263438238,0.0,0.9975873345316605,1.0,110.22134180602006,110.21800066889634,110.10563377926421,2.741378365041943e-05,0.9713109073944983,0.0001620643988510432,0.0,0.9999704939022946,0.9713361421763452
dumbbell,cp,45.0,4,9,router,0.0,0.0,0.0,0.0,0.0,0.0,0.0,1.0,0.0,0.0,0.0,0.0,0.0,0.0,0.0,0.0,1.0,0.0
dumbbell,cp,45.0,5,0,attacker,9.988333299999999,4.4425794666666665,4.445783619999999,0.5542188552188553,0.44563309494879877,0.0016,0.0,0.4452723770819706,0.9646085499497972,55.108700334448166,53.59838862876254,53.4660491638796,0.035393886676851755,0.9028699966939272,0.0003084487523640299,0.0,0.9699997884330311,0.9185509230522282
dumbbell,cp,45.0,5,1,benign_consumer,9.988333299999999,4.442775999999999,4.446002766666666,0.5541515151515152,0.4437289398132462,0.0013333333333333335,0.0,0.4454063834974369,0.9674951996079852,10.0,4.4909295652173915,4.490389264214047,0.5500709435492044,0.4480355886287625,0.0016722408026755853,0.0,0.44909295652173914,0.9538558191466509
dumbbell,cp,45.0,5,2,attacker,9.988333299999999,4.290367366666667,4.293679076666667,0.5694848484848485,0.42889769743217016,0.0013333333333333335,0.0,0.43017955874897185,0.9600306288164249,55.108700334448166,53.580047157190634,53.453751839464886,0.036833275420231945,0.902793071856559,0.0006503820003931707,0.0,0.9691821602637849,0.9183319079659632
dumbbell,cp,45.0,5,3,router,9.044271833333333,9.040938533333334,9.040938533333334,0.0004166666666666667,0.9995787200466331,0.002023583743420779,0.0,0.9995787200466331,1.0,110.54003545150502,110.54003545150502,110.54003545150502,0.0,1.0,0.00015789712480876475,0.0,1.0,1.0
dumbbell,cp,45.0,5,4,router,0.0,0.0,0.0,0.0,0.0,0.0,0.0,1.0,0.0,0.0,0.0,0.0,0.0,0.0,0.0,0.0,1.0,0.0
dumbbell,cp,45.0,5,5,router,13.185722866666667,9.6408064,9.6408064,0.268151815793509,0.7310586036821721,0.0012320569397333303,0.0,0.729903860119938,1.0,111.66936735785953,110.55687993311038,110.33010668896321,0.01280963531426541,0.9406996414547679,0.00015514645315668565,0.0,0.9888494831823161,0.9458504850828813
dumbbell,cp,45.0,5,6,router,9.6408064,9.207604466666666,9.207604466666666,0.045859866984866986,0.9540687942917123,0.001853358403377063,0.0,0.9540687942917123,1.0,110.55687993311038,110.5500635451505,110.35873745819397,5.529579480050443e-05,0.9538035584352504,0.0001578860353934591,0.0,0.9999431607759882,0.9538817952012227
dumbbell,cp,45.0,5,7,router,9.207604466666666,9.090938266666667,9.090938266666667,0.01274024124024124,0.9871867735888437,0.002011419519816746,0.0,0.9871867735888437,1.0,110.5500635451505,110.5467210702341,110.3968525083612,2.787068004459309e-05,0.9625246728729621,0.00015789561251508782,0.0,0.9999716988828692,0.9626054315425867
dumbbell,cp,45.0,5,8,router,9.090938266666667,9.044271833333333,9.044271833333333,0.005273846523846524,0.994672772367486,0.002015716796186746,0.0,0.994672772367486,1.0,110.5467210702341,110.54003545150502,110.42496254180601,5.528446369501252e-05,0.9712227391287145,0.00015789561251508885,0.0,0.9999407485112529,0.9712734706896669
dumbbell,cp,45.0,5,9,router,0.0,0.0,0.0,0.0,0.0,0.0,0.0,1.0,0.0,0.0,0.0,0.0,0.0,0.0,0.0,0.0,1.0,0.0
dumbbell,cp,50.0,1,0,attacker,9.988333299999999,4.6125104666666665,4.615199333333333,0.5373333333333333,0.46199652816067927,0.0016,0.0,0.46240695961384215,0.9602942871736938,59.958193812709034,58.62036655518395,58.61097892976589,0.02215940102611521,0.9770790686930814,0.00023596143708881498,0.0,0.977661359016672,0.9975099022809726
dumbbell,cp,50.0,1,1,benign_consumer,9.988333299999999,4.45374621,4.45696779,0.5533636363636364,0.44582368013591034,0.0013333333333333335,0.0,0.4464983735906106,0.9626567722856445,10.0,4.4957626655518395,4.49576337458194,0.549483125570082,0.44823854816053516,0.0016722408026755853,0.0,0.4495762665551839,0.9547647949534203
dumbbell,cp,50.0,1,2,attacker,9.988333299999999,4.187814016666667,4.1906142,0.5799090909090909,0.419901389594637,0.0013333333333333335,0.0,0.41994186400731287,0.9628745857741965,59.958193812709034,58.65814080267559,58.65198862876254,0.021463817721836254,0.9779793742098436,0.00028794542401709613,0.0,0.9782725768808452,0.9980068405273229
dumbbell,cp,50.0,1,3,router,9.220832966666666,9.2174996,9.2174996,0.0004166666666666667,0.9995814968408151,0.001967566087262003,0.0,0.9995814968408151,1.0,120.57423076923077,120.57423076923077,120.57423076923077,0.0,1.0,0.000145784838605636,0.0,1.0,1.0
dumbbell,cp,50.0,1,4,router,0.0,0.0,0.0,0.0,0.0,0.0,0.0,1.0,0.0,0.013377924709030101,0.013377924709030101,0.013377924709030101,0.0,0.9431438127090301,0.6254185054181682,0.0,1.0,0.9431438127090301
dumbbell,cp,50.0,1,5,router,13.264070693333332,9.716555866666665,9.716555866666665,0.26811503577834844,0.73179269358953,0.0010719285690351575,0.0,0.7311248667537968,1.0,121.77427002341138,120.58854715719063,120.57517591973243,0.00907840539308988,0.990832652024254,0.0001439854901469173,0.0,0.9902794026994309,0.9998884684902157
dumbbell,cp,50.0,1,6,router,9.716555866666665,9.327498233333333,9.327498233333333,0.041566146816146815,0.9586902179531701,0.0017471607955821266,0.0,0.9586902179531701,1.0,120.58854715719063,120.58760200668895,120.57423076923077,0.0,0.9998884684902157,0.00014571168428922365,0.0,0.9999905572953024,0.9998884684902157
dumbbell,cp,50.0,1,7,router,9.327498233333333,9.244165733333332,9.244165733333332,0.009407819032819032,0.9903924188604893,0.0018245876282853239,0.0,0.9903924188604893,1.0,120.58760200668895,120.58760200668895,120.57423076923077,0.0,0.9998884684902157,0.00014577838592218814,0.0,1.0,0.9998884684902157
dumbbell,cp,50.0,1,8,router,9.244165733333332,9.220832966666666,9.220832966666666,0.0022973322973322973,0.9975836450543517,0.0019675397897507903,0.0,0.9975836450543517,1.0,120.58760200668895,120.58760869393979,120.58760869393979,0.0,0.9998884684902157,0.00014577838592218814,0.0,1.0000000552633732,1.0
dumbbell,cp,50.0,1,9,router,0.0,0.0,0.0,0.0,0.0,0.0,0.0,1.0,0.0,0.013377924709030101,0.013377924709030101,0.013377924709030101,0.0,0.9431438127090301,0.6254185054181682,0.0,1.0,0.9431438127090301
dumbbell,cp,100.0,1,0,attacker,9.988333299999999,4.6125104666666665,4.615199333333333,0.5373333333333333,0.46199652816067927,0.0016,0.0,0.46240695961384215,0.9602942871736938,109.91638628762541,109.13628260869565,109.11685351170568,0.007033731608400795,0.9924612592195259,0.00012881763245276552,0.0,0.9928886157608815,0.9991512853823551
dumbbell,cp,100.0,1,1,benign_consumer,9.988333299999999,4.45374621,4.45696779,0.5533636363636364,0.44582368013591034,0.0013333333333333335,0.0,0.4464983735906106,0.9626567722856445,10.0,4.4957626655518395,4.495763307692307,0.549483125570082,0.44823853812709036,0.0016722408026755853,0.0,0.4495762665551839,0.9556819945776099
dumbbell,cp,100.0,1,2,attacker,9.988333299999999,4.187814016666667,4.1906142,0.5799090909090909,0.419901389594637,0.0013333333333333335,0.0,0.41994186400731287,0.9628745857741965,109.91638628762541,109.19142006688963,109.18193846153846,0.006497081859400699,0.9930066048278029,0.00015761811057638466,0.0,0.9933751419222476,0.9992787274997597
dumbbell,cp,100.0,1,3,router,9.220832966666666,9.2174996,9.2174996,0.0004166666666666667,0.9995814968408151,0.001967566087262003,0.0,0.9995814968408151,1.0,221.83407357859534,221.83407357859534,221.83407357859534,0.0,1.0,7.878950875696452e-05,0.0,1.0,1.0
dumbbell,cp,100.0,1,4,router,0.0,0.0,0.0,0.0,0.0,0.0,0.0,1.0,0.0,0.030100331945419778,0.030100331945419778,0.030100331945419778,0.0,0.9431438127090301,0.32107612142060876,0.0,1.0,0.9431438127090301
dumbbell,cp,100.0,1,5,router,13.264070693333332,9.716555866666665,9.716555866666665,0.26811503577834844,0.73179269358953,0.0010719285690351575,0.0,0.7311248667537968,1.0,222.8234653411371,221.88183946488294,221.83502006688963,0.0038184371405518545,0.996078037701018,7.83825391418738e-05,0.0,0.9957751814688455,0.9997891250821933
dumbbell,cp,100.0,1,6,router,9.716555866666665,9.327498233333333,9.327498233333333,0.041566146816146815,0.9586902179531701,0.0017471607955821266,0.0,0.9586902179531701,1.0,221.88183946488294,221.88089297658863,221.83407357859534,0.0,0.9997891250821933,7.876924299775345e-05,0.0,0.9999948510733939,0.9997891250821933
dumbbell,cp,100.0,1,7,router,9.327498233333333,9.244165733333332,9.244165733333332,0.009407819032819032,0.9903924188604893,0.0018245876282853239,0.0,0.9903924188604893,1.0,221.88089297658863,221.88089297658863,221.83407357859534,0.0,0.9997891250821933,7.878906889428273e-05,0.0,1.0,0.9997891250821933
dumbbell,cp,100.0,1,8,router,9.244165733333332,9.220832966666666,9.220832966666666,0.0022973322973322973,0.9975836450543517,0.0019675397897507903,0.0,0.9975836450543517,1.0,221.88089297658863,221.88089630853167,221.88089630853167,0.0,0.9997891250821933,7.878906889428273e-05,0.0,1.0000000146177157,1.0
dumbbell,cp,100.0,1,9,router,0.0,0.0,0.0,0.0,0.0,0.0,0.0,1.0,0.0,0.046822729936321646,0.030100331945419778,0.030100331945419778,0.015050167224080268,0.6335423151213365,0.32107264306690075,0.0,0.6903985024123064,0.9431438127090301
dumbbell,ifa,1.0,1,0,attacker,9.988333299999999,4.6125104666666665,4.615199333333333,0.5373333333333333,0.46199652816067927,0.0016,0.0,0.46240695961384215,0.9602942871736938,11.003181286884281,5.495287692307692,4.489409364548495,0.50453589126358,0.4105672393646967,0.09199556372673727,0.0,0.4967480604483314,0.8258518387424723
dumbbell,ifa,1.0,1,1,benign_consumer,9.988333299999999,4.45374621,4.45696779,0.5533636363636364,0.4461035054037225,0.0013333333333333335,0.0,0.4464983735906106,0.9626567722856445,10.0,4.495762698996655,4.49576320735786,0.549483125570082,0.44857297290969894,0.0016722408026755853,0.0,0.44957626989966554,0.9618055555712584
dumbbell,ifa,1.0,1,2,benign_consumer,9.988333299999999,4.187814016666667,4.1906142,0.5799090909090909,0.41991484873644885,0.0013333333333333335,0.0,0.41994186400731287,0.9628745857741965,10.0,4.610805117056857,4.608129889632107,0.537600081078342,0.46014409264214046,0.0016722408026755853,0.0,0.46108051170568565,0.9546344814708261
dumbbell,ifa,1.0,1,3,router,9.220832966666666,9.2174996,9.2174996,0.0004166666666666667,0.9995814968408151,0.001967566087262003,0.0,0.9995814968408151,1.0,10.390292742474916,10.390295959531773,9.387122408026757,0.0,0.9066245652606058,0.10630542648220281,0.0,1.0000002395440641,0.9063962903421074
dumbbell,ifa,1.0,1,4,router,0.0,0.0,0.0,0.0,0.0,0.0,0.0,1.0,0.0,0.0,0.0,0.0,0.0,0.0,0.0,0.0,1.0,0.0
dumbbell,ifa,1.0,1,5,router,13.264070693333332,9.716555866666665,9.716555866666665,0.2680627481966491,0.7322017563233779,0.0010719285690351575,0.0,0.7311248667537968,1.0,14.60184714715719,10.956269498327758,9.95309906354515,0.2480160182385001,0.6850410536432373,0.073514908449748,0.0,0.7508752289249558,0.9111573470650081
dumbbell,ifa,1.0,1,6,router,9.716555866666665,9.327498233333333,9.327498233333333,0.041566146816146815,0.9586902876783167,0.0017471607955821266,0.0,0.9586902179531701,1.0,10.956269498327758,10.547484682274249,9.544313244147157,0.0372954244088158,0.8741017325445692,0.10007653560430776,0.0,0.9627275176130778,0.9077304914219312
dumbbell,ifa,1.0,1,7,router,9.327498233333333,9.244165733333332,9.244165733333332,0.009407819032819032,0.9903924188604893,0.0018245876282853239,0.0,0.9903924188604893,1.0,10.547484682274249,10.430425719063546,9.427256254180602,0.010740496469888563,0.8968329259245583,0.10459585458418463,0.0,0.9888794502914098,0.9066918334840065
dumbbell,ifa,1.0,1,8,router,9.244165733333332,9.220832966666666,9.220832966666666,0.0022973322973322973,0.9975836450543517,0.0019675397897507903,0.0,0.9975836450543517,1.0,10.430425719063546,10.390292742474916,9.387122408026757,0.0034895056634187066,0.9032985392829083,0.10591415400693963,0.0,0.9963787188676207,0.9063965037883619
dumbbell,ifa,1.0,1,9,router,0.0,0.0,0.0,0.0,0.0,0.0,0.0,1.0,0.0,0.0,0.0,0.0,0.0,0.0,0.0,0.0,1.0,0.0
dumbbell,ifa,1.0,2,0,attacker,9.988333299999999,4.533437216666667,4.5341042,0.545151515151515,0.45423582419193453,0.0016,0.0,0.45450184098693647,0.9657280965439248,11.003181286884281,5.334686989966555,4.333517090301004,0.5200603363074758,0.39615190833560265,0.09199556372673727,0.0,0.48158793697419633,0.8192019172511968
dumbbell,ifa,1.0,2,1,benign_consumer,9.988333299999999,4.510795566666666,4.513595433333333,0.5475454545454546,0.4523720025722467,0.0013333333333333335,0.0,0.4521078578087184,0.9586786794640021,10.0,4.267243110367893,4.267778026755853,0.5723573527921354,0.4254400133779264,0.0016722408026755853,0.0,0.4267243110367893,0.9618122722078651
dumbbell,ifa,1.0,2,2,benign_consumer,9.988333299999999,4.6211807,4.621313433333333,0.5363333333333333,0.4616139098933263,0.0013333333333333335,0.0,0.4632672028585078,0.9601646508980999,10.0,4.505787013377926,4.506194143812709,0.5487686226816662,0.44995051471571906,0.0016722408026755853,0.0,0.45057870133779265,0.9657852374773603
dumbbell,ifa,1.0,2,3,router,9.658055533333332,9.644721933333333,9.644721933333333,0.0013560606060606063,0.9985946774876676,0.0016820038058099193,0.0,0.9985946774876676,1.0,10.12901143812709,10.122321611705686,9.119148060200668,0.0004961593590356132,0.9043931262736871,0.11100126463904486,0.0,0.999429365744649,0.9045769599351424
dumbbell,ifa,1.0,2,4,router,0.0,0.0,0.0,0.0,0.0,0.0,0.0,1.0,0.0,0.0,0.0,0.0,0.0,0.0,0.0,0.0,1.0,0.0
dumbbell,ifa,1.0,2,5,router,13.675413483333331,10.191094533333333,10.191094533333333,0.2535761789218345,0.7476943297827356,0.001133680536746329,0.0,0.7454462076350286,1.0,14.107708217391306,10.640341605351171,9.637164481605351,0.24382522103334084,0.6866573979033077,0.0772018317831595,0.0,0.754721136349619,0.9093350620351784
dumbbell,ifa,1.0,2,6,router,10.191094533333333,9.771386766666666,9.771386766666666,0.04058836479424714,0.9588022920094312,0.0015918785580164426,0.0,0.9588022918698839,1.0,10.640341605351171,10.236034314381271,9.232859866220737,0.038563094664314415,0.8716795378969739,0.10511707135793787,0.0,0.9620582712051337,0.905693852617691
dumbbell,ifa,1.0,2,7,router,9.771386766666666,9.684721666666666,9.684721666666666,0.009459272209272208,0.9907217502352789,0.0016062465397080603,0.0,0.9907217502352675,1.0,10.236034314381271,10.152422173913044,9.149247993311036,0.008470961842494401,0.8976682952049448,0.10966881611171211,0.0,0.9916786687272761,0.9049214133868888
dumbbell,ifa,1.0,2,8,router,9.684721666666666,9.658055533333332,9.658055533333332,0.0028137325637325634,0.9972194215892892,0.0016819921139873825,0.0,0.9972194215892892,1.0,10.152422173913044,10.12901143812709,9.125836655518395,0.0018779900886924299,0.9031938964328514,0.110818331958446,0.0,0.9979722343309376,0.9046633814490018
dumbbell,ifa,1.0,2,9,router,0.0,0.0,0.0,0.0,0.0,0.0,0.0,1.0,0.0,0.0,0.0,0.0,0.0,0.0,0.0,0.0,1.0,0.0
dumbbell,ifa,1.0,3,0,attacker,9.988333299999999,4.5342343,4.537461333333333,0.5453030303030303,0.45321188398814677,0.0016,0.0,0.45456587488006744,0.9647163442387188,11.003181286884281,5.443718093645486,4.440638963210702,0.5091054635677061,0.4066841220059215,0.09199556372673727,0.0,0.49196428079654647,0.8215929205129301
dumbbell,ifa,1.0,3,1,benign_consumer,9.988333299999999,4.345137623333334,4.3456963533333335,0.5638484848484848,0.4359255546636819,0.0013333333333333335,0.0,0.4356464894236394,0.9617258221444467,10.0,4.3522307725752505,4.354880214046823,0.5638542616803487,0.43515357658862874,0.0016722408026755853,0.0,0.43522307725752507,0.9683099289636475
dumbbell,ifa,1.0,3,2,benign_consumer,9.988333299999999,4.360881733333333,4.364210536666667,0.5626969696969697,0.4368766401528756,0.0013333333333333335,0.0,0.4371007844973326,0.9593635817262054,10.0,4.3587711973244145,4.358646401337793,0.5628661193878585,0.4348612923076923,0.0016722408026755853,0.0,0.43587711973244153,0.9639206118885791
dumbbell,ifa,1.0,3,3,router,9.250309233333335,9.223642333333334,9.223642333333334,0.003007770007770008,0.9971068774156984,0.0018059078127859508,0.0,0.9971068774156984,1.0,10.218130702341137,10.214786126755852,9.211612575250836,0.0003344481605351171,0.903312843884433,0.10862699122115944,0.0,0.9996637819494751,0.9033028696272065
dumbbell,ifa,1.0,3,4,router,0.0,0.0,0.0,0.0,0.0,0.0,0.0,1.0,0.0,0.0,0.0,0.0,0.0,0.0,0.0,0.0,1.0,0.0
dumbbell,ifa,1.0,3,5,router,13.250253723333334,9.818810366666666,9.818810366666666,0.25699297246727587,0.7434337223351134,0.001222752482384161,0.0,0.7407483923241215,1.0,14.154711267558527,10.78000525083612,9.776827591973245,0.2374344613355353,0.6927358678846917,0.07607746930318608,0.0,0.7614709578865636,0.908205154929205
dumbbell,ifa,1.0,3,6,router,9.818810366666666,9.406175333333334,9.406175333333334,0.042934422059422064,0.9571259286609475,0.0016614924396738256,0.0,0.9571259253480542,1.0,10.78000525083612,10.359266387959867,9.356094280936455,0.03822165331116738,0.8699450089183434,0.10259794485081826,0.0,0.9614334665938562,0.9043415853945
dumbbell,ifa,1.0,3,7,router,9.406175333333334,9.286975066666667,9.286975066666667,0.013386280386280385,0.9867803492098066,0.0017187232026345742,0.0,0.9867803492098062,1.0,10.359266387959867,10.244753010033444,9.241578461538461,0.010643054455763487,0.8937234753577509,0.10693896693144504,0.0,0.9890723338179452,0.9035038455888161
dumbbell,ifa,1.0,3,8,router,9.286975066666667,9.250309233333335,9.250309233333335,0.00396961371961372,0.9960457205971621,0.0017853418647030507,0.0,0.9960457205971621,1.0,10.244753010033444,10.218130702341137,9.214956655518394,0.0023281776478707426,0.9014876968203392,0.10840444301953303,0.0,0.9976623021384059,0.9033275167292983
dumbbell,ifa,1.0,3,9,router,0.0,0.0,0.0,0.0,0.0,0.0,0.0,1.0,0.0,0.0,0.0,0.0,0.0,0.0,0.0,0.0,1.0,0.0
dumbbell,ifa,1.0,4,0,attacker,9.988333299999999,4.4439303,4.4440627,0.5541818181818182,0.44547100408531937,0.0016,0.0,0.44552130578959026,0.9619324468214749,11.003181286884281,5.240846856187291,4.240851418060201,0.5287706953610843,0.3887386971484584,0.09199556372673727,0.0,0.472859552205341,0.8133292585708729
dumbbell,ifa,1.0,4,1,benign_consumer,9.988333299999999,4.621216516666666,4.624550126666667,0.5367575757575758,0.46251422371601936,0.0013333333333333335,0.0,0.4631437987629821,0.9586051939054901,10.0,4.378909264214046,4.378887190635452,0.5607226107226108,0.4372198160535117,0.0016722408026755853,0.0,0.43789092642140465,0.9615733221155696
dumbbell,ifa,1.0,4,2,benign_consumer,9.988333299999999,4.618457766666667,4.619017833333333,0.5366363636363637,0.46174043480496285,0.0013333333333333335,0.0,0.4630011937674217,0.9618556273183955,10.0,4.249672474916388,4.251920133779264,0.5743589743589743,0.4255264615384615,0.0016722408026755853,0.0,0.4249672474916388,0.9574735841395805
dumbbell,ifa,1.0,4,3,router,9.5803875,9.570387233333333,9.570387233333333,0.001537037037037037,0.9987388813445425,0.0013853052936831159,0.0,0.9987388813445425,1.0,9.950235117056856,9.946891946153846,8.94371839464883,0.0003040437823046519,0.9003679090377534,0.11043204521988717,0.0,0.9996743307545655,0.9003261964427397
dumbbell,ifa,1.0,4,4,router,0.0,0.0,0.0,0.0,0.0,0.0,0.0,1.0,0.0,0.0,0.0,0.0,0.0,0.0,0.0,0.0,1.0,0.0
dumbbell,ifa,1.0,4,5,router,13.693604583333332,10.100387966666666,10.100387966666666,0.261613493816997,0.7391527746440559,0.0010353733511366393,0.0,0.7375199604189411,1.0,13.869420100334448,10.495386220735787,9.492214147157192,0.24381206617375686,0.6864085469219972,0.07685113138691302,0.0,0.7549847295952649,0.9060074340593292
dumbbell,ifa,1.0,4,6,router,10.100387966666666,9.707052833333334,9.707052833333334,0.03887193824693825,0.9608157406173833,0.0012639402559844219,0.0,0.960815717701336,1.0,10.495386220735787,10.043878795986622,9.040708327759196,0.04268470718104171,0.8633431046825758,0.10446044787628585,0.0,0.957057118713707,0.9014595121278124
dumbbell,ifa,1.0,4,7,router,9.707052833333334,9.603721,9.603721,0.010973304473304473,0.9892987028255448,0.0013852473602251267,0.0,0.989298702823773,1.0,10.043878795986622,9.963613010033445,8.960441237458195,0.007901532692502593,0.8938138642961981,0.10948628792864437,0.0,0.992038084133179,0.9005576661011163
dumbbell,ifa,1.0,4,8,router,9.603721,9.5803875,9.5803875,0.0023876863876863877,0.9975873345316605,0.0013853020263438238,0.0,0.9975873345316605,1.0,9.963613010033445,9.950235117056856,8.947062876254181,0.001258078599215723,0.8995850549882287,0.11033518636712696,0.0,0.9987110379574037,0.9003773062339332
dumbbell,ifa,1.0,4,9,router,0.0,0.0,0.0,0.0,0.0,0.0,0.0,1.0,0.0,0.0,0.0,0.0,0.0,0.0,0.0,0.0,1.0,0.0
dumbbell,ifa,1.0,5,0,attacker,9.988333299999999,4.4425794666666665,4.445783619999999,0.5541818181818182,0.44563309494879877,0.0016,0.0,0.4452723770819706,0.9646085499497972,11.003181286884281,5.398930033444816,4.393202628762541,0.5136194469146415,0.4027728354192489,0.09199556372673727,0.0,0.4877946949984091,0.8146569254325148
dumbbell,ifa,1.0,5,1,benign_consumer,9.988333299999999,4.442775999999999,4.446002766666666,0.5541515151515152,0.44400876508105835,0.0013333333333333335,0.0,0.4454063834974369,0.9674951996079852,10.0,4.484240602006689,4.4837003344481605,0.5507398398702746,0.4480355919732441,0.0016722408026755853,0.0,0.44842406020066883,0.9599870411160968
dumbbell,ifa,1.0,5,2,benign_consumer,9.988333299999999,4.290367366666667,4.293679076666667,0.5694848484848485,0.4289676537491232,0.0013333333333333335,0.0,0.43017955874897185,0.9600306288164249,10.0,4.507216822742476,4.507216321070234,0.5482720178372352,0.44971828428093646,0.0016722408026755853,0.0,0.45072168227424747,0.9617723296154409
dumbbell,ifa,1.0,5,3,router,9.044271833333333,9.040938533333334,9.040938533333334,0.0004166666666666667,0.9995787200466331,0.002023583743420779,0.0,0.9995787200466331,1.0,10.344444548494982,10.344445357525084,9.341271806020067,0.0,0.9051198761440729,0.10634885428672046,0.0,1.0000000681521513,0.9048995009599787
dumbbell,ifa,1.0,5,4,router,0.0,0.0,0.0,0.0,0.0,0.0,0.0,1.0,0.0,0.0,0.0,0.0,0.0,0.0,0.0,0.0,1.0,0.0
dumbbell,ifa,1.0,5,5,router,13.185722866666667,9.6408064,9.6408064,0.26806822122715585,0.7314851538235952,0.0012320569397333303,0.0,0.729903860119938,1.0,14.390379297658862,10.959953511705686,9.95678204013378,0.23899721381194264,0.6932704839957919,0.07413396321188412,0.0,0.7605824796733035,0.9102891604818417
dumbbell,ifa,1.0,5,6,router,9.6408064,9.207604466666666,9.207604466666666,0.045859866984866986,0.9540688711848154,0.001853358403377063,0.0,0.9540687942917123,1.0,10.959953511705686,10.44812314381271,9.444949431438127,0.046196744868788935,0.864144579930214,0.10022044523169955,0.0,0.9536386772233981,0.9058664205931062
dumbbell,ifa,1.0,5,7,router,9.207604466666666,9.090938266666667,9.090938266666667,0.01274024124024124,0.9871867735900631,0.002011419519816746,0.0,0.9871867735888437,1.0,10.44812314381271,10.361166454849497,9.357993511705684,0.008201980108334624,0.8978475684688262,0.10530499118005719,0.0,0.9917607753700902,0.9050680971799862
dumbbell,ifa,1.0,5,8,router,9.090938266666667,9.044271833333333,9.044271833333333,0.005273846523846524,0.994672772367486,0.002015716796186746,0.0,0.994672772367486,1.0,10.361166454849497,10.344444548494982,9.341271806020067,0.0013487223205893282,0.9038577124423831,0.10623066162740961,0.0,0.9985693019059954,0.9048995719362297
dumbbell,ifa,1.0,5,9,router,0.0,0.0,0.0,0.0,0.0,0.0,0.0,1.0,0.0,0.0,0.0,0.0,0.0,0.0,0.0,0.0,1.0,0.0
dumbbell,ifa,2.0,1,0,attacker,9.988333299999999,4.6125104666666665,4.615199333333333,0.5373333333333333,0.46199652816067927,0.0016,0.0,0.46240695961384215,0.9602942871736938,12.005021065785952,6.49712712374582,4.489409364548495,0.4593196804955298,0.3746121048161923,0.16552814113125863,0.0,0.5405093969614573,0.686285858622578
dumbbell,ifa,2.0,1,1,benign_consumer,9.988333299999999,4.45374621,4.45696779,0.5533636363636364,0.4461035054037225,0.0013333333333333335,0.0,0.4464983735906106,0.9626567722856445,10.0,4.495762698996655,4.49576320735786,0.549483125570082,0.44857297290969894,0.0016722408026755853,0.0,0.44957626989966554,0.9618055555712584
dumbbell,ifa,2.0,1,2,benign_consumer,9.988333299999999,4.187814016666667,4.1906142,0.5799090909090909,0.41991484873644885,0.0013333333333333335,0.0,0.41994186400731287,0.9628745857741965,10.0,4.610805117056857,4.608129889632107,0.537600081078342,0.46014409264214046,0.0016722408026755853,0.0,0.46108051170568565,0.9546344814708261
dumbbell,ifa,2.0,1,3,router,9.220832966666666,9.2174996,9.2174996,0.0004166666666666667,0.9995814968408151,0.001967566087262003,0.0,0.9995814968408151,1.0,11.388782943143813,11.38878585284281,9.387122408026757,0.0,0.8252607687845125,0.18878379873945422,0.0,1.000000199317436,0.825037795509871
dumbbell,ifa,2.0,1,4,router,0.0,0.0,0.0,0.0,0.0,0.0,0.0,1.0,0.0,0.0033444816053511705,0.0033444816053511705,0.0,0.0,0.1993311033586348,0.9913043478260869,0.0,1.0,0.0
dumbbell,ifa,2.0,1,5,router,13.264070693333332,9.716555866666665,9.716555866666665,0.2680627481966491,0.7322017563233779,0.0010719285690351575,0.0,0.7311248667537968,1.0,15.603682698996657,11.95810397993311,9.95309906354515,0.23197996808627838,0.6400881233153414,0.13453263910865762,0.0,0.7669230790760759,0.8332202131671881
dumbbell,ifa,2.0,1,6,router,9.716555866666665,9.327498233333333,9.327498233333333,0.041566146816146815,0.9586902876783167,0.0017471607955821266,0.0,0.9586902179531701,1.0,11.95810397993311,11.549318929765887,9.544313244147157,0.03388221241501525,0.7994346127110393,0.1794533504102418,0.0,0.9660040493087321,0.82717506122812
dumbbell,ifa,2.0,1,7,router,9.327498233333333,9.244165733333332,9.244165733333332,0.009407819032819032,0.9903924188604893,0.0018245876282853239,0.0,0.9903924188604893,1.0,11.549318929765887,11.432260635451506,9.427256254180602,0.009814004224293424,0.8172844762316693,0.18619843861043225,0.0,0.9898938420219039,0.825347640502049
dumbbell,ifa,2.0,1,8,router,9.244165733333332,9.220832966666666,9.220832966666666,0.0022973322973322973,0.9975836450543517,0.0019675397897507903,0.0,0.9975836450543517,1.0,11.432260635451506,11.392127424749164,9.387122408026757,0.0031598246333638816,0.8222704851008246,0.18813536784438709,0.0,0.9967034155092509,0.8247887919909594
dumbbell,ifa,2.0,1,9,router,0.0,0.0,0.0,0.0,0.0,0.0,0.0,1.0,0.0,0.0033444816053511705,0.0033444816053511705,0.0,0.0,0.1993311033586348,0.9913043478260869,0.0,1.0,0.0
dumbbell,ifa,2.0,2,0,attacker,9.988333299999999,4.533437216666667,4.5341042,0.545151515151515,0.45423582419193453,0.0016,0.0,0.45450184098693647,0.9657280965439248,12.005021065785952,6.336526153846154,4.333517090301004,0.47270212038738707,0.36158838209388117,0.16552814113125863,0.0,0.5271310495489309,0.6779332908342066
dumbbell,ifa,2.0,2,1,benign_consumer,9.988333299999999,4.510795566666666,4.513595433333333,0.5475454545454546,0.4523720025722467,0.0013333333333333335,0.0,0.4521078578087184,0.9586786794640021,10.0,4.267243110367893,4.267778026755853,0.5723573527921354,0.4254400133779264,0.0016722408026755853,0.0,0.4267243110367893,0.9618122722078651
dumbbell,ifa,2.0,2,2,benign_consumer,9.988333299999999,4.6211807,4.621313433333333,0.5363333333333333,0.4616139098933263,0.0013333333333333335,0.0,0.4632672028585078,0.9601646508980999,10.0,4.505787013377926,4.506194143812709,0.5487686226816662,0.44995051471571906,0.0016722408026755853,0.0,0.45057870133779265,0.9657852374773603
dumbbell,ifa,2.0,2,3,router,9.658055533333332,9.644721933333333,9.644721933333333,0.0013560606060606063,0.9985946774876676,0.0016820038058099193,0.0,0.9985946774876676,1.0,11.127501538461539,11.120811505016723,9.119148060200668,0.00048023325615298857,0.8204565790880023,0.1933272567823522,0.0,0.9994678036744203,0.8205786938575567
dumbbell,ifa,2.0,2,4,router,0.0,0.0,0.0,0.0,0.0,0.0,0.0,1.0,0.0,0.0033444816053511705,0.0033444816053511705,0.0,0.0,0.1993311033586348,0.9913043478260869,0.0,1.0,0.0
dumbbell,ifa,2.0,2,5,router,13.675413483333331,10.191094533333333,10.191094533333333,0.2535761789218345,0.7476943297827356,0.001133680536746329,0.0,0.7454462076350286,1.0,15.109543735785955,11.642176588628763,9.637164481605351,0.2270511138144331,0.6399580797864726,0.13921576381872933,0.0,0.7714345219062823,0.8285467535111152
dumbbell,ifa,2.0,2,6,router,10.191094533333333,9.771386766666666,9.771386766666666,0.04058836479424714,0.9588022920094312,0.0015918785580164426,0.0,0.9588022918698839,1.0,11.642176588628763,11.23786779264214,9.232859866220737,0.03496967489196488,0.7943207040277769,0.18408878095138748,0.0,0.9654941791829692,0.8221888709948934
dumbbell,ifa,2.0,2,7,router,9.771386766666666,9.684721666666666,9.684721666666666,0.009459272209272208,0.9907217502352789,0.0016062465397080603,0.0,0.9907217502352675,1.0,11.23786779264214,11.154257826086956,9.149247993311036,0.007657027541938028,0.8149245576329261,0.19119428217108672,0.0,0.9924485595106162,0.8208215748087088
dumbbell,ifa,2.0,2,8,router,9.684721666666666,9.658055533333332,9.658055533333332,0.0028137325637325634,0.9972194215892892,0.0016819921139873825,0.0,0.9972194215892892,1.0,11.154257826086956,11.13084602006689,9.125836655518395,0.00172211796990471,0.8192633190734313,0.19302766252562184,0.0,0.9981510402588373,0.8204331797881836
dumbbell,ifa,2.0,2,9,router,0.0,0.0,0.0,0.0,0.0,0.0,0.0,1.0,0.0,0.0033444816053511705,0.0033444816053511705,0.0,0.0,0.1993311033586348,0.9913043478260869,0.0,1.0,0.0
dumbbell,ifa,2.0,3,0,attacker,9.988333299999999,4.5342343,4.537461333333333,0.5453030303030303,0.45321188398814677,0.0016,0.0,0.45456587488006744,0.9647163442387188,12.005021065785952,6.445557424749164,4.440638963210702,0.46347812546545164,0.3708364957648465,0.16552814113125863,0.0,0.5361563254641275,0.6831445798728165
dumbbell,ifa,2.0,3,1,benign_consumer,9.988333299999999,4.345137623333334,4.3456963533333335,0.5638484848484848,0.4359255546636819,0.0013333333333333335,0.0,0.4356464894236394,0.9617258221444467,10.0,4.3522307725752505,4.354880214046823,0.5638542616803487,0.43515357658862874,0.0016722408026755853,0.0,0.43522307725752507,0.9683099289636475
dumbbell,ifa,2.0,3,2,benign_consumer,9.988333299999999,4.360881733333333,4.364210536666667,0.5626969696969697,0.4368766401528756,0.0013333333333333335,0.0,0.4371007844973326,0.9593635817262054,10.0,4.3587711973244145,4.358646401337793,0.5628661193878585,0.4348612923076923,0.0016722408026755853,0.0,0.43587711973244153,0.9639206118885791
dumbbell,ifa,2.0,3,3,router,9.250309233333335,9.223642333333334,9.223642333333334,0.003007770007770008,0.9971068774156984,0.0018059078127859508,0.0,0.9971068774156984,1.0,11.216619933110367,11.213276020066889,9.211612575250836,0.0003344481605351171,0.8213798727452004,0.19169643661326352,0.0,0.9996843463274532,0.821345712699435
dumbbell,ifa,2.0,3,4,router,0.0,0.0,0.0,0.0,0.0,0.0,0.0,1.0,0.0,0.0033444816053511705,0.0033444816053511705,0.0,0.0,0.1993311033586348,0.9913043478260869,0.0,1.0,0.0
dumbbell,ifa,2.0,3,5,router,13.250253723333334,9.818810366666666,9.818810366666666,0.25699297246727587,0.7434337223351134,0.001222752482384161,0.0,0.7407483923241215,1.0,15.156546284280937,11.781835785953177,9.776827591973245,0.22165273628655968,0.6460750101298145,0.13806746714608906,0.0,0.7773044506170761,0.8294408225067383
dumbbell,ifa,2.0,3,6,router,9.818810366666666,9.406175333333334,9.406175333333334,0.042934422059422064,0.9571259286609475,0.0016614924396738256,0.0,0.9571259253480542,1.0,11.781835785953177,11.361100100334449,9.356094280936455,0.03494906928164847,0.7944257804046102,0.18221828545561367,0.0,0.9646890191801356,0.8230059222464472
dumbbell,ifa,2.0,3,7,router,9.406175333333334,9.286975066666667,9.286975066666667,0.013386280386280385,0.9867803492098066,0.0017187232026345742,0.0,0.9867803492098062,1.0,11.361100100334449,11.246586421404682,9.241578461538461,0.009781692611714254,0.8133140353000178,0.18919700251048,0.0,0.9900087453339484,0.8214358132723795
dumbbell,ifa,2.0,3,8,router,9.286975066666667,9.250309233333335,9.250309233333335,0.00396961371961372,0.9960457205971621,0.0017853418647030507,0.0,0.9960457205971621,1.0,11.246586421404682,11.219964414715719,9.214956655518394,0.0021659871158198917,0.8196091949822699,0.19119590962108976,0.0,0.9978641804037571,0.8210976235760274
dumbbell,ifa,2.0,3,9,router,0.0,0.0,0.0,0.0,0.0,0.0,0.0,1.0,0.0,0.0033444816053511705,0.0033444816053511705,0.0,0.0,0.1993311033586348,0.9913043478260869,0.0,1.0,0.0
dumbbell,ifa,2.0,4,0,attacker,9.988333299999999,4.4439303,4.4440627,0.5541818181818182,0.44547100408531937,0.0016,0.0,0.44552130578959026,0.9619324468214749,12.005021065785952,6.2426864548494985,4.240851418060201,0.4806318776570493,0.3548313873703648,0.16552814113125863,0.0,0.5191152693288319,0.6706017565354248
dumbbell,ifa,2.0,4,1,benign_consumer,9.988333299999999,4.621216516666666,4.624550126666667,0.5367575757575758,0.46251422371601936,0.0013333333333333335,0.0,0.4631437987629821,0.9586051939054901,10.0,4.378909264214046,4.378887190635452,0.5607226107226108,0.4372198160535117,0.0016722408026755853,0.0,0.43789092642140465,0.9615733221155696
dumbbell,ifa,2.0,4,2,benign_consumer,9.988333299999999,4.618457766666667,4.619017833333333,0.5366363636363637,0.46174043480496285,0.0013333333333333335,0.0,0.4630011937674217,0.9618556273183955,10.0,4.249672474916388,4.251920133779264,0.5743589743589743,0.4255264615384615,0.0016722408026755853,0.0,0.4249672474916388,0.9574735841395805
dumbbell,ifa,2.0,4,3,router,9.5803875,9.570387233333333,9.570387233333333,0.001537037037037037,0.9987388813445425,0.0013853052936831159,0.0,0.9987388813445425,1.0,10.948724648829431,10.945381839464883,8.94371839464883,0.0002572678157962439,0.8155688270893442,0.19777907929388142,0.0,0.9997162615947485,0.8154657313185321
dumbbell,ifa,2.0,4,4,router,0.0,0.0,0.0,0.0,0.0,0.0,0.0,1.0,0.0,0.0033444816053511705,0.0033444816053511705,0.0,0.0,0.1993311033586348,0.9913043478260869,0.0,1.0,0.0
dumbbell,ifa,2.0,4,5,router,13.693604583333332,10.100387966666666,10.100387966666666,0.261613493816997,0.7391527746440559,0.0010353733511366393,0.0,0.7375199604189411,1.0,14.871255317725751,11.497219331103679,9.492214147157192,0.22648788583433657,0.6395608655138385,0.14118581407682895,0.0,0.7721014334420755,0.8243294130331834
dumbbell,ifa,2.0,4,6,router,10.100387966666666,9.707052833333334,9.707052833333334,0.03887193824693825,0.9608157406173833,0.0012639402559844219,0.0,0.960815717701336,1.0,11.497219331103679,11.045715785953176,9.040708327759196,0.038966631204948816,0.7853636026602515,0.18740375514743104,0.0,0.9607649854710134,0.816929405001657
dumbbell,ifa,2.0,4,7,router,9.707052833333334,9.603721,9.603721,0.010973304473304473,0.9892987028255448,0.0013852473602251267,0.0,0.989298702823773,1.0,11.045715785953176,10.96544702341137,8.960441237458195,0.007153804018352513,0.8100075338542306,0.1958710935045865,0.0,0.992772615639119,0.8155392516829717
dumbbell,ifa,2.0,4,8,router,9.603721,9.5803875,9.5803875,0.0023876863876863877,0.9975873345316605,0.0013853020263438238,0.0,0.9975873345316605,1.0,10.96544702341137,10.952069130434783,8.947062876254181,0.001109314320016661,0.8146846431059395,0.19748660827215123,0.0,0.9988400621478865,0.8152707318971736
dumbbell,ifa,2.0,4,9,router,0.0,0.0,0.0,0.0,0.0,0.0,0.0,1.0,0.0,0.0033444816053511705,0.0033444816053511705,0.0,0.0,0.1993311033586348,0.9913043478260869,0.0,1.0,0.0
dumbbell,ifa,2.0,5,0,attacker,9.988333299999999,4.4425794666666665,4.445783619999999,0.5541818181818182,0.44563309494879877,0.0016,0.0,0.4452723770819706,0.9646085499497972,12.005021065785952,6.400769765886287,4.393202628762541,0.46751265515567575,0.367324751831899,0.16552814113125863,0.0,0.5324162155307818,0.6785727218298512
dumbbell,ifa,2.0,5,1,benign_consumer,9.988333299999999,4.442775999999999,4.446002766666666,0.5541515151515152,0.44400876508105835,0.0013333333333333335,0.0,0.4454063834974369,0.9674951996079852,10.0,4.484240602006689,4.4837003344481605,0.5507398398702746,0.4480355919732441,0.0016722408026755853,0.0,0.44842406020066883,0.9599870411160968
dumbbell,ifa,2.0,5,2,benign_consumer,9.988333299999999,4.290367366666667,4.293679076666667,0.5694848484848485,0.4289676537491232,0.0013333333333333335,0.0,0.43017955874897185,0.9600306288164249,10.0,4.507216822742476,4.507216321070234,0.5482720178372352,0.44971828428093646,0.0016722408026755853,0.0,0.45072168227424747,0.9617723296154409
dumbbell,ifa,2.0,5,3,router,9.044271833333333,9.040938533333334,9.040938533333334,0.0004166666666666667,0.9995787200466331,0.002023583743420779,0.0,0.9995787200466331,1.0,11.342934214046823,11.34293525083612,9.341271806020067,0.0,0.8231408887569526,0.18936685619412671,0.0,1.0000000797635342,0.8229236255290372
dumbbell,ifa,2.0,5,4,router,0.0,0.0,0.0,0.0,0.0,0.0,0.0,1.0,0.0,0.0033444816053511705,0.0033444816053511705,0.0,0.0,0.1993311033586348,0.9913043478260869,0.0,1.0,0.0
dumbbell,ifa,2.0,5,5,router,13.185722866666667,9.6408064,9.6408064,0.26806822122715585,0.7314851538235952,0.0012320569397333303,0.0,0.729903860119938,1.0,15.392214682274247,11.961788327759196,9.95678204013378,0.2232627681773689,0.6472559280961033,0.13609075761295675,0.0,0.7763374842873995,0.832024096342914
dumbbell,ifa,2.0,5,6,router,9.6408064,9.207604466666666,9.207604466666666,0.045859866984866986,0.9540688711848154,0.001853358403377063,0.0,0.9540687942917123,1.0,11.961788327759196,11.449956555183947,9.444949431438127,0.042039712642703,0.7899170165732282,0.17948748124409278,0.0,0.9576805119344192,0.8244267042663195
dumbbell,ifa,2.0,5,7,router,9.207604466666666,9.090938266666667,9.090938266666667,0.01274024124024124,0.9871867735900631,0.002011419519816746,0.0,0.9871867735888437,1.0,11.449956555183947,11.363001404682274,9.357993511705684,0.007325570575619759,0.8172357767954194,0.18776174475631405,0.0,0.9925938751241329,0.8229822465181595
dumbbell,ifa,2.0,5,8,router,9.090938266666667,9.044271833333333,9.044271833333333,0.005273846523846524,0.994672772367486,0.002015716796186746,0.0,0.994672772367486,1.0,11.363001404682274,11.346278695652174,9.341271806020067,0.0012465128311810233,0.8218899813418413,0.18918074981893607,0.0,0.9986923825906077,0.8227214463120162
dumbbell,ifa,2.0,5,9,router,0.0,0.0,0.0,0.0,0.0,0.0,0.0,1.0,0.0,0.0033444816053511705,0.0033444816053511705,0.0,0.0,0.1993311033586348,0.9913043478260869,0.0,1.0,0.0
dumbbell,ifa,4.0,1,0,attacker,9.988333299999999,4.6125104666666665,4.615199333333333,0.5373333333333333,0.46199652816067927,0.0016,0.0,0.46240695961384215,0.9602942871736938,14.003348885618728,8.495454481605352,4.489409364548495,0.39351195070258616,0.32105082574003524,0.2842026396962895,0.0,0.6062429044237218,0.5217823785881804
dumbbell,ifa,4.0,1,1,benign_consumer,9.988333299999999,4.45374621,4.45696779,0.5533636363636364,0.4461035054037225,0.0013333333333333335,0.0,0.4464983735906106,0.9626567722856445,10.0,4.495762698996655,4.49576320735786,0.549483125570082,0.44857297290969894,0.0016722408026755853,0.0,0.44957626989966554,0.9618055555712584
dumbbell,ifa,4.0,1,2,benign_consumer,9.988333299999999,4.187814016666667,4.1906142,0.5799090909090909,0.41991484873644885,0.0013333333333333335,0.0,0.41994186400731287,0.9628745857741965,10.0,4.610805117056857,4.608129889632107,0.537600081078342,0.46014409264214046,0.0016722408026755853,0.0,0.46108051170568565,0.9546344814708261
dumbbell,ifa,4.0,1,3,router,9.220832966666666,9.2174996,9.2174996,0.0004166666666666667,0.9995814968408151,0.001967566087262003,0.0,0.9995814968408151,1.0,13.383766755852843,13.38376939799331,9.387122408026757,0.0,0.6983290418317839,0.3100230159570121,0.0,1.0000001486927574,0.6981289495812002
dumbbell,ifa,4.0,1,4,router,0.0,0.0,0.0,0.0,0.0,0.0,0.0,1.0,0.0,0.006688963210702339,0.006688963210702339,0.0,0.0,0.033779267178963776,0.9907469342251951,0.0,1.0,0.0
dumbbell,ifa,4.0,1,5,router,13.264070693333332,9.716555866666665,9.716555866666665,0.2680627481966491,0.7322017563233779,0.0010719285690351575,0.0,0.7311248667537968,1.0,17.602010658862877,13.95643050167224,9.95309906354515,0.20466021188011888,0.5656289928967067,0.23299499988233696,0.0,0.7939227503757742,0.7102100026706983
dumbbell,ifa,4.0,1,6,router,9.716555866666665,9.327498233333333,9.327498233333333,0.041566146816146815,0.9586902876783167,0.0017471607955821266,0.0,0.9586902179531701,1.0,13.95643050167224,13.54764575250836,9.544313244147157,0.02879565880642742,0.6814079364093094,0.29677030164514073,0.0,0.9710081489429998,0.7012561023144153
dumbbell,ifa,4.0,1,7,router,9.327498233333333,9.244165733333332,9.244165733333332,0.009407819032819032,0.9903924188604893,0.0018245876282853239,0.0,0.9903924188604893,1.0,13.54764575250836,13.43058822742475,9.427256254180602,0.008366405293856963,0.6928682106162997,0.3060717699437813,0.0,0.9914182122143128,0.6985736144415963
dumbbell,ifa,4.0,1,8,router,9.244165733333332,9.220832966666666,9.220832966666666,0.0022973322973322973,0.9975836450543517,0.0019675397897507903,0.0,0.9975836450543517,1.0,13.43058822742475,13.390455719063544,9.387122408026757,0.002724661215683923,0.695949317785519,0.3087902360517276,0.0,0.9971790040113796,0.6977417991620055
dumbbell,ifa,4.0,1,9,router,0.0,0.0,0.0,0.0,0.0,0.0,0.0,1.0,0.0,0.006688963210702339,0.006688963210702339,0.0,0.0,0.033779267178963776,0.9907469342251951,0.0,1.0,0.0
dumbbell,ifa,4.0,2,0,attacker,9.988333299999999,4.533437216666667,4.5341042,0.545151515151515,0.45423582419193453,0.0016,0.0,0.45450184098693647,0.9657280965439248,14.003348885618728,8.334854448160534,4.333517090301004,0.4049787447780759,0.3098860165680716,0.2842026396962895,0.0,0.5947738120307535,0.5124611566063534
dumbbell,ifa,4.0,2,1,benign_consumer,9.988333299999999,4.510795566666666,4.513595433333333,0.5475454545454546,0.4523720025722467,0.0013333333333333335,0.0,0.4521078578087184,0.9586786794640021,10.0,4.267243110367893,4.267778026755853,0.5723573527921354,0.4254400133779264,0.0016722408026755853,0.0,0.4267243110367893,0.9618122722078651
dumbbell,ifa,4.0,2,2,benign_consumer,9.988333299999999,4.6211807,4.621313433333333,0.5363333333333333,0.4616139098933263,0.0013333333333333335,0.0,0.4632672028585078,0.9601646508980999,10.0,4.505787013377926,4.506194143812709,0.5487686226816662,0.44995051471571906,0.0016722408026755853,0.0,0.45057870133779265,0.9657852374773603
dumbbell,ifa,4.0,2,3,router,9.658055533333332,9.644721933333333,9.644721933333333,0.0013560606060606063,0.9985946774876676,0.0016820038058099193,0.0,0.9985946774876676,1.0,13.122485317725753,13.115795050167224,9.119148060200668,0.0004196996524362253,0.6915963031895667,0.3163508845928288,0.0,0.9995417465723875,0.6916463759794529
dumbbell,ifa,4.0,2,4,router,0.0,0.0,0.0,0.0,0.0,0.0,0.0,1.0,0.0,0.006688963210702339,0.006688963210702339,0.0,0.0,0.033779267178963776,0.9907469342251951,0.0,1.0,0.0
dumbbell,ifa,4.0,2,5,router,13.675413483333331,10.191094533333333,10.191094533333333,0.2535761789218345,0.7476943297827356,0.001133680536746329,0.0,0.7454462076350286,1.0,17.10787106020067,13.640504648829431,9.637164481605351,0.19952942220508063,0.5632799837308948,0.2401498844119917,0.0,0.798738267846412,0.7032826993546711
dumbbell,ifa,4.0,2,6,router,10.191094533333333,9.771386766666666,9.771386766666666,0.04058836479424714,0.9588022920094312,0.0015918785580164426,0.0,0.9588022918698839,1.0,13.640504648829431,13.236195150501672,9.232859866220737,0.029624248467373642,0.6741703824810582,0.30372184761222476,0.0,0.9706419643992359,0.6939584413269194
dumbbell,ifa,4.0,2,7,router,9.771386766666666,9.684721666666666,9.684721666666666,0.009459272209272208,0.9907217502352789,0.0016062465397080603,0.0,0.9907217502352675,1.0,13.236195150501672,13.152585652173913,9.149247993311036,0.006346147932783467,0.6878710182387224,0.31328433695698177,0.0,0.9936614866499014,0.6919255586879708
dumbbell,ifa,4.0,2,8,router,9.684721666666666,9.658055533333332,9.658055533333332,0.0028137325637325634,0.9972194215892892,0.0016819921139873825,0.0,0.9972194215892892,1.0,13.152585652173913,13.129174280936455,9.125836655518395,0.0014958620894816883,0.6905877572413025,0.31544956283617054,0.0,0.9984084491506166,0.6914095726667456
dumbbell,ifa,4.0,2,9,router,0.0,0.0,0.0,0.0,0.0,0.0,0.0,1.0,0.0,0.006688963210702339,0.006688963210702339,0.0,0.0,0.033779267178963776,0.9907469342251951,0.0,1.0,0.0
dumbbell,ifa,4.0,3,0,attacker,9.988333299999999,4.5342343,4.537461333333333,0.5453030303030303,0.45321188398814677,0.0016,0.0,0.45456587488006744,0.9647163442387188,14.003348885618728,8.443885719063545,4.440638963210702,0.39707082215443423,0.3177960722661395,0.2842026396962895,0.0,0.6025086236345473,0.5183188805572511
dumbbell,ifa,4.0,3,1,benign_consumer,9.988333299999999,4.345137623333334,4.3456963533333335,0.5638484848484848,0.4359255546636819,0.0013333333333333335,0.0,0.4356464894236394,0.9617258221444467,10.0,4.3522307725752505,4.354880214046823,0.5638542616803487,0.43515357658862874,0.0016722408026755853,0.0,0.43522307725752507,0.9683099289636475
dumbbell,ifa,4.0,3,2,benign_consumer,9.988333299999999,4.360881733333333,4.364210536666667,0.5626969696969697,0.4368766401528756,0.0013333333333333335,0.0,0.4371007844973326,0.9593635817262054,10.0,4.3587711973244145,4.358646401337793,0.5628661193878585,0.4348612923076923,0.0016722408026755853,0.0,0.43587711973244153,0.9639206118885791
dumbbell,ifa,4.0,3,3,router,9.250309233333335,9.223642333333334,9.223642333333334,0.003007770007770008,0.9971068774156984,0.0018059078127859508,0.0,0.9971068774156984,1.0,13.211603010033445,13.208259565217391,9.211612575250836,0.0002787068004459309,0.6932019706028518,0.3145615348617743,0.0,0.9997348687555787,0.6931265897743514
dumbbell,ifa,4.0,3,4,router,0.0,0.0,0.0,0.0,0.0,0.0,0.0,1.0,0.0,0.006688963210702339,0.006688963210702339,0.0,0.0,0.033779267178963776,0.9907469342251951,0.0,1.0,0.0
dumbbell,ifa,4.0,3,5,router,13.250253723333334,9.818810366666666,9.818810366666666,0.25699297246727587,0.7434337223351134,0.001222752482384161,0.0,0.7407483923241215,1.0,17.154873842809362,13.780163277591974,9.776827591973245,0.19483498753624506,0.5690527855289262,0.23920359848582073,0.0,0.8038781456726855,0.7051901037199461
dumbbell,ifa,4.0,3,6,router,9.818810366666666,9.406175333333334,9.406175333333334,0.042934422059422064,0.9571259286609475,0.0016614924396738256,0.0,0.9571259253480542,1.0,13.780163277591974,13.359428595317725,9.356094280936455,0.02976542488382782,0.6753466647694858,0.30102448512876134,0.0,0.9698989346890664,0.6957836975079407
dumbbell,ifa,4.0,3,7,router,9.406175333333334,9.286975066666667,9.286975066666667,0.013386280386280385,0.9867803492098066,0.0017187232026345742,0.0,0.9867803492098062,1.0,13.359428595317725,13.24491441471572,9.241578461538461,0.008307335349876535,0.687566312287942,0.31073298172180147,0.0,0.9915222999510597,0.6933001369303836
dumbbell,ifa,4.0,3,8,router,9.286975066666667,9.250309233333335,9.250309233333335,0.00396961371961372,0.9960457205971621,0.0017853418647030507,0.0,0.9960457205971621,1.0,13.24491441471572,13.218291973244147,9.214956655518394,0.001855607177267614,0.6917333395151495,0.3135054669992477,0.0,0.9981657051211023,0.6927814447146707
dumbbell,ifa,4.0,3,9,router,0.0,0.0,0.0,0.0,0.0,0.0,0.0,1.0,0.0,0.006688963210702339,0.006688963210702339,0.0,0.0,0.033779267178963776,0.9907469342251951,0.0,1.0,0.0
dumbbell,ifa,4.0,4,0,attacker,9.988333299999999,4.4439303,4.4440627,0.5541818181818182,0.44547100408531937,0.0016,0.0,0.44552130578959026,0.9619324468214749,14.003348885618728,8.241014180602006,4.240851418060201,0.41175101375770273,0.3040982451419465,0.2842026396962895,0.0,0.5879117193366677,0.5049306159134297
dumbbell,ifa,4.0,4,1,benign_consumer,9.988333299999999,4.621216516666666,4.624550126666667,0.5367575757575758,0.46251422371601936,0.0013333333333333335,0.0,0.4631437987629821,0.9586051939054901,10.0,4.378909264214046,4.378887190635452,0.5607226107226108,0.4372198160535117,0.0016722408026755853,0.0,0.43789092642140465,0.9615733221155696
dumbbell,ifa,4.0,4,2,benign_consumer,9.988333299999999,4.618457766666667,4.619017833333333,0.5366363636363637,0.46174043480496285,0.0013333333333333335,0.0,0.4630011937674217,0.9618556273183955,10.0,4.249672474916388,4.251920133779264,0.5743589743589743,0.4255264615384615,0.0016722408026755853,0.0,0.4249672474916388,0.9574735841395805
dumbbell,ifa,4.0,4,3,router,9.5803875,9.570387233333333,9.570387233333333,0.001537037037037037,0.9987388813445425,0.0013853052936831159,0.0,0.9987388813445425,1.0,12.943707591973244,12.940365384615385,8.94371839464883,0.0002229654403567447,0.6856496432126523,0.3213708628147939,0.0,0.9997576706083109,0.685530543410281
dumbbell,ifa,4.0,4,4,router,0.0,0.0,0.0,0.0,0.0,0.0,0.0,1.0,0.0,0.006688963210702339,0.006688963210702339,0.0,0.0,0.033779267178963776,0.9907469342251951,0.0,1.0,0.0
dumbbell,ifa,4.0,4,5,router,13.693604583333332,10.100387966666666,10.100387966666666,0.261613493816997,0.7391527746440559,0.0010353733511366393,0.0,0.7375199604189411,1.0,16.869582709030098,13.495546588628763,9.492214147157192,0.19849105272311512,0.5622309656071428,0.24280931146578566,0.0,0.7998217930755532,0.6982818783702843
dumbbell,ifa,4.0,4,6,router,10.100387966666666,9.707052833333334,9.707052833333334,0.03887193824693825,0.9608157406173833,0.0012639402559844219,0.0,0.960815717701336,1.0,13.495546588628763,13.04404220735786,9.040708327759196,0.032945397631477136,0.6652915321394574,0.30755553873652847,0.0,0.966772469933445,0.6875698159296378
dumbbell,ifa,4.0,4,7,router,9.707052833333334,9.603721,9.603721,0.010973304473304473,0.9892987028255448,0.0013852473602251267,0.0,0.989298702823773,1.0,13.04404220735786,12.96377381270903,8.960441237458195,0.005971514440922271,0.6817668631962647,0.31860172497035466,0.0,0.9939320545049761,0.6855859173508203
dumbbell,ifa,4.0,4,8,router,9.603721,9.5803875,9.5803875,0.0023876863876863877,0.9975873345316605,0.0013853020263438238,0.0,0.9975873345316605,1.0,12.96377381270903,12.950396555183946,8.947062876254181,0.000949593884376493,0.6848647887037305,0.3206585190176091,0.0,0.9990140530906733,0.685240214662326
dumbbell,ifa,4.0,4,9,router,0.0,0.0,0.0,0.0,0.0,0.0,0.0,1.0,0.0,0.006688963210702339,0.006688963210702339,0.0,0.0,0.033779267178963776,0.9907469342251951,0.0,1.0,0.0
dumbbell,ifa,4.0,5,0,attacker,9.988333299999999,4.4425794666666665,4.445783619999999,0.5541818181818182,0.44563309494879877,0.0016,0.0,0.4452723770819706,0.9646085499497972,14.003348885618728,8.399097892976588,4.393202628762541,0.40052923664963797,0.3148172140984318,0.2842026396962895,0.0,0.5993216530715539,0.5142390544527541
dumbbell,ifa,4.0,5,1,benign_consumer,9.988333299999999,4.442775999999999,4.446002766666666,0.5541515151515152,0.44400876508105835,0.0013333333333333335,0.0,0.4454063834974369,0.9674951996079852,10.0,4.484240602006689,4.4837003344481605,0.5507398398702746,0.4480355919732441,0.0016722408026755853,0.0,0.44842406020066883,0.9599870411160968
dumbbell,ifa,4.0,5,2,benign_consumer,9.988333299999999,4.290367366666667,4.293679076666667,0.5694848484848485,0.4289676537491232,0.0013333333333333335,0.0,0.43017955874897185,0.9600306288164249,10.0,4.507216822742476,4.507216321070234,0.5482720178372352,0.44971828428093646,0.0016722408026755853,0.0,0.45072168227424747,0.9617723296154409
dumbbell,ifa,4.0,5,3,router,9.044271833333333,9.040938533333334,9.040938533333334,0.0004166666666666667,0.9995787200466331,0.002023583743420779,0.0,0.9995787200466331,1.0,13.337917591973243,13.33791879598662,9.341271806020067,0.0,0.696008830339176,0.31171459639342547,0.0,1.0000000809927383,0.6958125059501289
dumbbell,ifa,4.0,5,4,router,0.0,0.0,0.0,0.0,0.0,0.0,0.0,1.0,0.0,0.006688963210702339,0.006688963210702339,0.0,0.0,0.033779267178963776,0.9907469342251951,0.0,1.0,0.0
dumbbell,ifa,4.0,5,5,router,13.185722866666667,9.6408064,9.6408064,0.26806822122715585,0.7314851538235952,0.0012320569397333303,0.0,0.729903860119938,1.0,17.390542107023414,13.960115317725753,9.95678204013378,0.19651942553083274,0.5712704472836075,0.23577814624837054,0.0,0.8027388588675985,0.7090175756709809
dumbbell,ifa,4.0,5,6,router,9.6408064,9.207604466666666,9.207604466666666,0.045859866984866986,0.9540688711848154,0.001853358403377063,0.0,0.9540687942917123,1.0,13.960115317725753,13.448283846153846,9.444949431438127,0.03585453956238296,0.6730650904853179,0.2975211703227954,0.0,0.9638555928785156,0.697851732639724
dumbbell,ifa,4.0,5,7,router,9.207604466666666,9.090938266666667,9.090938266666667,0.01274024124024124,0.9871867735900631,0.002011419519816746,0.0,0.9871867735888437,1.0,13.448283846153846,13.361329598662207,9.357993511705684,0.006233784743937265,0.691742596153587,0.30899298600494046,0.0,0.993696818212269,0.6958187694410869
dumbbell,ifa,4.0,5,8,router,9.090938266666667,9.044271833333333,9.044271833333333,0.005273846523846524,0.994672772367486,0.002015716796186746,0.0,0.994672772367486,1.0,13.361329598662207,13.344606555183946,9.341271806020067,0.001077774390778522,0.6948873915628351,0.3109941798809705,0.0,0.9988743328475395,0.6954640032683581
dumbbell,ifa,4.0,5,9,router,0.0,0.0,0.0,0.0,0.0,0.0,0.0,1.0,0.0,0.006688963210702339,0.006688963210702339,0.0,0.0,0.033779267178963776,0.9907469342251951,0.0,1.0,0.0
dumbbell,ifa,6.0,1,0,attacker,9.988333299999999,4.6125104666666665,4.615199333333333,0.5373333333333333,0.46199652816067927,0.0016,0.0,0.46240695961384215,0.9602942871736938,16.001667933110365,10.493774715719065,4.489409364548495,0.34430997375926764,0.2807863834712714,0.37307238492352834,0.0,0.6554944603172604,0.42161426160269516
dumbbell,ifa,6.0,1,1,benign_consumer,9.988333299999999,4.45374621,4.45696779,0.5533636363636364,0.4461035054037225,0.0013333333333333335,0.0,0.4464983735906106,0.9626567722856445,10.0,4.495762698996655,4.49576320735786,0.549483125570082,0.44857297290969894,0.0016722408026755853,0.0,0.44957626989966554,0.9618055555712584
dumbbell,ifa,6.0,1,2,benign_consumer,9.988333299999999,4.187814016666667,4.1906142,0.5799090909090909,0.41991484873644885,0.0013333333333333335,0.0,0.41994186400731287,0.9628745857741965,10.0,4.610805117056857,4.608129889632107,0.537600081078342,0.46014409264214046,0.0016722408026755853,0.0,0.46108051170568565,0.9546344814708261
dumbbell,ifa,6.0,1,3,router,9.220832966666666,9.2174996,9.2174996,0.0004166666666666667,0.9995814968408151,0.001967566087262003,0.0,0.9995814968408151,1.0,15.378750401337792,15.37875264214047,9.387122408026757,0.0,0.6061154269750927,0.3980992218344261,0.0,1.0000001067145186,0.6059305058368869
dumbbell,ifa,6.0,1,4,router,0.0,0.0,0.0,0.0,0.0,0.0,0.0,1.0,0.0,0.010033444816053512,0.010033444816053512,0.0,0.0,0.06644370686685891,0.9935340022296544,0.0,1.0,0.0
dumbbell,ifa,6.0,1,5,router,13.264070693333332,9.716555866666665,9.716555866666665,0.2680627481966491,0.7322017563233779,0.0010719285690351575,0.0,0.7311248667537968,1.0,19.60033902006689,15.954758160535116,9.95309906354515,0.1833178099174729,0.5069982593989917,0.31060624385689894,0.0,0.8152082367909336,0.6196326671970146
dumbbell,ifa,6.0,1,6,router,9.716555866666665,9.327498233333333,9.327498233333333,0.041566146816146815,0.9586902876783167,0.0017471607955821266,0.0,0.9586902179531701,1.0,15.954758160535116,15.545973678929764,9.544313244147157,0.025094480965804185,0.5944995472590482,0.38349947076112706,0.0,0.9746938566443806,0.609464640593847
dumbbell,ifa,6.0,1,7,router,9.327498233333333,9.244165733333332,9.244165733333332,0.009407819032819032,0.9903924188604893,0.0018245876282853239,0.0,0.9903924188604893,1.0,15.545973678929764,15.428914949832777,9.427256254180602,0.0072983627935894,0.6021760256161744,0.3938215959506881,0.0,0.9925349031728777,0.6064320310480421
dumbbell,ifa,6.0,1,8,router,9.244165733333332,9.220832966666666,9.220832966666666,0.0022973322973322973,0.9975836450543517,0.0019675397897507903,0.0,0.9975836450543517,1.0,15.428914949832777,15.388783846153846,9.387122408026757,0.0023958245505560083,0.604142787681752,0.396828662578189,0.0,0.997532350437798,0.6054788533628845
dumbbell,ifa,6.0,1,9,router,0.0,0.0,0.0,0.0,0.0,0.0,0.0,1.0,0.0,0.010033444816053512,0.010033444816053512,0.0,0.0,0.06644370686685891,0.9935340022296544,0.0,1.0,0.0
dumbbell,ifa,6.0,2,0,attacker,9.988333299999999,4.533437216666667,4.5341042,0.545151515151515,0.45423582419193453,0.0016,0.0,0.45450184098693647,0.9657280965439248,16.001667933110365,10.333171973244147,4.333517090301004,0.35430302628540145,0.2709817844063043,0.37307238492352834,0.0,0.6454598793996024,0.4126450279073711
dumbbell,ifa,6.0,2,1,benign_consumer,9.988333299999999,4.510795566666666,4.513595433333333,0.5475454545454546,0.4523720025722467,0.0013333333333333335,0.0,0.4521078578087184,0.9586786794640021,10.0,4.267243110367893,4.267778026755853,0.5723573527921354,0.4254400133779264,0.0016722408026755853,0.0,0.4267243110367893,0.9618122722078651
dumbbell,ifa,6.0,2,2,benign_consumer,9.988333299999999,4.6211807,4.621313433333333,0.5363333333333333,0.4616139098933263,0.0013333333333333335,0.0,0.4632672028585078,0.9601646508980999,10.0,4.505787013377926,4.506194143812709,0.5487686226816662,0.44995051471571906,0.0016722408026755853,0.0,0.45057870133779265,0.9657852374773603
dumbbell,ifa,6.0,2,3,router,9.658055533333332,9.644721933333333,9.644721933333333,0.0013560606060606063,0.9985946774876676,0.0016820038058099193,0.0,0.9985946774876676,1.0,15.117467625418058,15.11077829431438,9.119148060200668,0.00037275955972954224,0.5986760827432825,0.4048285565750314,0.0,0.999597532779249,0.5986799558662188
dumbbell,ifa,6.0,2,4,router,0.0,0.0,0.0,0.0,0.0,0.0,0.0,1.0,0.0,0.010033444816053512,0.010033444816053512,0.0,0.0,0.06644370686685891,0.9935340022296544,0.0,1.0,0.0
dumbbell,ifa,6.0,2,5,router,13.675413483333331,10.191094533333333,10.191094533333333,0.2535761789218345,0.7476943297827356,0.001133680536746329,0.0,0.7454462076350286,1.0,19.10619731438127,15.638832943143813,9.637164481605351,0.17819816332501323,0.5033503693372786,0.3188623689592929,0.0,0.8200799434027698,0.6117676700896981
dumbbell,ifa,6.0,2,6,router,10.191094533333333,9.771386766666666,9.771386766666666,0.04058836479424714,0.9588022920094312,0.0015918785580164426,0.0,0.9588022918698839,1.0,15.638832943143813,15.234522608695652,9.232859866220737,0.025736539287255295,0.5864151535330314,0.39104448639602973,0.0,0.9744283923207475,0.601231461800338
dumbbell,ifa,6.0,2,7,router,9.771386766666666,9.684721666666666,9.684721666666666,0.009459272209272208,0.9907217502352789,0.0016062465397080603,0.0,0.9907217502352675,1.0,15.234522608695652,15.150913110367894,9.149247993311036,0.005454057423341,0.5959783467855666,0.40161149889944686,0.0,0.9945237071960549,0.5989537500207249
dumbbell,ifa,6.0,2,8,router,9.684721666666666,9.658055533333332,9.658055533333332,0.0028137325637325634,0.9972194215892892,0.0016819921139873825,0.0,0.9972194215892892,1.0,15.150913110367894,15.127501070234112,9.125836655518395,0.001323191660047226,0.5977808428228851,0.4038795396254609,0.0,0.998601825819922,0.5983824184943785
dumbbell,ifa,6.0,2,9,router,0.0,0.0,0.0,0.0,0.0,0.0,0.0,1.0,0.0,0.010033444816053512,0.010033444816053512,0.0,0.0,0.06644370686685891,0.9935340022296544,0.0,1.0,0.0
dumbbell,ifa,6.0,3,0,attacker,9.988333299999999,4.5342343,4.537461333333333,0.5453030303030303,0.45321188398814677,0.0016,0.0,0.45456587488006744,0.9647163442387188,16.001667933110365,10.442205719063544,4.440638963210702,0.3471883996194571,0.27790287805607233,0.37307238492352834,0.0,0.6523374154808843,0.41821042652993157
dumbbell,ifa,6.0,3,1,benign_consumer,9.988333299999999,4.345137623333334,4.3456963533333335,0.5638484848484848,0.4359255546636819,0.0013333333333333335,0.0,0.4356464894236394,0.9617258221444467,10.0,4.3522307725752505,4.354880214046823,0.5638542616803487,0.43515357658862874,0.0016722408026755853,0.0,0.43522307725752507,0.9683099289636475
dumbbell,ifa,6.0,3,2,benign_consumer,9.988333299999999,4.360881733333333,4.364210536666667,0.5626969696969697,0.4368766401528756,0.0013333333333333335,0.0,0.4371007844973326,0.9593635817262054,10.0,4.3587711973244145,4.358646401337793,0.5628661193878585,0.4348612923076923,0.0016722408026755853,0.0,0.43587711973244153,0.9639206118885791
dumbbell,ifa,6.0,3,3,router,9.250309233333335,9.223642333333334,9.223642333333334,0.003007770007770008,0.9971068774156984,0.0018059078127859508,0.0,0.9971068774156984,1.0,15.206586254180603,15.203242809364546,9.211612575250836,0.00023889154323936931,0.6006002194746515,0.40343458886057043,0.0,0.9997713259301063,0.6005017656388512
dumbbell,ifa,6.0,3,4,router,0.0,0.0,0.0,0.0,0.0,0.0,0.0,1.0,0.0,0.010033444816053512,0.010033444816053512,0.0,0.0,0.06644370686685891,0.9935340022296544,0.0,1.0,0.0
dumbbell,ifa,6.0,3,5,router,13.250253723333334,9.818810366666666,9.818810366666666,0.25699297246727587,0.7434337223351134,0.001222752482384161,0.0,0.7407483923241215,1.0,19.15320066555184,15.778491170568563,9.776827591973245,0.17398662263086842,0.5087636771871338,0.3182293585085733,0.0,0.8246708146013962,0.6142302598910467
dumbbell,ifa,6.0,3,6,router,9.818810366666666,9.406175333333334,9.406175333333334,0.042934422059422064,0.9571259286609475,0.0016614924396738256,0.0,0.9571259253480542,1.0,15.778491170568563,15.357756153846152,9.356094280936455,0.025966807596362253,0.5881991508537094,0.38855231123085243,0.0,0.9737406448943069,0.6035831914124755
dumbbell,ifa,6.0,3,7,router,9.406175333333334,9.286975066666667,9.286975066666667,0.013386280386280385,0.9867803492098066,0.0017187232026345742,0.0,0.9867803492098062,1.0,15.357756153846152,15.243242775919732,9.241578461538461,0.00722682096818796,0.5964446051370437,0.3993167907429149,0.0,0.9926311260902466,0.6007102246252904
dumbbell,ifa,6.0,3,8,router,9.286975066666667,9.250309233333335,9.250309233333335,0.00396961371961372,0.9960457205971621,0.0017853418647030507,0.0,0.9960457205971621,1.0,15.243242775919732,15.216619698996656,9.214956655518394,0.0016245207657241579,0.5993375867601942,0.4023562589929353,0.0,0.9983914947584872,0.6001084014360621
dumbbell,ifa,6.0,3,9,router,0.0,0.0,0.0,0.0,0.0,0.0,0.0,1.0,0.0,0.010033444816053512,0.010033444816053512,0.0,0.0,0.06644370686685891,0.9935340022296544,0.0,1.0,0.0
dumbbell,ifa,6.0,4,0,attacker,9.988333299999999,4.4439303,4.4440627,0.5541818181818182,0.44547100408531937,0.0016,0.0,0.44552130578959026,0.9619324468214749,16.001667933110365,10.239331237458194,4.240851418060201,0.35975375196853016,0.26616122732727676,0.37307238492352834,0.0,0.6397552089208249,0.4057785167954321
dumbbell,ifa,6.0,4,1,benign_consumer,9.988333299999999,4.621216516666666,4.624550126666667,0.5367575757575758,0.46251422371601936,0.0013333333333333335,0.0,0.4631437987629821,0.9586051939054901,10.0,4.378909264214046,4.378887190635452,0.5607226107226108,0.4372198160535117,0.0016722408026755853,0.0,0.43789092642140465,0.9615733221155696
dumbbell,ifa,6.0,4,2,benign_consumer,9.988333299999999,4.618457766666667,4.619017833333333,0.5366363636363637,0.46174043480496285,0.0013333333333333335,0.0,0.4630011937674217,0.9618556273183955,10.0,4.249672474916388,4.251920133779264,0.5743589743589743,0.4255264615384615,0.0016722408026755853,0.0,0.4249672474916388,0.9574735841395805
dumbbell,ifa,6.0,4,3,router,9.5803875,9.570387233333333,9.570387233333333,0.001537037037037037,0.9987388813445425,0.0013853052936831159,0.0,0.9987388813445425,1.0,14.938690568561874,14.935348628762542,8.94371839464883,0.0001967342120794806,0.5925564289768986,0.4103416096163724,0.0,0.9997884824040976,0.592427638278917
dumbbell,ifa,6.0,4,4,router,0.0,0.0,0.0,0.0,0.0,0.0,0.0,1.0,0.0,0.010033444816053512,0.010033444816053512,0.0,0.0,0.06644370686685891,0.9935340022296544,0.0,1.0,0.0
dumbbell,ifa,6.0,4,5,router,13.693604583333332,10.100387966666666,10.100387966666666,0.261613493816997,0.7391527746440559,0.0010353733511366393,0.0,0.7375199604189411,1.0,18.8679116722408,15.493875217391306,9.492214147157192,0.17687149823005713,0.5019040511808405,0.32192738035188745,0.0,0.821408631608103,0.606637609389277
dumbbell,ifa,6.0,4,6,router,10.100387966666666,9.707052833333334,9.707052833333334,0.03887193824693825,0.9608157406173833,0.0012639402559844219,0.0,0.960815717701336,1.0,15.493875217391306,15.042370200668898,9.040708327759196,0.028595885754861407,0.5779847440983692,0.39521448441344725,0.0,0.9711350750889708,0.594627835657045
dumbbell,ifa,6.0,4,7,router,9.707052833333334,9.603721,9.603721,0.010973304473304473,0.9892987028255448,0.0013852473602251267,0.0,0.989298702823773,1.0,15.042370200668898,14.96210160535117,8.960441237458195,0.005150640435309663,0.5896188197363716,0.4073099463687412,0.0,0.9947569124366902,0.5924276240644003
dumbbell,ifa,6.0,4,8,router,9.603721,9.5803875,9.5803875,0.0023876863876863877,0.9975873345316605,0.0013853020263438238,0.0,0.9975873345316605,1.0,14.96210160535117,14.948724013377927,8.947062876254181,0.0008304603892839187,0.5918036006129115,0.40957132329643725,0.0,0.9991420508795913,0.5920526704887118
dumbbell,ifa,6.0,4,9,router,0.0,0.0,0.0,0.0,0.0,0.0,0.0,1.0,0.0,0.010033444816053512,0.010033444816053512,0.0,0.0,0.06644370686685891,0.9935340022296544,0.0,1.0,0.0
dumbbell,ifa,6.0,5,0,attacker,9.988333299999999,4.4425794666666665,4.445783619999999,0.5541818181818182,0.44563309494879877,0.0016,0.0,0.4452723770819706,0.9646085499497972,16.001667933110365,10.397418729096989,4.393202628762541,0.3503696132129358,0.27537209413286495,0.37307238492352834,0.0,0.6494892767594229,0.41484225408247793
dumbbell,ifa,6.0,5,1,benign_consumer,9.988333299999999,4.442775999999999,4.446002766666666,0.5541515151515152,0.44400876508105835,0.0013333333333333335,0.0,0.4454063834974369,0.9674951996079852,10.0,4.484240602006689,4.4837003344481605,0.5507398398702746,0.4480355919732441,0.0016722408026755853,0.0,0.44842406020066883,0.9599870411160968
dumbbell,ifa,6.0,5,2,benign_consumer,9.988333299999999,4.290367366666667,4.293679076666667,0.5694848484848485,0.4289676537491232,0.0013333333333333335,0.0,0.43017955874897185,0.9600306288164249,10.0,4.507216822742476,4.507216321070234,0.5482720178372352,0.44971828428093646,0.0016722408026755853,0.0,0.45072168227424747,0.9617723296154409
dumbbell,ifa,6.0,5,3,router,9.044271833333333,9.040938533333334,9.040938533333334,0.0004166666666666667,0.9995787200466331,0.002023583743420779,0.0,0.9995787200466331,1.0,15.33290143812709,15.332902040133778,9.341271806020067,0.0,0.6037837816836975,0.4001603957015034,0.0,1.000000028465588,0.603602839234347
dumbbell,ifa,6.0,5,4,router,0.0,0.0,0.0,0.0,0.0,0.0,0.0,1.0,0.0,0.010033444816053512,0.010033444816053512,0.0,0.0,0.06644370686685891,0.9935340022296544,0.0,1.0,0.0
dumbbell,ifa,6.0,5,5,router,13.185722866666667,9.6408064,9.6408064,0.26806822122715585,0.7314851538235952,0.0012320569397333303,0.0,0.729903860119938,1.0,19.3888681270903,15.958443277591972,9.95678204013378,0.17567474850129577,0.5115487814305177,0.31398405204682384,0.0,0.8234562120999145,0.6185462293252134
dumbbell,ifa,6.0,5,6,router,9.6408064,9.207604466666666,9.207604466666666,0.045859866984866986,0.9540688711848154,0.001853358403377063,0.0,0.9540687942917123,1.0,15.958443277591972,15.446611137123746,9.444949431438127,0.031310138860383745,0.5871437120187974,0.3843783120635569,0.0,0.9684223157190562,0.6058684867582654
dumbbell,ifa,6.0,5,7,router,9.207604466666666,9.090938266666667,9.090938266666667,0.01274024124024124,0.9871867735900631,0.002011419519816746,0.0,0.9871867735888437,1.0,15.446611137123746,15.3596572909699,9.357993511705684,0.005432110716365767,0.6005541426119457,0.397209642933396,0.0,0.9945088732384251,0.6035963910636634
dumbbell,ifa,6.0,5,8,router,9.090938266666667,9.044271833333333,9.044271833333333,0.005273846523846524,0.994672772367486,0.002015716796186746,0.0,0.994672772367486,1.0,15.3596572909699,15.342934882943142,9.341271806020067,0.0009505186552246547,0.6027843363647197,0.39947108305970547,0.0,0.9990109710171092,0.6032003221196571
dumbbell,ifa,6.0,5,9,router,0.0,0.0,0.0,0.0,0.0,0.0,0.0,1.0,0.0,0.010033444816053512,0.010033444816053512,0.0,0.0,0.06644370686685891,0.9935340022296544,0.0,1.0,0.0
dumbbell,ifa,8.0,1,0,attacker,9.988333299999999,4.6125104666666665,4.615199333333333,0.5373333333333333,0.46199652816067927,0.0016,0.0,0.46240695961384215,0.9602942871736938,17.999995876254182,12.492101839464883,4.489409364548495,0.30598906111761137,0.2495950291764718,0.44230882648082037,0.0,0.6937981390475458,0.35428133491496216
dumbbell,ifa,8.0,1,1,benign_consumer,9.988333299999999,4.45374621,4.45696779,0.5533636363636364,0.4461035054037225,0.0013333333333333335,0.0,0.4464983735906106,0.9626567722856445,10.0,4.495762698996655,4.49576320735786,0.549483125570082,0.44857297290969894,0.0016722408026755853,0.0,0.44957626989966554,0.9618055555712584
dumbbell,ifa,8.0,1,2,benign_consumer,9.988333299999999,4.187814016666667,4.1906142,0.5799090909090909,0.41991484873644885,0.0013333333333333335,0.0,0.41994186400731287,0.9628745857741965,10.0,4.610805117056857,4.608129889632107,0.537600081078342,0.46014409264214046,0.0016722408026755853,0.0,0.46108051170568565,0.9546344814708261
dumbbell,ifa,8.0,1,3,router,9.220832966666666,9.2174996,9.2174996,0.0004166666666666667,0.9995814968408151,0.001967566087262003,0.0,0.9995814968408151,1.0,17.377077926421403,17.377080401337793,9.387122408026757,0.0,0.5356917969945205,0.4665641402819128,0.0,1.0000001171877604,0.5355232319441171
dumbbell,ifa,8.0,1,4,router,0.0,0.0,0.0,0.0,0.0,0.0,0.0,1.0,0.0,0.010033444816053512,0.010033444816053512,0.0,0.0,0.06644370686685891,0.9935340022296544,0.0,1.0,0.0
dumbbell,ifa,8.0,1,5,router,13.264070693333332,9.716555866666665,9.716555866666665,0.2680627481966491,0.7322017563233779,0.0010719285690351575,0.0,0.7311248667537968,1.0,21.598667949832777,17.953085618729098,9.95309906354515,0.16611837096408227,0.4595551758305799,0.37440490325861936,0.0,0.8324475397917012,0.5499245103841172
dumbbell,ifa,8.0,1,6,router,9.716555866666665,9.327498233333333,9.327498233333333,0.041566146816146815,0.9586902876783167,0.0017471607955821266,0.0,0.9586902179531701,1.0,17.953085618729098,17.544301337792643,9.544313244147157,0.02226377444009264,0.5276150324253891,0.45161859226221235,0.0,0.9775314573853028,0.5393239822057446
dumbbell,ifa,8.0,1,7,router,9.327498233333333,9.244165733333332,9.244165733333332,0.009407819032819032,0.9903924188604893,0.0018245876282853239,0.0,0.9903924188604893,1.0,17.544301337792643,17.427242474916387,9.427256254180602,0.006475965194368982,0.532876554386464,0.46230894861597205,0.0,0.9933906099189426,0.53617322933051
dumbbell,ifa,8.0,1,8,router,9.244165733333332,9.220832966666666,9.220832966666666,0.0022973322973322973,0.9975836450543517,0.0019675397897507903,0.0,0.9975836450543517,1.0,17.427242474916387,17.387111371237456,9.387122408026757,0.0021383384407695715,0.5341425009902817,0.4654674961575846,0.0,0.9978058258865917,0.5351723033644825
dumbbell,ifa,8.0,1,9,router,0.0,0.0,0.0,0.0,0.0,0.0,0.0,1.0,0.0,0.010033444816053512,0.010033444816053512,0.0,0.0,0.06644370686685891,0.9935340022296544,0.0,1.0,0.0
dumbbell,ifa,8.0,2,0,attacker,9.988333299999999,4.533437216666667,4.5341042,0.545151515151515,0.45423582419193453,0.0016,0.0,0.45450184098693647,0.9657280965439248,17.999995876254182,12.331498260869566,4.333517090301004,0.31487532688367253,0.2408821566364093,0.44230882648082037,0.0,0.6848768523333032,0.3459560913360387
dumbbell,ifa,8.0,2,1,benign_consumer,9.988333299999999,4.510795566666666,4.513595433333333,0.5475454545454546,0.4523720025722467,0.0013333333333333335,0.0,0.4521078578087184,0.9586786794640021,10.0,4.267243110367893,4.267778026755853,0.5723573527921354,0.4254400133779264,0.0016722408026755853,0.0,0.4267243110367893,0.9618122722078651
dumbbell,ifa,8.0,2,2,benign_consumer,9.988333299999999,4.6211807,4.621313433333333,0.5363333333333333,0.4616139098933263,0.0013333333333333335,0.0,0.4632672028585078,0.9601646508980999,10.0,4.505787013377926,4.506194143812709,0.5487686226816662,0.44995051471571906,0.0016722408026755853,0.0,0.45057870133779265,0.9657852374773603
dumbbell,ifa,8.0,2,3,router,9.658055533333332,9.644721933333333,9.644721933333333,0.0013560606060606063,0.9985946774876676,0.0016820038058099193,0.0,0.9985946774876676,1.0,17.115795317725752,17.109106053511706,9.119148060200668,0.0003352863764763078,0.5280477223648962,0.4733955429037866,0.0,0.9996410613373986,0.5280271277752587
dumbbell,ifa,8.0,2,4,router,0.0,0.0,0.0,0.0,0.0,0.0,0.0,1.0,0.0,0.010033444816053512,0.010033444816053512,0.0,0.0,0.06644370686685891,0.9935340022296544,0.0,1.0,0.0
dumbbell,ifa,8.0,2,5,router,13.675413483333331,10.191094533333333,10.191094533333333,0.2535761789218345,0.7476943297827356,0.001133680536746329,0.0,0.7454462076350286,1.0,21.10452293311037,17.637160869565218,9.637164481605351,0.16111006322120602,0.4551344809577453,0.38331330699699795,0.0,0.8372557032874606,0.5417224874523676
dumbbell,ifa,8.0,2,6,router,10.191094533333333,9.771386766666666,9.771386766666666,0.04058836479424714,0.9588022920094312,0.0015918785580164426,0.0,0.9588022918698839,1.0,17.637160869565218,17.23284983277592,9.232859866220737,0.02277032378702211,0.5192576145240099,0.459553640104908,0.0,0.9773374390002066,0.5307809594894395
dumbbell,ifa,8.0,2,7,router,9.771386766666666,9.684721666666666,9.684721666666666,0.009459272209272208,0.9907217502352789,0.0016062465397080603,0.0,0.9907217502352675,1.0,17.23284983277592,17.149240468227426,9.149247993311036,0.004795029572848218,0.5261550007173691,0.4703897182467297,0.0,0.9951731838668615,0.528433474182789
dumbbell,ifa,8.0,2,8,router,9.684721666666666,9.658055533333332,9.658055533333332,0.0028137325637325634,0.9972194215892892,0.0016819921139873825,0.0,0.9972194215892892,1.0,17.149240468227426,17.125828762541808,9.125836655518395,0.0011868161741308693,0.5273888063664125,0.4726771456015048,0.0,0.9987528196876809,0.5278424247832098
dumbbell,ifa,8.0,2,9,router,0.0,0.0,0.0,0.0,0.0,0.0,0.0,1.0,0.0,0.010033444816053512,0.010033444816053512,0.0,0.0,0.06644370686685891,0.9935340022296544,0.0,1.0,0.0
dumbbell,ifa,8.0,3,0,attacker,9.988333299999999,4.5342343,4.537461333333333,0.5453030303030303,0.45321188398814677,0.0016,0.0,0.45456587488006744,0.9647163442387188,17.999995876254182,12.440535217391304,4.440638963210702,0.30856951217968853,0.24702457981883272,0.44230882648082037,0.0,0.6909782948908697,0.3512364403638868
dumbbell,ifa,8.0,3,1,benign_consumer,9.988333299999999,4.345137623333334,4.3456963533333335,0.5638484848484848,0.4359255546636819,0.0013333333333333335,0.0,0.4356464894236394,0.9617258221444467,10.0,4.3522307725752505,4.354880214046823,0.5638542616803487,0.43515357658862874,0.0016722408026755853,0.0,0.43522307725752507,0.9683099289636475
dumbbell,ifa,8.0,3,2,benign_consumer,9.988333299999999,4.360881733333333,4.364210536666667,0.5626969696969697,0.4368766401528756,0.0013333333333333335,0.0,0.4371007844973326,0.9593635817262054,10.0,4.3587711973244145,4.358646401337793,0.5628661193878585,0.4348612923076923,0.0016722408026755853,0.0,0.43587711973244153,0.9639206118885791
dumbbell,ifa,8.0,3,3,router,9.250309233333335,9.223642333333334,9.223642333333334,0.003007770007770008,0.9971068774156984,0.0018059078127859508,0.0,0.9971068774156984,1.0,17.20491397993311,17.201570568561873,9.211612575250836,0.00020903010033444816,0.530113741871575,0.47173499999375273,0.0,0.9997989451062222,0.5300088399845941
dumbbell,ifa,8.0,3,4,router,0.0,0.0,0.0,0.0,0.0,0.0,0.0,1.0,0.0,0.010033444816053512,0.010033444816053512,0.0,0.0,0.06644370686685891,0.9935340022296544,0.0,1.0,0.0
dumbbell,ifa,8.0,3,5,router,13.250253723333334,9.818810366666666,9.818810366666666,0.25699297246727587,0.7434337223351134,0.001222752482384161,0.0,0.7407483923241215,1.0,21.151529193979933,17.77681906354515,9.776827591973245,0.15726805327670823,0.46020810340350154,0.3826168389234951,0.0,0.8414125710584286,0.5444751672919093
dumbbell,ifa,8.0,3,6,router,9.818810366666666,9.406175333333334,9.406175333333334,0.042934422059422064,0.9571259286609475,0.0016614924396738256,0.0,0.9571259253480542,1.0,17.77681906354515,17.356084214046824,9.356094280936455,0.02305014016769359,0.5213787629141697,0.4564482601648632,0.0,0.9766986892125501,0.5333937286657381
dumbbell,ifa,8.0,3,7,router,9.406175333333334,9.286975066666667,9.286975066666667,0.013386280386280385,0.9867803492098066,0.0017187232026345742,0.0,0.9867803492098062,1.0,17.356084214046824,17.241570836120403,9.241578461538461,0.006398874728262498,0.5270804275746318,0.46768689554218107,0.0,0.9934801435510894,0.5303760532054606
dumbbell,ifa,8.0,3,8,router,9.286975066666667,9.250309233333335,9.250309233333335,0.00396961371961372,0.9960457205971621,0.0017853418647030507,0.0,0.9960457205971621,1.0,17.241570836120403,17.214947424749166,9.214956655518394,0.0014454294303533769,0.5291542386698004,0.47083372915112615,0.0,0.9985671930666109,0.5297393935435308
dumbbell,ifa,8.0,3,9,router,0.0,0.0,0.0,0.0,0.0,0.0,0.0,1.0,0.0,0.010033444816053512,0.010033444816053512,0.0,0.0,0.06644370686685891,0.9935340022296544,0.0,1.0,0.0
dumbbell,ifa,8.0,4,0,attacker,9.988333299999999,4.4439303,4.4440627,0.5541818181818182,0.44547100408531937,0.0016,0.0,0.44552130578959026,0.9619324468214749,17.999995876254182,12.23765872909699,4.240851418060201,0.3197556699145069,0.23657420133725993,0.44230882648082037,0.0,0.6797797123801081,0.33989799182701297
dumbbell,ifa,8.0,4,1,benign_consumer,9.988333299999999,4.621216516666666,4.624550126666667,0.5367575757575758,0.46251422371601936,0.0013333333333333335,0.0,0.4631437987629821,0.9586051939054901,10.0,4.378909264214046,4.378887190635452,0.5607226107226108,0.4372198160535117,0.0016722408026755853,0.0,0.43789092642140465,0.9615733221155696
dumbbell,ifa,8.0,4,2,benign_consumer,9.988333299999999,4.618457766666667,4.619017833333333,0.5366363636363637,0.46174043480496285,0.0013333333333333335,0.0,0.4630011937674217,0.9618556273183955,10.0,4.249672474916388,4.251920133779264,0.5743589743589743,0.4255264615384615,0.0016722408026755853,0.0,0.4249672474916388,0.9574735841395805
dumbbell,ifa,8.0,4,3,router,9.5803875,9.570387233333333,9.570387233333333,0.001537037037037037,0.9987388813445425,0.0013853052936831159,0.0,0.9987388813445425,1.0,16.93701856187291,16.933676387959867,8.94371839464883,0.0001760253476500616,0.5220269228213682,0.4789668606962798,0.0,0.9998122851545916,0.5219000243629792
dumbbell,ifa,8.0,4,4,router,0.0,0.0,0.0,0.0,0.0,0.0,0.0,1.0,0.0,0.010033444816053512,0.010033444816053512,0.0,0.0,0.06644370686685891,0.9935340022296544,0.0,1.0,0.0
dumbbell,ifa,8.0,4,5,router,13.693604583333332,10.100387966666666,10.100387966666666,0.261613493816997,0.7391527746440559,0.0010353733511366393,0.0,0.7375199604189411,1.0,20.866238996655518,17.492202441471573,9.492214147157192,0.15960614320056035,0.45344161374298547,0.386845136999427,0.0,0.8387286989453036,0.5366923063428187
dumbbell,ifa,8.0,4,6,router,10.100387966666666,9.707052833333334,9.707052833333334,0.03887193824693825,0.9608157406173833,0.0012639402559844219,0.0,0.960815717701336,1.0,17.492202441471573,17.04069849498328,9.040708327759196,0.025289795485643942,0.5113468710525022,0.4638987106305328,0.0,0.9744628926238771,0.5242797562354774
dumbbell,ifa,8.0,4,7,router,9.707052833333334,9.603721,9.603721,0.010973304473304473,0.9892987028255448,0.0013852473602251267,0.0,0.989298702823773,1.0,17.04069849498328,16.96042993311037,8.960441237458195,0.004538993628010682,0.5198676832503253,0.4762002817333439,0.0,0.9953782934631218,0.5220216158832341
dumbbell,ifa,8.0,4,8,router,9.603721,9.5803875,9.5803875,0.0023876863876863877,0.9975873345316605,0.0013853020263438238,0.0,0.9975873345316605,1.0,16.96042993311037,16.947052006688963,8.947062876254181,0.0007380840618826889,0.5214715068575702,0.47844687741495606,0.0,0.9992403640757546,0.5216396613934936
dumbbell,ifa,8.0,4,9,router,0.0,0.0,0.0,0.0,0.0,0.0,0.0,1.0,0.0,0.010033444816053512,0.010033444816053512,0.0,0.0,0.06644370686685891,0.9935340022296544,0.0,1.0,0.0
dumbbell,ifa,8.0,5,0,attacker,9.988333299999999,4.4425794666666665,4.445783619999999,0.5541818181818182,0.44563309494879877,0.0016,0.0,0.4452723770819706,0.9646085499497972,17.999995876254182,12.395745785953178,4.393202628762541,0.3113786236198405,0.2447856396329583,0.44230882648082037,0.0,0.6884641370076297,0.3482300976649705
dumbbell,ifa,8.0,5,1,benign_consumer,9.988333299999999,4.442775999999999,4.446002766666666,0.5541515151515152,0.44400876508105835,0.0013333333333333335,0.0,0.4454063834974369,0.9674951996079852,10.0,4.484240602006689,4.4837003344481605,0.5507398398702746,0.4480355919732441,0.0016722408026755853,0.0,0.44842406020066883,0.9599870411160968
dumbbell,ifa,8.0,5,2,benign_consumer,9.988333299999999,4.290367366666667,4.293679076666667,0.5694848484848485,0.4289676537491232,0.0013333333333333335,0.0,0.43017955874897185,0.9600306288164249,10.0,4.507216822742476,4.507216321070234,0.5482720178372352,0.44971828428093646,0.0016722408026755853,0.0,0.45072168227424747,0.9617723296154409
dumbbell,ifa,8.0,5,3,router,9.044271833333333,9.040938533333334,9.040938533333334,0.0004166666666666667,0.9995787200466331,0.002023583743420779,0.0,0.9995787200466331,1.0,17.33122909698997,17.331229799331105,9.341271806020067,0.0,0.5334705470691558,0.4685784588627128,0.0,1.0000000392519193,0.5333047233516873
dumbbell,ifa,8.0,5,4,router,0.0,0.0,0.0,0.0,0.0,0.0,0.0,1.0,0.0,0.010033444816053512,0.010033444816053512,0.0,0.0,0.06644370686685891,0.9935340022296544,0.0,1.0,0.0
dumbbell,ifa,8.0,5,5,router,13.185722866666667,9.6408064,9.6408064,0.26806822122715585,0.7314851538235952,0.0012320569397333303,0.0,0.729903860119938,1.0,21.387195484949835,17.95677090301003,9.95678204013378,0.15892623718063817,0.4633012340581248,0.3779439747034522,0.0,0.8401732007647355,0.5489635078767808
dumbbell,ifa,8.0,5,6,router,9.6408064,9.207604466666666,9.207604466666666,0.045859866984866986,0.9540688711848154,0.001853358403377063,0.0,0.9540687942917123,1.0,17.95677090301003,17.44493779264214,9.444949431438127,0.02781437256888474,0.5210714365244808,0.4525094485408914,0.0,0.9719467936030816,0.5357385945828083
dumbbell,ifa,8.0,5,7,router,9.207604466666666,9.090938266666667,9.090938266666667,0.01274024124024124,0.9871867735900631,0.002011419519816746,0.0,0.9871867735888437,1.0,17.44493779264214,17.357983946488293,9.357993511705684,0.004816658174752482,0.5310340375634548,0.46577791538846747,0.0,0.9951330361294355,0.5333893375356222
dumbbell,ifa,8.0,5,8,router,9.090938266666667,9.044271833333333,9.044271833333333,0.005273846523846524,0.994672772367486,0.002015716796186746,0.0,0.994672772367486,1.0,17.357983946488293,17.34126254180602,9.341271806020067,0.0008508264966065478,0.5326693982822504,0.46810203242401455,0.0,0.9991175363409511,0.5329779032818504
dumbbell,ifa,8.0,5,9,router,0.0,0.0,0.0,0.0,0.0,0.0,0.0,1.0,0.0,0.010033444816053512,0.010033444816053512,0.0,0.0,0.06644370686685891,0.9935340022296544,0.0,1.0,0.0
dumbbell,ifa,10.0,1,0,attacker,9.988333299999999,4.6125104666666665,4.615199333333333,0.5373333333333333,0.46199652816067927,0.0016,0.0,0.46240695961384215,0.9602942871736938,19.99498320735786,14.487088963210704,4.489409364548495,0.27507381136143677,0.22463871250116646,0.49661563912465584,0.0,0.7245355678168381,0.30551967670589736
dumbbell,ifa,10.0,1,1,benign_consumer,9.988333299999999,4.45374621,4.45696779,0.5533636363636364,0.4461035054037225,0.0013333333333333335,0.0,0.4464983735906106,0.9626567722856445,10.0,4.495762698996655,4.49576320735786,0.549483125570082,0.44857297290969894,0.0016722408026755853,0.0,0.44957626989966554,0.9618055555712584
dumbbell,ifa,10.0,1,2,benign_consumer,9.988333299999999,4.187814016666667,4.1906142,0.5799090909090909,0.41991484873644885,0.0013333333333333335,0.0,0.41994186400731287,0.9628745857741965,10.0,4.610805117056857,4.608129889632107,0.537600081078342,0.46014409264214046,0.0016722408026755853,0.0,0.46108051170568565,0.9546344814708261
dumbbell,ifa,10.0,1,3,router,9.220832966666666,9.2174996,9.2174996,0.0004166666666666667,0.9995814968408151,0.001967566087262003,0.0,0.9995814968408151,1.0,19.368726421404684,19.368727826086957,9.390466923076923,0.0,0.4793871332132843,0.518447676838927,0.0,1.0000000726441196,0.4792240026382779
dumbbell,ifa,10.0,1,4,router,0.0,0.0,0.0,0.0,0.0,0.0,0.0,1.0,0.0,0.013377926421278847,0.013377926421278847,0.0,0.0,0.0020204434040162773,0.9876268658877354,0.0,1.0,0.0
dumbbell,ifa,10.0,1,5,router,13.264070693333332,9.716555866666665,9.716555866666665,0.2680627481966491,0.7322017563233779,0.0010719285690351575,0.0,0.7311248667537968,1.0,23.590312297658862,19.948082608695653,9.956443578595318,0.15132429934081812,0.4200006717939061,0.4253226283263598,0.0,0.8471178352681655,0.49371873608647265
dumbbell,ifa,10.0,1,6,router,9.716555866666665,9.327498233333333,9.327498233333333,0.041566146816146815,0.9586902876783167,0.0017471607955821266,0.0,0.9586902179531701,1.0,19.948082608695653,19.535951839464882,9.544313244147157,0.020214925288813166,0.4734747274615711,0.5035840755926563,0.0,0.9795997369236074,0.48294828603186735
dumbbell,ifa,10.0,1,7,router,9.327498233333333,9.244165733333332,9.244165733333332,0.009407819032819032,0.9903924188604893,0.0018245876282853239,0.0,0.9903924188604893,1.0,19.535951839464882,19.422239799331106,9.430600702341136,0.005638914357420564,0.4773470858585768,0.5142929192934482,0.0,0.9942401225948206,0.4798709466219581
dumbbell,ifa,10.0,1,8,router,9.244165733333332,9.220832966666666,9.220832966666666,0.0022973322973322973,0.9975836450543517,0.0019675397897507903,0.0,0.9975836450543517,1.0,19.422239799331106,19.38210434782596,9.390466923076923,0.0019189506146027886,0.4780597214126797,0.5172719344610716,0.0,0.9980284888944888,0.4788640562954212
dumbbell,ifa,10.0,1,9,router,0.0,0.0,0.0,0.0,0.0,0.0,0.0,1.0,0.0,0.013377926421278847,0.013377926421278847,0.0,0.0,0.0020204434040162773,0.9876268658877354,0.0,1.0,0.0
dumbbell,ifa,10.0,2,0,attacker,9.988333299999999,4.533437216666667,4.5341042,0.545151515151515,0.45423582419193453,0.0016,0.0,0.45450184098693647,0.9657280965439248,19.99498320735786,14.32648695652174,4.333517090301004,0.2830938292476754,0.2168106982605349,0.49661563912465584,0.0,0.7165014768221522,0.2978658841151714
dumbbell,ifa,10.0,2,1,benign_consumer,9.988333299999999,4.510795566666666,4.513595433333333,0.5475454545454546,0.4523720025722467,0.0013333333333333335,0.0,0.4521078578087184,0.9586786794640021,10.0,4.267243110367893,4.267778026755853,0.5723573527921354,0.4254400133779264,0.0016722408026755853,0.0,0.4267243110367893,0.9618122722078651
dumbbell,ifa,10.0,2,2,benign_consumer,9.988333299999999,4.6211807,4.621313433333333,0.5363333333333333,0.4616139098933263,0.0013333333333333335,0.0,0.4632672028585078,0.9601646508980999,10.0,4.505787013377926,4.506194143812709,0.5487686226816662,0.44995051471571906,0.0016722408026755853,0.0,0.45057870133779265,0.9657852374773603
dumbbell,ifa,10.0,2,3,router,9.658055533333332,9.644721933333333,9.644721933333333,0.0013560606060606063,0.9985946774876676,0.0016820038058099193,0.0,0.9985946774876676,1.0,19.10744381270903,19.10075364548495,9.122492742474916,0.00032143759136098204,0.4718228122688352,0.5253166789900849,0.0,0.9996667923222293,0.47178133755422147
dumbbell,ifa,10.0,2,4,router,0.0,0.0,0.0,0.0,0.0,0.0,0.0,1.0,0.0,0.013377926421278847,0.013377926421278847,0.0,0.0,0.0020204434040162773,0.9876268658877354,0.0,1.0,0.0
dumbbell,ifa,10.0,2,5,router,13.675413483333331,10.191094533333333,10.191094533333333,0.2535761789218345,0.7476943297827356,0.001133680536746329,0.0,0.7454462076350286,1.0,23.096173267558527,19.6321491638796,9.640508695652173,0.14627238643588703,0.41523243953404687,0.43480396601285454,0.0,0.8519117068075496,0.48548959599008984
dumbbell,ifa,10.0,2,6,router,10.191094533333333,9.771386766666666,9.771386766666666,0.04058836479424714,0.9588022920094312,0.0015918785580164426,0.0,0.9588022918698839,1.0,19.6321491638796,19.227846153846155,9.236204548494984,0.020410643560816368,0.46533850638817664,0.5113109255332297,0.0,0.9796545986385828,0.47451928763977047
dumbbell,ifa,10.0,2,7,router,9.771386766666666,9.684721666666666,9.684721666666666,0.009459272209272208,0.9907217502352789,0.0016062465397080603,0.0,0.9907217502352675,1.0,19.227846153846155,19.14423210702341,9.152592675585284,0.004264198022855791,0.4704115801287841,0.5221297174819353,0.0,0.9956945973970259,0.4721874192696687
dumbbell,ifa,10.0,2,8,router,9.684721666666666,9.658055533333332,9.658055533333332,0.0028137325637325634,0.9972194215892892,0.0016819921139873825,0.0,0.9972194215892892,1.0,19.14423210702341,19.12082173913031,9.129181337792641,0.0011195283894517801,0.47123229504135655,0.5244114572031975,0.0,0.9988461001365603,0.4715937504529279
dumbbell,ifa,10.0,2,9,router,0.0,0.0,0.0,0.0,0.0,0.0,0.0,1.0,0.0,0.013377926421278847,0.013377926421278847,0.0,0.0,0.0020204434040162773,0.9876268658877354,0.0,1.0,0.0
dumbbell,ifa,10.0,3,0,attacker,9.988333299999999,4.5342343,4.537461333333333,0.5453030303030303,0.45321188398814677,0.0016,0.0,0.45456587488006744,0.9647163442387188,19.99498320735786,14.435520735785953,4.440638963210702,0.27749702916927,0.22231343139296922,0.49661563912465584,0.0,0.7219380446497414,0.30279189051158023
dumbbell,ifa,10.0,3,1,benign_consumer,9.988333299999999,4.345137623333334,4.3456963533333335,0.5638484848484848,0.4359255546636819,0.0013333333333333335,0.0,0.4356464894236394,0.9617258221444467,10.0,4.3522307725752505,4.354880214046823,0.5638542616803487,0.43515357658862874,0.0016722408026755853,0.0,0.43522307725752507,0.9683099289636475
dumbbell,ifa,10.0,3,2,benign_consumer,9.988333299999999,4.360881733333333,4.364210536666667,0.5626969696969697,0.4368766401528756,0.0013333333333333335,0.0,0.4371007844973326,0.9593635817262054,10.0,4.3587711973244145,4.358646401337793,0.5628661193878585,0.4348612923076923,0.0016722408026755853,0.0,0.43587711973244153,0.9639206118885791
dumbbell,ifa,10.0,3,3,router,9.250309233333335,9.223642333333334,9.223642333333334,0.003007770007770008,0.9971068774156984,0.0018059078127859508,0.0,0.9971068774156984,1.0,19.193214715719066,19.18987347826087,9.211612575250836,0.00016722408026755855,0.47380864899412084,0.5234730493976785,0.0,0.9998288131656802,0.47367778866214905
dumbbell,ifa,10.0,3,4,router,0.0,0.0,0.0,0.0,0.0,0.0,0.0,1.0,0.0,0.013377926421278847,0.013377926421278847,0.0,0.0,0.0020204434040162773,0.9876268658877354,0.0,1.0,0.0
dumbbell,ifa,10.0,3,5,router,13.250253723333334,9.818810366666666,9.818810366666666,0.25699297246727587,0.7434337223351134,0.001222752482384161,0.0,0.7407483923241215,1.0,23.143178224080266,19.768466220735785,9.776827591973245,0.14319895390771378,0.4196346102489353,0.43388563661361074,0.0,0.8553775778240683,0.4882502344690079
dumbbell,ifa,10.0,3,6,router,9.818810366666666,9.406175333333334,9.406175333333334,0.042934422059422064,0.9571259286609475,0.0016614924396738256,0.0,0.9571259253480542,1.0,19.768466220735785,19.34773043478261,9.356094280936455,0.020699237352254925,0.4674969455106589,0.5084791188429834,0.0,0.9790454879510898,0.4771115195644165
dumbbell,ifa,10.0,3,7,router,9.406175333333334,9.286975066666667,9.286975066666667,0.013386280386280385,0.9867803492098066,0.0017187232026345742,0.0,0.9867803492098062,1.0,19.34773043478261,19.233214715719065,9.241578461538461,0.005567697031060799,0.4715480873347753,0.5196055283424328,0.0,0.9942336685955335,0.4740604151655309
dumbbell,ifa,10.0,3,8,router,9.286975066666667,9.250309233333335,9.250309233333335,0.00396961371961372,0.9960457205971621,0.0017853418647030507,0.0,0.9960457205971621,1.0,19.233214715719065,19.20659264214034,9.214956655518394,0.0012837987333445113,0.4729837211731415,0.5225378658592638,0.0,0.9987165870495667,0.4734139261551452
dumbbell,ifa,10.0,3,9,router,0.0,0.0,0.0,0.0,0.0,0.0,0.0,1.0,0.0,0.013377926421278847,0.013377926421278847,0.0,0.0,0.0020204434040162773,0.9876268658877354,0.0,1.0,0.0
dumbbell,ifa,10.0,4,0,attacker,9.988333299999999,4.4439303,4.4440627,0.5541818181818182,0.44547100408531937,0.0016,0.0,0.44552130578959026,0.9619324468214749,19.99498320735786,14.232648494983277,4.240851418060201,0.28766707094466293,0.21282177818759143,0.49661563912465584,0.0,0.7117822954967626,0.29241750308378694
dumbbell,ifa,10.0,4,1,benign_consumer,9.988333299999999,4.621216516666666,4.624550126666667,0.5367575757575758,0.46251422371601936,0.0013333333333333335,0.0,0.4631437987629821,0.9586051939054901,10.0,4.378909264214046,4.378887190635452,0.5607226107226108,0.4372198160535117,0.0016722408026755853,0.0,0.43789092642140465,0.9615733221155696
dumbbell,ifa,10.0,4,2,benign_consumer,9.988333299999999,4.618457766666667,4.619017833333333,0.5366363636363637,0.46174043480496285,0.0013333333333333335,0.0,0.4630011937674217,0.9618556273183955,10.0,4.249672474916388,4.251920133779264,0.5743589743589743,0.4255264615384615,0.0016722408026755853,0.0,0.4249672474916388,0.9574735841395805
dumbbell,ifa,10.0,4,3,router,9.5803875,9.570387233333333,9.570387233333333,0.001537037037037037,0.9987388813445425,0.0013853052936831159,0.0,0.9987388813445425,1.0,18.91863846153846,18.911946153846156,8.93368525083612,0.00032143759136098204,0.4655452100562437,0.5316864191610026,0.0,0.9996645419793999,0.46549628521601316
dumbbell,ifa,10.0,4,4,router,0.0,0.0,0.0,0.0,0.0,0.0,0.0,1.0,0.0,0.013377926421278847,0.013377926421278847,0.0,0.0,0.0020204434040162773,0.9876268658877354,0.0,1.0,0.0
dumbbell,ifa,10.0,4,5,router,13.693604583333332,10.100387966666666,10.100387966666666,0.261613493816997,0.7391527746440559,0.0010353733511366393,0.0,0.7375199604189411,1.0,22.8578854180602,19.48719866220736,9.495558595317725,0.14513087409489675,0.41312164813674673,0.43866571798203813,0.0,0.8531752034642661,0.4806356682310948
dumbbell,ifa,10.0,4,6,router,10.100387966666666,9.707052833333334,9.707052833333334,0.03887193824693825,0.9608157406173833,0.0012639402559844219,0.0,0.960815717701336,1.0,19.48719866220736,19.032348829431438,9.040708327759196,0.022847304715981478,0.4577405772133252,0.5163046904270276,0.0,0.9769166016969018,0.4681028904765081
dumbbell,ifa,10.0,4,7,router,9.707052833333334,9.603721,9.603721,0.010973304473304473,0.9892987028255448,0.0013852473602251267,0.0,0.989298702823773,1.0,19.032348829431438,18.95208260869565,8.960441237458195,0.004086809098894522,0.4641696491934709,0.5286122890163168,0.0,0.9958611227889659,0.46585038893199343
dumbbell,ifa,10.0,4,8,router,9.603721,9.5803875,9.5803875,0.0023876863876863877,0.9975873345316605,0.0013853020263438238,0.0,0.9975873345316605,1.0,18.95208260869565,18.93201638795974,8.940374147157192,0.0010126950344341648,0.46503733014380405,0.5308631986173936,0.0,0.9989813088721173,0.46530907490699625
dumbbell,ifa,10.0,4,9,router,0.0,0.0,0.0,0.0,0.0,0.0,0.0,1.0,0.0,0.013377926421278847,0.013377926421278847,0.0,0.0,0.0020204434040162773,0.9876268658877354,0.0,1.0,0.0
dumbbell,ifa,10.0,5,0,attacker,9.988333299999999,4.4425794666666665,4.445783619999999,0.5541818181818182,0.44563309494879877,0.0016,0.0,0.4452723770819706,0.9646085499497972,19.99498320735786,14.390735785953177,4.393202628762541,0.2799539368101241,0.22030940093218682,0.49661563912465584,0.0,0.7197334333380093,0.300068415757362
dumbbell,ifa,10.0,5,1,benign_consumer,9.988333299999999,4.442775999999999,4.446002766666666,0.5541515151515152,0.44400876508105835,0.0013333333333333335,0.0,0.4454063834974369,0.9674951996079852,10.0,4.484240602006689,4.4837003344481605,0.5507398398702746,0.4480355919732441,0.0016722408026755853,0.0,0.44842406020066883,0.9599870411160968
dumbbell,ifa,10.0,5,2,benign_consumer,9.988333299999999,4.290367366666667,4.293679076666667,0.5694848484848485,0.4289676537491232,0.0013333333333333335,0.0,0.43017955874897185,0.9600306288164249,10.0,4.507216822742476,4.507216321070234,0.5482720178372352,0.44971828428093646,0.0016722408026755853,0.0,0.45072168227424747,0.9617723296154409
dumbbell,ifa,10.0,5,3,router,9.044271833333333,9.040938533333334,9.040938533333334,0.0004166666666666667,0.9995787200466331,0.002023583743420779,0.0,0.9995787200466331,1.0,19.316191638795985,19.316188260869566,9.337927357859533,0.0,0.4771074853088512,0.5209374939490353,0.0,0.9999998123756408,0.4769454681057128
dumbbell,ifa,10.0,5,4,router,0.0,0.0,0.0,0.0,0.0,0.0,0.0,1.0,0.0,0.013377926421278847,0.013377926421278847,0.0,0.0,0.0020204434040162773,0.9876268658877354,0.0,1.0,0.0
dumbbell,ifa,10.0,5,5,router,13.185722866666667,9.6408064,9.6408064,0.26806822122715585,0.7314851538235952,0.0012320569397333303,0.0,0.729903860119938,1.0,23.378848060200667,19.948421404682275,9.95678204013378,0.14461778521281346,0.4229912457693329,0.42943542392379813,0.0,0.8542358674254714,0.4927671002366777
dumbbell,ifa,10.0,5,6,router,9.6408064,9.207604466666666,9.207604466666666,0.045859866984866986,0.9540688711848154,0.001853358403377063,0.0,0.9540687942917123,1.0,19.948421404682275,19.433246153846156,9.441605117056856,0.025232240132834517,0.46750152835373376,0.504615858432319,0.0,0.9745757511663878,0.47934308702073253
dumbbell,ifa,10.0,5,7,router,9.207604466666666,9.090938266666667,9.090938266666667,0.01274024124024124,0.9871867735900631,0.002011419519816746,0.0,0.9871867735888437,1.0,19.433246153846156,19.346289632107023,9.35464906354515,0.004353489697953521,0.4751232529163083,0.5179840114312547,0.0,0.9956201055314448,0.47700391055585084
dumbbell,ifa,10.0,5,8,router,9.090938266666667,9.044271833333333,9.044271833333333,0.005273846523846524,0.994672772367486,0.002015716796186746,0.0,0.994672772367486,1.0,19.346289632107023,19.329569565217266,9.337927357859533,0.0007942235745439407,0.47635164896316634,0.520324481634734,0.0,0.9991877930101394,0.4765910331467731
dumbbell,ifa,10.0,5,9,router,0.0,0.0,0.0,0.0,0.0,0.0,0.0,1.0,0.0,0.013377926421278847,0.013377926421278847,0.0,0.0,0.0020204434040162773,0.9876268658877354,0.0,1.0,0.0
dumbbell,ifa,12.0,1,0,attacker,9.988333299999999,4.6125104666666665,4.615199333333333,0.5373333333333333,0.46199652816067927,0.0016,0.0,0.46240695961384215,0.9602942871736938,21.996655551839464,16.48876120401338,4.489409364548495,0.2500709967302758,0.2041794610303516,0.5419711378635633,0.0,0.749603511913033,0.2686961466451362
dumbbell,ifa,12.0,1,1,benign_consumer,9.988333299999999,4.45374621,4.45696779,0.5533636363636364,0.4461035054037225,0.0013333333333333335,0.0,0.4464983735906106,0.9626567722856445,10.0,4.495762698996655,4.49576320735786,0.549483125570082,0.44857297290969894,0.0016722408026755853,0.0,0.44957626989966554,0.9618055555712584
dumbbell,ifa,12.0,1,2,benign_consumer,9.988333299999999,4.187814016666667,4.1906142,0.5799090909090909,0.41991484873644885,0.0013333333333333335,0.0,0.41994186400731287,0.9628745857741965,10.0,4.610805117056857,4.608129889632107,0.537600081078342,0.46014409264214046,0.0016722408026755853,0.0,0.46108051170568565,0.9546344814708261
dumbbell,ifa,12.0,1,3,router,9.220832966666666,9.2174996,9.2174996,0.0004166666666666667,0.9995814968408151,0.001967566087262003,0.0,0.9995814968408151,1.0,21.3677127090301,21.367734113712377,9.387122408026757,0.0,0.43513235048611104,0.5648271012605167,0.0,1.000001016903365,0.4349883015813177
dumbbell,ifa,12.0,1,4,router,0.0,0.0,0.0,0.0,0.0,0.0,0.0,1.0,0.0,0.013377926421404762,0.013377926421404762,0.0,0.0,0.007517119850043738,0.9935340022296544,0.0,1.0,0.0
dumbbell,ifa,12.0,1,5,router,13.264070693333332,9.716555866666665,9.716555866666665,0.2680627481966491,0.7322017563233779,0.0010719285690351575,0.0,0.7311248667537968,1.0,25.59532333444816,21.949741471571908,9.95309906354515,0.14001906584996437,0.38735173256932365,0.4710760414141374,0.0,0.8587089678288463,0.44937294341301537
dumbbell,ifa,12.0,1,6,router,9.716555866666665,9.327498233333333,9.327498233333333,0.041566146816146815,0.9586902876783167,0.0017471607955821266,0.0,0.9586902179531701,1.0,21.949741471571908,21.540956856187293,9.544313244147157,0.018197956089527574,0.431137228035407,0.5502870025519127,0.0,0.9816271834212458,0.4388835540251633
dumbbell,ifa,12.0,1,7,router,9.327498233333333,9.244165733333332,9.244165733333332,0.009407819032819032,0.9903924188604893,0.0018245876282853239,0.0,0.9903924188604893,1.0,21.540956856187293,21.42389866220736,9.427256254180602,0.005289747809933325,0.4336413479917161,0.5607422344185202,0.0,0.9946186334575184,0.4357825194575655
dumbbell,ifa,12.0,1,8,router,9.244165733333332,9.220832966666666,9.220832966666666,0.0022973322973322973,0.9975836450543517,0.0019675397897507903,0.0,0.9975836450543517,1.0,21.42389866220736,21.383766555183946,9.387122408026757,0.0017607174034395205,0.4341252739047904,0.5637602684278978,0.0,0.9982025520027765,0.43478226614950183
dumbbell,ifa,12.0,1,9,router,0.0,0.0,0.0,0.0,0.0,0.0,0.0,1.0,0.0,0.013377926421404762,0.013377926421404762,0.0,0.0,0.007517119850043738,0.9935340022296544,0.0,1.0,0.0
dumbbell,ifa,12.0,2,0,attacker,9.988333299999999,4.533437216666667,4.5341042,0.545151515151515,0.45423582419193453,0.0016,0.0,0.45450184098693647,0.9657280965439248,21.996655551839464,16.328159866220737,4.333517090301004,0.2573577911561094,0.19706313506216827,0.5419711378635633,0.0,0.7423013833500736,0.2616402015261989
dumbbell,ifa,12.0,2,1,benign_consumer,9.988333299999999,4.510795566666666,4.513595433333333,0.5475454545454546,0.4523720025722467,0.0013333333333333335,0.0,0.4521078578087184,0.9586786794640021,10.0,4.267243110367893,4.267778026755853,0.5723573527921354,0.4254400133779264,0.0016722408026755853,0.0,0.4267243110367893,0.9618122722078651
dumbbell,ifa,12.0,2,2,benign_consumer,9.988333299999999,4.6211807,4.621313433333333,0.5363333333333333,0.4616139098933263,0.0013333333333333335,0.0,0.4632672028585078,0.9601646508980999,10.0,4.505787013377926,4.506194143812709,0.5487686226816662,0.44995051471571906,0.0016722408026755853,0.0,0.45057870133779265,0.9657852374773603
dumbbell,ifa,12.0,2,3,router,9.658055533333332,9.644721933333333,9.644721933333333,0.0013560606060606063,0.9985946774876676,0.0016820038058099193,0.0,0.9985946774876676,1.0,21.106426755852844,21.099759765886287,9.119148060200668,0.0002791915079249673,0.42768562357640333,0.5718941396239641,0.0,0.9997058265050078,0.42763942271632255
dumbbell,ifa,12.0,2,4,router,0.0,0.0,0.0,0.0,0.0,0.0,0.0,1.0,0.0,0.013377926421404762,0.013377926421404762,0.0,0.0,0.007517119850043738,0.9935340022296544,0.0,1.0,0.0
dumbbell,ifa,12.0,2,5,router,13.675413483333331,10.191094533333333,10.191094533333333,0.2535761789218345,0.7476943297827356,0.001133680536746329,0.0,0.7454462076350286,1.0,25.10117928762542,21.633816387959865,9.637164481605351,0.13534355932449135,0.3822172646321943,0.4805682553017246,0.0,0.8632455950807665,0.44124768748658433
dumbbell,ifa,12.0,2,6,router,10.191094533333333,9.771386766666666,9.771386766666666,0.04058836479424714,0.9588022920094312,0.0015918785580164426,0.0,0.9588022918698839,1.0,21.633816387959865,21.22950602006689,9.232859866220737,0.018528190030578755,0.4229361220851686,0.5578871500628946,0.0,0.9815231532817255,0.43048783592400064
dumbbell,ifa,12.0,2,7,router,9.771386766666666,9.684721666666666,9.684721666666666,0.009459272209272208,0.9907217502352789,0.0016062465397080603,0.0,0.9907217502352675,1.0,21.22950602006689,21.145895986622076,9.149247993311036,0.003874798394249195,0.4267471139059348,0.568582200303518,0.0,0.9960918260564723,0.42820243937070857
dumbbell,ifa,12.0,2,8,router,9.684721666666666,9.658055533333332,9.658055533333332,0.0028137325637325634,0.9972194215892892,0.0016819921139873825,0.0,0.9972194215892892,1.0,21.145895986622076,21.122484949832778,9.125836655518395,0.000984720340544101,0.4273446336447927,0.5708455468842069,0.0,0.9989736752961939,0.42761892864529405
dumbbell,ifa,12.0,2,9,router,0.0,0.0,0.0,0.0,0.0,0.0,0.0,1.0,0.0,0.013377926421404762,0.013377926421404762,0.0,0.0,0.007517119850043738,0.9935340022296544,0.0,1.0,0.0
dumbbell,ifa,12.0,3,0,attacker,9.988333299999999,4.5342343,4.537461333333333,0.5453030303030303,0.45321188398814677,0.0016,0.0,0.45456587488006744,0.9647163442387188,21.996655551839464,16.437192642140467,4.440638963210702,0.25227132557163195,0.2020732296844675,0.5419711378635633,0.0,0.7472492403497297,0.266226590810922
dumbbell,ifa,12.0,3,1,benign_consumer,9.988333299999999,4.345137623333334,4.3456963533333335,0.5638484848484848,0.4359255546636819,0.0013333333333333335,0.0,0.4356464894236394,0.9617258221444467,10.0,4.3522307725752505,4.354880214046823,0.5638542616803487,0.43515357658862874,0.0016722408026755853,0.0,0.43522307725752507,0.9683099289636475
dumbbell,ifa,12.0,3,2,benign_consumer,9.988333299999999,4.360881733333333,4.364210536666667,0.5626969696969697,0.4368766401528756,0.0013333333333333335,0.0,0.4371007844973326,0.9593635817262054,10.0,4.3587711973244145,4.358646401337793,0.5628661193878585,0.4348612923076923,0.0016722408026755853,0.0,0.43587711973244153,0.9639206118885791
dumbbell,ifa,12.0,3,3,router,9.250309233333335,9.223642333333334,9.223642333333334,0.003007770007770008,0.9971068774156984,0.0018059078127859508,0.0,0.9971068774156984,1.0,21.1955491638796,21.192224280936454,9.211612575250836,0.00015926102882624622,0.42983724089063,0.5692361849647983,0.0,0.9998428615581291,0.42972741555890476
dumbbell,ifa,12.0,3,4,router,0.0,0.0,0.0,0.0,0.0,0.0,0.0,1.0,0.0,0.013377926421404762,0.013377926421404762,0.0,0.0,0.007517119850043738,0.9935340022296544,0.0,1.0,0.0
dumbbell,ifa,12.0,3,5,router,13.250253723333334,9.818810366666666,9.818810366666666,0.25699297246727587,0.7434337223351134,0.001222752482384161,0.0,0.7407483923241215,1.0,25.148184244147156,21.773474581939798,9.776827591973245,0.13205230486556013,0.3866995522720032,0.47953254377429627,0.0,0.8667524488480088,0.4441876884640859
dumbbell,ifa,12.0,3,6,router,9.818810366666666,9.406175333333334,9.406175333333334,0.042934422059422064,0.9571259286609475,0.0016614924396738256,0.0,0.9571259253480542,1.0,21.773474581939798,21.352740133779264,9.356094280936455,0.01884829018510591,0.42532384991568095,0.5548107286878085,0.0,0.9809659860323581,0.43324626201665767
dumbbell,ifa,12.0,3,7,router,9.406175333333334,9.286975066666667,9.286975066666667,0.013386280386280385,0.9867803492098066,0.0017187232026345742,0.0,0.9867803492098062,1.0,21.352740133779264,21.23822608695652,9.241578461538461,0.0052107560709460255,0.4281147564154133,0.5657496631613137,0.0,0.9946971530399245,0.43024584489667245
dumbbell,ifa,12.0,3,8,router,9.286975066666667,9.250309233333335,9.250309233333335,0.00396961371961372,0.9960457205971621,0.0017853418647030507,0.0,0.9960457205971621,1.0,21.23822608695652,21.211602675585283,9.214956655518394,0.0011853867619463082,0.4292434633307711,0.5687589606368714,0.0,0.998823304158218,0.4296040011667093
dumbbell,ifa,12.0,3,9,router,0.0,0.0,0.0,0.0,0.0,0.0,0.0,1.0,0.0,0.013377926421404762,0.013377926421404762,0.0,0.0,0.007517119850043738,0.9935340022296544,0.0,1.0,0.0
dumbbell,ifa,12.0,4,0,attacker,9.988333299999999,4.4439303,4.4440627,0.5541818181818182,0.44547100408531937,0.0016,0.0,0.44552130578959026,0.9619324468214749,21.996655551839464,16.234320401337794,4.240851418060201,0.2615145756401216,0.19344587438049576,0.5419711378635633,0.0,0.7380212026815298,0.2567394087413846
dumbbell,ifa,12.0,4,1,benign_consumer,9.988333299999999,4.621216516666666,4.624550126666667,0.5367575757575758,0.46251422371601936,0.0013333333333333335,0.0,0.4631437987629821,0.9586051939054901,10.0,4.378909264214046,4.378887190635452,0.5607226107226108,0.4372198160535117,0.0016722408026755853,0.0,0.43789092642140465,0.9615733221155696
dumbbell,ifa,12.0,4,2,benign_consumer,9.988333299999999,4.618457766666667,4.619017833333333,0.5366363636363637,0.46174043480496285,0.0013333333333333335,0.0,0.4630011937674217,0.9618556273183955,10.0,4.249672474916388,4.251920133779264,0.5743589743589743,0.4255264615384615,0.0016722408026755853,0.0,0.4249672474916388,0.9574735841395805
dumbbell,ifa,12.0,4,3,router,9.5803875,9.570387233333333,9.570387233333333,0.001537037037037037,0.9987388813445425,0.0013853052936831159,0.0,0.9987388813445425,1.0,20.927652842809366,20.924330100334448,8.94371839464883,0.00014541224371092046,0.42215069118407317,0.5768976212368965,0.0,0.9998484247574321,0.42203118187961774
dumbbell,ifa,12.0,4,4,router,0.0,0.0,0.0,0.0,0.0,0.0,0.0,1.0,0.0,0.013377926421404762,0.013377926421404762,0.0,0.0,0.007517119850043738,0.9935340022296544,0.0,1.0,0.0
dumbbell,ifa,12.0,4,5,router,13.693604583333332,10.100387966666666,10.100387966666666,0.261613493816997,0.7391527746440559,0.0010353733511366393,0.0,0.7375199604189411,1.0,24.862894782608695,21.488857859531773,9.492214147157192,0.1336728056189398,0.3802825821939944,0.4843399065169817,0.0,0.8648422458631911,0.4366197672755537
dumbbell,ifa,12.0,4,6,router,10.100387966666666,9.707052833333334,9.707052833333334,0.03887193824693825,0.9608157406173833,0.0012639402559844219,0.0,0.960815717701336,1.0,21.488857859531773,21.037353511705685,9.040708327759196,0.020574770013655763,0.41600287836055716,0.5621023629108916,0.0,0.9792221776430099,0.42447706764084564
dumbbell,ifa,12.0,4,7,router,9.707052833333334,9.603721,9.603721,0.010973304473304473,0.9892987028255448,0.0013852473602251267,0.0,0.989298702823773,1.0,21.037353511705685,20.957084949832776,8.960441237458195,0.0036792394450228636,0.42090779703903614,0.5741481231131169,0.0,0.9962572586504916,0.4222856478570664
dumbbell,ifa,12.0,4,8,router,9.603721,9.5803875,9.5803875,0.0023876863876863877,0.9975873345316605,0.0013853020263438238,0.0,0.9975873345316605,1.0,20.957084949832776,20.943708026755854,8.947062876254181,0.0006040116153537703,0.42184073914543113,0.5763677502395655,0.0,0.99938175463873,0.42191673090347015
dumbbell,ifa,12.0,4,9,router,0.0,0.0,0.0,0.0,0.0,0.0,0.0,1.0,0.0,0.013377926421404762,0.013377926421404762,0.0,0.0,0.007517119850043738,0.9935340022296544,0.0,1.0,0.0
dumbbell,ifa,12.0,5,0,attacker,9.988333299999999,4.4425794666666665,4.445783619999999,0.5541818181818182,0.44563309494879877,0.0016,0.0,0.4452723770819706,0.9646085499497972,21.996655551839464,16.392408361204012,4.393202628762541,0.2545097168654955,0.20023903160618403,0.5419711378635633,0.0,0.745232259447428,0.26376415189432345
dumbbell,ifa,12.0,5,1,benign_consumer,9.988333299999999,4.442775999999999,4.446002766666666,0.5541515151515152,0.44400876508105835,0.0013333333333333335,0.0,0.4454063834974369,0.9674951996079852,10.0,4.484240602006689,4.4837003344481605,0.5507398398702746,0.4480355919732441,0.0016722408026755853,0.0,0.44842406020066883,0.9599870411160968
dumbbell,ifa,12.0,5,2,benign_consumer,9.988333299999999,4.290367366666667,4.293679076666667,0.5694848484848485,0.4289676537491232,0.0013333333333333335,0.0,0.43017955874897185,0.9600306288164249,10.0,4.507216822742476,4.507216321070234,0.5482720178372352,0.44971828428093646,0.0016722408026755853,0.0,0.45072168227424747,0.9617723296154409
dumbbell,ifa,12.0,5,3,router,9.044271833333333,9.040938533333334,9.040938533333334,0.0004166666666666667,0.9995787200466331,0.002023583743420779,0.0,0.9995787200466331,1.0,21.32186153846154,21.321883511705686,9.341271806020067,0.0,0.43316234615074445,0.5668429834261319,0.0,1.0000010315055692,0.4330196793091763
dumbbell,ifa,12.0,5,4,router,0.0,0.0,0.0,0.0,0.0,0.0,0.0,1.0,0.0,0.013377926421404762,0.013377926421404762,0.0,0.0,0.007517119850043738,0.9935340022296544,0.0,1.0,0.0
dumbbell,ifa,12.0,5,5,router,13.185722866666667,9.6408064,9.6408064,0.26806822122715585,0.7314851538235952,0.0012320569397333303,0.0,0.729903860119938,1.0,25.383850735785956,21.953426086956522,9.95678204013378,0.13361172054004847,0.39001589438160017,0.47508179333736217,0.0,0.8655337917726306,0.4486356476470595
dumbbell,ifa,12.0,5,6,router,9.6408064,9.207604466666666,9.207604466666666,0.045859866984866986,0.9540688711848154,0.001853358403377063,0.0,0.9540687942917123,1.0,21.953426086956522,21.44159364548495,9.444949431438127,0.02276878017788184,0.4258191019800289,0.5508610435136481,0.0,0.977044637097029,0.4355352251021651
dumbbell,ifa,12.0,5,7,router,9.207604466666666,9.090938266666667,9.090938266666667,0.01274024124024124,0.9871867735900631,0.002011419519816746,0.0,0.9871867735888437,1.0,21.44159364548495,21.354639799331103,9.357993511705684,0.003931253764182749,0.4317063815156623,0.563963413441261,0.0,0.9960314160624453,0.43323188501755966
dumbbell,ifa,12.0,5,8,router,9.090938266666667,9.044271833333333,9.044271833333333,0.005273846523846524,0.994672772367486,0.002015716796186746,0.0,0.994672772367486,1.0,21.354639799331103,21.337917391304348,9.341271806020067,0.0007042252331146346,0.43264498001685336,0.5662538872808166,0.0,0.9992732175990298,0.43282395257129674
dumbbell,ifa,12.0,5,9,router,0.0,0.0,0.0,0.0,0.0,0.0,0.0,1.0,0.0,0.013377926421404762,0.013377926421404762,0.0,0.0,0.007517119850043738,0.9935340022296544,0.0,1.0,0.0
dumbbell,ifa,15.0,1,0,attacker,9.988333299999999,4.6125104666666665,4.615199333333333,0.5373333333333333,0.46199652816067927,0.0016,0.0,0.46240695961384215,0.9602942871736938,24.99414712374582,19.486252842809368,4.489409364548495,0.2200903653202984,0.17970527123613653,0.5960595875671494,0.0,0.7796323489648284,0.22767758996617596
dumbbell,ifa,15.0,1,1,benign_consumer,9.988333299999999,4.45374621,4.45696779,0.5533636363636364,0.4461035054037225,0.0013333333333333335,0.0,0.4464983735906106,0.9626567722856445,10.0,4.495762698996655,4.49576320735786,0.549483125570082,0.44857297290969894,0.0016722408026755853,0.0,0.44957626989966554,0.9618055555712584
dumbbell,ifa,15.0,1,2,benign_consumer,9.988333299999999,4.187814016666667,4.1906142,0.5799090909090909,0.41991484873644885,0.0013333333333333335,0.0,0.41994186400731287,0.9628745857741965,10.0,4.610805117056857,4.608129889632107,0.537600081078342,0.46014409264214046,0.0016722408026755853,0.0,0.46108051170568565,0.9546344814708261
dumbbell,ifa,15.0,1,3,router,9.220832966666666,9.2174996,9.2174996,0.0004166666666666667,0.9995814968408151,0.001967566087262003,0.0,0.9995814968408151,1.0,24.36398695652174,24.363990301003344,9.387122408026757,0.0,0.3815760073629582,0.6159888724818593,0.0,1.0000001088271462,0.3814426482028651
dumbbell,ifa,15.0,1,4,router,0.0,0.0,0.0,0.0,0.0,0.0,0.0,1.0,0.0,0.013377926421404762,0.013377926421404762,0.0,0.0,0.007517119850043738,0.9935340022296544,0.0,1.0,0.0
dumbbell,ifa,15.0,1,5,router,13.264070693333332,9.716555866666665,9.716555866666665,0.2680627481966491,0.7322017563233779,0.0010719285690351575,0.0,0.7311248667537968,1.0,28.588921996655518,24.946686956521738,9.956443578595318,0.12499067506565106,0.34672174986939974,0.5249171870505299,0.0,0.8737844018156485,0.3953147653964527
dumbbell,ifa,15.0,1,6,router,9.716555866666665,9.327498233333333,9.327498233333333,0.041566146816146815,0.9586902876783167,0.0017471607955821266,0.0,0.9586902179531701,1.0,24.946686956521738,24.53455719063545,9.544313244147157,0.016229176954745232,0.37909526353654327,0.6018282147194386,0.0,0.9836525256845648,0.3851358572307778
dumbbell,ifa,15.0,1,7,router,9.327498233333333,9.244165733333332,9.244165733333332,0.009407819032819032,0.9903924188604893,0.0018245876282853239,0.0,0.9903924188604893,1.0,24.53455719063545,24.417498327759198,9.427256254180602,0.0046363215095627935,0.3805454610182584,0.6119753045566578,0.0,0.9952798672544799,0.3821663056063642
dumbbell,ifa,15.0,1,8,router,9.244165733333332,9.220832966666666,9.220832966666666,0.0022973322973322973,0.9975836450543517,0.0019675397897507903,0.0,0.9975836450543517,1.0,24.417498327759198,24.37736488294314,9.387122408026757,0.0015343412576123764,0.3807263630146052,0.6148620178535135,0.0,0.9984294438309794,0.3812033166646647
dumbbell,ifa,15.0,1,9,router,0.0,0.0,0.0,0.0,0.0,0.0,0.0,1.0,0.0,0.013377926421404762,0.013377926421404762,0.0,0.0,0.007517119850043738,0.9935340022296544,0.0,1.0,0.0
dumbbell,ifa,15.0,2,0,attacker,9.988333299999999,4.533437216666667,4.5341042,0.545151515151515,0.45423582419193453,0.0016,0.0,0.45450184098693647,0.9657280965439248,24.99414712374582,19.325651170568563,4.333517090301004,0.22650308721378953,0.1734428730012631,0.5960595875671494,0.0,0.7732053331775284,0.22139982215585632
dumbbell,ifa,15.0,2,1,benign_consumer,9.988333299999999,4.510795566666666,4.513595433333333,0.5475454545454546,0.4523720025722467,0.0013333333333333335,0.0,0.4521078578087184,0.9586786794640021,10.0,4.267243110367893,4.267778026755853,0.5723573527921354,0.4254400133779264,0.0016722408026755853,0.0,0.4267243110367893,0.9618122722078651
dumbbell,ifa,15.0,2,2,benign_consumer,9.988333299999999,4.6211807,4.621313433333333,0.5363333333333333,0.4616139098933263,0.0013333333333333335,0.0,0.4632672028585078,0.9601646508980999,10.0,4.505787013377926,4.506194143812709,0.5487686226816662,0.44995051471571906,0.0016722408026755853,0.0,0.45057870133779265,0.9657852374773603
dumbbell,ifa,15.0,2,3,router,9.658055533333332,9.644721933333333,9.644721933333333,0.0013560606060606063,0.9985946774876676,0.0016820038058099193,0.0,0.9985946774876676,1.0,24.10605050167224,24.099360635451504,9.122492742474916,0.00025764895330112724,0.37461904191429174,0.6222251894206131,0.0,0.9997336391241289,0.3745634571801241
dumbbell,ifa,15.0,2,4,router,0.0,0.0,0.0,0.0,0.0,0.0,0.0,1.0,0.0,0.013377926421404762,0.013377926421404762,0.0,0.0,0.007517119850043738,0.9935340022296544,0.0,1.0,0.0
dumbbell,ifa,15.0,2,5,router,13.675413483333331,10.191094533333333,10.191094533333333,0.2535761789218345,0.7476943297827356,0.001133680536746329,0.0,0.7454462076350286,1.0,28.094780959866224,24.63075618729097,9.640508695652173,0.12053955936450739,0.34147507215968753,0.5344452082725877,0.0,0.8781237608949072,0.3875169249897734
dumbbell,ifa,15.0,2,6,router,10.191094533333333,9.771386766666666,9.771386766666666,0.04058836479424714,0.9588022920094312,0.0015918785580164426,0.0,0.9588022918698839,1.0,24.63075618729097,24.22645016722408,9.236204548494984,0.016147596266771022,0.37148808960020424,0.6092199024538208,0.0,0.9838189074429118,0.3772241252710136
dumbbell,ifa,15.0,2,7,router,9.771386766666666,9.684721666666666,9.684721666666666,0.009459272209272208,0.9907217502352789,0.0016062465397080603,0.0,0.9907217502352675,1.0,24.22645016722408,24.142840802675586,9.152592675585284,0.0033932799741179,0.3739583665523001,0.6193287374744788,0.0,0.9965800460799787,0.37505174341297687
dumbbell,ifa,15.0,2,8,router,9.684721666666666,9.658055533333332,9.658055533333332,0.0028137325637325634,0.9972194215892892,0.0016819921139873825,0.0,0.9972194215892892,1.0,24.142840802675586,24.119428428093645,9.129181337792641,0.0008959116535345144,0.3742850150350131,0.6214555953170975,0.0,0.9990780873361252,0.37448707806034165
dumbbell,ifa,15.0,2,9,router,0.0,0.0,0.0,0.0,0.0,0.0,0.0,1.0,0.0,0.013377926421404762,0.013377926421404762,0.0,0.0,0.007517119850043738,0.9935340022296544,0.0,1.0,0.0
dumbbell,ifa,15.0,3,0,attacker,9.988333299999999,4.5342343,4.537461333333333,0.5453030303030303,0.45321188398814677,0.0016,0.0,0.45456587488006744,0.9647163442387188,24.99414712374582,19.434684280936455,4.440638963210702,0.22203338049909954,0.17784621304322742,0.5960595875671494,0.0,0.7775554028811689,0.22551005169333926
dumbbell,ifa,15.0,3,1,benign_consumer,9.988333299999999,4.345137623333334,4.3456963533333335,0.5638484848484848,0.4359255546636819,0.0013333333333333335,0.0,0.4356464894236394,0.9617258221444467,10.0,4.3522307725752505,4.354880214046823,0.5638542616803487,0.43515357658862874,0.0016722408026755853,0.0,0.43522307725752507,0.9683099289636475
dumbbell,ifa,15.0,3,2,benign_consumer,9.988333299999999,4.360881733333333,4.364210536666667,0.5626969696969697,0.4368766401528756,0.0013333333333333335,0.0,0.4371007844973326,0.9593635817262054,10.0,4.3587711973244145,4.358646401337793,0.5628661193878585,0.4348612923076923,0.0016722408026755853,0.0,0.43587711973244153,0.9639206118885791
dumbbell,ifa,15.0,3,3,router,9.250309233333335,9.223642333333334,9.223642333333334,0.003007770007770008,0.9971068774156984,0.0018059078127859508,0.0,0.9971068774156984,1.0,24.191826755852844,24.188480468227425,9.211612575250836,0.00012863390789812196,0.37653874692655687,0.6204611772262001,0.0,0.9998656071289292,0.3764242116761854
dumbbell,ifa,15.0,3,4,router,0.0,0.0,0.0,0.0,0.0,0.0,0.0,1.0,0.0,0.013377926421404762,0.013377926421404762,0.0,0.0,0.007517119850043738,0.9935340022296544,0.0,1.0,0.0
dumbbell,ifa,15.0,3,5,router,13.250253723333334,9.818810366666666,9.818810366666666,0.25699297246727587,0.7434337223351134,0.001222752482384161,0.0,0.7407483923241215,1.0,28.14178089966555,24.767079264214047,9.776827591973245,0.11803288919736207,0.3452551627007673,0.5333408376099487,0.0,0.88095634270967,0.3902928083797714
dumbbell,ifa,15.0,3,6,router,9.818810366666666,9.406175333333334,9.406175333333334,0.042934422059422064,0.9571259286609475,0.0016614924396738256,0.0,0.9571259253480542,1.0,24.767079264214047,24.34633913043478,9.356094280936455,0.016569184737280765,0.3737032974098366,0.6063013164797014,0.0,0.9832537797073458,0.3797794758035983
dumbbell,ifa,15.0,3,7,router,9.406175333333334,9.286975066666667,9.286975066666667,0.013386280386280385,0.9867803492098066,0.0017187232026345742,0.0,0.9867803492098062,1.0,24.34633913043478,24.23182575250836,9.241578461538461,0.004509386149240782,0.3753161768124184,0.6168053642356759,0.0,0.9953792554536586,0.37689751385833314
dumbbell,ifa,15.0,3,8,router,9.286975066666667,9.250309233333335,9.250309233333335,0.00396961371961372,0.9960457205971621,0.0017853418647030507,0.0,0.9960457205971621,1.0,24.23182575250836,24.20520468227425,9.214956655518394,0.001066658404185293,0.37601063839580956,0.6196036507215715,0.0,0.99895327787452,0.3762733203315126
dumbbell,ifa,15.0,3,9,router,0.0,0.0,0.0,0.0,0.0,0.0,0.0,1.0,0.0,0.013377926421404762,0.013377926421404762,0.0,0.0,0.007517119850043738,0.9935340022296544,0.0,1.0,0.0
dumbbell,ifa,15.0,4,0,attacker,9.988333299999999,4.4439303,4.4440627,0.5541818181818182,0.44547100408531937,0.0016,0.0,0.44552130578959026,0.9619324468214749,24.99414712374582,19.23181237458194,4.240851418060201,0.23016979675842553,0.1702531025254226,0.5960595875671494,0.0,0.7694314911233062,0.2171393937339462
dumbbell,ifa,15.0,4,1,benign_consumer,9.988333299999999,4.621216516666666,4.624550126666667,0.5367575757575758,0.46251422371601936,0.0013333333333333335,0.0,0.4631437987629821,0.9586051939054901,10.0,4.378909264214046,4.378887190635452,0.5607226107226108,0.4372198160535117,0.0016722408026755853,0.0,0.43789092642140465,0.9615733221155696
dumbbell,ifa,15.0,4,2,benign_consumer,9.988333299999999,4.618457766666667,4.619017833333333,0.5366363636363637,0.46174043480496285,0.0013333333333333335,0.0,0.4630011937674217,0.9618556273183955,10.0,4.249672474916388,4.251920133779264,0.5743589743589743,0.4255264615384615,0.0016722408026755853,0.0,0.4249672474916388,0.9574735841395805
dumbbell,ifa,15.0,4,3,router,9.5803875,9.570387233333333,9.570387233333333,0.001537037037037037,0.9987388813445425,0.0013853052936831159,0.0,0.9987388813445425,1.0,23.92393076923077,23.92058628762542,8.94371839464883,0.00014541224371092046,0.36921055973965083,0.6279162081937467,0.0,0.9998565932617565,0.3690994408437836
dumbbell,ifa,15.0,4,4,router,0.0,0.0,0.0,0.0,0.0,0.0,0.0,1.0,0.0,0.013377926421404762,0.013377926421404762,0.0,0.0,0.007517119850043738,0.9935340022296544,0.0,1.0,0.0
dumbbell,ifa,15.0,4,5,router,13.693604583333332,10.100387966666666,10.100387966666666,0.261613493816997,0.7391527746440559,0.0010353733511366393,0.0,0.7375199604189411,1.0,27.856492107023413,24.48246153846154,9.492214147157192,0.11917056100323287,0.33917870362977637,0.5384600397471855,0.0,0.8794504712512959,0.3830308934283128
dumbbell,ifa,15.0,4,6,router,10.100387966666666,9.707052833333334,9.707052833333334,0.03887193824693825,0.9608157406173833,0.0012639402559844219,0.0,0.960815717701336,1.0,24.48246153846154,24.030954515050166,9.040708327759196,0.018087832348014983,0.3649254281821873,0.6138078005850014,0.0,0.9817457541880794,0.3714050024454761
dumbbell,ifa,15.0,4,7,router,9.707052833333334,9.603721,9.603721,0.010973304473304473,0.9892987028255448,0.0013852473602251267,0.0,0.989298702823773,1.0,24.030954515050166,23.95068662207358,8.960441237458195,0.003286225605225628,0.3682637834085102,0.6252362898130119,0.0,0.9966994564853281,0.3693066540379258
dumbbell,ifa,15.0,4,8,router,9.603721,9.5803875,9.5803875,0.0023876863876863877,0.9975873345316605,0.0013853020263438238,0.0,0.9975873345316605,1.0,23.95068662207358,23.937308695652174,8.947062876254181,0.0005590810774757264,0.3689111362507191,0.6273567619090684,0.0,0.9994451970652865,0.36895037931276203
dumbbell,ifa,15.0,4,9,router,0.0,0.0,0.0,0.0,0.0,0.0,0.0,1.0,0.0,0.013377926421404762,0.013377926421404762,0.0,0.0,0.007517119850043738,0.9935340022296544,0.0,1.0,0.0
dumbbell,ifa,15.0,5,0,attacker,9.988333299999999,4.4425794666666665,4.445783619999999,0.5541818181818182,0.44563309494879877,0.0016,0.0,0.4452723770819706,0.9646085499497972,24.99414712374582,19.3899,4.393202628762541,0.2239940828402367,0.17624111408565102,0.5960595875671494,0.0,0.7757897962207841,0.2233783909731349
dumbbell,ifa,15.0,5,1,benign_consumer,9.988333299999999,4.442775999999999,4.446002766666666,0.5541515151515152,0.44400876508105835,0.0013333333333333335,0.0,0.4454063834974369,0.9674951996079852,10.0,4.484240602006689,4.4837003344481605,0.5507398398702746,0.4480355919732441,0.0016722408026755853,0.0,0.44842406020066883,0.9599870411160968
dumbbell,ifa,15.0,5,2,benign_consumer,9.988333299999999,4.290367366666667,4.293679076666667,0.5694848484848485,0.4289676537491232,0.0013333333333333335,0.0,0.43017955874897185,0.9600306288164249,10.0,4.507216822742476,4.507216321070234,0.5482720178372352,0.44971828428093646,0.0016722408026755853,0.0,0.45072168227424747,0.9617723296154409
dumbbell,ifa,15.0,5,3,router,9.044271833333333,9.040938533333334,9.040938533333334,0.0004166666666666667,0.9995787200466331,0.002023583743420779,0.0,0.9995787200466331,1.0,24.314791304347825,24.31479525083612,9.337927357859533,0.0,0.3796567543684062,0.6182155258326125,0.0,1.0000001113333632,0.3795243322846497
dumbbell,ifa,15.0,5,4,router,0.0,0.0,0.0,0.0,0.0,0.0,0.0,1.0,0.0,0.013377926421404762,0.013377926421404762,0.0,0.0,0.007517119850043738,0.9935340022296544,0.0,1.0,0.0
dumbbell,ifa,15.0,5,5,router,13.185722866666667,9.6408064,9.6408064,0.26806822122715585,0.7314851538235952,0.0012320569397333303,0.0,0.729903860119938,1.0,28.377451404682272,24.947026421404683,9.95678204013378,0.1190985630418556,0.3487633061136659,0.5291245164668298,0.0,0.8799665038730589,0.39460680716341273
dumbbell,ifa,15.0,5,6,router,9.6408064,9.207604466666666,9.207604466666666,0.045859866984866986,0.9540688711848154,0.001853358403377063,0.0,0.9540687942917123,1.0,24.947026421404683,24.43519431438127,9.444949431438127,0.02032527345643786,0.3744050946812662,0.6026188631737737,0.0,0.9796687770231269,0.38196007309399
dumbbell,ifa,15.0,5,7,router,9.207604466666666,9.090938266666667,9.090938266666667,0.01274024124024124,0.9871867735900631,0.002011419519816746,0.0,0.9871867735888437,1.0,24.43519431438127,24.34489297658863,9.35464906354515,0.003641589414555774,0.37844748293301506,0.6153349243135613,0.0,0.9963569709000745,0.3796722138244254
dumbbell,ifa,15.0,5,8,router,9.090938266666667,9.044271833333333,9.044271833333333,0.005273846523846524,0.994672772367486,0.002015716796186746,0.0,0.994672772367486,1.0,24.34489297658863,24.32816923076923,9.337927357859533,0.0006434080565493119,0.3791484041196618,0.6176399133076683,0.0,0.9993457162132927,0.3792774370419598
dumbbell,ifa,15.0,5,9,router,0.0,0.0,0.0,0.0,0.0,0.0,0.0,1.0,0.0,0.013377926421404762,0.013377926421404762,0.0,0.0,0.007517119850043738,0.9935340022296544,0.0,1.0,0.0
dumbbell,ifa,20.0,1,0,attacker,9.988333299999999,4.6125104666666665,4.615199333333333,0.5373333333333333,0.46199652816067927,0.0016,0.0,0.46240695961384215,0.9602942871736938,29.983277591973245,24.475383612040133,4.489409364548495,0.18346408150054713,0.14985331166650742,0.6620355004893149,0.0,0.816293242698799,0.18161956276856964
dumbbell,ifa,20.0,1,1,benign_consumer,9.988333299999999,4.45374621,4.45696779,0.5533636363636364,0.4461035054037225,0.0013333333333333335,0.0,0.4464983735906106,0.9626567722856445,10.0,4.495762698996655,4.49576320735786,0.549483125570082,0.44857297290969894,0.0016722408026755853,0.0,0.44957626989966554,0.9618055555712584
dumbbell,ifa,20.0,1,2,benign_consumer,9.988333299999999,4.187814016666667,4.1906142,0.5799090909090909,0.41991484873644885,0.0013333333333333335,0.0,0.41994186400731287,0.9628745857741965,10.0,4.610805117056857,4.608129889632107,0.537600081078342,0.46014409264214046,0.0016722408026755853,0.0,0.46108051170568565,0.9546344814708261
dumbbell,ifa,20.0,1,3,router,9.220832966666666,9.2174996,9.2174996,0.0004166666666666667,0.9995814968408151,0.001967566087262003,0.0,0.9995814968408151,1.0,29.360365551839465,29.360366588628764,9.390466923076923,0.0,0.316818107806014,0.6794524573552997,0.0,1.0000000344503206,0.31670203923618084
dumbbell,ifa,20.0,1,4,router,0.0,0.0,0.0,0.0,0.0,0.0,0.0,1.0,0.0,0.013377926421404762,0.013377926421404762,0.0,0.0,0.007517119850043738,0.9935340022296544,0.0,1.0,0.0
dumbbell,ifa,20.0,1,5,router,13.264070693333332,9.716555866666665,9.716555866666665,0.2680627481966491,0.7322017563233779,0.0010719285690351575,0.0,0.7311248667537968,1.0,33.581951428093646,29.939721739130437,9.956443578595318,0.10647404477857728,0.29505255972606687,0.5941938548905985,0.0,0.8925091642891495,0.3294428838305149
dumbbell,ifa,20.0,1,6,router,9.716555866666665,9.327498233333333,9.327498233333333,0.041566146816146815,0.9586902876783167,0.0017471607955821266,0.0,0.9586902179531701,1.0,29.939721739130437,29.527590635451503,9.544313244147157,0.013507546759405997,0.31593780847170017,0.6665415004200446,0.0,0.986382488502632,0.32008265633353267
dumbbell,ifa,20.0,1,7,router,9.327498233333333,9.244165733333332,9.244165733333332,0.009407819032819032,0.9903924188604893,0.0018245876282853239,0.0,0.9903924188604893,1.0,29.527590635451503,29.413878595317726,9.430600702341136,0.003760656954369633,0.3163794675479462,0.6758364911060487,0.0,0.9961831841890993,0.31743664191239235
dumbbell,ifa,20.0,1,8,router,9.244165733333332,9.220832966666666,9.220832966666666,0.0022973322973322973,0.9975836450543517,0.0019675397897507903,0.0,0.9975836450543517,1.0,29.413878595317726,29.373743478260867,9.390466923076923,0.0012971425488957045,0.3162308279991109,0.6784028340221661,0.0,0.9986798356141976,0.3165465818991645
dumbbell,ifa,20.0,1,9,router,0.0,0.0,0.0,0.0,0.0,0.0,0.0,1.0,0.0,0.013377926421404762,0.013377926421404762,0.0,0.0,0.007517119850043738,0.9935340022296544,0.0,1.0,0.0
dumbbell,ifa,20.0,2,0,attacker,9.988333299999999,4.533437216666667,4.5341042,0.545151515151515,0.45423582419193453,0.0016,0.0,0.45450184098693647,0.9657280965439248,29.983277591973245,24.31478227424749,4.333517090301004,0.18881371083334617,0.144634057509328,0.6620355004893149,0.0,0.8109327241527425,0.17634989991974773
dumbbell,ifa,20.0,2,1,benign_consumer,9.988333299999999,4.510795566666666,4.513595433333333,0.5475454545454546,0.4523720025722467,0.0013333333333333335,0.0,0.4521078578087184,0.9586786794640021,10.0,4.267243110367893,4.267778026755853,0.5723573527921354,0.4254400133779264,0.0016722408026755853,0.0,0.4267243110367893,0.9618122722078651
dumbbell,ifa,20.0,2,2,benign_consumer,9.988333299999999,4.6211807,4.621313433333333,0.5363333333333333,0.4616139098933263,0.0013333333333333335,0.0,0.4632672028585078,0.9601646508980999,10.0,4.505787013377926,4.506194143812709,0.5487686226816662,0.44995051471571906,0.0016722408026755853,0.0,0.45057870133779265,0.9657852374773603
dumbbell,ifa,20.0,2,3,router,9.658055533333332,9.644721933333333,9.644721933333333,0.0013560606060606063,0.9985946774876676,0.0016820038058099193,0.0,0.9985946774876676,1.0,29.099082608695653,29.092392408026758,9.122492742474916,0.000216674879343545,0.31039541107482166,0.6852304303120186,0.0,0.9997779031032543,0.3103312669758115
dumbbell,ifa,20.0,2,4,router,0.0,0.0,0.0,0.0,0.0,0.0,0.0,1.0,0.0,0.013377926421404762,0.013377926421404762,0.0,0.0,0.007517119850043738,0.9935340022296544,0.0,1.0,0.0
dumbbell,ifa,20.0,2,5,router,13.675413483333331,10.191094533333333,10.191094533333333,0.2535761789218345,0.7476943297827356,0.001133680536746329,0.0,0.7454462076350286,1.0,33.08781239799331,29.62378795986622,9.640508695652173,0.1023964542590422,0.28983054591089547,0.6033003523374584,0.0,0.8964579711395889,0.3222570487025439
dumbbell,ifa,20.0,2,6,router,10.191094533333333,9.771386766666666,9.771386766666666,0.04058836479424714,0.9588022920094312,0.0015918785580164426,0.0,0.9588022918698839,1.0,29.62378795986622,29.219484949832776,9.236204548494984,0.013532883942371761,0.30887424881117065,0.6732920326613597,0.0,0.9864860581157845,0.3128294665374025
dumbbell,ifa,20.0,2,7,router,9.771386766666666,9.684721666666666,9.684721666666666,0.009459272209272208,0.9907217502352789,0.0016062465397080603,0.0,0.9907217502352675,1.0,29.219484949832776,29.13587056856187,9.152592675585284,0.0028099358867451686,0.3101270932599291,0.682593071407785,0.0,0.997164904488593,0.3108496942758263
dumbbell,ifa,20.0,2,8,router,9.684721666666666,9.658055533333332,9.658055533333332,0.0028137325637325634,0.9972194215892892,0.0016819921139873825,0.0,0.9972194215892892,1.0,29.13587056856187,29.11246053511706,9.129181337792641,0.0007555615420029987,0.31021143483675295,0.6845261776900232,0.0,0.999228602926086,0.3103274672917574
dumbbell,ifa,20.0,2,9,router,0.0,0.0,0.0,0.0,0.0,0.0,0.0,1.0,0.0,0.013377926421404762,0.013377926421404762,0.0,0.0,0.007517119850043738,0.9935340022296544,0.0,1.0,0.0
dumbbell,ifa,20.0,3,0,attacker,9.988333299999999,4.5342343,4.537461333333333,0.5453030303030303,0.45321188398814677,0.0016,0.0,0.45456587488006744,0.9647163442387188,29.983277591973245,24.423815050167224,4.440638963210702,0.18510087388067753,0.14828356969110068,0.6620355004893149,0.0,0.8145433368599624,0.17981021474079878
dumbbell,ifa,20.0,3,1,benign_consumer,9.988333299999999,4.345137623333334,4.3456963533333335,0.5638484848484848,0.4359255546636819,0.0013333333333333335,0.0,0.4356464894236394,0.9617258221444467,10.0,4.3522307725752505,4.354880214046823,0.5638542616803487,0.43515357658862874,0.0016722408026755853,0.0,0.43522307725752507,0.9683099289636475
dumbbell,ifa,20.0,3,2,benign_consumer,9.988333299999999,4.360881733333333,4.364210536666667,0.5626969696969697,0.4368766401528756,0.0013333333333333335,0.0,0.4371007844973326,0.9593635817262054,10.0,4.3587711973244145,4.358646401337793,0.5628661193878585,0.4348612923076923,0.0016722408026755853,0.0,0.43587711973244153,0.9639206118885791
dumbbell,ifa,20.0,3,3,router,9.250309233333335,9.223642333333334,9.223642333333334,0.003007770007770008,0.9971068774156984,0.0018059078127859508,0.0,0.9971068774156984,1.0,29.184853846153846,29.18151224080268,9.211612575250836,0.00011148272017837236,0.3122149319375183,0.6834580733621398,0.0,0.9998871352271627,0.31211086117840503
dumbbell,ifa,20.0,3,4,router,0.0,0.0,0.0,0.0,0.0,0.0,0.0,1.0,0.0,0.013377926421404762,0.013377926421404762,0.0,0.0,0.007517119850043738,0.9935340022296544,0.0,1.0,0.0
dumbbell,ifa,20.0,3,5,router,13.250253723333334,9.818810366666666,9.818810366666666,0.25699297246727587,0.7434337223351134,0.001222752482384161,0.0,0.7407483923241215,1.0,33.13481702006688,29.760105016722406,9.776827591973245,0.10007241523619695,0.2932213029568128,0.602312318650824,0.0,0.8989522776223137,0.3248980457154654
dumbbell,ifa,20.0,3,6,router,9.818810366666666,9.406175333333334,9.406175333333334,0.042934422059422064,0.9571259286609475,0.0016614924396738256,0.0,0.9571259253480542,1.0,29.760105016722406,29.33936856187291,9.356094280936455,0.01384037165434299,0.31107310777986935,0.6705267624667023,0.0,0.9860407746703225,0.31525452657924247
dumbbell,ifa,20.0,3,7,router,9.406175333333334,9.286975066666667,9.286975066666667,0.013386280386280385,0.9867803492098066,0.0017187232026345742,0.0,0.9867803492098062,1.0,29.33936856187291,29.224853511705685,9.241578461538461,0.003729002086360318,0.31155914879176266,0.6801514416787032,0.0,0.9961696574673106,0.3126145952871253
dumbbell,ifa,20.0,3,8,router,9.286975066666667,9.250309233333335,9.250309233333335,0.00396961371961372,0.9960457205971621,0.0017853418647030507,0.0,0.9960457205971621,1.0,29.224853511705685,29.19823177257525,9.214956655518394,0.0008650670206988821,0.31188707972031404,0.6826949383639674,0.0,0.999135859422238,0.31203796371803894
dumbbell,ifa,20.0,3,9,router,0.0,0.0,0.0,0.0,0.0,0.0,0.0,1.0,0.0,0.013377926421404762,0.013377926421404762,0.0,0.0,0.007517119850043738,0.9935340022296544,0.0,1.0,0.0
dumbbell,ifa,20.0,4,0,attacker,9.988333299999999,4.4439303,4.4440627,0.5541818181818182,0.44547100408531937,0.0016,0.0,0.44552130578959026,0.9619324468214749,29.983277591973245,24.220942809364548,4.240851418060201,0.19188898992545556,0.14195253056565552,0.6620355004893149,0.0,0.8077618929265922,0.1728434926272301
dumbbell,ifa,20.0,4,1,benign_consumer,9.988333299999999,4.621216516666666,4.624550126666667,0.5367575757575758,0.46251422371601936,0.0013333333333333335,0.0,0.4631437987629821,0.9586051939054901,10.0,4.378909264214046,4.378887190635452,0.5607226107226108,0.4372198160535117,0.0016722408026755853,0.0,0.43789092642140465,0.9615733221155696
dumbbell,ifa,20.0,4,2,benign_consumer,9.988333299999999,4.618457766666667,4.619017833333333,0.5366363636363637,0.46174043480496285,0.0013333333333333335,0.0,0.4630011937674217,0.9618556273183955,10.0,4.249672474916388,4.251920133779264,0.5743589743589743,0.4255264615384615,0.0016722408026755853,0.0,0.4249672474916388,0.9574735841395805
dumbbell,ifa,20.0,4,3,router,9.5803875,9.570387233333333,9.570387233333333,0.001537037037037037,0.9987388813445425,0.0013853052936831159,0.0,0.9987388813445425,1.0,28.91027725752508,28.90358491638796,8.93368525083612,0.000216674879343545,0.30538828172057,0.6902509415988036,0.0,0.9997770103495746,0.3053205694087458
dumbbell,ifa,20.0,4,4,router,0.0,0.0,0.0,0.0,0.0,0.0,0.0,1.0,0.0,0.013377926421404762,0.013377926421404762,0.0,0.0,0.007517119850043738,0.9935340022296544,0.0,1.0,0.0
dumbbell,ifa,20.0,4,5,router,13.693604583333332,10.100387966666666,10.100387966666666,0.261613493816997,0.7391527746440559,0.0010353733511366393,0.0,0.7375199604189411,1.0,32.84952454849498,29.478837792642143,9.495558595317725,0.10093702014910451,0.2876877085993096,0.6070802940317052,0.0,0.897898372756716,0.3183709497725904
dumbbell,ifa,20.0,4,6,router,10.100387966666666,9.707052833333334,9.707052833333334,0.03887193824693825,0.9608157406173833,0.0012639402559844219,0.0,0.960815717701336,1.0,29.478837792642143,29.023987625418062,9.040708327759196,0.01514117414591241,0.30321572078660297,0.6772421416954825,0.0,0.9847164179432328,0.3076835674130049
dumbbell,ifa,20.0,4,7,router,9.707052833333334,9.603721,9.603721,0.010973304473304473,0.9892987028255448,0.0013852473602251267,0.0,0.989298702823773,1.0,29.023987625418062,28.94372140468227,8.960441237458195,0.0026910152150295364,0.305099074587371,0.6877099818689136,0.0,0.9972793100866992,0.30578255466859017
dumbbell,ifa,20.0,4,8,router,9.603721,9.5803875,9.5803875,0.0023876863876863877,0.9975873345316605,0.0013853020263438238,0.0,0.9975873345316605,1.0,28.94372140468227,28.923655183946487,8.940374147157192,0.0006703310593015681,0.305244822443848,0.689610688089457,0.0,0.9993260725997766,0.3053172804418507
dumbbell,ifa,20.0,4,9,router,0.0,0.0,0.0,0.0,0.0,0.0,0.0,1.0,0.0,0.013377926421404762,0.013377926421404762,0.0,0.0,0.007517119850043738,0.9935340022296544,0.0,1.0,0.0
dumbbell,ifa,20.0,5,0,attacker,9.988333299999999,4.4425794666666665,4.445783619999999,0.5541818181818182,0.44563309494879877,0.0016,0.0,0.4452723770819706,0.9646085499497972,29.983277591973245,24.379029431438127,4.393202628762541,0.1867094102718226,0.14697853162163585,0.6620355004893149,0.0,0.8131056389436643,0.178096366446497
dumbbell,ifa,20.0,5,1,benign_consumer,9.988333299999999,4.442775999999999,4.446002766666666,0.5541515151515152,0.44400876508105835,0.0013333333333333335,0.0,0.4454063834974369,0.9674951996079852,10.0,4.484240602006689,4.4837003344481605,0.5507398398702746,0.4480355919732441,0.0016722408026755853,0.0,0.44842406020066883,0.9599870411160968
dumbbell,ifa,20.0,5,2,benign_consumer,9.988333299999999,4.290367366666667,4.293679076666667,0.5694848484848485,0.4289676537491232,0.0013333333333333335,0.0,0.43017955874897185,0.9600306288164249,10.0,4.507216822742476,4.507216321070234,0.5482720178372352,0.44971828428093646,0.0016722408026755853,0.0,0.45072168227424747,0.9617723296154409
dumbbell,ifa,20.0,5,3,router,9.044271833333333,9.040938533333334,9.040938533333334,0.0004166666666666667,0.9995787200466331,0.002023583743420779,0.0,0.9995787200466331,1.0,29.307830434782613,29.30782702341137,9.337927357859533,0.0,0.31512029843856554,0.6813274102619593,0.0,0.9999998785263086,0.31500445331544386
dumbbell,ifa,20.0,5,4,router,0.0,0.0,0.0,0.0,0.0,0.0,0.0,1.0,0.0,0.013377926421404762,0.013377926421404762,0.0,0.0,0.007517119850043738,0.9935340022296544,0.0,1.0,0.0
dumbbell,ifa,20.0,5,5,router,13.185722866666667,9.6408064,9.6408064,0.26806822122715585,0.7314851538235952,0.0012320569397333303,0.0,0.729903860119938,1.0,33.37048685618729,29.94006053511706,9.95678204013378,0.10131848339570389,0.2964771145693242,0.5981922087296457,0.0,0.8979046386571911,0.3288913110067496
dumbbell,ifa,20.0,5,6,router,9.6408064,9.207604466666666,9.207604466666666,0.045859866984866986,0.9540688711848154,0.001853358403377063,0.0,0.9540687942917123,1.0,29.94006053511706,29.424885284280936,9.441605117056856,0.01687758402321789,0.3120217700248241,0.6671670739897826,0.0,0.9830166259537068,0.3172140218252752
dumbbell,ifa,20.0,5,7,router,9.207604466666666,9.090938266666667,9.090938266666667,0.01274024124024124,0.9871867735900631,0.002011419519816746,0.0,0.9871867735888437,1.0,29.424885284280936,29.337928762541804,9.35464906354515,0.002890584984952795,0.31442264445666035,0.6787864849512815,0.0,0.9970940905979885,0.31520176379518944
dumbbell,ifa,20.0,5,8,router,9.090938266666667,9.044271833333333,9.044271833333333,0.005273846523846524,0.994672772367486,0.002015716796186746,0.0,0.994672772367486,1.0,29.337928762541804,29.321208361204015,9.337927357859533,0.0005365829502622586,0.3147709938219034,0.6807993162608021,0.0,0.9994547615045734,0.3148361681930578
dumbbell,ifa,20.0,5,9,router,0.0,0.0,0.0,0.0,0.0,0.0,0.0,1.0,0.0,0.013377926421404762,0.013377926421404762,0.0,0.0,0.007517119850043738,0.9935340022296544,0.0,1.0,0.0
dumbbell,ifa,30.0,1,0,attacker,9.988333299999999,4.6125104666666665,4.615199333333333,0.5373333333333333,0.46199652816067927,0.0016,0.0,0.46240695961384215,0.9602942871736938,39.98494983277592,34.47705551839465,4.489409364548495,0.13760060635723415,0.11234698145463927,0.7449808510761732,0.0,0.8622489689627002,0.12923440227287258
dumbbell,ifa,30.0,1,1,benign_consumer,9.988333299999999,4.45374621,4.45696779,0.5533636363636364,0.4461035054037225,0.0013333333333333335,0.0,0.4464983735906106,0.9626567722856445,10.0,4.495762698996655,4.49576320735786,0.549483125570082,0.44857297290969894,0.0016722408026755853,0.0,0.44957626989966554,0.9618055555712584
dumbbell,ifa,30.0,1,2,benign_consumer,9.988333299999999,4.187814016666667,4.1906142,0.5799090909090909,0.41991484873644885,0.0013333333333333335,0.0,0.41994186400731287,0.9628745857741965,10.0,4.610805117056857,4.608129889632107,0.537600081078342,0.46014409264214046,0.0016722408026755853,0.0,0.46108051170568565,0.9546344814708261
dumbbell,ifa,30.0,1,3,router,9.220832966666666,9.2174996,9.2174996,0.0004166666666666667,0.9995814968408151,0.001967566087262003,0.0,0.9995814968408151,1.0,39.35200401337793,39.35200538461539,9.390466923076923,0.0,0.2367980570168495,0.7587394982763583,0.0,1.0000000344419695,0.23670806364950608
dumbbell,ifa,30.0,1,4,router,0.0,0.0,0.0,0.0,0.0,0.0,0.0,1.0,0.0,0.013377926421404694,0.013377926421404694,0.0,0.0,0.025055741337664295,0.9923634336677815,0.0,1.0,0.0
dumbbell,ifa,30.0,1,5,router,13.264070693333332,9.716555866666665,9.716555866666665,0.2680627481966491,0.7322017563233779,0.0010719285690351575,0.0,0.7311248667537968,1.0,43.57358955518394,39.93135953177258,9.956443578595318,0.08221963125761513,0.22756948261702561,0.6854741260805444,0.0,0.9170579629512897,0.24740803235878486
dumbbell,ifa,30.0,1,6,router,9.716555866666665,9.327498233333333,9.327498233333333,0.041566146816146815,0.9586902876783167,0.0017471607955821266,0.0,0.9586902179531701,1.0,39.93135953177258,39.51922976588629,9.544313244147157,0.010155733251577257,0.23726721007821597,0.7479455056042404,0.0,0.9897713392010017,0.23957417711591159
dumbbell,ifa,30.0,1,7,router,9.327498233333333,9.244165733333332,9.244165733333332,0.009407819032819032,0.9903924188604893,0.0018245876282853239,0.0,0.9903924188604893,1.0,39.51922976588629,39.40551705685618,9.430600702341136,0.0028235158835682836,0.23680644699190878,0.7557223911719102,0.0,0.9971436718479495,0.23737217635052676
dumbbell,ifa,30.0,1,8,router,9.244165733333332,9.220832966666666,9.220832966666666,0.0022973322973322973,0.9975836450543517,0.0019675397897507903,0.0,0.9975836450543517,1.0,39.40551705685618,39.365381939799335,9.390466923076923,0.0009799732493263776,0.23646828963311836,0.7578611009583678,0.0,0.9990071146893105,0.23662197116147005
dumbbell,ifa,30.0,1,9,router,0.0,0.0,0.0,0.0,0.0,0.0,0.0,1.0,0.0,0.013377926421404694,0.013377926421404694,0.0,0.0,0.025055741337664295,0.9923634336677815,0.0,1.0,0.0
dumbbell,ifa,30.0,2,0,attacker,9.988333299999999,4.533437216666667,4.5341042,0.545151515151515,0.45423582419193453,0.0016,0.0,0.45450184098693647,0.9657280965439248,39.98494983277592,34.31645418060201,4.333517090301004,0.14160820621584144,0.10843286451637092,0.7449808510761732,0.0,0.8582307011810416,0.12526850215520255
dumbbell,ifa,30.0,2,1,benign_consumer,9.988333299999999,4.510795566666666,4.513595433333333,0.5475454545454546,0.4523720025722467,0.0013333333333333335,0.0,0.4521078578087184,0.9586786794640021,10.0,4.267243110367893,4.267778026755853,0.5723573527921354,0.4254400133779264,0.0016722408026755853,0.0,0.4267243110367893,0.9618122722078651
dumbbell,ifa,30.0,2,2,benign_consumer,9.988333299999999,4.6211807,4.621313433333333,0.5363333333333333,0.4616139098933263,0.0013333333333333335,0.0,0.4632672028585078,0.9601646508980999,10.0,4.505787013377926,4.506194143812709,0.5487686226816662,0.44995051471571906,0.0016722408026755853,0.0,0.45057870133779265,0.9657852374773603
dumbbell,ifa,30.0,2,3,router,9.658055533333332,9.644721933333333,9.644721933333333,0.0013560606060606063,0.9985946774876676,0.0016820038058099193,0.0,0.9985946774876676,1.0,39.09072173913044,39.08403120401338,9.122492742474916,0.0001635345805836589,0.23147721398998516,0.7635365831710145,0.0,0.9998333380427029,0.23141584418430847
dumbbell,ifa,30.0,2,4,router,0.0,0.0,0.0,0.0,0.0,0.0,0.0,1.0,0.0,0.013377926421404694,0.013377926421404694,0.0,0.0,0.025055741337664295,0.9923634336677815,0.0,1.0,0.0
dumbbell,ifa,30.0,2,5,router,13.675413483333331,10.191094533333333,10.191094533333333,0.2535761789218345,0.7476943297827356,0.001133680536746329,0.0,0.7454462076350286,1.0,43.07945085953177,39.615427090301004,9.640508695652173,0.07886389279846989,0.22277923642116393,0.6934821462500929,0.0,0.9203355012383861,0.24137806385460958
dumbbell,ifa,30.0,2,6,router,10.191094533333333,9.771386766666666,9.771386766666666,0.04058836479424714,0.9588022920094312,0.0015918785580164426,0.0,0.9588022918698839,1.0,39.615427090301004,39.2111237458194,9.236204548494984,0.010131787505005225,0.23135332528515135,0.7536072661039611,0.0,0.9898762803849334,0.2335362126498511
dumbbell,ifa,30.0,2,7,router,9.771386766666666,9.684721666666666,9.684721666666666,0.009459272209272208,0.9907217502352789,0.0016062465397080603,0.0,0.9907217502352675,1.0,39.2111237458194,39.12750969899666,9.152592675585284,0.002099348595565906,0.23152037250120208,0.7613471183263942,0.0,0.9978842757828137,0.23189715292640414
dumbbell,ifa,30.0,2,8,router,9.684721666666666,9.658055533333332,9.658055533333332,0.0028137325637325634,0.9972194215892892,0.0016819921139873825,0.0,0.9972194215892892,1.0,39.12750969899666,39.104099665551836,9.129181337792641,0.0005706843444895762,0.23141747414494854,0.7629475446538604,0.0,0.9994202204512802,0.23145787888156066
dumbbell,ifa,30.0,2,9,router,0.0,0.0,0.0,0.0,0.0,0.0,0.0,1.0,0.0,0.013377926421404694,0.013377926421404694,0.0,0.0,0.025055741337664295,0.9923634336677815,0.0,1.0,0.0
dumbbell,ifa,30.0,3,0,attacker,9.988333299999999,4.5342343,4.537461333333333,0.5453030303030303,0.45321188398814677,0.0016,0.0,0.45456587488006744,0.9647163442387188,39.98494983277592,34.4254872909699,4.440638963210702,0.13882487696114418,0.11117864985363608,0.7449808510761732,0.0,0.8609449090027146,0.12791020170011394
dumbbell,ifa,30.0,3,1,benign_consumer,9.988333299999999,4.345137623333334,4.3456963533333335,0.5638484848484848,0.4359255546636819,0.0013333333333333335,0.0,0.4356464894236394,0.9617258221444467,10.0,4.3522307725752505,4.354880214046823,0.5638542616803487,0.43515357658862874,0.0016722408026755853,0.0,0.43522307725752507,0.9683099289636475
dumbbell,ifa,30.0,3,2,benign_consumer,9.988333299999999,4.360881733333333,4.364210536666667,0.5626969696969697,0.4368766401528756,0.0013333333333333335,0.0,0.4371007844973326,0.9593635817262054,10.0,4.3587711973244145,4.358646401337793,0.5628661193878585,0.4348612923076923,0.0016722408026755853,0.0,0.43587711973244153,0.9639206118885791
dumbbell,ifa,30.0,3,3,router,9.250309233333335,9.223642333333334,9.223642333333334,0.003007770007770008,0.9971068774156984,0.0018059078127859508,0.0,0.9971068774156984,1.0,39.17649230769231,39.1731510367893,9.211612575250836,8.361204013377927e-05,0.23303506114085656,0.7619919692408205,0.0,0.9999157254843994,0.23295115680435047
dumbbell,ifa,30.0,3,4,router,0.0,0.0,0.0,0.0,0.0,0.0,0.0,1.0,0.0,0.013377926421404694,0.013377926421404694,0.0,0.0,0.025055741337664295,0.9923634336677815,0.0,1.0,0.0
dumbbell,ifa,30.0,3,5,router,13.250253723333334,9.818810366666666,9.818810366666666,0.25699297246727587,0.7434337223351134,0.001222752482384161,0.0,0.7407483923241215,1.0,43.12645581605351,39.75174381270903,9.776827591973245,0.0769978326000309,0.22552097922840944,0.6925826046771615,0.0,0.9222863710920983,0.2436842987726798
dumbbell,ifa,30.0,3,6,router,9.818810366666666,9.406175333333334,9.406175333333334,0.042934422059422064,0.9571259286609475,0.0016614924396738256,0.0,0.9571259253480542,1.0,39.75174381270903,39.331007692307686,9.356094280936455,0.01040740575451696,0.2333109121821448,0.7511834499120169,0.0,0.9895258489344997,0.23563071344663022
dumbbell,ifa,30.0,3,7,router,9.406175333333334,9.286975066666667,9.286975066666667,0.013386280386280385,0.9867803492098066,0.0017187232026345742,0.0,0.9867803492098062,1.0,39.331007692307686,39.216492642140466,9.241578461538461,0.002805600565913302,0.23286197426936656,0.7592193034797191,0.0,0.9971301298321581,0.23342755394339745
dumbbell,ifa,30.0,3,8,router,9.286975066666667,9.250309233333335,9.250309233333335,0.00396961371961372,0.9960457205971621,0.0017853418647030507,0.0,0.9960457205971621,1.0,39.216492642140466,39.18987023411371,9.214956655518394,0.000652972719063324,0.232877761487513,0.7613461126791898,0.0,0.9993481344029234,0.23293909341488117
dumbbell,ifa,30.0,3,9,router,0.0,0.0,0.0,0.0,0.0,0.0,0.0,1.0,0.0,0.013377926421404694,0.013377926421404694,0.0,0.0,0.025055741337664295,0.9923634336677815,0.0,1.0,0.0
dumbbell,ifa,30.0,4,0,attacker,9.988333299999999,4.4439303,4.4440627,0.5541818181818182,0.44547100408531937,0.0016,0.0,0.44552130578959026,0.9619324468214749,39.98494983277592,34.22261505016723,4.240851418060201,0.14391331538733448,0.10643182538608456,0.7449808510761732,0.0,0.855863791555456,0.12271778823247827
dumbbell,ifa,30.0,4,1,benign_consumer,9.988333299999999,4.621216516666666,4.624550126666667,0.5367575757575758,0.46251422371601936,0.0013333333333333335,0.0,0.4631437987629821,0.9586051939054901,10.0,4.378909264214046,4.378887190635452,0.5607226107226108,0.4372198160535117,0.0016722408026755853,0.0,0.43789092642140465,0.9615733221155696
dumbbell,ifa,30.0,4,2,benign_consumer,9.988333299999999,4.618457766666667,4.619017833333333,0.5366363636363637,0.46174043480496285,0.0013333333333333335,0.0,0.4630011937674217,0.9618556273183955,10.0,4.249672474916388,4.251920133779264,0.5743589743589743,0.4255264615384615,0.0016722408026755853,0.0,0.4249672474916388,0.9574735841395805
dumbbell,ifa,30.0,4,3,router,9.5803875,9.570387233333333,9.570387233333333,0.001537037037037037,0.9987388813445425,0.0013853052936831159,0.0,0.9987388813445425,1.0,38.90191538461538,38.89522371237458,8.93368525083612,0.0001635345805836589,0.22744959265316803,0.7675509048207623,0.0,0.9998328896655381,0.2273861879230473
dumbbell,ifa,30.0,4,4,router,0.0,0.0,0.0,0.0,0.0,0.0,0.0,1.0,0.0,0.013377926421404694,0.013377926421404694,0.0,0.0,0.025055741337664295,0.9923634336677815,0.0,1.0,0.0
dumbbell,ifa,30.0,4,5,router,13.693604583333332,10.100387966666666,10.100387966666666,0.261613493816997,0.7391527746440559,0.0010353733511366393,0.0,0.7375199604189411,1.0,42.84116301003344,39.47047591973244,9.495558595317725,0.07745200753393529,0.22083921467908285,0.6968658708237139,0.0,0.9216842873316906,0.238257759679946
dumbbell,ifa,30.0,4,6,router,10.100387966666666,9.707052833333334,9.707052833333334,0.03887193824693825,0.9608157406173833,0.0012639402559844219,0.0,0.960815717701336,1.0,39.47047591973244,39.01562675585284,9.040708327759196,0.01134153633083621,0.22691837111916288,0.7567655408595039,0.0,0.9885632683379693,0.22938919887003464
dumbbell,ifa,30.0,4,7,router,9.707052833333334,9.603721,9.603721,0.010973304473304473,0.9892987028255448,0.0013852473602251267,0.0,0.989298702823773,1.0,39.01562675585284,38.935360535117056,8.960441237458195,0.0020112279361841024,0.22746163592179564,0.7654470426993142,0.0,0.9979706132343311,0.22781727851081596
dumbbell,ifa,30.0,4,8,router,9.603721,9.5803875,9.5803875,0.0023876863876863877,0.9975873345316605,0.0013853020263438238,0.0,0.9975873345316605,1.0,38.935360535117056,38.915293311036784,8.940374147157192,0.0005017411628451423,0.2274150878396856,0.7670187698298406,0.0,0.9994959603603586,0.22742999785344642
dumbbell,ifa,30.0,4,9,router,0.0,0.0,0.0,0.0,0.0,0.0,0.0,1.0,0.0,0.013377926421404694,0.013377926421404694,0.0,0.0,0.025055741337664295,0.9923634336677815,0.0,1.0,0.0
dumbbell,ifa,30.0,5,0,attacker,9.988333299999999,4.4425794666666665,4.445783619999999,0.5541818181818182,0.44563309494879877,0.0016,0.0,0.4452723770819706,0.9646085499497972,39.98494983277592,34.38070200668896,4.393202628762541,0.14003725154308397,0.11018572321085186,0.7449808510761732,0.0,0.8598520131232424,0.1266456287127116
dumbbell,ifa,30.0,5,1,benign_consumer,9.988333299999999,4.442775999999999,4.446002766666666,0.5541515151515152,0.44400876508105835,0.0013333333333333335,0.0,0.4454063834974369,0.9674951996079852,10.0,4.484240602006689,4.4837003344481605,0.5507398398702746,0.4480355919732441,0.0016722408026755853,0.0,0.44842406020066883,0.9599870411160968
dumbbell,ifa,30.0,5,2,benign_consumer,9.988333299999999,4.290367366666667,4.293679076666667,0.5694848484848485,0.4289676537491232,0.0013333333333333335,0.0,0.43017955874897185,0.9600306288164249,10.0,4.507216822742476,4.507216321070234,0.5482720178372352,0.44971828428093646,0.0016722408026755853,0.0,0.45072168227424747,0.9617723296154409
dumbbell,ifa,30.0,5,3,router,9.044271833333333,9.040938533333334,9.040938533333334,0.0004166666666666667,0.9995787200466331,0.002023583743420779,0.0,0.9995787200466331,1.0,39.29946923076923,39.29946581939799,9.337927357859533,0.0,0.23548634102692806,0.7602082423994968,0.0,0.9999999104751895,0.2353963280088582
dumbbell,ifa,30.0,5,4,router,0.0,0.0,0.0,0.0,0.0,0.0,0.0,1.0,0.0,0.013377926421404694,0.013377926421404694,0.0,0.0,0.025055741337664295,0.9923634336677815,0.0,1.0,0.0
dumbbell,ifa,30.0,5,5,router,13.185722866666667,9.6408064,9.6408064,0.26806822122715585,0.7314851538235952,0.0012320569397333303,0.0,0.729903860119938,1.0,43.362125986622075,39.93169933110368,9.95678204013378,0.07806474832357733,0.2283907724321229,0.689010188189905,0.0,0.921376706339444,0.24705979549914395
dumbbell,ifa,30.0,5,6,router,9.6408064,9.207604466666666,9.207604466666666,0.045859866984866986,0.9540688711848154,0.001853358403377063,0.0,0.9540687942917123,1.0,39.93169933110368,39.4165237458194,9.441605117056856,0.012695690240075112,0.23438658471535823,0.7483614233152672,0.0,0.987238013382501,0.23728321302759264
dumbbell,ifa,30.0,5,7,router,9.207604466666666,9.090938266666667,9.090938266666667,0.01274024124024124,0.9871867735900631,0.002011419519816746,0.0,0.9871867735888437,1.0,39.4165237458194,39.32956722408027,9.35464906354515,0.002166453098022071,0.23519627440655771,0.7580888676009442,0.0,0.9978238669880367,0.2356074952755733
dumbbell,ifa,30.0,5,8,router,9.090938266666667,9.044271833333333,9.044271833333333,0.005273846523846524,0.994672772367486,0.002015716796186746,0.0,0.994672772367486,1.0,39.32956722408027,39.31284715719064,9.337927357859533,0.00040567409353392585,0.2352858949038423,0.7597649083502208,0.0,0.9995892598618351,0.2352987077836744
dumbbell,ifa,30.0,5,9,router,0.0,0.0,0.0,0.0,0.0,0.0,0.0,1.0,0.0,0.013377926421404694,0.013377926421404694,0.0,0.0,0.025055741337664295,0.9923634336677815,0.0,1.0,0.0
dumbbell,ifa,50.0,1,0,attacker,9.988333299999999,4.6125104666666665,4.615199333333333,0.5373333333333333,0.46199652816067927,0.0016,0.0,0.46240695961384215,0.9602942871736938,59.95819364548495,54.45029966555184,4.489409364548495,0.09176721901926134,0.07495057995820055,0.8275097631118026,0.0,0.9081305993806241,0.08204682785021221
dumbbell,ifa,50.0,1,1,benign_consumer,9.988333299999999,4.45374621,4.45696779,0.5533636363636364,0.4461035054037225,0.0013333333333333335,0.0,0.4464983735906106,0.9626567722856445,10.0,4.495762698996655,4.49576320735786,0.549483125570082,0.44857297290969894,0.0016722408026755853,0.0,0.44957626989966554,0.9618055555712584
dumbbell,ifa,50.0,1,2,benign_consumer,9.988333299999999,4.187814016666667,4.1906142,0.5799090909090909,0.41991484873644885,0.0013333333333333335,0.0,0.41994186400731287,0.9628745857741965,10.0,4.610805117056857,4.608129889632107,0.537600081078342,0.46014409264214046,0.0016722408026755853,0.0,0.46108051170568565,0.9546344814708261
dumbbell,ifa,50.0,1,3,router,9.220832966666666,9.2174996,9.2174996,0.0004166666666666667,0.9995814968408151,0.001967566087262003,0.0,0.9995814968408151,1.0,59.33862742474916,59.33528337792642,9.393811471571906,5.482756730083886e-05,0.15746570203052837,0.8370556663571783,0.0,0.9999449202928101,0.15741198092777103
dumbbell,ifa,50.0,1,4,router,0.0,0.0,0.0,0.0,0.0,0.0,0.0,1.0,0.0,0.013377926421404694,0.013377926421404694,0.0,0.0,0.025055741337664295,0.9923634336677815,0.0,1.0,0.0
dumbbell,ifa,50.0,1,5,router,13.264070693333332,9.716555866666665,9.716555866666665,0.2680627481966491,0.7322017563233779,0.0010719285690351575,0.0,0.7311248667537968,1.0,63.55686748160535,59.91798193979934,9.959787826086957,0.056479642856356996,0.15628239240267344,0.7818516965153703,0.0,0.9430849292479644,0.16529465977137134
dumbbell,ifa,50.0,1,6,router,9.716555866666665,9.327498233333333,9.327498233333333,0.041566146816146815,0.9586902876783167,0.0017471607955821266,0.0,0.9586902179531701,1.0,59.91798193979934,59.499163545150495,9.540968662207357,0.0069010123807026254,0.1584135308466618,0.8292780536349427,0.0,0.9930577097987382,0.15943741498962555
dumbbell,ifa,50.0,1,7,router,9.327498233333333,9.244165733333332,9.244165733333332,0.009407819032819032,0.9903924188604893,0.0018245876282853239,0.0,0.9903924188604893,1.0,59.499163545150495,59.39214013377926,9.433945217391305,0.0017766836112830425,0.15770717685997132,0.8350906667269198,0.0,0.9982082356088827,0.15791580912046801
dumbbell,ifa,50.0,1,8,router,9.244165733333332,9.220832966666666,9.220832966666666,0.0022973322973322973,0.9975836450543517,0.0019675397897507903,0.0,0.9975836450543517,1.0,59.39214013377926,59.35534949832776,9.397155919732441,0.0006052724461111658,0.1573685954970712,0.8365079986437448,0.0,0.9993910722009937,0.15740588890019924
dumbbell,ifa,50.0,1,9,router,0.0,0.0,0.0,0.0,0.0,0.0,0.0,1.0,0.0,0.013377926421404694,0.013377926421404694,0.0,0.0,0.025055741337664295,0.9923634336677815,0.0,1.0,0.0
dumbbell,ifa,100.0,1,0,attacker,9.988333299999999,4.6125104666666665,4.615199333333333,0.5373333333333333,0.46199652816067927,0.0016,0.0,0.46240695961384215,0.9602942871736938,109.91973280936455,104.41186622073579,4.489409364548495,0.050063506994450654,0.040885080427854686,0.9027962358328506,0.0,0.9498869232645404,0.04288657473497466
dumbbell,ifa,100.0,1,1,benign_consumer,9.988333299999999,4.45374621,4.45696779,0.5533636363636364,0.4461035054037225,0.0013333333333333335,0.0,0.4464983735906106,0.9626567722856445,10.000000033444817,4.495762698996655,4.49576320735786,0.5494628559845951,0.4485941403912742,0.0016722408026755853,0.0,0.4495974669139503,0.9618055555712584
dumbbell,ifa,100.0,1,2,benign_consumer,9.988333299999999,4.187814016666667,4.1906142,0.5799090909090909,0.41991484873644885,0.0013333333333333335,0.0,0.41994186400731287,0.9628745857741965,10.000000033444817,4.610805117056857,4.608129889632107,0.5374615722441809,0.460195909972983,0.0016722408026755853,0.0,0.4611511106333702,0.9546344814708261
dumbbell,ifa,100.0,1,3,router,9.220832966666666,9.2174996,9.2174996,0.0004166666666666667,0.9995814968408151,0.001967566087262003,0.0,0.9995814968408151,1.0,109.2867525083612,109.2767547826087,9.390467157190635,9.121816062382477e-05,0.08569658803567215,0.9080656903084129,0.0,0.9999094236631915,0.08566840582541424
dumbbell,ifa,100.0,1,4,router,0.0,0.0,0.0,0.0,0.0,0.0,0.0,1.0,0.0,0.016722408026755863,0.016722408026755863,0.0,0.0,0.022240802557903967,0.9934782608695653,0.0,1.0,0.0
dumbbell,ifa,100.0,1,5,router,13.264070693333332,9.716555866666665,9.716555866666665,0.2680627481966491,0.7322017563233779,0.0010719285690351575,0.0,0.7311248667537968,1.0,113.51509958862876,109.87618929765887,9.959788193979934,0.03173402815276348,0.08766359082876128,0.8745747233973661,0.0,0.9680611357375641,0.0903626555405472
dumbbell,ifa,100.0,1,6,router,9.716555866666665,9.327498233333333,9.327498233333333,0.041566146816146815,0.9586902876783167,0.0017471607955821266,0.0,0.9586902179531701,1.0,109.87618929765887,109.46066889632108,9.544313511705687,0.0037480993681063904,0.08663182105168991,0.9035248054690032,0.0,0.996233959276262,0.08691869336368634
dumbbell,ifa,100.0,1,7,router,9.327498233333333,9.244165733333332,9.244165733333332,0.009407819032819032,0.9903924188604893,0.0018245876282853239,0.0,0.9903924188604893,1.0,109.45732775919731,109.35364882943145,9.440633913043477,0.00094179390610493,0.08601241266025586,0.9069126329434162,0.0,0.9990538212480706,0.08605404461099327
dumbbell,ifa,100.0,1,8,router,9.244165733333332,9.220832966666666,9.220832966666666,0.0022973322973322973,0.9975836450543517,0.0019675397897507903,0.0,0.9975836450543517,1.0,109.35030100334448,109.31016053511706,9.40050066889632,0.00036164310738979924,0.08573088193502774,0.9077258907745898,0.0,0.9996365198329306,0.08572768648288999
dumbbell,ifa,100.0,1,9,router,0.0,0.0,0.0,0.0,0.0,0.0,0.0,1.0,0.0,0.016722408026755863,0.016722408026755863,0.0,0.0,0.022240802557903967,0.9934782608695653,0.0,1.0,0.0
tree,cp,10.0,1,0,router,15.764698533333334,15.4380279,15.4380279,0.020869656860342013,0.979100379667608,0.0010677826716001893,0.0,0.979100379667608,1.0,43.4973618729097,43.48733010033445,43.48733010033445,0.0003689762094972445,0.9996738312163274,0.0005146142830311768,0.0,0.9996738312163274,1.0
tree,cp,10.0,1,1,router,0.02341137123737881,0.02341137123737881,0.02341137123737881,0.0,1.0,0.5938047816099832,0.0,1.0,1.0,0.050167221782072946,0.050167221782072946,0.050167221782072946,0.0,1.0,0.15350468527307057,0.0,1.0,1.0
tree,cp,10.0,1,2,router,19.1643634,15.788031866666588,15.788031866666588,0.1746677400214573,0.8240963471679977,0.0007011958758295041,0.0,0.8242502738324605,1.0,45.88588662207358,43.547529094691775,43.547529094691775,0.08671606748416762,0.9223999903450023,0.00021271360742804645,0.0,0.922756770987301,1.0
tree,cp,10.0,1,3,router,16.33451004333333,12.236275533333332,12.222942533333333,0.25148542270401986,0.7479854475673959,0.0007729528805331527,0.0,0.7475557230365757,0.9991625910015705,40.96146373578595,38.60340033444816,38.57329531772575,0.10283520536624735,0.9099408860149081,0.00023653339156306632,0.0,0.9097573212692305,0.9988518931782014
tree,cp,10.0,1,4,router,8.652310949999999,6.928087866666666,6.928087866666666,0.19559357744651862,0.8033920679496909,0.0016838365768764255,0.0,0.8026437040710258,1.0,9.119937377926421,7.282486287625418,7.282486287625418,0.19961078961915082,0.7994090814234371,0.0019306053836308785,0.0,0.7990362441881285,1.0
tree,cp,10.0,1,5,router,8.972826846666667,7.2582533,7.2582533,0.18748118288946464,0.8110957527749331,0.0014880204298886274,0.0,0.8102797197015709,1.0,20.885589632107024,19.91453311036789,19.91453311036789,0.0749330651457346,0.9348906382773652,0.00045063076946886757,0.0,0.9344417949060226,1.0
tree,cp,10.0,1,6,attacker,9.988333299999999,4.609177133333334,4.6125104666666665,0.5376363636363636,0.46208708542243243,0.0013333333333333335,0.0,0.46207362628050885,1.0,20.03338793812709,16.55472839464883,16.554512441471573,0.2852015737885303,0.7214328702834495,0.0009242946292765307,0.0,0.7534426847890322,0.8298927466066549
tree,cp,10.0,1,7,benign_consumer,9.988333299999999,4.460412943333333,4.463746276666667,0.5526969696969697,0.44723500324100884,0.0013333333333333335,0.0,0.447165046923944,1.0,10.0,4.492418183946488,4.492418183946488,0.5498175737306172,0.4495762665551839,0.0016722408026755853,0.0,0.44924181839464883,1.0
tree,cp,10.0,1,8,benign_consumer,9.988333299999999,4.201120783333334,4.204454116666667,0.5785757575757575,0.42128599981590314,0.0013333333333333335,0.0,0.4212725406739795,1.0,10.0,4.610831906354515,4.610831906354515,0.537600081078342,0.46141763879598663,0.0016722408026755853,0.0,0.46108319063545156,1.0
tree,cp,10.0,1,9,benign_consumer,9.988333299999999,4.444523533333333,4.447856833333334,0.5540976430976431,0.4458947151879976,0.0013333333333333335,0.0,0.4454543918341958,1.0,10.0,4.509105471571906,4.509105471571906,0.5479831762440458,0.45124499531772577,0.0016722408026755853,0.0,0.45091054715719064,1.0
tree,cp,10.0,1,10,benign_consumer,9.988333299999999,4.39925858,4.402591946666666,0.5585454545454546,0.4411398078526769,0.0013333333333333335,0.0,0.4410698482022187,1.0,10.0,4.551150501672241,4.551150501672241,0.5438735177865612,0.45544949832775916,0.0016722408026755853,0.0,0.45511505016722403,1.0
tree,cp,10.0,1,11,attacker,9.988333299999999,4.566901566666666,4.5702349,0.5422558922558922,0.45807455017365584,0.0013333333333333335,0.0,0.4576342234862206,1.0,20.03338793812709,16.334654882943145,16.33443913043478,0.31339819600689167,0.7073943058736902,0.0009242946292765307,0.0,0.7313621308284778,0.8303988472429318
tree,cp,10.0,2,0,router,16.030144833333335,15.773483366666666,15.773483366666666,0.015991949256628217,0.983815620167479,0.001073819900973438,0.0,0.983815620167479,1.0,42.963964882943145,42.96061705685619,42.96061705685619,0.00018580453363062057,0.9998518475744823,0.0005016832039096348,0.0,0.999851847574458,1.0
tree,cp,10.0,2,1,router,0.029999998867056323,0.029999998867056323,0.029999998867056323,0.0,1.0,0.4823999997456903,0.0,1.0,1.0,0.05669543126489061,0.05335094966019699,0.05335094966019699,0.0033444816053511705,0.9498327759279519,0.5016083803737179,0.0,0.9498327759279519,1.0
tree,cp,10.0,2,2,router,19.5624637,16.06014483220039,16.06014483220039,0.1769402206520877,0.8222329203084322,0.0007004452360369713,0.0,0.8218535444755551,1.0,45.24487090301003,43.02066031420803,43.02066031420803,0.08575368103879338,0.9237118850757462,0.00020880337963107319,0.0,0.923813857759974,1.0
tree,cp,10.0,2,3,router,16.324632949999998,12.227697866666666,12.214364933333332,0.25389001984079046,0.7475456552319214,0.0008629466610407713,0.0,0.747369973189987,0.9989378843094647,40.7513783277592,38.294454113712376,38.261033712374584,0.11182375906038995,0.9034259884272593,0.0002308300741661506,0.0,0.9032405475148785,0.9985386091609446
tree,cp,10.0,2,4,router,9.150034033333332,7.334765833333333,7.334765833333333,0.19561131290736555,0.8034224650298305,0.0014271716802745707,0.0,0.8022591513300145,1.0,8.806325367892976,6.950416789297658,6.950416789297658,0.2052474374380729,0.793160237813288,0.0016532250920611423,0.0,0.7920546424320373,1.0
tree,cp,10.0,2,5,router,9.023062923333333,7.2604001,7.2604001,0.19480114602173426,0.806075207373069,0.0015272123584462317,0.0,0.8037174899527418,1.0,21.047061113712374,20.03745314381271,20.03745314381271,0.07450258869581647,0.9355871069831273,0.00045744751113773125,0.0,0.9342003710218139,1.0
tree,cp,10.0,2,6,attacker,9.988333299999999,4.546770516666666,4.550103849999999,0.543939393939394,0.45584863012886007,0.0013333333333333335,0.0,0.4558351709869365,1.0,20.03338793812709,16.44020906354515,16.43999321070234,0.29694725564290786,0.7127241714848337,0.0009242946292765307,0.0,0.7426967835896576,0.8296127059716418
tree,cp,10.0,2,7,benign_consumer,9.988333299999999,4.5107957,4.5141290000000005,0.5475824915824916,0.4525481944958536,0.0013333333333333335,0.0,0.45210787114205175,1.0,10.0,4.273931973244147,4.273931973244147,0.5717441978311543,0.4277276454849498,0.0016722408026755853,0.0,0.4273931973244147,1.0
tree,cp,10.0,2,8,benign_consumer,9.988333299999999,4.607847366666666,4.6111807,0.5377037037037037,0.46226720285850786,0.0013333333333333335,0.0,0.46182687617136925,1.0,10.0,4.495753602006689,4.495753602006689,0.5497719671632715,0.449909808361204,0.0016722408026755853,0.0,0.44957536020066885,1.0
tree,cp,10.0,2,9,benign_consumer,9.988333299999999,4.53552,4.538853333333333,0.545060606060606,0.45471426014207206,0.0013333333333333335,0.0,0.4546443038250072,1.0,10.0,4.310571765886287,4.310571765886287,0.5678980439850005,0.4313916247491638,0.0016722408026755853,0.0,0.43105717658862874,1.0
tree,cp,10.0,2,10,benign_consumer,9.988333299999999,4.363667866666666,4.3670012,0.5622727272727273,0.4375626091987857,0.0013333333333333335,0.0,0.4374926528817209,1.0,10.0,4.519263454849498,4.519263454849498,0.5470913144826188,0.452260793645485,0.0016722408026755853,0.0,0.4519263454849498,1.0
tree,cp,10.0,2,11,attacker,9.988333299999999,4.652728356666667,4.656061723333333,0.5336969696969697,0.46648424610057837,0.0013333333333333335,0.0,0.4664142864501201,1.0,20.03338793812709,16.528009130434786,16.527797658862877,0.29355716747021093,0.7159476855218804,0.0009242946292765307,0.0,0.7475101068185286,0.8307721359068463
tree,cp,10.0,3,0,router,15.640232833333332,15.277060533333334,15.277060533333334,0.02276186155140815,0.9770027670984388,0.0011115337291752138,0.0,0.9770027670984388,1.0,43.11599765886288,43.11583511705686,43.11583511705686,0.0,1.0,0.000572749225014007,0.0,0.999997942129613,1.0
tree,cp,10.0,3,1,router,0.04482758443541809,0.04482758443541809,0.04482758443541809,0.0,1.0,0.22084230092362198,0.0,1.0,1.0,0.0668885549088105,0.060199593679350266,0.060199593679350266,0.006688963210702341,0.9564391387688678,0.2913444816201402,0.0,0.9564391387688678,1.0
tree,cp,10.0,3,2,router,19.194005399999998,15.683566164954236,15.683566164954236,0.18349588855310264,0.815260313127966,0.0007344011937839759,0.0,0.8163036108117036,1.0,45.44440719063545,43.18288621377169,43.18288621377169,0.0847829126184487,0.923983046450486,0.00021034021231360517,0.0,0.9244238410224083,1.0
tree,cp,10.0,3,3,router,15.980737990000002,11.9912243,11.967889933333334,0.24906442686128163,0.7510464542285223,0.0009327233279630054,0.0,0.7506187384342007,0.9979132721482106,41.04387716053512,38.46476254180602,38.42127959866221,0.11390709779907775,0.9001309434072562,0.00022823842649278626,0.0,0.9000380862626605,0.9984107481967839
tree,cp,10.0,3,4,router,8.967270173333333,7.2027811,7.2027811,0.19665436034553682,0.803356621703883,0.0015161314433824811,0.0,0.8028649287051278,1.0,8.788860531772576,6.979644648829432,6.979644648829432,0.20777274564899983,0.7929849719865045,0.00195071975112792,0.0,0.7920405629112307,1.0
tree,cp,10.0,3,5,router,8.873280006666667,7.0947004,7.0947004,0.2005902730740192,0.7984025855008529,0.0015789071050995708,0.0,0.7984025619111561,1.0,21.26248385284281,20.18949906354515,20.18949906354515,0.07813020011611428,0.9315801997263621,0.0004417969455606658,0.0,0.9310405692572954,1.0
tree,cp,10.0,3,6,attacker,9.988333299999999,4.5309010333333335,4.534234433333333,0.5455151515151515,0.4543025111971955,0.0013333333333333335,0.0,0.45423254821340076,1.0,20.03338793812709,16.509047658862876,16.508835183946488,0.28776459048198183,0.7186993994032671,0.0009242946292765307,0.0,0.7502844348253729,0.8295002857732219
tree,cp,10.0,3,7,benign_consumer,9.988333299999999,4.34846979,4.351803156666667,0.5635521885521885,0.4363130427569728,0.0013333333333333335,0.0,0.4358727127365009,1.0,10.0,4.345542913043478,4.345542913043478,0.5645231580014188,0.43488873946488293,0.0016722408026755853,0.0,0.43455429130434786,1.0
tree,cp,10.0,3,8,benign_consumer,9.988333299999999,4.370881566666667,4.3742149,0.5617643097643097,0.4385410945178045,0.0013333333333333335,0.0,0.43810076783066604,1.0,10.0,4.34873764548495,4.34873764548495,0.5638137225093747,0.43520821270903015,0.0016722408026755853,0.0,0.43487376454849497,1.0
tree,cp,10.0,3,9,benign_consumer,9.988333299999999,4.5897219400000004,4.593055273333333,0.5397037037037037,0.46045619410065686,0.0013333333333333335,0.0,0.46001586741351824,1.0,10.0,4.440122886287625,4.440122886287625,0.5549660484443093,0.44434673678929765,0.0016722408026755853,0.0,0.4440122886287625,1.0
tree,cp,10.0,3,10,benign_consumer,9.988333299999999,4.561121166666667,4.564454466666667,0.5424915824915825,0.45759358339509343,0.0013333333333333335,0.0,0.4571532600412916,1.0,10.0,4.616228969899665,4.616228969899665,0.537600081078342,0.46195734515050163,0.0016722408026755853,0.0,0.46162289698996656,1.0
tree,cp,10.0,3,11,attacker,9.988333299999999,4.305492206666667,4.30882554,0.5678787878787879,0.43174792906343223,0.0013333333333333335,0.0,0.4316779727463674,1.0,20.03338793812709,16.64647127090301,16.646254882943143,0.28296848079456777,0.7177385293307408,0.0009242946292765307,0.0,0.7552523429257105,0.8307864487194027
tree,cp,10.0,4,0,router,15.985588233333335,15.632266,15.632266,0.021719176196417413,0.9780483276982004,0.0009310740916461846,0.0,0.9780483276982004,1.0,42.90208260869565,42.89873244147157,42.89873244147157,2.7640343845877443e-05,0.9999548500353189,0.0006392399675578488,0.0,0.9999546952015537,1.0
tree,cp,10.0,4,1,router,0.016666666666666666,0.016666666666666666,0.016666666666666666,0.0,0.9875,0.21440055878973788,0.0,1.0,0.9875,0.076923028092141,0.07023406650982056,0.07023406650982056,0.006688963210702341,0.949843405751808,0.36455598684570434,0.0,0.949843405751808,1.0
tree,cp,10.0,4,2,router,19.541121333333333,15.998921566666668,15.998921566666668,0.18097524798344397,0.8187272912921854,0.0006455156341982381,0.0,0.818267956370014,1.0,45.11748682274247,42.9790056367878,42.9790056367878,0.07978593986483529,0.9281008550602114,0.00021919164696659465,0.0,0.9291890333538905,1.0
tree,cp,10.0,4,3,router,16.337219983333334,12.239288233333333,12.2359549,0.25089012870960253,0.7488034195348038,0.0008249488986526197,0.0,0.7485830874807053,0.999704614541703,40.36090692307692,37.99579464882943,37.94228093645485,0.10571355863081819,0.9078293034066238,0.0002445733914317945,0.0,0.9074051925363626,0.9976361789750078
tree,cp,10.0,4,4,router,9.0913342,7.3018331000000005,7.3018331000000005,0.19619007844007844,0.8032264431585925,0.001394317607800449,0.0,0.8028848015239354,1.0,8.754131505016721,7.121692173913043,7.121692173913043,0.18612093035169958,0.8137166141107852,0.0019033741637638096,0.0,0.8123373559629374,1.0
tree,cp,10.0,4,5,router,9.06322843,7.278739966666667,7.278739966666667,0.19464457111515934,0.8036589794259724,0.0013274613744953844,0.0,0.8036590372281416,1.0,20.767120655518394,19.728998862876253,19.72565404682274,0.08165635100122251,0.9309898792774661,0.0004865452984205674,0.0,0.9307119356639163,0.9999014204168827
tree,cp,10.0,4,6,attacker,9.988333299999999,4.4405969333333335,4.4439303,0.5544848484848485,0.4452579287733251,0.0013333333333333335,0.0,0.44518796912292363,1.0,20.03338793812709,16.253213244147158,16.25299872909699,0.3146460423634337,0.7098799033443243,0.0009242946292765307,0.0,0.7290235426972229,0.8296828105821434
tree,cp,10.0,4,7,benign_consumer,9.988333299999999,4.611216416666667,4.614549716666667,0.5377946127946128,0.46258411211678396,0.0013333333333333335,0.0,0.4621437887629821,1.0,10.0,4.378909331103679,4.378909331103679,0.5607226107226108,0.43822538127090305,0.0016722408026755853,0.0,0.43789093311036786,1.0
tree,cp,10.0,4,8,benign_consumer,9.988333299999999,4.608457666666666,4.611791,0.5376363636363636,0.46201464290934535,0.0013333333333333335,0.0,0.4620011837674217,1.0,10.0,4.259705986622074,4.259705986622074,0.573355629877369,0.4263050468227425,0.0016722408026755853,0.0,0.4259705986622073,1.0
tree,cp,10.0,4,9,benign_consumer,9.988333299999999,4.476209866666666,4.4795432,0.5511515151515152,0.44878295943302876,0.0013333333333333335,0.0,0.4487130031159639,1.0,10.0,4.494425518394649,4.494425518394649,0.5494932603628256,0.44977700000000004,0.0016722408026755853,0.0,0.44944255183946485,1.0
tree,cp,10.0,4,10,benign_consumer,9.988333299999999,4.44919034,4.452523706666667,0.5538181818181819,0.4461154584478975,0.0013333333333333335,0.0,0.44604549879749605,1.0,10.0,4.33540908361204,4.33540908361204,0.5654606263301916,0.43387535652173914,0.0016722408026755853,0.0,0.43354090836120407,1.0
tree,cp,10.0,4,11,attacker,9.988333299999999,4.6073713566666665,4.610704723333333,0.538060606060606,0.46194841377080514,0.0013333333333333335,0.0,0.46187845412034695,1.0,20.03338793812709,16.43192491638796,16.428367090301002,0.29755986766856335,0.7135933589364747,0.0009242946292765307,0.0,0.7419785433546756,0.829722828060277
tree,cp,10.0,5,0,router,15.739048200000001,15.446545733333332,15.446545733333332,0.019799495649004333,0.9805385856222463,0.0012809039056018788,0.0,0.9805385856222463,1.0,43.50223110367893,43.498051505016726,43.498051505016726,0.00015202189115232594,0.9998774870874527,0.0005565776701363025,0.0,0.9998669371221407,1.0
tree,cp,10.0,5,1,router,0.03000000000000044,0.03000000000000044,0.03000000000000044,0.0,1.0,0.3566674773332583,0.0,1.0,1.0,0.06354514000341617,0.06020065839806504,0.06020065839806504,0.0033444816053511705,0.8628762541806035,0.31772575254675584,0.0,0.8628762541806035,1.0
tree,cp,10.0,5,2,router,19.1555956,15.7690482,15.7690482,0.17513657733980129,0.8235301801452973,0.0007740119525689197,0.0,0.8233040936750357,1.0,45.6863493645485,43.56577624368234,43.56577624368234,0.08037688767039276,0.9289316553468159,0.0002129540007248377,0.0,0.9288269591270396,1.0
tree,cp,10.0,5,3,router,16.332806266666665,12.2536334,12.240300466666666,0.24861956876827093,0.7505690960887408,0.0009228994998008114,0.0,0.7503717480075114,0.9990806888876441,40.950067959866224,38.43038361204013,38.40697591973244,0.1105403970007706,0.9033924355133042,0.00023414940731590852,0.0,0.90324357993135,0.9990254285229889
tree,cp,10.0,5,4,router,8.746894099999999,6.9019622,6.9019622,0.21275741469859116,0.7888095844962328,0.0017572318588062166,0.0,0.7878383204423699,1.0,9.048546622073578,7.25596575250836,7.25596575250836,0.19609143179377292,0.8036999901544997,0.0019580019400943986,0.0,0.8025530727665134,1.0
tree,cp,10.0,5,5,router,9.415196493333333,7.4574509,7.4574509,0.20796907531466355,0.7937195729576904,0.001597455050007967,0.0,0.7925579802556898,1.0,21.034233344481606,19.971798428093646,19.971798428093646,0.07401753397239981,0.934011070622393,0.0004611455736038176,0.0,0.9330642213358695,1.0
tree,cp,10.0,5,6,attacker,9.988333299999999,4.4359128000000005,4.4392461,0.554976430976431,0.4450460337691058,0.0013333333333333335,0.0,0.44460571041530395,1.0,20.03338793812709,16.497588260869563,16.497373511705685,0.29208418393201,0.7184084784385523,0.0009242946292765307,0.0,0.7469336635578512,0.8298022114170115
tree,cp,10.0,5,7,benign_consumer,9.988333299999999,4.4327759,4.436109266666667,0.5551515151515151,0.4444757095691517,0.0013333333333333335,0.0,0.44440574991875015,1.0,10.0,4.48089602006689,4.48089602006689,0.5510742880308098,0.4484240501672241,0.0016722408026755853,0.0,0.44808960200668896,1.0
tree,cp,10.0,5,8,benign_consumer,9.988333299999999,4.2770340000000004,4.2803674,0.5708181818181818,0.4289161850661,0.0013333333333333335,0.0,0.42884622208230516,1.0,10.0,4.500527859531773,4.500527859531773,0.548910509780075,0.4503872341137124,0.0016722408026755853,0.0,0.45005278595317727,1.0
tree,cp,10.0,5,9,benign_consumer,9.988333299999999,4.463193366666667,4.4665267,0.5524377104377104,0.44769083474071464,0.0013333333333333335,0.0,0.4472505080532794,1.0,10.0,4.5480187625418065,4.5480187625418065,0.5441218202087768,0.4551363244147157,0.0016722408026755853,0.0,0.4548018762541806,1.0
tree,cp,10.0,5,10,benign_consumer,9.988333299999999,4.737930133333333,4.741263433333334,0.5252626262626262,0.47505367310576824,0.0013333333333333335,0.0,0.4746133497519664,1.0,10.0,4.5379129096989965,4.5379129096989965,0.5450643559339211,0.45412573913043475,0.0016722408026755853,0.0,0.4537912909698996,1.0
tree,cp,10.0,5,11,attacker,9.988333299999999,4.670599660000001,4.67393306,0.5311515151515152,0.46826827452107267,0.0013333333333333335,0.0,0.4681983115372679,1.0,20.03338793812709,16.496531237458193,16.496320434782607,0.2913883218231044,0.7178475392725479,0.0009242946292765307,0.0,0.7483357392785781,0.829874653103536
tree,cp,12.0,1,0,router,15.764698533333334,15.4380279,15.4380279,0.020869656860342013,0.979100379667608,0.0010677826716001893,0.0,0.979100379667608,1.0,48.44936755852843,48.44936755852843,48.44936755852843,0.0,1.0,0.00036770641208811784,0.0,1.0,1.0
tree,cp,12.0,1,1,router,0.02341137123737881,0.02341137123737881,0.02341137123737881,0.0,1.0,0.5938047816099832,0.0,1.0,1.0,0.0468227417130721,0.0468227417130721,0.0468227417130721,0.0,1.0,0.30315044664578217,0.0,1.0,1.0
tree,cp,12.0,1,2,router,19.1643634,15.788031866666588,15.788031866666588,0.1746677400214573,0.8240963471679977,0.0007011958758295041,0.0,0.8242502738324605,1.0,50.54399331103679,48.496190300241494,48.496190300241494,0.06324413656265233,0.9430224224324697,0.0004061092048460093,0.0,0.943326129719521,1.0
tree,cp,12.0,1,3,router,16.33451004333333,12.236275533333332,12.222942533333333,0.25148542270401986,0.7479854475673959,0.0007729528805331527,0.0,0.7475557230365757,0.9991625910015705,45.292518050167224,43.26150702341137,43.23140100334448,0.07325116790260697,0.9356002931663088,0.0004784628562462414,0.0,0.935422803837056,0.9989795497740862
tree,cp,12.0,1,4,router,8.652310949999999,6.928087866666666,6.928087866666666,0.19559357744651862,0.8033920679496909,0.0016838365768764255,0.0,0.8026437040710258,1.0,9.119937377926421,7.282486287625418,7.282486287625418,0.19961078961915082,0.7994090814234371,0.0019306053836308785,0.0,0.7990362441881285,1.0
tree,cp,12.0,1,5,router,8.972826846666667,7.2582533,7.2582533,0.18748118288946464,0.8110957527749331,0.0014880204298886274,0.0,0.8102797197015709,1.0,23.069383344481604,22.098457759197323,22.098457759197323,0.06904083414124805,0.9420110189949162,0.0008962106104783047,0.0,0.9415091642465402,1.0
tree,cp,12.0,1,6,attacker,9.988333299999999,4.609177133333334,4.6125104666666665,0.5376363636363636,0.46208708542243243,0.0013333333333333335,0.0,0.46207362628050885,1.0,22.0398601270903,18.70164210702341,18.70164210702341,0.26706170700290444,0.7789826504446389,0.0009597881615639414,0.0,0.7774502756850986,1.0
tree,cp,12.0,1,7,benign_consumer,9.988333299999999,4.460412943333333,4.463746276666667,0.5526969696969697,0.44723500324100884,0.0013333333333333335,0.0,0.447165046923944,1.0,10.0,4.492418183946488,4.492418183946488,0.5498175737306172,0.4495762665551839,0.0016722408026755853,0.0,0.44924181839464883,1.0
tree,cp,12.0,1,8,benign_consumer,9.988333299999999,4.201120783333334,4.204454116666667,0.5785757575757575,0.42128599981590314,0.0013333333333333335,0.0,0.4212725406739795,1.0,10.0,4.610831906354515,4.610831906354515,0.537600081078342,0.46141763879598663,0.0016722408026755853,0.0,0.46108319063545156,1.0
tree,cp,12.0,1,9,benign_consumer,9.988333299999999,4.444523533333333,4.447856833333334,0.5540976430976431,0.4458947151879976,0.0013333333333333335,0.0,0.4454543918341958,1.0,10.0,4.509105471571906,4.509105471571906,0.5479831762440458,0.45124499531772577,0.0016722408026755853,0.0,0.45091054715719064,1.0
tree,cp,12.0,1,10,benign_consumer,9.988333299999999,4.39925858,4.402591946666666,0.5585454545454546,0.4411398078526769,0.0013333333333333335,0.0,0.4410698482022187,1.0,10.0,4.551150501672241,4.551150501672241,0.5438735177865612,0.45544949832775916,0.0016722408026755853,0.0,0.45511505016722403,1.0
tree,cp,12.0,1,11,attacker,9.988333299999999,4.566901566666666,4.5702349,0.5422558922558922,0.45807455017365584,0.0013333333333333335,0.0,0.4576342234862206,1.0,22.0398601270903,18.518232842809365,18.518232842809365,0.2818246614397719,0.7679829767503228,0.0009597881615639414,0.0,0.7667148172802132,1.0
tree,cp,12.0,2,0,router,16.030144833333335,15.773483366666666,15.773483366666666,0.015991949256628217,0.983815620167479,0.001073819900973438,0.0,0.983815620167479,1.0,47.893284280936456,47.88993745819398,47.88993745819398,2.572678157962439e-05,0.9999572820954817,0.00035596271072769445,0.0,0.9999572820954817,1.0
tree,cp,12.0,2,1,router,0.029999998867056323,0.029999998867056323,0.029999998867056323,0.0,1.0,0.4823999997456903,0.0,1.0,1.0,0.060039910411944175,0.05669543027503394,0.05669543027503394,0.0033444816053511705,0.9732440983009385,0.5016069584879266,0.0,0.9732440983009385,1.0
tree,cp,12.0,2,2,router,19.5624637,16.06014483220039,16.06014483220039,0.1769402206520877,0.8222329203084322,0.0007004452360369713,0.0,0.8218535444755551,1.0,49.89278735785953,47.9533241913484,47.9533241913484,0.06196727775830605,0.9441767460745482,0.00038543793314945346,0.0,0.9446533559232506,1.0
tree,cp,12.0,2,3,router,16.324632949999998,12.227697866666666,12.214364933333332,0.25389001984079046,0.7475456552319214,0.0008629466610407713,0.0,0.747369973189987,0.9989378843094647,45.06570648829432,42.94237056856187,42.905611705685615,0.08133712403347716,0.9300649148868873,0.0004563344589324085,0.0,0.929970650227994,0.9985149464431101
tree,cp,12.0,2,4,router,9.150034033333332,7.334765833333333,7.334765833333333,0.19561131290736555,0.8034224650298305,0.0014271716802745707,0.0,0.8022591513300145,1.0,8.806325367892976,6.950416789297658,6.950416789297658,0.2052474374380729,0.793160237813288,0.0016532250920611423,0.0,0.7920546424320373,1.0
tree,cp,12.0,2,5,router,9.023062923333333,7.2604001,7.2604001,0.19480114602173426,0.806075207373069,0.0015272123584462317,0.0,0.8037174899527418,1.0,23.180811347826086,22.177865719063544,22.177865719063544,0.06938277210018848,0.9417560021048355,0.0009239286194390077,0.0,0.9404436632096309,1.0
tree,cp,12.0,2,6,attacker,9.988333299999999,4.546770516666666,4.550103849999999,0.543939393939394,0.45584863012886007,0.0013333333333333335,0.0,0.4558351709869365,1.0,22.0398601270903,18.617253244147157,18.617253244147157,0.2796402694478247,0.7698641119133687,0.0009597881615639414,0.0,0.7683739680452446,1.0
tree,cp,12.0,2,7,benign_consumer,9.988333299999999,4.5107957,4.5141290000000005,0.5475824915824916,0.4525481944958536,0.0013333333333333335,0.0,0.45210787114205175,1.0,10.0,4.270587525083612,4.270587525083612,0.5720786459916894,0.4273932006688963,0.0016722408026755853,0.0,0.42705875250836123,1.0
tree,cp,12.0,2,8,benign_consumer,9.988333299999999,4.607847366666666,4.6111807,0.5377037037037037,0.46226720285850786,0.0013333333333333335,0.0,0.46182687617136925,1.0,10.0,4.495753602006689,4.495753602006689,0.5497719671632715,0.449909808361204,0.0016722408026755853,0.0,0.44957536020066885,1.0
tree,cp,12.0,2,9,benign_consumer,9.988333299999999,4.53552,4.538853333333333,0.545060606060606,0.45471426014207206,0.0013333333333333335,0.0,0.4546443038250072,1.0,10.0,4.310571765886287,4.310571765886287,0.5678980439850005,0.4313916247491638,0.0016722408026755853,0.0,0.43105717658862874,1.0
tree,cp,12.0,2,10,benign_consumer,9.988333299999999,4.363667866666666,4.3670012,0.5622727272727273,0.4375626091987857,0.0013333333333333335,0.0,0.4374926528817209,1.0,10.0,4.519263454849498,4.519263454849498,0.5470913144826188,0.452260793645485,0.0016722408026755853,0.0,0.4519263454849498,1.0
tree,cp,12.0,2,11,attacker,9.988333299999999,4.652728356666667,4.656061723333333,0.5336969696969697,0.46648424610057837,0.0013333333333333335,0.0,0.4664142864501201,1.0,22.0398601270903,18.66154789297659,18.66154789297659,0.26984823207203823,0.7766426468330893,0.0009597881615639414,0.0,0.7753842323861799,1.0
tree,cp,12.0,3,0,router,15.640232833333332,15.277060533333334,15.277060533333334,0.02276186155140815,0.9770027670984388,0.0011115337291752138,0.0,0.9770027670984388,1.0,48.01327123745819,48.01310903010033,48.01310903010033,0.0,1.0,0.00037439059695016497,0.0,0.9999979579653016,1.0
tree,cp,12.0,3,1,router,0.04482758443541809,0.04482758443541809,0.04482758443541809,0.0,1.0,0.22084230092362198,0.0,1.0,1.0,0.06688855628753647,0.06019959505807622,0.06019959505807622,0.006688963210702341,0.9564391387688678,0.2913444816201402,0.0,0.9564391387688678,1.0
tree,cp,12.0,3,2,router,19.194005399999998,15.683566164954236,15.683566164954236,0.18349588855310264,0.815260313127966,0.0007344011937839759,0.0,0.8163036108117036,1.0,50.03406337792642,48.08015979374573,48.08015979374573,0.06149021485389407,0.9448846535378106,0.00038951565407573406,0.0,0.9449560648294033,1.0
tree,cp,12.0,3,3,router,15.980737990000002,11.9912243,11.967889933333334,0.24906442686128163,0.7510464542285223,0.0009327233279630054,0.0,0.7506187384342007,0.9979132721482106,45.381667026755856,43.05441872909699,43.010938127090306,0.08771556922539793,0.9237783625799991,0.0004569829893542045,0.0,0.9236865655940112,0.9987506114485488
tree,cp,12.0,3,4,router,8.967270173333333,7.2027811,7.2027811,0.19665436034553682,0.803356621703883,0.0015161314433824811,0.0,0.8028649287051278,1.0,8.788860531772576,6.979644648829432,6.979644648829432,0.20777274564899983,0.7929849719865045,0.00195071975112792,0.0,0.7920405629112307,1.0
tree,cp,12.0,3,5,router,8.873280006666667,7.0947004,7.0947004,0.2005902730740192,0.7984025855008529,0.0015789071050995708,0.0,0.7984025619111561,1.0,23.399607531772574,22.3500318729097,22.3500318729097,0.07392198167558099,0.9381054903290428,0.0008645769315033644,0.0,0.9377560027231897,1.0
tree,cp,12.0,3,6,attacker,9.988333299999999,4.5309010333333335,4.534234433333333,0.5455151515151515,0.4543025111971955,0.0013333333333333335,0.0,0.45423254821340076,1.0,22.0398601270903,18.686092240802676,18.686092240802676,0.2627137088380852,0.7810610987780163,0.0009597881615639414,0.0,0.7794678051738011,1.0
tree,cp,12.0,3,7,benign_consumer,9.988333299999999,4.34846979,4.351803156666667,0.5635521885521885,0.4363130427569728,0.0013333333333333335,0.0,0.4358727127365009,1.0,10.0,4.345542913043478,4.345542913043478,0.5645231580014188,0.43488873946488293,0.0016722408026755853,0.0,0.43455429130434786,1.0
tree,cp,12.0,3,8,benign_consumer,9.988333299999999,4.370881566666667,4.3742149,0.5617643097643097,0.4385410945178045,0.0013333333333333335,0.0,0.43810076783066604,1.0,10.0,4.34873764548495,4.34873764548495,0.5638137225093747,0.43520821270903015,0.0016722408026755853,0.0,0.43487376454849497,1.0
tree,cp,12.0,3,9,benign_consumer,9.988333299999999,4.5897219400000004,4.593055273333333,0.5397037037037037,0.46045619410065686,0.0013333333333333335,0.0,0.46001586741351824,1.0,10.0,4.440122886287625,4.440122886287625,0.5549660484443093,0.44434673678929765,0.0016722408026755853,0.0,0.4440122886287625,1.0
tree,cp,12.0,3,10,benign_consumer,9.988333299999999,4.561121166666667,4.564454466666667,0.5424915824915825,0.45759358339509343,0.0013333333333333335,0.0,0.4571532600412916,1.0,10.0,4.616228969899665,4.616228969899665,0.537600081078342,0.46195734515050163,0.0016722408026755853,0.0,0.46162289698996656,1.0
tree,cp,12.0,3,11,attacker,9.988333299999999,4.305492206666667,4.30882554,0.5678787878787879,0.43174792906343223,0.0013333333333333335,0.0,0.4316779727463674,1.0,22.0398601270903,18.78337856187291,18.78337856187291,0.2652441405114249,0.7807904248769013,0.0009597881615639414,0.0,0.779561270064352,1.0
tree,cp,12.0,4,0,router,15.985588233333335,15.632266,15.632266,0.021719176196417413,0.9780483276982004,0.0009310740916461846,0.0,0.9780483276982004,1.0,47.77636822742475,47.77635719063545,47.77635719063545,0.0,1.0,0.00039798544179608486,0.0,0.9999998451662347,1.0
tree,cp,12.0,4,1,router,0.016666666666666666,0.016666666666666666,0.016666666666666666,0.0,0.9875,0.21440055878973788,0.0,1.0,0.9875,0.08361198882265383,0.076923028439957,0.076923028439957,0.006688963210702341,0.9498619563332881,0.3645559866858851,0.0,0.9498619563332881,1.0
tree,cp,12.0,4,2,router,19.541121333333333,15.998921566666668,15.998921566666668,0.18097524798344397,0.8187272912921854,0.0006455156341982381,0.0,0.818267956370014,1.0,49.71818013377926,47.8599802162474,47.8599802162474,0.05656331802580047,0.9478370072737754,0.00041236127346654106,0.0,0.9486013318754509,1.0
tree,cp,12.0,4,3,router,16.337219983333334,12.239288233333333,12.2359549,0.25089012870960253,0.7488034195348038,0.0008249488986526197,0.0,0.7485830874807053,0.999704614541703,44.678633913043484,42.59648795986622,42.53963143812709,0.07864076788028977,0.9319170033225481,0.0004943473160774646,0.0,0.9315708575559967,0.9978289609449237
tree,cp,12.0,4,4,router,9.0913342,7.3018331000000005,7.3018331000000005,0.19619007844007844,0.8032264431585925,0.001394317607800449,0.0,0.8028848015239354,1.0,8.754131505016721,7.121692173913043,7.121692173913043,0.18612093035169958,0.8137166141107852,0.0019033741637638096,0.0,0.8123373559629374,1.0
tree,cp,12.0,4,5,router,9.06322843,7.278739966666667,7.278739966666667,0.19464457111515934,0.8036589794259724,0.0013274613744953844,0.0,0.8036590372281416,1.0,22.924310421404684,21.896224715719065,21.896224715719065,0.07303615410381144,0.9383334531727436,0.0009967633485610731,0.0,0.9379673645351946,1.0
tree,cp,12.0,4,6,attacker,9.988333299999999,4.4405969333333335,4.4439303,0.5544848484848485,0.4452579287733251,0.0013333333333333335,0.0,0.44518796912292363,1.0,22.0398601270903,18.403499866220734,18.403499866220734,0.28619817756489174,0.7637247444559596,0.0009597881615639414,0.0,0.7615266323143959,1.0
tree,cp,12.0,4,7,benign_consumer,9.988333299999999,4.611216416666667,4.614549716666667,0.5377946127946128,0.46258411211678396,0.0013333333333333335,0.0,0.4621437887629821,1.0,10.0,4.378909331103679,4.378909331103679,0.5607226107226108,0.43822538127090305,0.0016722408026755853,0.0,0.43789093311036786,1.0
tree,cp,12.0,4,8,benign_consumer,9.988333299999999,4.608457666666666,4.611791,0.5376363636363636,0.46201464290934535,0.0013333333333333335,0.0,0.4620011837674217,1.0,10.0,4.259705986622074,4.259705986622074,0.573355629877369,0.4263050468227425,0.0016722408026755853,0.0,0.4259705986622073,1.0
tree,cp,12.0,4,9,benign_consumer,9.988333299999999,4.476209866666666,4.4795432,0.5511515151515152,0.44878295943302876,0.0013333333333333335,0.0,0.4487130031159639,1.0,10.0,4.494425518394649,4.494425518394649,0.5494932603628256,0.44977700000000004,0.0016722408026755853,0.0,0.44944255183946485,1.0
tree,cp,12.0,4,10,benign_consumer,9.988333299999999,4.44919034,4.452523706666667,0.5538181818181819,0.4461154584478975,0.0013333333333333335,0.0,0.44604549879749605,1.0,10.0,4.33540908361204,4.33540908361204,0.5654606263301916,0.43387535652173914,0.0016722408026755853,0.0,0.43354090836120407,1.0
tree,cp,12.0,4,11,attacker,9.988333299999999,4.6073713566666665,4.610704723333333,0.538060606060606,0.46194841377080514,0.0013333333333333335,0.0,0.46187845412034695,1.0,22.0398601270903,18.58890133779264,18.58890133779264,0.27108180783341157,0.774566192352674,0.0009597881615639414,0.0,0.7729778156520333,1.0
tree,cp,12.0,5,0,router,15.739048200000001,15.446545733333332,15.446545733333332,0.019799495649004333,0.9805385856222463,0.0012809039056018788,0.0,0.9805385856222463,1.0,48.280602341137126,48.27976755852843,48.27976755852843,0.0,1.0,0.0003709905151478572,0.0,0.9999894921119641,1.0
tree,cp,12.0,5,1,router,0.03000000000000044,0.03000000000000044,0.03000000000000044,0.0,1.0,0.3566674773332583,0.0,1.0,1.0,0.06688961841720528,0.06354513681185414,0.06354513681185414,0.0033444816053511705,0.8628762541806035,0.33115183950327715,0.0,0.8628762541806035,1.0
tree,cp,12.0,5,2,router,19.1555956,15.7690482,15.7690482,0.17513657733980129,0.8235301801452973,0.0007740119525689197,0.0,0.8233040936750357,1.0,50.28495204013378,48.347491959554326,48.347491959554326,0.059214116424668985,0.9471383337467196,0.00038936838305717405,0.0,0.947125337691405,1.0
tree,cp,12.0,5,3,router,16.332806266666665,12.2536334,12.240300466666666,0.24861956876827093,0.7505690960887408,0.0009228994998008114,0.0,0.7503717480075114,0.9990806888876441,45.33120735785953,43.02898628762542,43.00223210702341,0.08374052979929969,0.9275424950907843,0.0004706852182946805,0.0,0.9272941335095979,0.9991728081566227
tree,cp,12.0,5,4,router,8.746894099999999,6.9019622,6.9019622,0.21275741469859116,0.7888095844962328,0.0017572318588062166,0.0,0.7878383204423699,1.0,9.048546622073578,7.25596575250836,7.25596575250836,0.19609143179377292,0.8036999901544997,0.0019580019400943986,0.0,0.8025530727665134,1.0
tree,cp,12.0,5,5,router,9.415196493333333,7.4574509,7.4574509,0.20796907531466355,0.7937195729576904,0.001597455050007967,0.0,0.7925579802556898,1.0,23.19476287625418,22.159086622073577,22.159086622073577,0.0710590913605183,0.9401281337317664,0.0009641537736694763,0.0,0.939236959726206,1.0
tree,cp,12.0,5,6,attacker,9.988333299999999,4.4359128000000005,4.4392461,0.554976430976431,0.4450460337691058,0.0013333333333333335,0.0,0.44460571041530395,1.0,22.0398601270903,18.691224715719063,18.691224715719063,0.26731109529577096,0.778182703496022,0.0009597881615639414,0.0,0.7773336326048834,1.0
tree,cp,12.0,5,7,benign_consumer,9.988333299999999,4.4327759,4.436109266666667,0.5551515151515151,0.4444757095691517,0.0013333333333333335,0.0,0.44440574991875015,1.0,10.0,4.48089602006689,4.48089602006689,0.5510742880308098,0.4484240501672241,0.0016722408026755853,0.0,0.44808960200668896,1.0
tree,cp,12.0,5,8,benign_consumer,9.988333299999999,4.2770340000000004,4.2803674,0.5708181818181818,0.4289161850661,0.0013333333333333335,0.0,0.42884622208230516,1.0,10.0,4.500527859531773,4.500527859531773,0.548910509780075,0.4503872341137124,0.0016722408026755853,0.0,0.45005278595317727,1.0
tree,cp,12.0,5,9,benign_consumer,9.988333299999999,4.463193366666667,4.4665267,0.5524377104377104,0.44769083474071464,0.0013333333333333335,0.0,0.4472505080532794,1.0,10.0,4.5480187625418065,4.5480187625418065,0.5441218202087768,0.4551363244147157,0.0016722408026755853,0.0,0.4548018762541806,1.0
tree,cp,12.0,5,10,benign_consumer,9.988333299999999,4.737930133333333,4.741263433333334,0.5252626262626262,0.47505367310576824,0.0013333333333333335,0.0,0.4746133497519664,1.0,10.0,4.5379129096989965,4.5379129096989965,0.5450643559339211,0.45412573913043475,0.0016722408026755853,0.0,0.4537912909698996,1.0
tree,cp,12.0,5,11,attacker,9.988333299999999,4.670599660000001,4.67393306,0.5311515151515152,0.46826827452107267,0.0013333333333333335,0.0,0.4681983115372679,1.0,22.0398601270903,18.656849966555185,18.656849966555185,0.2696524311991169,0.7771704043922928,0.0009597881615639414,0.0,0.7761988062149529,1.0
tree,cp,15.0,1,0,router,15.764698533333334,15.4380279,15.4380279,0.020869656860342013,0.979100379667608,0.0010677826716001893,0.0,0.979100379667608,1.0,55.67923879598663,55.67923879598663,55.67923879598663,0.0,1.0,0.00046384114314442957,0.0,1.0,1.0
tree,cp,15.0,1,1,router,0.02341137123737881,0.02341137123737881,0.02341137123737881,0.0,1.0,0.5938047816099832,0.0,1.0,1.0,0.053511705788949884,0.05016722497783382,0.05016722497783382,0.0033444816053511705,0.9832529785978849,0.17258321218076397,0.0,0.9832529785978849,1.0
tree,cp,15.0,1,2,router,19.1643634,15.788031866666588,15.788031866666588,0.1746677400214573,0.8240963471679977,0.0007011958758295041,0.0,0.8242502738324605,1.0,57.42117023411371,55.73275050177557,55.73275050177557,0.04832693868683786,0.9588399690814068,0.00020623291956726696,0.0,0.9592554586214889,1.0
tree,cp,15.0,1,3,router,16.33451004333333,12.236275533333332,12.222942533333333,0.25148542270401986,0.7479854475673959,0.0007729528805331527,0.0,0.7475557230365757,0.9991625910015705,51.85880821739131,50.13868394648829,50.101890969899664,0.06055454444456456,0.9511274512389861,0.00022802348444179326,0.0,0.9509649459367343,0.9988694799803738
tree,cp,15.0,1,4,router,8.652310949999999,6.928087866666666,6.928087866666666,0.19559357744651862,0.8033920679496909,0.0016838365768764255,0.0,0.8026437040710258,1.0,9.119937377926421,7.282486287625418,7.282486287625418,0.19961078961915082,0.7994090814234371,0.0019306053836308785,0.0,0.7990362441881285,1.0
tree,cp,15.0,1,5,router,8.972826846666667,7.2582533,7.2582533,0.18748118288946464,0.8110957527749331,0.0014880204298886274,0.0,0.8102797197015709,1.0,26.379332976588632,25.398242943143813,25.398242943143813,0.06859729934046264,0.9457300167105017,0.0004330000140510639,0.0,0.9453018590225534,1.0
tree,cp,15.0,1,6,attacker,9.988333299999999,4.609177133333334,4.6125104666666665,0.5376363636363636,0.46208708542243243,0.0013333333333333335,0.0,0.46207362628050885,1.0,25.048812473244148,21.96814745819398,21.968147090301002,0.23097029781812392,0.7935069961612804,0.0009144295334681904,0.0,0.8198709868591175,0.9174782860548474
tree,cp,15.0,1,7,benign_consumer,9.988333299999999,4.460412943333333,4.463746276666667,0.5526969696969697,0.44723500324100884,0.0013333333333333335,0.0,0.447165046923944,1.0,10.0,4.492418183946488,4.492418183946488,0.5498175737306172,0.4495762665551839,0.0016722408026755853,0.0,0.44924181839464883,1.0
tree,cp,15.0,1,8,benign_consumer,9.988333299999999,4.201120783333334,4.204454116666667,0.5785757575757575,0.42128599981590314,0.0013333333333333335,0.0,0.4212725406739795,1.0,10.0,4.610831906354515,4.610831906354515,0.537600081078342,0.46141763879598663,0.0016722408026755853,0.0,0.46108319063545156,1.0
tree,cp,15.0,1,9,benign_consumer,9.988333299999999,4.444523533333333,4.447856833333334,0.5540976430976431,0.4458947151879976,0.0013333333333333335,0.0,0.4454543918341958,1.0,10.0,4.509105471571906,4.509105471571906,0.5479831762440458,0.45124499531772577,0.0016722408026755853,0.0,0.45091054715719064,1.0
tree,cp,15.0,1,10,benign_consumer,9.988333299999999,4.39925858,4.402591946666666,0.5585454545454546,0.4411398078526769,0.0013333333333333335,0.0,0.4410698482022187,1.0,10.0,4.554494949832776,4.554494949832776,0.5435390696260262,0.45578394314381276,0.0016722408026755853,0.0,0.4554494949832776,1.0
tree,cp,15.0,1,11,attacker,9.988333299999999,4.566901566666666,4.5702349,0.5422558922558922,0.45807455017365584,0.0013333333333333335,0.0,0.4576342234862206,1.0,25.048812473244148,21.824840033444815,21.824838026755852,0.2331103678929766,0.7937470760455216,0.0009144295334681904,0.0,0.8157378048774117,0.9172703205159564
tree,cp,15.0,2,0,router,16.030144833333335,15.773483366666666,15.773483366666666,0.015991949256628217,0.983815620167479,0.001073819900973438,0.0,0.983815620167479,1.0,55.1389441471572,55.1389441471572,55.1389441471572,0.0,1.0,0.00045799687271610106,0.0,1.0,1.0
tree,cp,15.0,2,1,router,0.029999998867056323,0.029999998867056323,0.029999998867056323,0.0,1.0,0.4823999997456903,0.0,1.0,1.0,0.06338438890881296,0.06338438890881296,0.06338438890881296,0.0,1.0,0.34264586155714116,0.0,1.0,1.0
tree,cp,15.0,2,2,router,19.5624637,16.06014483220039,16.06014483220039,0.1769402206520877,0.8222329203084322,0.0007004452360369713,0.0,0.8218535444755551,1.0,56.83132214046823,55.202328536066005,55.202328536066005,0.04538915019175189,0.9610102161085673,0.00020247168851890893,0.0,0.9611329633643756,1.0
tree,cp,15.0,2,3,router,16.324632949999998,12.227697866666666,12.214364933333332,0.25389001984079046,0.7475456552319214,0.0008629466610407713,0.0,0.747369973189987,0.9989378843094647,51.69196100334448,49.88090535117057,49.84080434782609,0.06359671447517454,0.9494207132819229,0.00022341023867536474,0.0,0.9492481980294806,0.999095968926685
tree,cp,15.0,2,4,router,9.150034033333332,7.334765833333333,7.334765833333333,0.19561131290736555,0.8034224650298305,0.0014271716802745707,0.0,0.8022591513300145,1.0,8.806325367892976,6.950416789297658,6.950416789297658,0.2052474374380729,0.793160237813288,0.0016532250920611423,0.0,0.7920546424320373,1.0
tree,cp,15.0,2,5,router,9.023062923333333,7.2604001,7.2604001,0.19480114602173426,0.806075207373069,0.0015272123584462317,0.0,0.8037174899527418,1.0,26.44704800334448,25.500989096989965,25.500989096989965,0.060800693650590064,0.951781322510795,0.00044234036787953526,0.0,0.9507514653716468,1.0
tree,cp,15.0,2,6,attacker,9.988333299999999,4.546770516666666,4.550103849999999,0.543939393939394,0.45584863012886007,0.0013333333333333335,0.0,0.4558351709869365,1.0,25.048812473244148,21.91703993311037,21.91703993311037,0.22998161259030822,0.79789832964116,0.0009144295334681904,0.0,0.8199061755633085,0.9176328307499196
tree,cp,15.0,2,7,benign_consumer,9.988333299999999,4.5107957,4.5141290000000005,0.5475824915824916,0.4525481944958536,0.0013333333333333335,0.0,0.45210787114205175,1.0,10.0,4.273931973244147,4.273931973244147,0.5717441978311543,0.4277276454849498,0.0016722408026755853,0.0,0.4273931973244147,1.0
tree,cp,15.0,2,8,benign_consumer,9.988333299999999,4.607847366666666,4.6111807,0.5377037037037037,0.46226720285850786,0.0013333333333333335,0.0,0.46182687617136925,1.0,10.0,4.495753602006689,4.495753602006689,0.5497719671632715,0.449909808361204,0.0016722408026755853,0.0,0.44957536020066885,1.0
tree,cp,15.0,2,9,benign_consumer,9.988333299999999,4.53552,4.538853333333333,0.545060606060606,0.45471426014207206,0.0013333333333333335,0.0,0.4546443038250072,1.0,10.0,4.310571765886287,4.310571765886287,0.5678980439850005,0.4313916247491638,0.0016722408026755853,0.0,0.43105717658862874,1.0
tree,cp,15.0,2,10,benign_consumer,9.988333299999999,4.363667866666666,4.3670012,0.5622727272727273,0.4375626091987857,0.0013333333333333335,0.0,0.4374926528817209,1.0,10.0,4.519263454849498,4.519263454849498,0.5470913144826188,0.452260793645485,0.0016722408026755853,0.0,0.4519263454849498,1.0
tree,cp,15.0,2,11,attacker,9.988333299999999,4.652728356666667,4.656061723333333,0.5336969696969697,0.46648424610057837,0.0013333333333333335,0.0,0.4664142864501201,1.0,25.048812473244148,21.927786321070236,21.927784548494984,0.23236328888502802,0.7928866564683933,0.0009144295334681904,0.0,0.8194571573916042,0.918219636068827
tree,cp,15.0,3,0,router,15.640232833333332,15.277060533333334,15.277060533333334,0.02276186155140815,0.9770027670984388,0.0011115337291752138,0.0,0.9770027670984388,1.0,55.123813043478265,55.12364816053511,55.12364816053511,0.0,1.0,0.00046929925782707865,0.0,0.9999979583038417,1.0
tree,cp,15.0,3,1,router,0.04482758443541809,0.04482758443541809,0.04482758443541809,0.0,1.0,0.22084230092362198,0.0,1.0,1.0,0.07357751679714715,0.06688855656300463,0.06688855656300463,0.006688963210702341,0.9664724581667847,0.29134448162012705,0.0,0.9664724581667847,1.0
tree,cp,15.0,3,2,router,19.194005399999998,15.683566164954236,15.683566164954236,0.18349588855310264,0.815260313127966,0.0007344011937839759,0.0,0.8163036108117036,1.0,56.86106872909699,55.1973905602754,55.1973905602754,0.04791268064405551,0.9589024912460423,0.00020449335384893521,0.0,0.9590981546704975,1.0
tree,cp,15.0,3,3,router,15.980737990000002,11.9912243,11.967889933333334,0.24906442686128163,0.7510464542285223,0.0009327233279630054,0.0,0.7506187384342007,0.9979132721482106,51.871143046822745,49.88142408026756,49.8312618729097,0.06716436216632926,0.9451100465149885,0.00022134552049783316,0.0,0.9449033529986747,0.9988484320669739
tree,cp,15.0,3,4,router,8.967270173333333,7.2027811,7.2027811,0.19665436034553682,0.803356621703883,0.0015161314433824811,0.0,0.8028649287051278,1.0,8.79220497993311,6.979644648829432,6.979644648829432,0.2080085744801464,0.7927366293227369,0.0019506828881944523,0.0,0.7917922200535633,1.0
tree,cp,15.0,3,5,router,8.873280006666667,7.0947004,7.0947004,0.2005902730740192,0.7984025855008529,0.0015789071050995708,0.0,0.7984025619111561,1.0,26.632641846153845,25.606471973244147,25.606471973244147,0.06782695878172662,0.9454767768628562,0.00042974357126464963,0.0,0.9450315847044148,1.0
tree,cp,15.0,3,6,attacker,9.988333299999999,4.5309010333333335,4.534234433333333,0.5455151515151515,0.4543025111971955,0.0013333333333333335,0.0,0.45423254821340076,1.0,25.048812473244148,21.91912608695652,21.919128160535116,0.22467043825739477,0.7979907081543653,0.0009144295334681904,0.0,0.8217550526634713,0.9169847694363042
tree,cp,15.0,3,7,benign_consumer,9.988333299999999,4.34846979,4.351803156666667,0.5635521885521885,0.4363130427569728,0.0013333333333333335,0.0,0.4358727127365009,1.0,10.0,4.345542913043478,4.345542913043478,0.5645231580014188,0.43488873946488293,0.0016722408026755853,0.0,0.43455429130434786,1.0
tree,cp,15.0,3,8,benign_consumer,9.988333299999999,4.370881566666667,4.3742149,0.5617643097643097,0.4385410945178045,0.0013333333333333335,0.0,0.43810076783066604,1.0,10.0,4.3520820936454845,4.3520820936454845,0.5634792743488395,0.43520821270903015,0.0016722408026755853,0.0,0.43520820936454846,1.0
tree,cp,15.0,3,9,benign_consumer,9.988333299999999,4.5897219400000004,4.593055273333333,0.5397037037037037,0.46045619410065686,0.0013333333333333335,0.0,0.46001586741351824,1.0,10.0,4.440122886287625,4.440122886287625,0.5549660484443093,0.44434673678929765,0.0016722408026755853,0.0,0.4440122886287625,1.0
tree,cp,15.0,3,10,benign_consumer,9.988333299999999,4.561121166666667,4.564454466666667,0.5424915824915825,0.45759358339509343,0.0013333333333333335,0.0,0.4571532600412916,1.0,10.0,4.619573451505016,4.616228969899665,0.5372656329178068,0.46195734515050163,0.0016722408026755853,0.0,0.46195734515050163,0.999309271702212
tree,cp,15.0,3,11,attacker,9.988333299999999,4.305492206666667,4.30882554,0.5678787878787879,0.43174792906343223,0.0013333333333333335,0.0,0.4316779727463674,1.0,25.048812473244148,22.01306923076923,22.01306839464883,0.2228286206547076,0.7987986339563279,0.0009144295334681904,0.0,0.8238515215752796,0.9173462833769491
tree,cp,15.0,4,0,router,15.985588233333335,15.632266,15.632266,0.021719176196417413,0.9780483276982004,0.0009310740916461846,0.0,0.9780483276982004,1.0,54.809294648829436,54.8092839464883,54.8092839464883,0.0,1.0,0.0005763932818088258,0.0,0.9999998579671472,1.0
tree,cp,15.0,4,1,router,0.016666666666666666,0.016666666666666666,0.016666666666666666,0.0,0.9875,0.21440055878973788,0.0,1.0,0.9875,0.09030093872603581,0.08361197833564668,0.08361197833564668,0.006688963210702341,0.9498885671961417,0.2943227719680977,0.0,0.9498885671961417,1.0
tree,cp,15.0,4,2,router,19.541121333333333,15.998921566666668,15.998921566666668,0.18097524798344397,0.8187272912921854,0.0006455156341982381,0.0,0.818267956370014,1.0,56.521183478260866,54.89959558755547,54.89959558755547,0.04801278350144358,0.9586811780407085,0.00021351415376621476,0.0,0.9597893066607299,1.0
tree,cp,15.0,4,3,router,16.337219983333334,12.239288233333333,12.2359549,0.25089012870960253,0.7488034195348038,0.0008249488986526197,0.0,0.7485830874807053,0.999704614541703,51.23764682274248,49.40283578595317,49.33929264214047,0.06741764704311262,0.9455978661927027,0.00023634695364008012,0.0,0.945263588824439,0.9975932208348792
tree,cp,15.0,4,4,router,9.0913342,7.3018331000000005,7.3018331000000005,0.19619007844007844,0.8032264431585925,0.001394317607800449,0.0,0.8028848015239354,1.0,8.754131505016721,7.118347692307693,7.118347692307693,0.1865987134381783,0.8132812813418202,0.0019033741637638096,0.0,0.8119020193559169,1.0
tree,cp,15.0,4,5,router,9.06322843,7.278739966666667,7.278739966666667,0.19464457111515934,0.8036589794259724,0.0013274613744953844,0.0,0.8036590372281416,1.0,26.190114635451504,25.182098093645486,25.182098093645486,0.06854879777848814,0.9457217062319213,0.0004698293135937408,0.0,0.9454375885896408,1.0
tree,cp,15.0,4,6,attacker,9.988333299999999,4.4405969333333335,4.4439303,0.5544848484848485,0.4452579287733251,0.0013333333333333335,0.0,0.44518796912292363,1.0,25.048812473244148,21.676639464882943,21.67663939799331,0.24491866828823353,0.7884659759931717,0.0009144295334681904,0.0,0.8062290118000729,0.9169463682577871
tree,cp,15.0,4,7,benign_consumer,9.988333299999999,4.611216416666667,4.614549716666667,0.5377946127946128,0.46258411211678396,0.0013333333333333335,0.0,0.4621437887629821,1.0,10.0,4.378909331103679,4.378909331103679,0.5607226107226108,0.43822538127090305,0.0016722408026755853,0.0,0.43789093311036786,1.0
tree,cp,15.0,4,8,benign_consumer,9.988333299999999,4.608457666666666,4.611791,0.5376363636363636,0.46201464290934535,0.0013333333333333335,0.0,0.4620011837674217,1.0,10.0,4.259705986622074,4.259705986622074,0.573355629877369,0.4263050468227425,0.0016722408026755853,0.0,0.4259705986622073,1.0
tree,cp,15.0,4,9,benign_consumer,9.988333299999999,4.476209866666666,4.4795432,0.5511515151515152,0.44878295943302876,0.0013333333333333335,0.0,0.4487130031159639,1.0,10.0,4.494425518394649,4.494425518394649,0.5494932603628256,0.44977700000000004,0.0016722408026755853,0.0,0.44944255183946485,1.0
tree,cp,15.0,4,10,benign_consumer,9.988333299999999,4.44919034,4.452523706666667,0.5538181818181819,0.4461154584478975,0.0013333333333333335,0.0,0.44604549879749605,1.0,10.0,4.33540908361204,4.33540908361204,0.5654606263301916,0.43387535652173914,0.0016722408026755853,0.0,0.43354090836120407,1.0
tree,cp,15.0,4,11,attacker,9.988333299999999,4.6073713566666665,4.610704723333333,0.538060606060606,0.46194841377080514,0.0013333333333333335,0.0,0.46187845412034695,1.0,25.048812473244148,21.85470498327759,21.854705551839466,0.23315832718006632,0.7961719427578102,0.0009144295334681904,0.0,0.8156572612536938,0.916990735352849
tree,cp,15.0,5,0,router,15.739048200000001,15.446545733333332,15.446545733333332,0.019799495649004333,0.9805385856222463,0.0012809039056018788,0.0,0.9805385856222463,1.0,55.52453344481606,55.523699665551845,55.523699665551845,0.0,1.0,0.00048648639212093485,0.0,0.999989668646643,1.0
tree,cp,15.0,5,1,router,0.03000000000000044,0.03000000000000044,0.03000000000000044,0.0,1.0,0.3566674773332583,0.0,1.0,1.0,0.07023410001981664,0.0668896184144655,0.0668896184144655,0.0033444816053511705,0.8628762541806035,0.2876735786337124,0.0,0.8628762541806035,1.0
tree,cp,15.0,5,2,router,19.1555956,15.7690482,15.7690482,0.17513657733980129,0.8235301801452973,0.0007740119525689197,0.0,0.8233040936750357,1.0,57.215237324414716,55.59476754483587,55.59476754483587,0.04637869465780641,0.9606370708396039,0.00020681255649119136,0.0,0.9604770244405748,1.0
tree,cp,15.0,5,3,router,16.332806266666665,12.2536334,12.240300466666666,0.24861956876827093,0.7505690960887408,0.0009228994998008114,0.0,0.7503717480075114,0.9990806888876441,51.94442347826087,49.959271571906356,49.929175919732444,0.0709188801410572,0.9427918397128067,0.00022640545128837594,0.0,0.9425113582484709,0.9992037161369518
tree,cp,15.0,5,4,router,8.746894099999999,6.9019622,6.9019622,0.21275741469859116,0.7888095844962328,0.0017572318588062166,0.0,0.7878383204423699,1.0,9.048546622073578,7.25596575250836,7.25596575250836,0.19609143179377292,0.8036999901544997,0.0019580019400943986,0.0,0.8025530727665134,1.0
tree,cp,15.0,5,5,router,9.415196493333333,7.4574509,7.4574509,0.20796907531466355,0.7937195729576904,0.001597455050007967,0.0,0.7925579802556898,1.0,26.501380769230767,25.489110535117057,25.489110535117057,0.06471653454294043,0.9473279354326138,0.00044712214855464964,0.0,0.9466212322429443,1.0
tree,cp,15.0,5,6,attacker,9.988333299999999,4.4359128000000005,4.4392461,0.554976430976431,0.4450460337691058,0.0013333333333333335,0.0,0.44460571041530395,1.0,25.048812473244148,21.974416488294313,21.974416923076923,0.22459153165674903,0.8005458526707052,0.0009144295334681904,0.0,0.8229387451368638,0.9170977831025118
tree,cp,15.0,5,7,benign_consumer,9.988333299999999,4.4327759,4.436109266666667,0.5551515151515151,0.4444757095691517,0.0013333333333333335,0.0,0.44440574991875015,1.0,10.0,4.48089602006689,4.48089602006689,0.5510742880308098,0.4484240501672241,0.0016722408026755853,0.0,0.44808960200668896,1.0
tree,cp,15.0,5,8,benign_consumer,9.988333299999999,4.2770340000000004,4.2803674,0.5708181818181818,0.4289161850661,0.0013333333333333335,0.0,0.42884622208230516,1.0,10.0,4.500527859531773,4.500527859531773,0.548910509780075,0.4503872341137124,0.0016722408026755853,0.0,0.45005278595317727,1.0
tree,cp,15.0,5,9,benign_consumer,9.988333299999999,4.463193366666667,4.4665267,0.5524377104377104,0.44769083474071464,0.0013333333333333335,0.0,0.4472505080532794,1.0,10.0,4.5480187625418065,4.5480187625418065,0.5441218202087768,0.4551363244147157,0.0016722408026755853,0.0,0.4548018762541806,1.0
tree,cp,15.0,5,10,benign_consumer,9.988333299999999,4.737930133333333,4.741263433333334,0.5252626262626262,0.47505367310576824,0.0013333333333333335,0.0,0.4746133497519664,1.0,10.0,4.5379129096989965,4.5379129096989965,0.5450643559339211,0.45412573913043475,0.0016722408026755853,0.0,0.4537912909698996,1.0
tree,cp,15.0,5,11,attacker,9.988333299999999,4.670599660000001,4.67393306,0.5311515151515152,0.46826827452107267,0.0013333333333333335,0.0,0.4681983115372679,1.0,25.048812473244148,21.963467023411372,21.963467859531775,0.23010323010323014,0.7964741152496319,0.0009144295334681904,0.0,0.8188931368394784,0.9170414090452033
tree,cp,20.0,1,0,router,15.764698533333334,15.4380279,15.4380279,0.020869656860342013,0.979100379667608,0.0010677826716001893,0.0,0.979100379667608,1.0,67.21688428093645,67.21688428093645,67.21688428093645,0.0,1.0,0.00039010915127291984,0.0,1.0,1.0
tree,cp,20.0,1,1,router,0.02341137123737881,0.02341137123737881,0.02341137123737881,0.0,1.0,0.5938047816099832,0.0,1.0,1.0,0.06688962081070447,0.06354513999958841,0.06354513999958841,0.0033444816053511705,0.9832529785978849,0.14582735934406632,0.0,0.9832529785978849,1.0
tree,cp,20.0,1,2,router,19.1643634,15.788031866666588,15.788031866666588,0.1746677400214573,0.8240963471679977,0.0007011958758295041,0.0,0.8242502738324605,1.0,68.66759364548494,67.28377390174717,67.28377390174717,0.03587311916938244,0.9715754664637004,0.00019137086728784417,0.0,0.9721408850537686,1.0
tree,cp,20.0,1,3,router,16.33451004333333,12.236275533333332,12.222942533333333,0.25148542270401986,0.7479854475673959,0.0007729528805331527,0.0,0.7475557230365757,0.9991625910015705,62.95175617725753,61.385107357859525,61.33828461538461,0.04796290943421177,0.965002498892586,0.00020838205269624972,0.0,0.964918262661629,0.998825182989535
tree,cp,20.0,1,4,router,8.652310949999999,6.928087866666666,6.928087866666666,0.19559357744651862,0.8033920679496909,0.0016838365768764255,0.0,0.8026437040710258,1.0,9.119937377926421,7.282486287625418,7.282486287625418,0.19961078961915082,0.7994090814234371,0.0019306053836308785,0.0,0.7990362441881285,1.0
tree,cp,20.0,1,5,router,8.972826846666667,7.2582533,7.2582533,0.18748118288946464,0.8110957527749331,0.0014880204298886274,0.0,0.8102797197015709,1.0,31.864554080267556,30.990478662207362,30.990478662207362,0.049918944986171734,0.9631710326234844,0.00040168247026125306,0.0,0.9627823803536946,1.0
tree,cp,20.0,1,6,attacker,9.988333299999999,4.609177133333334,4.6125104666666665,0.5376363636363636,0.46208708542243243,0.0013333333333333335,0.0,0.46207362628050885,1.0,30.060142107023413,27.469076588628763,27.46885933110368,0.15873456253891036,0.8071861448126618,0.000868061057690406,0.0,0.8833003493484152,0.8378942235367891
tree,cp,20.0,1,7,benign_consumer,9.988333299999999,4.460412943333333,4.463746276666667,0.5526969696969697,0.44723500324100884,0.0013333333333333335,0.0,0.447165046923944,1.0,10.0,4.492418183946488,4.492418183946488,0.5498175737306172,0.4495762665551839,0.0016722408026755853,0.0,0.44924181839464883,1.0
tree,cp,20.0,1,8,benign_consumer,9.988333299999999,4.201120783333334,4.204454116666667,0.5785757575757575,0.42128599981590314,0.0013333333333333335,0.0,0.4212725406739795,1.0,10.0,4.610831906354515,4.610831906354515,0.537600081078342,0.46141763879598663,0.0016722408026755853,0.0,0.46108319063545156,1.0
tree,cp,20.0,1,9,benign_consumer,9.988333299999999,4.444523533333333,4.447856833333334,0.5540976430976431,0.4458947151879976,0.0013333333333333335,0.0,0.4454543918341958,1.0,10.0,4.509105471571906,4.509105471571906,0.5479831762440458,0.45124499531772577,0.0016722408026755853,0.0,0.45091054715719064,1.0
tree,cp,20.0,1,10,benign_consumer,9.988333299999999,4.39925858,4.402591946666666,0.5585454545454546,0.4411398078526769,0.0013333333333333335,0.0,0.4410698482022187,1.0,10.0,4.551150501672241,4.551150501672241,0.5438735177865612,0.45544949832775916,0.0016722408026755853,0.0,0.45511505016722403,1.0
tree,cp,20.0,1,11,attacker,9.988333299999999,4.566901566666666,4.5702349,0.5422558922558922,0.45807455017365584,0.0013333333333333335,0.0,0.4576342234862206,1.0,30.060142107023413,27.313618695652174,27.313403578595317,0.18060707408533494,0.8027425116939642,0.000868061057690406,0.0,0.871788178078639,0.8386648555697679
tree,cp,20.0,2,0,router,16.030144833333335,15.773483366666666,15.773483366666666,0.015991949256628217,0.983815620167479,0.001073819900973438,0.0,0.983815620167479,1.0,66.73004983277592,66.73004983277592,66.73004983277592,0.0,1.0,0.0003799865458804135,0.0,1.0,1.0
tree,cp,20.0,2,1,router,0.029999998867056323,0.029999998867056323,0.029999998867056323,0.0,1.0,0.4823999997456903,0.0,1.0,1.0,0.08010679725954183,0.07341783372484992,0.07341783372484992,0.006688963210702341,0.963077884511458,0.2607070771039693,0.0,0.963077884511458,1.0
tree,cp,20.0,2,2,router,19.5624637,16.06014483220039,16.06014483220039,0.1769402206520877,0.8222329203084322,0.0007004452360369713,0.0,0.8218535444755551,1.0,68.07784923076923,66.81015663003546,66.81015663003546,0.03392528433328883,0.9737594146931937,0.00018757687724346,0.0,0.9739685873730924,1.0
tree,cp,20.0,2,3,router,16.324632949999998,12.227697866666666,12.214364933333332,0.25389001984079046,0.7475456552319214,0.0008629466610407713,0.0,0.747369973189987,0.9989378843094647,62.757592976588626,61.12743244147157,61.073956521739134,0.05146846376039379,0.9628817191654042,0.00020426234105863663,0.0,0.9627514778377788,0.9988041631809518
tree,cp,20.0,2,4,router,9.150034033333332,7.334765833333333,7.334765833333333,0.19561131290736555,0.8034224650298305,0.0014271716802745707,0.0,0.8022591513300145,1.0,8.806325367892976,6.950416789297658,6.950416789297658,0.2052474374380729,0.793160237813288,0.0016532250920611423,0.0,0.7920546424320373,1.0
tree,cp,20.0,2,5,router,9.023062923333333,7.2604001,7.2604001,0.19480114602173426,0.806075207373069,0.0015272123584462317,0.0,0.8037174899527418,1.0,31.945893956521736,31.096122073578595,31.096122073578595,0.05000248687324756,0.9637158107720208,0.0004033482486139249,0.0,0.9628038431438263,1.0
tree,cp,20.0,2,6,attacker,9.988333299999999,4.546770516666666,4.550103849999999,0.543939393939394,0.45584863012886007,0.0013333333333333335,0.0,0.4558351709869365,1.0,30.060142107023413,27.387753779264212,27.387538929765885,0.17100725361594926,0.8048125535053519,0.000868061057690406,0.0,0.8764826115750483,0.8380442804169975
tree,cp,20.0,2,7,benign_consumer,9.988333299999999,4.5107957,4.5141290000000005,0.5475824915824916,0.4525481944958536,0.0013333333333333335,0.0,0.45210787114205175,1.0,10.0,4.273931973244147,4.273931973244147,0.5717441978311543,0.4277276454849498,0.0016722408026755853,0.0,0.4273931973244147,1.0
tree,cp,20.0,2,8,benign_consumer,9.988333299999999,4.607847366666666,4.6111807,0.5377037037037037,0.46226720285850786,0.0013333333333333335,0.0,0.46182687617136925,1.0,10.0,4.495753602006689,4.495753602006689,0.5497719671632715,0.449909808361204,0.0016722408026755853,0.0,0.44957536020066885,1.0
tree,cp,20.0,2,9,benign_consumer,9.988333299999999,4.53552,4.538853333333333,0.545060606060606,0.45471426014207206,0.0013333333333333335,0.0,0.4546443038250072,1.0,10.0,4.310571765886287,4.310571765886287,0.5678980439850005,0.4313916247491638,0.0016722408026755853,0.0,0.43105717658862874,1.0
tree,cp,20.0,2,10,benign_consumer,9.988333299999999,4.363667866666666,4.3670012,0.5622727272727273,0.4375626091987857,0.0013333333333333335,0.0,0.4374926528817209,1.0,10.0,4.519263454849498,4.519263454849498,0.5470913144826188,0.452260793645485,0.0016722408026755853,0.0,0.4519263454849498,1.0
tree,cp,20.0,2,11,attacker,9.988333299999999,4.652728356666667,4.656061723333333,0.5336969696969697,0.46648424610057837,0.0013333333333333335,0.0,0.4664142864501201,1.0,30.060142107023413,27.4268435451505,27.42663050167224,0.16727258248997381,0.8050645682440741,0.000868061057690406,0.0,0.8794442887396687,0.8384038992108263
tree,cp,20.0,3,0,router,15.640232833333332,15.277060533333334,15.277060533333334,0.02276186155140815,0.9770027670984388,0.0011115337291752138,0.0,0.9770027670984388,1.0,66.7800347826087,66.77987056856188,66.77987056856188,0.0,1.0,0.0003899277406665142,0.0,0.9999981096725477,1.0
tree,cp,20.0,3,1,router,0.04482758443541809,0.04482758443541809,0.04482758443541809,0.0,1.0,0.22084230092362198,0.0,1.0,1.0,0.0836109612101089,0.07357751977030873,0.07357751977030873,0.010033444816053512,0.9647502790420933,0.29134448162012705,0.0,0.9647502790420933,1.0
tree,cp,20.0,3,2,router,19.194005399999998,15.683566164954236,15.683566164954236,0.18349588855310264,0.815260313127966,0.0007344011937839759,0.0,0.8163036108117036,1.0,68.25104598662207,66.86364574381881,66.86364574381881,0.03545668002282959,0.97177905573285,0.00019026359291754298,0.0,0.9721841660939166,1.0
tree,cp,20.0,3,3,router,15.980737990000002,11.9912243,11.967889933333334,0.24906442686128163,0.7510464542285223,0.0009327233279630054,0.0,0.7506187384342007,0.9979132721482106,62.98363930100334,61.271401337792646,61.21119799331104,0.051174754777943955,0.9622428235045123,0.0002041633651572793,0.0,0.96215771553363,0.998792028449709
tree,cp,20.0,3,4,router,8.967270173333333,7.2027811,7.2027811,0.19665436034553682,0.803356621703883,0.0015161314433824811,0.0,0.8028649287051278,1.0,8.788860531772576,6.979644648829432,6.979644648829432,0.20777274564899983,0.7929849719865045,0.00195071975112792,0.0,0.7920405629112307,1.0
tree,cp,20.0,3,5,router,8.873280006666667,7.0947004,7.0947004,0.2005902730740192,0.7984025855008529,0.0015789071050995708,0.0,0.7984025619111561,1.0,32.0912219464883,31.170736454849497,31.16739264214047,0.05232205971558492,0.961266911338281,0.0003977287519772866,0.0,0.9608315272515588,0.9999152610318225
tree,cp,20.0,3,6,attacker,9.988333299999999,4.5309010333333335,4.534234433333333,0.5455151515151515,0.4543025111971955,0.0013333333333333335,0.0,0.45423254821340076,1.0,30.060142107023413,27.467575785953176,27.46735993311037,0.16277219157653938,0.8051096033213124,0.000868061057690406,0.0,0.8819590762927524,0.8380561744106727
tree,cp,20.0,3,7,benign_consumer,9.988333299999999,4.34846979,4.351803156666667,0.5635521885521885,0.4363130427569728,0.0013333333333333335,0.0,0.4358727127365009,1.0,10.0,4.345542913043478,4.345542913043478,0.5645231580014188,0.43488873946488293,0.0016722408026755853,0.0,0.43455429130434786,1.0
tree,cp,20.0,3,8,benign_consumer,9.988333299999999,4.370881566666667,4.3742149,0.5617643097643097,0.4385410945178045,0.0013333333333333335,0.0,0.43810076783066604,1.0,10.0,4.34873764548495,4.34873764548495,0.5638137225093747,0.43520821270903015,0.0016722408026755853,0.0,0.43487376454849497,1.0
tree,cp,20.0,3,9,benign_consumer,9.988333299999999,4.5897219400000004,4.593055273333333,0.5397037037037037,0.46045619410065686,0.0013333333333333335,0.0,0.46001586741351824,1.0,10.0,4.440122886287625,4.440122886287625,0.5549660484443093,0.44434673678929765,0.0016722408026755853,0.0,0.4440122886287625,1.0
tree,cp,20.0,3,10,benign_consumer,9.988333299999999,4.561121166666667,4.564454466666667,0.5424915824915825,0.45759358339509343,0.0013333333333333335,0.0,0.4571532600412916,1.0,10.0,4.616228969899665,4.616228969899665,0.537600081078342,0.46195734515050163,0.0016722408026755853,0.0,0.46162289698996656,1.0
tree,cp,20.0,3,11,attacker,9.988333299999999,4.305492206666667,4.30882554,0.5678787878787879,0.43174792906343223,0.0013333333333333335,0.0,0.4316779727463674,1.0,30.060142107023413,27.47520220735786,27.471648127090305,0.16652984696462955,0.8047144252908056,0.000868061057690406,0.0,0.8811473219041395,0.8388336869034818
tree,cp,20.0,4,0,router,15.985588233333335,15.632266,15.632266,0.021719176196417413,0.9780483276982004,0.0009310740916461846,0.0,0.9780483276982004,1.0,66.50091404682274,66.50090334448161,66.50090334448161,0.0,1.0,0.00046469684425005844,0.0,0.9999998634693531,1.0
tree,cp,20.0,4,1,router,0.016666666666666666,0.016666666666666666,0.016666666666666666,0.0,0.9875,0.21440055878973788,0.0,1.0,0.9875,0.10702334391214653,0.09698990207694139,0.09698990207694139,0.010033444816053512,0.9353958707444395,0.23412139095418624,0.0,0.9353958707444395,1.0
tree,cp,20.0,4,2,router,19.541121333333333,15.998921566666668,15.998921566666668,0.18097524798344397,0.8187272912921854,0.0006455156341982381,0.0,0.818267956370014,1.0,67.86883130434782,66.60793739073489,66.60793739073489,0.03283272938653669,0.9742081204276676,0.00019810266944508026,0.0,0.9748512965810516,1.0
tree,cp,20.0,4,3,router,16.337219983333334,12.239288233333333,12.2359549,0.25089012870960253,0.7488034195348038,0.0008249488986526197,0.0,0.7485830874807053,0.999704614541703,62.26223127090301,60.74713913043478,60.670217725752515,0.04648506507186079,0.9658352058483509,0.000217301796229476,0.0,0.9655643927190454,0.9984987136767175
tree,cp,20.0,4,4,router,9.0913342,7.3018331000000005,7.3018331000000005,0.19619007844007844,0.8032264431585925,0.001394317607800449,0.0,0.8028848015239354,1.0,8.754131505016721,7.121692173913043,7.121692173913043,0.18612093035169958,0.8137166141107852,0.0019033741637638096,0.0,0.8123373559629374,1.0
tree,cp,20.0,4,5,router,9.06322843,7.278739966666667,7.278739966666667,0.19464457111515934,0.8036589794259724,0.0013274613744953844,0.0,0.8036590372281416,1.0,31.64520577257525,30.704073010033447,30.700728862876254,0.0565995368030458,0.9590804492123721,0.0004321847022936738,0.0,0.9587302186839279,0.999915280825076
tree,cp,20.0,4,6,attacker,9.988333299999999,4.4405969333333335,4.4439303,0.5544848484848485,0.4452579287733251,0.0013333333333333335,0.0,0.44518796912292363,1.0,30.060142107023413,27.179462240802675,27.179248929765887,0.18878711867842302,0.8020942306054938,0.000868061057690406,0.0,0.864733451435264,0.8381128234347666
tree,cp,20.0,4,7,benign_consumer,9.988333299999999,4.611216416666667,4.614549716666667,0.5377946127946128,0.46258411211678396,0.0013333333333333335,0.0,0.4621437887629821,1.0,10.0,4.378909331103679,4.378909331103679,0.5607226107226108,0.43822538127090305,0.0016722408026755853,0.0,0.43789093311036786,1.0
tree,cp,20.0,4,8,benign_consumer,9.988333299999999,4.608457666666666,4.611791,0.5376363636363636,0.46201464290934535,0.0013333333333333335,0.0,0.4620011837674217,1.0,10.0,4.259705986622074,4.259705986622074,0.573355629877369,0.4263050468227425,0.0016722408026755853,0.0,0.4259705986622073,1.0
tree,cp,20.0,4,9,benign_consumer,9.988333299999999,4.476209866666666,4.4795432,0.5511515151515152,0.44878295943302876,0.0013333333333333335,0.0,0.4487130031159639,1.0,10.0,4.494425518394649,4.494425518394649,0.5494932603628256,0.44977700000000004,0.0016722408026755853,0.0,0.44944255183946485,1.0
tree,cp,20.0,4,10,benign_consumer,9.988333299999999,4.44919034,4.452523706666667,0.5538181818181819,0.4461154584478975,0.0013333333333333335,0.0,0.44604549879749605,1.0,10.0,4.33540908361204,4.33540908361204,0.5654606263301916,0.43387535652173914,0.0016722408026755853,0.0,0.43354090836120407,1.0
tree,cp,20.0,4,11,attacker,9.988333299999999,4.6073713566666665,4.610704723333333,0.538060606060606,0.46194841377080514,0.0013333333333333335,0.0,0.46187845412034695,1.0,30.060142107023413,27.31001431438127,27.30645260869565,0.17424477696216825,0.8038216466008263,0.000868061057690406,0.0,0.8733086731601487,0.8378402438919448
tree,cp,20.0,5,0,router,15.739048200000001,15.446545733333332,15.446545733333332,0.019799495649004333,0.9805385856222463,0.0012809039056018788,0.0,0.9805385856222463,1.0,67.17138394648829,67.17054849498328,67.17054849498328,0.0,1.0,0.0004046121261130995,0.0,0.9999902492223094,1.0
tree,cp,20.0,5,1,router,0.03000000000000044,0.03000000000000044,0.03000000000000044,0.0,1.0,0.3566674773332583,0.0,1.0,1.0,0.09030097885989052,0.08026754080002454,0.08026754080002454,0.008361204013377926,0.8300872462314367,0.2040668893297036,0.0,0.8300872462314367,1.0
tree,cp,20.0,5,2,router,19.1555956,15.7690482,15.7690482,0.17513657733980129,0.8235301801452973,0.0007740119525689197,0.0,0.8233040936750357,1.0,68.59442929765886,67.26168492534818,67.26168492534818,0.034725673017694,0.9727789767479045,0.00019101481021402316,0.0,0.9731435165901384,1.0
tree,cp,20.0,5,3,router,16.332806266666665,12.2536334,12.240300466666666,0.24861956876827093,0.7505690960887408,0.0009228994998008114,0.0,0.7503717480075114,0.9990806888876441,63.05346224080267,61.3384635451505,61.28829163879598,0.053275752299376505,0.961092223868745,0.00020605433405454827,0.0,0.9608126993032062,0.9989032395487553
tree,cp,20.0,5,4,router,8.746894099999999,6.9019622,6.9019622,0.21275741469859116,0.7888095844962328,0.0017572318588062166,0.0,0.7878383204423699,1.0,9.048546622073578,7.25596575250836,7.25596575250836,0.19609143179377292,0.8036999901544997,0.0019580019400943986,0.0,0.8025530727665134,1.0
tree,cp,20.0,5,5,router,9.415196493333333,7.4574509,7.4574509,0.20796907531466355,0.7937195729576904,0.001597455050007967,0.0,0.7925579802556898,1.0,31.99742705685619,31.095558795986623,31.095558795986623,0.05087307860522387,0.962531765459394,0.0004133961301014904,0.0,0.9617960440947029,1.0
tree,cp,20.0,5,6,attacker,9.988333299999999,4.4359128000000005,4.4392461,0.554976430976431,0.4450460337691058,0.0013333333333333335,0.0,0.44460571041530395,1.0,30.060142107023413,27.477223979933108,27.477007424749164,0.164588491218926,0.8073600215090859,0.000868061057690406,0.0,0.8810407349583097,0.8380650376357388
tree,cp,20.0,5,7,benign_consumer,9.988333299999999,4.4327759,4.436109266666667,0.5551515151515151,0.4444757095691517,0.0013333333333333335,0.0,0.44440574991875015,1.0,10.0,4.48089602006689,4.48089602006689,0.5510742880308098,0.4484240501672241,0.0016722408026755853,0.0,0.44808960200668896,1.0
tree,cp,20.0,5,8,benign_consumer,9.988333299999999,4.2770340000000004,4.2803674,0.5708181818181818,0.4289161850661,0.0013333333333333335,0.0,0.42884622208230516,1.0,10.0,4.500527859531773,4.500527859531773,0.548910509780075,0.4503872341137124,0.0016722408026755853,0.0,0.45005278595317727,1.0
tree,cp,20.0,5,9,benign_consumer,9.988333299999999,4.463193366666667,4.4665267,0.5524377104377104,0.44769083474071464,0.0013333333333333335,0.0,0.4472505080532794,1.0,10.0,4.5480187625418065,4.5480187625418065,0.5441218202087768,0.4551363244147157,0.0016722408026755853,0.0,0.4548018762541806,1.0
tree,cp,20.0,5,10,benign_consumer,9.988333299999999,4.737930133333333,4.741263433333334,0.5252626262626262,0.47505367310576824,0.0013333333333333335,0.0,0.4746133497519664,1.0,10.0,4.5379129096989965,4.5379129096989965,0.5450643559339211,0.45412573913043475,0.0016722408026755853,0.0,0.4537912909698996,1.0
tree,cp,20.0,5,11,attacker,9.988333299999999,4.670599660000001,4.67393306,0.5311515151515152,0.46826827452107267,0.0013333333333333335,0.0,0.4681983115372679,1.0,30.060142107023413,27.459728595317724,27.45951414715719,0.16098394359263926,0.8068816647782407,0.000868061057690406,0.0,0.8820952541044661,0.8379074701015913
tree,cp,30.0,1,0,router,15.764698533333334,15.4380279,15.4380279,0.020869656860342013,0.979100379667608,0.0010677826716001893,0.0,0.979100379667608,1.0,89.28070802675586,89.28070802675586,89.28070802675586,0.0,1.0,0.00025735937960884216,0.0,1.0,1.0
tree,cp,30.0,1,1,router,0.02341137123737881,0.02341137123737881,0.02341137123737881,0.0,1.0,0.5938047816099832,0.0,1.0,1.0,0.06622072674029078,0.06287624592917472,0.06287624592917472,0.0033444816053511705,0.9832529785978849,0.1458273593438907,0.0,0.9832529785978849,1.0
tree,cp,30.0,1,2,router,19.1643634,15.788031866666588,15.788031866666588,0.1746677400214573,0.8240963471679977,0.0007011958758295041,0.0,0.8242502738324605,1.0,90.33574147157191,89.34692875349614,89.34692875349614,0.01798753840982296,0.9861513097879643,0.00015275425315346657,0.0,0.9864693983609472,1.0
tree,cp,30.0,1,3,router,16.33451004333333,12.236275533333332,12.222942533333333,0.25148542270401986,0.7479854475673959,0.0007729528805331527,0.0,0.7475557230365757,0.9991625910015705,84.41284794983277,83.05325518394649,83.00710635451506,0.027461607657192466,0.9803025538153466,0.00016198640199618575,0.0,0.9801698114066827,0.9993533643855288
tree,cp,30.0,1,4,router,8.652310949999999,6.928087866666666,6.928087866666666,0.19559357744651862,0.8033920679496909,0.0016838365768764255,0.0,0.8026437040710258,1.0,9.119937377926421,7.282486287625418,7.282486287625418,0.19961078961915082,0.7994090814234371,0.0019306053836308785,0.0,0.7990362441881285,1.0
tree,cp,30.0,1,5,router,8.972826846666667,7.2582533,7.2582533,0.18748118288946464,0.8110957527749331,0.0014880204298886274,0.0,0.8102797197015709,1.0,42.50451602006689,41.854387959866216,41.854387959866216,0.025379559861348905,0.9817005233613694,0.00031595775651169873,0.0,0.981438506931608,1.0
tree,cp,30.0,1,6,attacker,9.988333299999999,4.609177133333334,4.6125104666666665,0.5376363636363636,0.46208708542243243,0.0013333333333333335,0.0,0.46207362628050885,1.0,40.065272909699,38.06604180602007,38.06604180602007,0.10816568499212832,0.9339822498927497,0.00033708925909059923,0.0,0.9332182895842345,1.0
tree,cp,30.0,1,7,benign_consumer,9.988333299999999,4.460412943333333,4.463746276666667,0.5526969696969697,0.44723500324100884,0.0013333333333333335,0.0,0.447165046923944,1.0,10.0,4.492418183946488,4.492418183946488,0.5498175737306172,0.4495762665551839,0.0016722408026755853,0.0,0.44924181839464883,1.0
tree,cp,30.0,1,8,benign_consumer,9.988333299999999,4.201120783333334,4.204454116666667,0.5785757575757575,0.42128599981590314,0.0013333333333333335,0.0,0.4212725406739795,1.0,10.0,4.610831906354515,4.610831906354515,0.537600081078342,0.46141763879598663,0.0016722408026755853,0.0,0.46108319063545156,1.0
tree,cp,30.0,1,9,benign_consumer,9.988333299999999,4.444523533333333,4.447856833333334,0.5540976430976431,0.4458947151879976,0.0013333333333333335,0.0,0.4454543918341958,1.0,10.0,4.509105471571906,4.509105471571906,0.5479831762440458,0.45124499531772577,0.0016722408026755853,0.0,0.45091054715719064,1.0
tree,cp,30.0,1,10,benign_consumer,9.988333299999999,4.39925858,4.402591946666666,0.5585454545454546,0.4411398078526769,0.0013333333333333335,0.0,0.4410698482022187,1.0,10.0,4.554494949832776,4.554494949832776,0.5435390696260262,0.45578394314381276,0.0016722408026755853,0.0,0.4554494949832776,1.0
tree,cp,30.0,1,11,attacker,9.988333299999999,4.566901566666666,4.5702349,0.5422558922558922,0.45807455017365584,0.0013333333333333335,0.0,0.4576342234862206,1.0,40.065272909699,37.950021070234115,37.950021070234115,0.10038379297110586,0.9338228887277124,0.00033708925909059923,0.0,0.9333878766359626,1.0
tree,cp,30.0,2,0,router,16.030144833333335,15.773483366666666,15.773483366666666,0.015991949256628217,0.983815620167479,0.001073819900973438,0.0,0.983815620167479,1.0,88.89991705685618,88.89991705685618,88.89991705685618,0.0,1.0,0.0002526724793417267,0.0,1.0,1.0
tree,cp,30.0,2,1,router,0.029999998867056323,0.029999998867056323,0.029999998867056323,0.0,1.0,0.4823999997456903,0.0,1.0,1.0,0.1035181596108765,0.08679575085480727,0.08679575085480727,0.016722408026755852,0.8023199388118027,0.19320269733952086,0.0,0.8023199388118027,1.0
tree,cp,30.0,2,2,router,19.5624637,16.06014483220039,16.06014483220039,0.1769402206520877,0.8222329203084322,0.0007004452360369713,0.0,0.8218535444755551,1.0,90.00036762541805,89.00343521646705,89.00343521646705,0.017116014291454953,0.9860262094206473,0.00015117275180190356,0.0,0.9865834329011219,1.0
tree,cp,30.0,2,3,router,16.324632949999998,12.227697866666666,12.214364933333332,0.25389001984079046,0.7475456552319214,0.0008629466610407713,0.0,0.747369973189987,0.9989378843094647,84.31832698996655,83.0499508361204,82.97639364548495,0.02937687267507914,0.9804916975647946,0.00016094089838708533,0.0,0.9803830891304094,0.9988414041363787
tree,cp,30.0,2,4,router,9.150034033333332,7.334765833333333,7.334765833333333,0.19561131290736555,0.8034224650298305,0.0014271716802745707,0.0,0.8022591513300145,1.0,8.806325367892976,6.950416789297658,6.950416789297658,0.2052474374380729,0.793160237813288,0.0016532250920611423,0.0,0.7920546424320373,1.0
tree,cp,30.0,2,5,router,9.023062923333333,7.2604001,7.2604001,0.19480114602173426,0.806075207373069,0.0015272123584462317,0.0,0.8037174899527418,1.0,42.579159107023415,41.956681270903005,41.956681270903005,0.021682703713559598,0.9833287367330691,0.0003214175261389599,0.0,0.9827038717954171,1.0
tree,cp,30.0,2,6,attacker,9.988333299999999,4.546770516666666,4.550103849999999,0.543939393939394,0.45584863012886007,0.0013333333333333335,0.0,0.4558351709869365,1.0,40.065272909699,38.09105819397993,38.09105819397993,0.09849746357230321,0.9371300961564438,0.00033708925909059923,0.0,0.9363618513413745,1.0
tree,cp,30.0,2,7,benign_consumer,9.988333299999999,4.5107957,4.5141290000000005,0.5475824915824916,0.4525481944958536,0.0013333333333333335,0.0,0.45210787114205175,1.0,10.0,4.270587525083612,4.270587525083612,0.5720786459916894,0.4273932006688963,0.0016722408026755853,0.0,0.42705875250836123,1.0
tree,cp,30.0,2,8,benign_consumer,9.988333299999999,4.607847366666666,4.6111807,0.5377037037037037,0.46226720285850786,0.0013333333333333335,0.0,0.46182687617136925,1.0,10.0,4.495753602006689,4.495753602006689,0.5497719671632715,0.449909808361204,0.0016722408026755853,0.0,0.44957536020066885,1.0
tree,cp,30.0,2,9,benign_consumer,9.988333299999999,4.53552,4.538853333333333,0.545060606060606,0.45471426014207206,0.0013333333333333335,0.0,0.4546443038250072,1.0,10.0,4.310571765886287,4.310571765886287,0.5678980439850005,0.4313916247491638,0.0016722408026755853,0.0,0.43105717658862874,1.0
tree,cp,30.0,2,10,benign_consumer,9.988333299999999,4.363667866666666,4.3670012,0.5622727272727273,0.4375626091987857,0.0013333333333333335,0.0,0.4374926528817209,1.0,10.0,4.519263454849498,4.519263454849498,0.5470913144826188,0.452260793645485,0.0016722408026755853,0.0,0.4519263454849498,1.0
tree,cp,30.0,2,11,attacker,9.988333299999999,4.652728356666667,4.656061723333333,0.5336969696969697,0.46648424610057837,0.0013333333333333335,0.0,0.4664142864501201,1.0,40.065272909699,38.059895652173914,38.059895652173914,0.09760651560366457,0.937004915903222,0.00033708925909059923,0.0,0.9362497460280985,1.0
tree,cp,30.0,3,0,router,15.640232833333332,15.277060533333334,15.277060533333334,0.02276186155140815,0.9770027670984388,0.0011115337291752138,0.0,0.9770027670984388,1.0,88.89176722408027,88.89160133779265,88.89160133779265,0.0,1.0,0.00025981000785008475,0.0,0.9999984311746917,1.0
tree,cp,30.0,3,1,router,0.04482758443541809,0.04482758443541809,0.04482758443541809,0.0,1.0,0.22084230092362198,0.0,1.0,1.0,0.09364440318112537,0.08026648219911314,0.08026648219911314,0.013377926421404682,0.944682128368551,0.2913444816096887,0.0,0.944682128368551,1.0
tree,cp,30.0,3,2,router,19.194005399999998,15.683566164954236,15.683566164954236,0.18349588855310264,0.815260313127966,0.0007344011937839759,0.0,0.8163036108117036,1.0,90.01364464882944,88.9854116272614,88.9854116272614,0.01895233842031898,0.985564468347848,0.0001526980543036417,0.0,0.9858705743258757,1.0
tree,cp,30.0,3,3,router,15.980737990000002,11.9912243,11.967889933333334,0.24906442686128163,0.7510464542285223,0.0009327233279630054,0.0,0.7506187384342007,0.9979132721482106,84.43773622408027,83.034,82.96712742474917,0.029351476587364624,0.979479905684867,0.0001608620134939025,0.0,0.9793129073883134,0.9990920962080495
tree,cp,30.0,3,4,router,8.967270173333333,7.2027811,7.2027811,0.19665436034553682,0.803356621703883,0.0015161314433824811,0.0,0.8028649287051278,1.0,8.79220497993311,6.979644648829432,6.979644648829432,0.2080085744801464,0.7927366293227369,0.0019506828881944523,0.0,0.7917922200535633,1.0
tree,cp,30.0,3,5,router,8.873280006666667,7.0947004,7.0947004,0.2005902730740192,0.7984025855008529,0.0015789071050995708,0.0,0.7984025619111561,1.0,42.727323953177255,42.02423076923077,42.02423076923077,0.02862573337141662,0.9798466938946578,0.0003142120462194327,0.0,0.9794465313456395,1.0
tree,cp,30.0,3,6,attacker,9.988333299999999,4.5309010333333335,4.534234433333333,0.5455151515151515,0.4543025111971955,0.0013333333333333335,0.0,0.45423254821340076,1.0,40.065272909699,38.06796254180602,38.06796254180602,0.10359796119774736,0.9351701665417146,0.00033708925909059923,0.0,0.9343174650103827,1.0
tree,cp,30.0,3,7,benign_consumer,9.988333299999999,4.34846979,4.351803156666667,0.5635521885521885,0.4363130427569728,0.0013333333333333335,0.0,0.4358727127365009,1.0,10.0,4.345542913043478,4.345542913043478,0.5645231580014188,0.43488873946488293,0.0016722408026755853,0.0,0.43455429130434786,1.0
tree,cp,30.0,3,8,benign_consumer,9.988333299999999,4.370881566666667,4.3742149,0.5617643097643097,0.4385410945178045,0.0013333333333333335,0.0,0.43810076783066604,1.0,10.0,4.3520820936454845,4.3520820936454845,0.5634792743488395,0.43520821270903015,0.0016722408026755853,0.0,0.43520820936454846,1.0
tree,cp,30.0,3,9,benign_consumer,9.988333299999999,4.5897219400000004,4.593055273333333,0.5397037037037037,0.46045619410065686,0.0013333333333333335,0.0,0.46001586741351824,1.0,10.0,4.440122886287625,4.440122886287625,0.5549660484443093,0.44434673678929765,0.0016722408026755853,0.0,0.4440122886287625,1.0
tree,cp,30.0,3,10,benign_consumer,9.988333299999999,4.561121166666667,4.564454466666667,0.5424915824915825,0.45759358339509343,0.0013333333333333335,0.0,0.4571532600412916,1.0,10.0,4.619573451505016,4.616228969899665,0.5372656329178068,0.46195734515050163,0.0016722408026755853,0.0,0.46195734515050163,0.999309271702212
tree,cp,30.0,3,11,attacker,9.988333299999999,4.305492206666667,4.30882554,0.5678787878787879,0.43174792906343223,0.0013333333333333335,0.0,0.4316779727463674,1.0,40.065272909699,38.10775050167224,38.10775050167224,0.09698265621287716,0.93775227347084,0.00033708925909059923,0.0,0.9372096292252116,1.0
tree,cp,30.0,4,0,router,15.985588233333335,15.632266,15.632266,0.021719176196417413,0.9780483276982004,0.0009310740916461846,0.0,0.9780483276982004,1.0,88.63488428093645,88.63487190635452,88.63487190635452,0.0,1.0,0.0002903502206733374,0.0,0.9999998768955395,1.0
tree,cp,30.0,4,1,router,0.016666666666666666,0.016666666666666666,0.016666666666666666,0.0,0.9875,0.21440055878973788,0.0,1.0,0.9875,0.11371231406674871,0.09698990159900252,0.09698990159900252,0.015050167224080268,0.8680724094950417,0.1906438435720612,0.0,0.8680724094950417,1.0
tree,cp,30.0,4,2,router,19.541121333333333,15.998921566666668,15.998921566666668,0.18097524798344397,0.8187272912921854,0.0006455156341982381,0.0,0.818267956370014,1.0,89.69535839464884,88.7485965950032,88.7485965950032,0.015123970474573884,0.9868634525198148,0.0001561668069516862,0.0,0.9876490910657258,1.0
tree,cp,30.0,4,3,router,16.337219983333334,12.239288233333333,12.2359549,0.25089012870960253,0.7488034195348038,0.0008249488986526197,0.0,0.7485830874807053,0.999704614541703,83.88796217391305,82.57701070234114,82.49004916387959,0.029302104277564616,0.9802460774971169,0.00016546748236685802,0.0,0.9800943928727581,0.9984426160648807
tree,cp,30.0,4,4,router,9.0913342,7.3018331000000005,7.3018331000000005,0.19619007844007844,0.8032264431585925,0.001394317607800449,0.0,0.8028848015239354,1.0,8.754131505016721,7.118347692307693,7.118347692307693,0.1865987134381783,0.8132812813418202,0.0019033741637638096,0.0,0.8119020193559169,1.0
tree,cp,30.0,4,5,router,9.06322843,7.278739966666667,7.278739966666667,0.19464457111515934,0.8036589794259724,0.0013274613744953844,0.0,0.8036590372281416,1.0,42.25241042140468,41.57869665551839,41.57869665551839,0.02935124887673077,0.9803557134647605,0.00032700728979044287,0.0,0.9800098124601644,1.0
tree,cp,30.0,4,6,attacker,9.988333299999999,4.4405969333333335,4.4439303,0.5544848484848485,0.4452579287733251,0.0013333333333333335,0.0,0.44518796912292363,1.0,40.065272909699,37.93035618729097,37.93035618729097,0.1019306157135808,0.9337976933377288,0.00033708925909059923,0.0,0.9327098501475726,1.0
tree,cp,30.0,4,7,benign_consumer,9.988333299999999,4.611216416666667,4.614549716666667,0.5377946127946128,0.46258411211678396,0.0013333333333333335,0.0,0.4621437887629821,1.0,10.0,4.378909331103679,4.378909331103679,0.5607226107226108,0.43822538127090305,0.0016722408026755853,0.0,0.43789093311036786,1.0
tree,cp,30.0,4,8,benign_consumer,9.988333299999999,4.608457666666666,4.611791,0.5376363636363636,0.46201464290934535,0.0013333333333333335,0.0,0.4620011837674217,1.0,10.0,4.259705986622074,4.259705986622074,0.573355629877369,0.4263050468227425,0.0016722408026755853,0.0,0.4259705986622073,1.0
tree,cp,30.0,4,9,benign_consumer,9.988333299999999,4.476209866666666,4.4795432,0.5511515151515152,0.44878295943302876,0.0013333333333333335,0.0,0.4487130031159639,1.0,10.0,4.494425518394649,4.494425518394649,0.5494932603628256,0.44977700000000004,0.0016722408026755853,0.0,0.44944255183946485,1.0
tree,cp,30.0,4,10,benign_consumer,9.988333299999999,4.44919034,4.452523706666667,0.5538181818181819,0.4461154584478975,0.0013333333333333335,0.0,0.44604549879749605,1.0,10.0,4.33540908361204,4.33540908361204,0.5654606263301916,0.43387535652173914,0.0016722408026755853,0.0,0.43354090836120407,1.0
tree,cp,30.0,4,11,attacker,9.988333299999999,4.6073713566666665,4.610704723333333,0.538060606060606,0.46194841377080514,0.0013333333333333335,0.0,0.46187845412034695,1.0,40.065272909699,37.91700133779264,37.91700133779264,0.10945537297105365,0.9309373076063723,0.00033708925909059923,0.0,0.9301322351211273,1.0
tree,cp,30.0,5,0,router,15.739048200000001,15.446545733333332,15.446545733333332,0.019799495649004333,0.9805385856222463,0.0012809039056018788,0.0,0.9805385856222463,1.0,89.31751806020067,89.31668428093646,89.31668428093646,0.0,1.0,0.000267388872177558,0.0,0.9999918852492119,1.0
tree,cp,30.0,5,1,router,0.03000000000000044,0.03000000000000044,0.03000000000000044,0.0,1.0,0.3566674773332583,0.0,1.0,1.0,0.10033442060701997,0.08695650196687287,0.08695650196687287,0.011705685618729096,0.8223713640075045,0.2475451501992617,0.0,0.8223713640075045,1.0
tree,cp,30.0,5,2,router,19.1555956,15.7690482,15.7690482,0.17513657733980129,0.8235301801452973,0.0007740119525689197,0.0,0.8233040936750357,1.0,90.35345956521739,89.4178524808077,89.4178524808077,0.01612193117052673,0.9871240580295373,0.00015279229772384385,0.0,0.987431676665969,1.0
tree,cp,30.0,5,3,router,16.332806266666665,12.2536334,12.240300466666666,0.24861956876827093,0.7505690960887408,0.0009228994998008114,0.0,0.7503717480075114,0.9990806888876441,84.49876692307693,83.1008381270903,83.04065183946489,0.028636665140844078,0.9797205459779948,0.00016165277720659105,0.0,0.9795153173175865,0.9990867067557514
tree,cp,30.0,5,4,router,8.746894099999999,6.9019622,6.9019622,0.21275741469859116,0.7888095844962328,0.0017572318588062166,0.0,0.7878383204423699,1.0,9.04520210702341,7.25262143812709,7.25262143812709,0.19609143179377292,0.8036864749744432,0.0019580030980948524,0.0,0.8025395688179046,1.0
tree,cp,30.0,5,5,router,9.415196493333333,7.4574509,7.4574509,0.20796907531466355,0.7937195729576904,0.001597455050007967,0.0,0.7925579802556898,1.0,42.64140688963211,41.966958862876254,41.966958862876254,0.024184545254342667,0.9817826961634211,0.0003278506925301315,0.0,0.9813696678063664,1.0
tree,cp,30.0,5,6,attacker,9.988333299999999,4.4359128000000005,4.4392461,0.554976430976431,0.4450460337691058,0.0013333333333333335,0.0,0.44460571041530395,1.0,40.065272909699,38.04756755852843,38.04756755852843,0.10632406616904123,0.9338297939036677,0.00033708925909059923,0.0,0.9334336124729864,1.0
tree,cp,30.0,5,7,benign_consumer,9.988333299999999,4.4327759,4.436109266666667,0.5551515151515151,0.4444757095691517,0.0013333333333333335,0.0,0.44440574991875015,1.0,10.0,4.48424050167224,4.48424050167224,0.5507398398702746,0.4484240501672241,0.0016722408026755853,0.0,0.4484240501672241,1.0
tree,cp,30.0,5,8,benign_consumer,9.988333299999999,4.2770340000000004,4.2803674,0.5708181818181818,0.4289161850661,0.0013333333333333335,0.0,0.42884622208230516,1.0,10.0,4.497183344481605,4.497183344481605,0.5492449579406101,0.4500527826086957,0.0016722408026755853,0.0,0.4497183344481605,1.0
tree,cp,30.0,5,9,benign_consumer,9.988333299999999,4.463193366666667,4.4665267,0.5524377104377104,0.44769083474071464,0.0013333333333333335,0.0,0.4472505080532794,1.0,10.0,4.5480187625418065,4.5480187625418065,0.5441218202087768,0.4551363244147157,0.0016722408026755853,0.0,0.4548018762541806,1.0
tree,cp,30.0,5,10,benign_consumer,9.988333299999999,4.737930133333333,4.741263433333334,0.5252626262626262,0.47505367310576824,0.0013333333333333335,0.0,0.4746133497519664,1.0,10.0,4.5379129096989965,4.5379129096989965,0.5450643559339211,0.45412573913043475,0.0016722408026755853,0.0,0.4537912909698996,1.0
tree,cp,30.0,5,11,attacker,9.988333299999999,4.670599660000001,4.67393306,0.5311515151515152,0.46826827452107267,0.0013333333333333335,0.0,0.4681983115372679,1.0,40.065272909699,38.10349397993311,38.10349397993311,0.1008340317321073,0.9363355515112288,0.00033708925909059923,0.0,0.9359758743105229,1.0
tree,cp,35.0,1,0,router,15.764698533333334,15.4380279,15.4380279,0.020869656860342013,0.979100379667608,0.0010677826716001893,0.0,0.979100379667608,1.0,100.04986387959866,100.04986387959866,100.04986387959866,0.0,1.0,0.00023942234358286432,0.0,1.0,1.0
tree,cp,35.0,1,1,router,0.02341137123737881,0.02341137123737881,0.02341137123737881,0.0,1.0,0.5938047816099832,0.0,1.0,1.0,0.07959330071742694,0.07357323462202994,0.07357323462202994,0.006688963210702341,0.979935040497338,0.10234610181955324,0.0,0.979935040497338,1.0
tree,cp,35.0,1,2,router,19.1643634,15.788031866666588,15.788031866666588,0.1746677400214573,0.8240963471679977,0.0007011958758295041,0.0,0.8242502738324605,1.0,101.06486488294314,100.12945718031608,100.12945718031608,0.013361146978390834,0.9887780616471737,0.00014605886705232015,0.0,0.9892662296753435,1.0
tree,cp,35.0,1,3,router,16.33451004333333,12.236275533333332,12.222942533333333,0.25148542270401986,0.7479854475673959,0.0007729528805331527,0.0,0.7475557230365757,0.9991625910015705,94.97392587625419,93.78237859531772,93.72285016722408,0.019325119984590418,0.985346106648219,0.00015416500676379783,0.0,0.9852804217524767,0.9992537705823615
tree,cp,35.0,1,4,router,8.652310949999999,6.928087866666666,6.928087866666666,0.19559357744651862,0.8033920679496909,0.0016838365768764255,0.0,0.8026437040710258,1.0,9.123281859531772,7.282486287625418,7.282486287625418,0.20008857270562955,0.7990096379296403,0.0019306053836308785,0.0,0.7986368007380009,1.0
tree,cp,35.0,1,5,router,8.972826846666667,7.2582533,7.2582533,0.18748118288946464,0.8110957527749331,0.0014880204298886274,0.0,0.8102797197015709,1.0,47.75058525083612,47.190763210702336,47.19075986622074,0.017153614181390636,0.9800027406718926,0.00030180386112413804,0.0,0.9865519486742202,0.9894937430750183
tree,cp,35.0,1,6,attacker,9.988333299999999,4.609177133333334,4.6125104666666665,0.5376363636363636,0.46208708542243243,0.0013333333333333335,0.0,0.46207362628050885,1.0,45.076604013377924,43.29074448160535,43.29074581939799,0.07143212869335464,0.9526055900235588,0.0003203389626521009,0.0,0.951074791773088,0.9991228610959648
tree,cp,35.0,1,7,benign_consumer,9.988333299999999,4.460412943333333,4.463746276666667,0.5526969696969697,0.44723500324100884,0.0013333333333333335,0.0,0.447165046923944,1.0,10.0,4.492418183946488,4.492417983277592,0.5498175737306172,0.44957624648829436,0.0016722408026755853,0.0,0.44924181839464883,0.9933758967884497
tree,cp,35.0,1,8,benign_consumer,9.988333299999999,4.201120783333334,4.204454116666667,0.5785757575757575,0.42128599981590314,0.0013333333333333335,0.0,0.4212725406739795,1.0,10.0,4.6141763879598665,4.614176421404682,0.5372656329178068,0.4614176421404682,0.0016722408026755853,0.0,0.46141763879598663,0.9950728553185773
tree,cp,35.0,1,9,benign_consumer,9.988333299999999,4.444523533333333,4.447856833333334,0.5540976430976431,0.4458947151879976,0.0013333333333333335,0.0,0.4454543918341958,1.0,10.0,4.509105471571906,4.509105505016723,0.5479831762440458,0.45124499866220735,0.0016722408026755853,0.0,0.45091054715719064,0.9929791216209027
tree,cp,35.0,1,10,benign_consumer,9.988333299999999,4.39925858,4.402591946666666,0.5585454545454546,0.4411398078526769,0.0013333333333333335,0.0,0.4410698482022187,1.0,10.0,4.551819364548495,4.548475050167224,0.5438735177865612,0.4551819531772575,0.0016722408026755853,0.0,0.4551819364548495,0.9920751635852159
tree,cp,35.0,1,11,attacker,9.988333299999999,4.566901566666666,4.5702349,0.5422558922558922,0.45807455017365584,0.0013333333333333335,0.0,0.4576342234862206,1.0,45.076604013377924,43.198765886287624,43.19541806020067,0.07775280077489628,0.9366696199831244,0.0003203389626521009,0.0,0.9478279290092709,0.9725963390547516
tree,cp,35.0,2,0,router,16.030144833333335,15.773483366666666,15.773483366666666,0.015991949256628217,0.983815620167479,0.001073819900973438,0.0,0.983815620167479,1.0,99.5674237458194,99.5674237458194,99.5674237458194,0.0,1.0,0.00023509588393584298,0.0,1.0,1.0
tree,cp,35.0,2,1,router,0.029999998867056323,0.029999998867056323,0.029999998867056323,0.0,1.0,0.4823999997456903,0.0,1.0,1.0,0.11020605524153279,0.08679468382918906,0.08679468382918906,0.01950947603121516,0.8025640331680046,0.1481379044798387,0.0,0.8025640331680046,1.0
tree,cp,35.0,2,2,router,19.5624637,16.06014483220039,16.06014483220039,0.1769402206520877,0.8222329203084322,0.0007004452360369713,0.0,0.8218535444755551,1.0,100.53066662207358,99.67762980106093,99.67762980106093,0.011729632166804784,0.9896092291479421,0.00014467943785185415,0.0,0.9901286116176957,1.0
tree,cp,35.0,2,3,router,16.324632949999998,12.227697866666666,12.214364933333332,0.25389001984079046,0.7475456552319214,0.0008629466610407713,0.0,0.747369973189987,0.9989378843094647,94.77577478260869,93.57690535117057,93.49667424749164,0.018752912877208934,0.9854699527771938,0.00015323968375737085,0.0,0.9853322190907069,0.9989254112127172
tree,cp,35.0,2,4,router,9.150034033333332,7.334765833333333,7.334765833333333,0.19561131290736555,0.8034224650298305,0.0014271716802745707,0.0,0.8022591513300145,1.0,8.809669816053512,6.953761270903009,6.953761270903009,0.20517142649249673,0.7929270399945163,0.0016532250920611423,0.0,0.7921250649887751,1.0
tree,cp,35.0,2,5,router,9.023062923333333,7.2604001,7.2604001,0.19480114602173426,0.806075207373069,0.0015272123584462317,0.0,0.8037174899527418,1.0,47.81124810367893,47.25565886287625,47.25565919732441,0.01736313426033433,0.9796605780556529,0.00030699309353735026,0.0,0.9863982346671438,0.9892854136978382
tree,cp,35.0,2,6,attacker,9.988333299999999,4.546770516666666,4.550103849999999,0.543939393939394,0.45584863012886007,0.0013333333333333335,0.0,0.4558351709869365,1.0,45.076604013377924,43.24952842809365,43.249530434782606,0.07430662708638475,0.9515909867943506,0.0003203389626521009,0.0,0.949758553431776,0.9990733884671243
tree,cp,35.0,2,7,benign_consumer,9.988333299999999,4.5107957,4.5141290000000005,0.5475824915824916,0.4525481944958536,0.0013333333333333335,0.0,0.45210787114205175,1.0,10.0,4.270587491638795,4.270587424749164,0.5720786459916894,0.4273931906354515,0.0016722408026755853,0.0,0.4270587491638796,0.9943811099087079
tree,cp,35.0,2,8,benign_consumer,9.988333299999999,4.607847366666666,4.6111807,0.5377037037037037,0.46226720285850786,0.0013333333333333335,0.0,0.46182687617136925,1.0,10.0,4.499098050167224,4.495753869565218,0.5494375190027364,0.44990983511705684,0.0016722408026755853,0.0,0.4499098050167224,0.9954229145276842
tree,cp,35.0,2,9,benign_consumer,9.988333299999999,4.53552,4.538853333333333,0.545060606060606,0.45471426014207206,0.0013333333333333335,0.0,0.4546443038250072,1.0,10.0,4.310571765886287,4.310571598662207,0.5678980439850005,0.43139160802675586,0.0016722408026755853,0.0,0.43105717658862874,0.9945164566247481
tree,cp,35.0,2,10,benign_consumer,9.988333299999999,4.363667866666666,4.3670012,0.5622727272727273,0.4375626091987857,0.0013333333333333335,0.0,0.4374926528817209,1.0,10.0,4.515919006688963,4.5159191404682275,0.547425762643154,0.4519263622073579,0.0016722408026755853,0.0,0.4515919006688963,0.991277429566575
tree,cp,35.0,2,11,attacker,9.988333299999999,4.652728356666667,4.656061723333333,0.5336969696969697,0.46648424610057837,0.0013333333333333335,0.0,0.4664142864501201,1.0,45.076604013377924,43.29532909698997,43.29197859531773,0.07129659364156869,0.9381068546106147,0.0003203389626521009,0.0,0.9511814677414974,0.9725262074469819
tree,cp,35.0,3,0,router,15.640232833333332,15.277060533333334,15.277060533333334,0.02276186155140815,0.9770027670984388,0.0011115337291752138,0.0,0.9770027670984388,1.0,99.58195284280936,99.58178795986622,99.58178795986622,0.0,1.0,0.0002403713033626528,0.0,0.9999985063256046,1.0
tree,cp,35.0,3,1,router,0.04482758443541809,0.04482758443541809,0.04482758443541809,0.0,1.0,0.22084230092362198,0.0,1.0,1.0,0.09698888246758079,0.08361096312378988,0.08361096312378988,0.013377926421404682,0.9446836266009765,0.29118394691005406,0.0,0.9446836266009765,1.0
tree,cp,35.0,3,2,router,19.194005399999998,15.683566164954236,15.683566164954236,0.18349588855310264,0.815260313127966,0.0007344011937839759,0.0,0.8163036108117036,1.0,100.59078511705685,99.67894172527694,99.67894172527694,0.013595208071442764,0.9888286197164751,0.0001460897910800171,0.0,0.9890886108950133,1.0
tree,cp,35.0,3,3,router,15.980737990000002,11.9912243,11.967889933333334,0.24906442686128163,0.7510464542285223,0.0009327233279630054,0.0,0.7506187384342007,0.9979132721482106,94.89918471906356,93.61114046822742,93.54090535117057,0.020762035362160577,0.9842341963414941,0.00015315414986630813,0.0,0.9841318714627435,0.9991119652619371
tree,cp,35.0,3,4,router,8.967270173333333,7.2027811,7.2027811,0.19665436034553682,0.803356621703883,0.0015161314433824811,0.0,0.8028649287051278,1.0,8.788860531772576,6.979644648829432,6.979644648829432,0.20777274564899983,0.7929849719865045,0.00195071975112792,0.0,0.7920405629112307,1.0
tree,cp,35.0,3,5,router,8.873280006666667,7.0947004,7.0947004,0.2005902730740192,0.7984025855008529,0.0015789071050995708,0.0,0.7984025619111561,1.0,47.90654201337792,47.297095317725756,47.29375016722408,0.019845743786224904,0.9780996848268152,0.0003000952259564245,0.0,0.9848249425940835,0.989477416119477
tree,cp,35.0,3,6,attacker,9.988333299999999,4.5309010333333335,4.534234433333333,0.5455151515151515,0.4543025111971955,0.0013333333333333335,0.0,0.45423254821340076,1.0,45.076604013377924,43.25654648829431,43.25654715719063,0.07918324547868383,0.9504512284555914,0.0003203389626521009,0.0,0.948480933463557,0.9991212522513042
tree,cp,35.0,3,7,benign_consumer,9.988333299999999,4.34846979,4.351803156666667,0.5635521885521885,0.4363130427569728,0.0013333333333333335,0.0,0.4358727127365009,1.0,10.0,4.345542913043478,4.345542809364548,0.5645231580014188,0.43488872909699,0.0016722408026755853,0.0,0.43455429130434786,0.9935531525557146
tree,cp,35.0,3,8,benign_consumer,9.988333299999999,4.370881566666667,4.3742149,0.5617643097643097,0.4385410945178045,0.0013333333333333335,0.0,0.43810076783066604,1.0,10.0,4.34873764548495,4.348737347826087,0.5638137225093747,0.43520818294314384,0.0016722408026755853,0.0,0.43487376454849497,0.9957141343857475
tree,cp,35.0,3,9,benign_consumer,9.988333299999999,4.5897219400000004,4.593055273333333,0.5397037037037037,0.46045619410065686,0.0013333333333333335,0.0,0.46001586741351824,1.0,10.0,4.440122886287625,4.440122882943144,0.5549660484443093,0.4443467364548495,0.0016722408026755853,0.0,0.4440122886287625,0.9930121277832697
tree,cp,35.0,3,10,benign_consumer,9.988333299999999,4.561121166666667,4.564454466666667,0.5424915824915825,0.45759358339509343,0.0013333333333333335,0.0,0.4571532600412916,1.0,10.0,4.616228969899665,4.616228869565218,0.537600081078342,0.46195733511705683,0.0016722408026755853,0.0,0.46162289698996656,0.99404505384223
tree,cp,35.0,3,11,attacker,9.988333299999999,4.305492206666667,4.30882554,0.5678787878787879,0.43174792906343223,0.0013333333333333335,0.0,0.4316779727463674,1.0,45.076604013377924,43.29031304347826,43.29031003344482,0.07323683681488385,0.9379606890704324,0.0003203389626521009,0.0,0.9506590021838078,0.9725432161182683
tree,cp,35.0,4,0,router,15.985588233333335,15.632266,15.632266,0.021719176196417413,0.9780483276982004,0.0009310740916461846,0.0,0.9780483276982004,1.0,99.2548033444816,99.25479096989966,99.25479096989966,0.0,1.0,0.0002668036982850041,0.0,0.9999998781871255,1.0
tree,cp,35.0,4,1,router,0.016666666666666666,0.016666666666666666,0.016666666666666666,0.0,0.9875,0.21440055878973788,0.0,1.0,0.9875,0.11371230198473434,0.10033438115578378,0.10033438115578378,0.013377926421404682,0.87352100499355,0.19064384356292854,0.0,0.87352100499355,1.0
tree,cp,35.0,4,2,router,19.541121333333333,15.998921566666668,15.998921566666668,0.18097524798344397,0.8187272912921854,0.0006455156341982381,0.0,0.818267956370014,1.0,100.2550908361204,99.36851564646634,99.36851564646634,0.011467116942341003,0.9895729141556338,0.00014881989483639708,0.0,0.9900446986475645,1.0
tree,cp,35.0,4,3,router,16.337219983333334,12.239288233333333,12.2359549,0.25089012870960253,0.7488034195348038,0.0008249488986526197,0.0,0.7485830874807053,0.999704614541703,94.40765117056856,93.13339866220736,93.04645183946488,0.020905053479239332,0.9842091373234368,0.00015725980009669013,0.0,0.9840443151308086,0.9988764281016879
tree,cp,35.0,4,4,router,9.0913342,7.3018331000000005,7.3018331000000005,0.19619007844007844,0.8032264431585925,0.001394317607800449,0.0,0.8028848015239354,1.0,8.754131505016721,7.121692173913043,7.121692173913043,0.18612093035169958,0.8137166141107852,0.0019033741637638096,0.0,0.8123373559629374,1.0
tree,cp,35.0,4,5,router,9.06322843,7.278739966666667,7.278739966666667,0.19464457111515934,0.8036589794259724,0.0013274613744953844,0.0,0.8036590372281416,1.0,47.46441677591973,46.856929431438125,46.856928762541806,0.025069327238573934,0.9768388230306213,0.0003104154692004625,0.0,0.9834657979038528,0.9890410288311658
tree,cp,35.0,4,6,attacker,9.988333299999999,4.4405969333333335,4.4439303,0.5544848484848485,0.4452579287733251,0.0013333333333333335,0.0,0.44518796912292363,1.0,45.076604013377924,43.17515685618729,43.17515819397993,0.07824053767567665,0.949089188181985,0.0003203389626521009,0.0,0.9473052618685559,0.9993549248758634
tree,cp,35.0,4,7,benign_consumer,9.988333299999999,4.611216416666667,4.614549716666667,0.5377946127946128,0.46258411211678396,0.0013333333333333335,0.0,0.4621437887629821,1.0,10.0,4.375564882943143,4.375564782608696,0.5610570588831458,0.43789092642140465,0.0016722408026755853,0.0,0.43755648829431437,0.9930719692238364
tree,cp,35.0,4,8,benign_consumer,9.988333299999999,4.608457666666666,4.611791,0.5376363636363636,0.46201464290934535,0.0013333333333333335,0.0,0.4620011837674217,1.0,10.0,4.259705986622074,4.25970602006689,0.573355629877369,0.4263050501672241,0.0016722408026755853,0.0,0.4259705986622073,0.9965793504456126
tree,cp,35.0,4,9,benign_consumer,9.988333299999999,4.476209866666666,4.4795432,0.5511515151515152,0.44878295943302876,0.0013333333333333335,0.0,0.4487130031159639,1.0,10.0,4.494425518394649,4.494425117056856,0.5494932603628256,0.4497769598662207,0.0016722408026755853,0.0,0.44944255183946485,0.9914729715000216
tree,cp,35.0,4,10,benign_consumer,9.988333299999999,4.44919034,4.452523706666667,0.5538181818181819,0.4461154584478975,0.0013333333333333335,0.0,0.44604549879749605,1.0,10.0,4.33540908361204,4.3354087525083616,0.5654606263301916,0.4338753234113712,0.0016722408026755853,0.0,0.43354090836120407,0.989696932614448
tree,cp,35.0,4,11,attacker,9.988333299999999,4.6073713566666665,4.610704723333333,0.538060606060606,0.46194841377080514,0.0013333333333333335,0.0,0.46187845412034695,1.0,45.076604013377924,43.129007692307695,43.12900702341137,0.08242081332779835,0.9337048475135898,0.0003203389626521009,0.0,0.9453623439975148,0.9722549936718036
tree,cp,35.0,5,0,router,15.739048200000001,15.446545733333332,15.446545733333332,0.019799495649004333,0.9805385856222463,0.0012809039056018788,0.0,0.9805385856222463,1.0,99.96064648829432,99.95981170568562,99.95981170568562,0.0,1.0,0.0002524729451831309,0.0,0.9999921781641651,1.0
tree,cp,35.0,5,1,router,0.03000000000000044,0.03000000000000044,0.03000000000000044,0.0,1.0,0.3566674773332583,0.0,1.0,1.0,0.11036786517660471,0.08695650056966095,0.08695650056966095,0.021739130434782608,0.7855789948563531,0.22747826055900056,0.0,0.7855789948563531,1.0
tree,cp,35.0,5,2,router,19.1555956,15.7690482,15.7690482,0.17513657733980129,0.8235301801452973,0.0007740119525689197,0.0,0.8233040936750357,1.0,100.92703471571906,100.07101435347091,100.07101435347091,0.011812207007681947,0.989847491725814,0.00014550277675198382,0.0,0.9901791999108576,1.0
tree,cp,35.0,5,3,router,16.332806266666665,12.2536334,12.240300466666666,0.24861956876827093,0.7505690960887408,0.0009228994998008114,0.0,0.7503717480075114,0.9990806888876441,94.988817090301,93.67441371237459,93.60417892976588,0.02125049102589421,0.9838215220798999,0.00015324899333371528,0.0,0.9836585872527958,0.9990991377945568
tree,cp,35.0,5,4,router,8.746894099999999,6.9019622,6.9019622,0.21275741469859116,0.7888095844962328,0.0017572318588062166,0.0,0.7878383204423699,1.0,9.045202140468227,7.252621003344482,7.252621003344482,0.19611749268939904,0.8036539932347548,0.001959204674976897,0.0,0.8025070566326445,1.0
tree,cp,35.0,5,5,router,9.415196493333333,7.4574509,7.4574509,0.20796907531466355,0.7937195729576904,0.001597455050007967,0.0,0.7925579802556898,1.0,47.84336742474916,47.249185284280934,47.24918762541806,0.0194044032125606,0.9787191470472825,0.0003116061382746439,0.0,0.9851330122920768,0.9895579551674404
tree,cp,35.0,5,6,attacker,9.988333299999999,4.4359128000000005,4.4392461,0.554976430976431,0.4450460337691058,0.0013333333333333335,0.0,0.44460571041530395,1.0,45.076604013377924,43.25873578595318,43.25873478260869,0.07594593871322311,0.9507121369940363,0.0003203389626521009,0.0,0.9493255080694452,0.999264166195699
tree,cp,35.0,5,7,benign_consumer,9.988333299999999,4.4327759,4.436109266666667,0.5551515151515151,0.4444757095691517,0.0013333333333333335,0.0,0.44440574991875015,1.0,10.0,4.48089602006689,4.480895919732442,0.5510742880308098,0.4484240401337793,0.0016722408026755853,0.0,0.44808960200668896,0.9917850954415675
tree,cp,35.0,5,8,benign_consumer,9.988333299999999,4.2770340000000004,4.2803674,0.5708181818181818,0.4289161850661,0.0013333333333333335,0.0,0.42884622208230516,1.0,10.0,4.500527859531773,4.50052779264214,0.548910509780075,0.4503872274247492,0.0016722408026755853,0.0,0.45005278595317727,0.9985257709388772
tree,cp,35.0,5,9,benign_consumer,9.988333299999999,4.463193366666667,4.4665267,0.5524377104377104,0.44769083474071464,0.0013333333333333335,0.0,0.4472505080532794,1.0,10.0,4.544674280936455,4.544674280936455,0.5444562683693118,0.4548018762541806,0.0016722408026755853,0.0,0.4544674280936455,0.9939573178640961
tree,cp,35.0,5,10,benign_consumer,9.988333299999999,4.737930133333333,4.741263433333334,0.5252626262626262,0.47505367310576824,0.0013333333333333335,0.0,0.4746133497519664,1.0,10.0,4.5379129096989965,4.537912976588629,0.5450643559339211,0.454125745819398,0.0016722408026755853,0.0,0.4537912909698996,0.9925842369209874
tree,cp,35.0,5,11,attacker,9.988333299999999,4.670599660000001,4.67393306,0.5311515151515152,0.46826827452107267,0.0013333333333333335,0.0,0.4681983115372679,1.0,45.076604013377924,43.30545451505017,43.30545117056857,0.06922959435432707,0.9379947656185196,0.0003203389626521009,0.0,0.9519168067554282,0.9727976854856843
tree,cp,40.0,1,0,router,15.764698533333334,15.4380279,15.4380279,0.020869656860342013,0.979100379667608,0.0010677826716001893,0.0,0.979100379667608,1.0,110.50056220735787,110.50056220735787,110.50056220735787,0.0,1.0,0.00023417375586271547,0.0,1.0,1.0
tree,cp,40.0,1,1,router,0.02341137123737881,0.02341137123737881,0.02341137123737881,0.0,1.0,0.5938047816099832,0.0,1.0,1.0,0.08293777675320324,0.07691771065780624,0.07691771065780624,0.006688963210702341,0.979935040497338,0.14582735932798305,0.0,0.979935040497338,1.0
tree,cp,40.0,1,2,router,19.1643634,15.788031866666588,15.788031866666588,0.1746677400214573,0.8240963471679977,0.0007011958758295041,0.0,0.8242502738324605,1.0,111.41248762541807,110.58349998411107,110.58349998411107,0.010384409938667719,0.9909538770882076,0.00014428044839845852,0.0,0.9912809511191333,1.0
tree,cp,40.0,1,3,router,16.33451004333333,12.236275533333332,12.222942533333333,0.25148542270401986,0.7479854475673959,0.0007729528805331527,0.0,0.7475557230365757,0.9991625910015705,105.37923055852843,104.13000133779263,104.0704712374582,0.01649316274738008,0.9866633320563408,0.00015217083507513892,0.0,0.9865746616809448,0.9993154018895591
tree,cp,40.0,1,4,router,8.652310949999999,6.928087866666666,6.928087866666666,0.19559357744651862,0.8033920679496909,0.0016838365768764255,0.0,0.8026437040710258,1.0,9.119937377926421,7.282486287625418,7.282486287625418,0.19961078961915082,0.7994090814234371,0.0019306053836308785,0.0,0.7990362441881285,1.0
tree,cp,40.0,1,5,router,8.972826846666667,7.2582533,7.2582533,0.18748118288946464,0.8110957527749331,0.0014880204298886274,0.0,0.8102797197015709,1.0,52.90916220735786,52.3928110367893,52.3928110367893,0.01255773508265888,0.9894637489336807,0.0002978275240387314,0.0,0.9892267201565481,1.0
tree,cp,40.0,1,6,attacker,9.988333299999999,4.609177133333334,4.6125104666666665,0.5376363636363636,0.46208708542243243,0.0013333333333333335,0.0,0.46207362628050885,1.0,50.09225033444816,48.49421304347826,48.49400133779264,0.049461227178618485,0.8559205944483727,0.0006508718568704115,0.0,0.962645132143911,0.8643424524089515
tree,cp,40.0,1,7,benign_consumer,9.988333299999999,4.460412943333333,4.463746276666667,0.5526969696969697,0.44723500324100884,0.0013333333333333335,0.0,0.447165046923944,1.0,10.0,4.492418183946488,4.492418183946488,0.5498175737306172,0.4495762665551839,0.0016722408026755853,0.0,0.44924181839464883,1.0
tree,cp,40.0,1,8,benign_consumer,9.988333299999999,4.201120783333334,4.204454116666667,0.5785757575757575,0.42128599981590314,0.0013333333333333335,0.0,0.4212725406739795,1.0,10.0,4.610831906354515,4.610831906354515,0.537600081078342,0.46141763879598663,0.0016722408026755853,0.0,0.46108319063545156,1.0
tree,cp,40.0,1,9,benign_consumer,9.988333299999999,4.444523533333333,4.447856833333334,0.5540976430976431,0.4458947151879976,0.0013333333333333335,0.0,0.4454543918341958,1.0,10.0,4.509105471571906,4.509105471571906,0.5479831762440458,0.45124499531772577,0.0016722408026755853,0.0,0.45091054715719064,1.0
tree,cp,40.0,1,10,benign_consumer,9.988333299999999,4.39925858,4.402591946666666,0.5585454545454546,0.4411398078526769,0.0013333333333333335,0.0,0.4410698482022187,1.0,10.0,4.551150501672241,4.551150501672241,0.5438735177865612,0.45544949832775916,0.0016722408026755853,0.0,0.45511505016722403,1.0
tree,cp,40.0,1,11,attacker,9.988333299999999,4.566901566666666,4.5702349,0.5422558922558922,0.45807455017365584,0.0013333333333333335,0.0,0.4576342234862206,1.0,50.09225033444816,48.358227090301,48.35801170568562,0.05817877774399513,0.8556998601897643,0.0006508718568704115,0.0,0.958530699996038,0.8650321216523168
tree,cp,40.0,2,0,router,16.030144833333335,15.773483366666666,15.773483366666666,0.015991949256628217,0.983815620167479,0.001073819900973438,0.0,0.983815620167479,1.0,110.083535451505,110.083535451505,110.083535451505,0.0,1.0,0.00022948460048314242,0.0,1.0,1.0
tree,cp,40.0,2,1,router,0.029999998867056323,0.029999998867056323,0.029999998867056323,0.0,1.0,0.4823999997456903,0.0,1.0,1.0,0.11355053083522396,0.0901391605535235,0.0901391605535235,0.021181716833890744,0.6991365575259233,0.1452035383937011,0.0,0.6991365575259233,1.0
tree,cp,40.0,2,2,router,19.5624637,16.06014483220039,16.06014483220039,0.1769402206520877,0.8222329203084322,0.0007004452360369713,0.0,0.8218535444755551,1.0,111.02344989966555,110.19708598234024,110.19708598234024,0.009660746356328145,0.991085702920068,0.00014316267750723682,0.0,0.9915211789740869,1.0
tree,cp,40.0,2,3,router,16.324632949999998,12.227697866666666,12.214364933333332,0.25389001984079046,0.7475456552319214,0.0008629466610407713,0.0,0.747369973189987,0.9989378843094647,105.22518882943145,104.07303311036789,103.98946086956522,0.01694283699899105,0.9870959274761425,0.00015168782857134436,0.0,0.987001075034733,0.9990717291145728
tree,cp,40.0,2,4,router,9.150034033333332,7.334765833333333,7.334765833333333,0.19561131290736555,0.8034224650298305,0.0014271716802745707,0.0,0.8022591513300145,1.0,8.806325367892976,6.950416789297658,6.950416789297658,0.2052474374380729,0.793160237813288,0.0016532250920611423,0.0,0.7920546424320373,1.0
tree,cp,40.0,2,5,router,9.023062923333333,7.2604001,7.2604001,0.19480114602173426,0.806075207373069,0.0015272123584462317,0.0,0.8037174899527418,1.0,52.97715208361204,52.47828294314382,52.47828294314382,0.014424914509894795,0.9891230107037906,0.00030400957977247346,0.0,0.9886197998605861,1.0
tree,cp,40.0,2,6,attacker,9.988333299999999,4.546770516666666,4.550103849999999,0.543939393939394,0.45584863012886007,0.0013333333333333335,0.0,0.4558351709869365,1.0,50.09225033444816,48.47318595317726,48.47297391304348,0.05147244060287538,0.8567735942979102,0.0006508718568704115,0.0,0.9618313406168315,0.8647863076714382
tree,cp,40.0,2,7,benign_consumer,9.988333299999999,4.5107957,4.5141290000000005,0.5475824915824916,0.4525481944958536,0.0013333333333333335,0.0,0.45210787114205175,1.0,10.0,4.273931973244147,4.273931973244147,0.5717441978311543,0.4277276454849498,0.0016722408026755853,0.0,0.4273931973244147,1.0
tree,cp,40.0,2,8,benign_consumer,9.988333299999999,4.607847366666666,4.6111807,0.5377037037037037,0.46226720285850786,0.0013333333333333335,0.0,0.46182687617136925,1.0,10.0,4.495753602006689,4.495753602006689,0.5497719671632715,0.449909808361204,0.0016722408026755853,0.0,0.44957536020066885,1.0
tree,cp,40.0,2,9,benign_consumer,9.988333299999999,4.53552,4.538853333333333,0.545060606060606,0.45471426014207206,0.0013333333333333335,0.0,0.4546443038250072,1.0,10.0,4.310571765886287,4.310571765886287,0.5678980439850005,0.4313916247491638,0.0016722408026755853,0.0,0.43105717658862874,1.0
tree,cp,40.0,2,10,benign_consumer,9.988333299999999,4.363667866666666,4.3670012,0.5622727272727273,0.4375626091987857,0.0013333333333333335,0.0,0.4374926528817209,1.0,10.0,4.519263454849498,4.519263454849498,0.5470913144826188,0.452260793645485,0.0016722408026755853,0.0,0.4519263454849498,1.0
tree,cp,40.0,2,11,attacker,9.988333299999999,4.652728356666667,4.656061723333333,0.5336969696969697,0.46648424610057837,0.0013333333333333335,0.0,0.4664142864501201,1.0,50.09225033444816,48.45810301003344,48.45788862876254,0.055597301249475164,0.8567329809139828,0.0006508718568704115,0.0,0.9605971791690505,0.8651227353629151
tree,cp,40.0,3,0,router,15.640232833333332,15.277060533333334,15.277060533333334,0.02276186155140815,0.9770027670984388,0.0011115337291752138,0.0,0.9770027670984388,1.0,110.17342341137125,110.17325585284281,110.17325585284281,0.0,1.0,0.00023567168011850694,0.0,0.9999984946201689,1.0
tree,cp,40.0,3,1,router,0.04482758443541809,0.04482758443541809,0.04482758443541809,0.0,1.0,0.22084230092362198,0.0,1.0,1.0,0.11705575259442005,0.09698887536358347,0.09698887536358347,0.020066889632107024,0.8611516796091818,0.27111731392164623,0.0,0.8611516796091818,1.0
tree,cp,40.0,3,2,router,19.194005399999998,15.683566164954236,15.683566164954236,0.18349588855310264,0.815260313127966,0.0007344011937839759,0.0,0.8163036108117036,1.0,111.12611321070234,110.29047916396567,110.29047916396567,0.009570381837855291,0.9911338321116453,0.0001444983797305849,0.0,0.9915143530615212,1.0
tree,cp,40.0,3,3,router,15.980737990000002,11.9912243,11.967889933333334,0.24906442686128163,0.7510464542285223,0.0009327233279630054,0.0,0.7506187384342007,0.9979132721482106,105.35665662541805,104.14646856187291,104.05614280936454,0.0156515567466251,0.9872169907833402,0.0001514916850297002,0.0,0.9870939662269782,0.9991401757200923
tree,cp,40.0,3,4,router,8.967270173333333,7.2027811,7.2027811,0.19665436034553682,0.803356621703883,0.0015161314433824811,0.0,0.8028649287051278,1.0,8.792204986622073,6.979644648829432,6.979644648829432,0.2083301592498917,0.7925443874868464,0.0019507193249763439,0.0,0.7915999777245518,1.0
tree,cp,40.0,3,5,router,8.873280006666667,7.0947004,7.0947004,0.2005902730740192,0.7984025855008529,0.0015789071050995708,0.0,0.7984025619111561,1.0,53.07501559197325,52.51506488294314,52.51172006688964,0.015903731370699614,0.9878544271528981,0.00029744228632244674,0.0,0.9875393541530325,0.9999443610748148
tree,cp,40.0,3,6,attacker,9.988333299999999,4.5309010333333335,4.534234433333333,0.5455151515151515,0.4543025111971955,0.0013333333333333335,0.0,0.45423254821340076,1.0,50.09225033444816,48.4962668896321,48.49604882943144,0.0462271424227946,0.8555823024367464,0.0006508718568704115,0.0,0.9636737324582128,0.8644195687333017
tree,cp,40.0,3,7,benign_consumer,9.988333299999999,4.34846979,4.351803156666667,0.5635521885521885,0.4363130427569728,0.0013333333333333335,0.0,0.4358727127365009,1.0,10.0,4.345542913043478,4.345542913043478,0.5645231580014188,0.43488873946488293,0.0016722408026755853,0.0,0.43455429130434786,1.0
tree,cp,40.0,3,8,benign_consumer,9.988333299999999,4.370881566666667,4.3742149,0.5617643097643097,0.4385410945178045,0.0013333333333333335,0.0,0.43810076783066604,1.0,10.0,4.352082100334448,4.352082100334448,0.5634792743488395,0.4355426581939799,0.0016722408026755853,0.0,0.43520821003344484,1.0
tree,cp,40.0,3,9,benign_consumer,9.988333299999999,4.5897219400000004,4.593055273333333,0.5397037037037037,0.46045619410065686,0.0013333333333333335,0.0,0.46001586741351824,1.0,10.0,4.440122886287625,4.440122886287625,0.5549660484443093,0.44434673678929765,0.0016722408026755853,0.0,0.4440122886287625,1.0
tree,cp,40.0,3,10,benign_consumer,9.988333299999999,4.561121166666667,4.564454466666667,0.5424915824915825,0.45759358339509343,0.0013333333333333335,0.0,0.4571532600412916,1.0,10.0,4.616228969899665,4.616228969899665,0.537600081078342,0.46195734515050163,0.0016722408026755853,0.0,0.46162289698996656,1.0
tree,cp,40.0,3,11,attacker,9.988333299999999,4.305492206666667,4.30882554,0.5678787878787879,0.43174792906343223,0.0013333333333333335,0.0,0.4316779727463674,1.0,50.09225033444816,48.45899866220736,48.45544180602007,0.052878281139150704,0.8559834722685725,0.0006508718568704115,0.0,0.9613749837692971,0.8648081860787551
tree,cp,40.0,4,0,router,15.985588233333335,15.632266,15.632266,0.021719176196417413,0.9780483276982004,0.0009310740916461846,0.0,0.9780483276982004,1.0,109.76398862876255,109.76397658862875,109.76397658862875,0.0,1.0,0.0002612860708961522,0.0,0.9999998847585989,1.0
tree,cp,40.0,4,1,router,0.016666666666666666,0.016666666666666666,0.016666666666666666,0.0,0.9875,0.21440055878973788,0.0,1.0,0.9875,0.1270902380290496,0.10702334044083898,0.10702334044083898,0.017837235228539576,0.891571703027714,0.19064313007549066,0.0,0.891571703027714,1.0
tree,cp,40.0,4,2,router,19.541121333333333,15.998921566666668,15.998921566666668,0.18097524798344397,0.8187272912921854,0.0006455156341982381,0.0,0.818267956370014,1.0,110.68396408026756,109.8910788667916,109.8910788667916,0.00876864313092481,0.9916233354482235,0.00014697603748882858,0.0,0.9921472353832894,1.0
tree,cp,40.0,4,3,router,16.337219983333334,12.239288233333333,12.2359549,0.25089012870960253,0.7488034195348038,0.0008249488986526197,0.0,0.7485830874807053,0.999704614541703,104.8531675250836,103.56561638795986,103.46863177257525,0.019068592515595294,0.9855831544847655,0.00015518767232759596,0.0,0.9854811247849472,0.9989504927313824
tree,cp,40.0,4,4,router,9.0913342,7.3018331000000005,7.3018331000000005,0.19619007844007844,0.8032264431585925,0.001394317607800449,0.0,0.8028848015239354,1.0,8.754131505016721,7.118347692307693,7.118347692307693,0.1865987134381783,0.8132812813418202,0.0019033741637638096,0.0,0.8119020193559169,1.0
tree,cp,40.0,4,5,router,9.06322843,7.278739966666667,7.278739966666667,0.19464457111515934,0.8036589794259724,0.0013274613744953844,0.0,0.8036590372281416,1.0,52.66712145819398,52.08972474916388,52.08637993311037,0.019228411449930833,0.9866377154151436,0.0003072146572665994,0.0,0.9864451346070895,0.9999394144074248
tree,cp,40.0,4,6,attacker,9.988333299999999,4.4405969333333335,4.4439303,0.5544848484848485,0.4452579287733251,0.0013333333333333335,0.0,0.44518796912292363,1.0,50.09225033444816,48.38475217391304,48.38453344481606,0.05532203303942435,0.8562030581997562,0.0006508718568704115,0.0,0.959685164190549,0.8652033145311744
tree,cp,40.0,4,7,benign_consumer,9.988333299999999,4.611216416666667,4.614549716666667,0.5377946127946128,0.46258411211678396,0.0013333333333333335,0.0,0.4621437887629821,1.0,10.0,4.378909331103679,4.378909331103679,0.5607226107226108,0.43822538127090305,0.0016722408026755853,0.0,0.43789093311036786,1.0
tree,cp,40.0,4,8,benign_consumer,9.988333299999999,4.608457666666666,4.611791,0.5376363636363636,0.46201464290934535,0.0013333333333333335,0.0,0.4620011837674217,1.0,10.0,4.259705986622074,4.259705986622074,0.573355629877369,0.4263050468227425,0.0016722408026755853,0.0,0.4259705986622073,1.0
tree,cp,40.0,4,9,benign_consumer,9.988333299999999,4.476209866666666,4.4795432,0.5511515151515152,0.44878295943302876,0.0013333333333333335,0.0,0.4487130031159639,1.0,10.0,4.494425518394649,4.494425518394649,0.5494932603628256,0.44977700000000004,0.0016722408026755853,0.0,0.44944255183946485,1.0
tree,cp,40.0,4,10,benign_consumer,9.988333299999999,4.44919034,4.452523706666667,0.5538181818181819,0.4461154584478975,0.0013333333333333335,0.0,0.44604549879749605,1.0,10.0,4.33540908361204,4.33540908361204,0.5654606263301916,0.43387535652173914,0.0016722408026755853,0.0,0.43354090836120407,1.0
tree,cp,40.0,4,11,attacker,9.988333299999999,4.6073713566666665,4.610704723333333,0.538060606060606,0.46194841377080514,0.0013333333333333335,0.0,0.46187845412034695,1.0,50.09225033444816,48.33192876254181,48.32836755852843,0.05468462696723566,0.8548643024936399,0.0006508718568704115,0.0,0.9590184336697303,0.8645230523545546
tree,cp,40.0,5,0,router,15.739048200000001,15.446545733333332,15.446545733333332,0.019799495649004333,0.9805385856222463,0.0012809039056018788,0.0,0.9805385856222463,1.0,110.5784408026756,110.57760702341137,110.57760702341137,0.0,1.0,0.00024325395085278092,0.0,0.9999922467895722,1.0
tree,cp,40.0,5,1,router,0.03000000000000044,0.03000000000000044,0.03000000000000044,0.0,1.0,0.3566674773332583,0.0,1.0,1.0,0.11705682642185775,0.09364546383422337,0.09364546383422337,0.021739130434782608,0.7588441036327659,0.20406688932969697,0.0,0.7588441036327659,1.0
tree,cp,40.0,5,2,router,19.1555956,15.7690482,15.7690482,0.17513657733980129,0.8235301801452973,0.0007740119525689197,0.0,0.8233040936750357,1.0,111.47040989966555,110.69549762909746,110.69549762909746,0.00823092435541927,0.9919964008595507,0.00014354999644621415,0.0,0.9923948374538515,1.0
tree,cp,40.0,5,3,router,16.332806266666665,12.2536334,12.240300466666666,0.24861956876827093,0.7505690960887408,0.0009228994998008114,0.0,0.7503717480075114,0.9990806888876441,105.47462779264214,104.2144441471572,104.13752073578596,0.017340683752494288,0.9861178857892183,0.00015130115987646675,0.0,0.9860269690445534,0.9990956289769317
tree,cp,40.0,5,4,router,8.746894099999999,6.9019622,6.9019622,0.21275741469859116,0.7888095844962328,0.0017572318588062166,0.0,0.7878383204423699,1.0,9.048546622073578,7.25596575250836,7.25596575250836,0.19609143179377292,0.8036999901544997,0.0019580019400943986,0.0,0.8025530727665134,1.0
tree,cp,40.0,5,5,router,9.415196493333333,7.4574509,7.4574509,0.20796907531466355,0.7937195729576904,0.001597455050007967,0.0,0.7925579802556898,1.0,53.066149364548494,52.555557190635454,52.54886789297659,0.01273816937925733,0.9893859270096188,0.00030846861126318417,0.0,0.989144942084079,0.999878399701771
tree,cp,40.0,5,6,attacker,9.988333299999999,4.4359128000000005,4.4392461,0.554976430976431,0.4450460337691058,0.0013333333333333335,0.0,0.44460571041530395,1.0,50.09225033444816,48.4383856187291,48.4381745819398,0.052533155250546554,0.8559319344103588,0.0006508718568704115,0.0,0.9609923979195469,0.864332609555061
tree,cp,40.0,5,7,benign_consumer,9.988333299999999,4.4327759,4.436109266666667,0.5551515151515151,0.4444757095691517,0.0013333333333333335,0.0,0.44440574991875015,1.0,10.0,4.48089602006689,4.48089602006689,0.5510742880308098,0.4484240501672241,0.0016722408026755853,0.0,0.44808960200668896,1.0
tree,cp,40.0,5,8,benign_consumer,9.988333299999999,4.2770340000000004,4.2803674,0.5708181818181818,0.4289161850661,0.0013333333333333335,0.0,0.42884622208230516,1.0,10.0,4.500527859531773,4.500527859531773,0.548910509780075,0.4503872341137124,0.0016722408026755853,0.0,0.45005278595317727,1.0
tree,cp,40.0,5,9,benign_consumer,9.988333299999999,4.463193366666667,4.4665267,0.5524377104377104,0.44769083474071464,0.0013333333333333335,0.0,0.4472505080532794,1.0,10.0,4.5480187625418065,4.5480187625418065,0.5441218202087768,0.4551363244147157,0.0016722408026755853,0.0,0.4548018762541806,1.0
tree,cp,40.0,5,10,benign_consumer,9.988333299999999,4.737930133333333,4.741263433333334,0.5252626262626262,0.47505367310576824,0.0013333333333333335,0.0,0.4746133497519664,1.0,10.0,4.5379129096989965,4.5379129096989965,0.5450643559339211,0.45412573913043475,0.0016722408026755853,0.0,0.4537912909698996,1.0
tree,cp,40.0,5,11,attacker,9.988333299999999,4.670599660000001,4.67393306,0.5311515151515152,0.46826827452107267,0.0013333333333333335,0.0,0.4681983115372679,1.0,50.09225033444816,48.528454180602004,48.52154749163879,0.05210079775297166,0.8570949507013551,0.0006508718568704115,0.0,0.9622810938539705,0.8646613827974233
tree,cp,45.0,1,0,router,15.764698533333334,15.4380279,15.4380279,0.020869656860342013,0.979100379667608,0.0010677826716001893,0.0,0.979100379667608,1.0,121.1227093645485,121.1227093645485,121.1227093645485,0.0,1.0,0.00023279183831429747,0.0,1.0,1.0
tree,cp,45.0,1,1,router,0.02341137123737881,0.02341137123737881,0.02341137123737881,0.0,1.0,0.5938047816099832,0.0,1.0,1.0,0.0896267439970631,0.07691771615888614,0.07691771615888614,0.013377926421404682,0.8781406112226162,0.10234610181367869,0.0,0.8781406112226162,1.0
tree,cp,45.0,1,2,router,19.1643634,15.788031866666588,15.788031866666588,0.1746677400214573,0.8240963471679977,0.0007011958758295041,0.0,0.8242502738324605,1.0,121.9911077257525,121.21233610854557,121.15611236272615,0.006926326441654887,0.9822493048286102,0.00014390604938432455,0.0,0.9933179760291718,0.9872163942178854
tree,cp,45.0,1,3,router,16.33451004333333,12.236275533333332,12.222942533333333,0.25148542270401986,0.7479854475673959,0.0007729528805331527,0.0,0.7475557230365757,0.9991625910015705,115.7805934347826,114.71196588628763,114.55410367892978,0.011147010327694442,0.9726500840459041,0.00015185677551237745,0.0,0.9900160765466064,0.9781703065893369
tree,cp,45.0,1,4,router,8.652310949999999,6.928087866666666,6.928087866666666,0.19559357744651862,0.8033920679496909,0.0016838365768764255,0.0,0.8026437040710258,1.0,9.123281859531772,7.279141839464883,7.276466287625418,0.20027317071631454,0.7983990130593752,0.0019306053836294617,0.0,0.798344358563109,0.9934765566461427
tree,cp,45.0,1,5,router,8.972826846666667,7.2582533,7.2582533,0.18748118288946464,0.8110957527749331,0.0014880204298886274,0.0,0.8102797197015709,1.0,58.07967321070234,57.63021638795987,57.50914280936455,0.009375171724413314,0.9393554540560368,0.00029726566000457785,0.0,0.9916006925935993,0.9436477317405804
tree,cp,45.0,1,6,attacker,9.988333299999999,4.609177133333334,4.6125104666666665,0.5376363636363636,0.46208708542243243,0.0013333333333333335,0.0,0.46207362628050885,1.0,55.108700334448166,53.65795919732441,53.65528695652174,0.0344668013146274,0.9176847500885874,0.0006503820003931707,0.0,0.9709583546440844,0.9333057419440219
tree,cp,45.0,1,7,benign_consumer,9.988333299999999,4.460412943333333,4.463746276666667,0.5526969696969697,0.44723500324100884,0.0013333333333333335,0.0,0.447165046923944,1.0,10.0,4.492418183946488,4.489073702341137,0.5498175737306172,0.44924181839464883,0.0016722408026755853,0.0,0.44924181839464883,0.9917051069976133
tree,cp,45.0,1,8,benign_consumer,9.988333299999999,4.201120783333334,4.204454116666667,0.5785757575757575,0.42128599981590314,0.0013333333333333335,0.0,0.4212725406739795,1.0,10.0,4.6141763879598665,4.611501137123746,0.5372656329178068,0.4611501137123746,0.0016722408026755853,0.0,0.46141763879598663,0.9947967073556633
tree,cp,45.0,1,9,benign_consumer,9.988333299999999,4.444523533333333,4.447856833333334,0.5540976430976431,0.4458947151879976,0.0013333333333333335,0.0,0.4454543918341958,1.0,10.0,4.509105471571906,4.50910547826087,0.5479831762440458,0.45124499598662204,0.0016722408026755853,0.0,0.45091054715719064,0.9950502037719784
tree,cp,45.0,1,10,benign_consumer,9.988333299999999,4.39925858,4.402591946666666,0.5585454545454546,0.4411398078526769,0.0013333333333333335,0.0,0.4410698482022187,1.0,10.0,4.554494949832776,4.55449508361204,0.5435390696260262,0.45578395652173914,0.0016722408026755853,0.0,0.4554494949832776,0.9958039879240709
tree,cp,45.0,1,11,attacker,9.988333299999999,4.566901566666666,4.5702349,0.5422558922558922,0.45807455017365584,0.0013333333333333335,0.0,0.4576342234862206,1.0,55.108700334448166,53.52517725752509,53.385376254180606,0.03671835410965846,0.9009546781733937,0.0006503820003931707,0.0,0.9688237962800355,0.9176938183174683
tree,cp,45.0,2,0,router,16.030144833333335,15.773483366666666,15.773483366666666,0.015991949256628217,0.983815620167479,0.001073819900973438,0.0,0.983815620167479,1.0,120.5947,120.5947,120.5947,0.0,1.0,0.000226234560744097,0.0,1.0,1.0
tree,cp,45.0,2,1,router,0.029999998867056323,0.029999998867056323,0.029999998867056323,0.0,1.0,0.4823999997456903,0.0,1.0,1.0,0.11689501090821774,0.0901391605535235,0.0901391605535235,0.024526198439241916,0.6685465270395791,0.147792839928508,0.0,0.6685465270395791,1.0
tree,cp,45.0,2,2,router,19.5624637,16.06014483220039,16.06014483220039,0.1769402206520877,0.8222329203084322,0.0007004452360369713,0.0,0.8218535444755551,1.0,121.47780508361204,120.71159501090821,120.65272544569082,0.00671748069789004,0.9823642334710648,0.00014253989610786265,0.0,0.9933734177448347,0.987274443620234
tree,cp,45.0,2,3,router,16.324632949999998,12.227697866666666,12.214364933333332,0.25389001984079046,0.7475456552319214,0.0008629466610407713,0.0,0.747369973189987,0.9989378843094647,115.53558481605351,114.52738829431439,114.35212508361204,0.01129593626458493,0.973013940865599,0.00015103494701701158,0.0,0.990319403962479,0.9779442696416336
tree,cp,45.0,2,4,router,9.150034033333332,7.334765833333333,7.334765833333333,0.19561131290736555,0.8034224650298305,0.0014271716802745707,0.0,0.8022591513300145,1.0,8.806325367892976,6.950416789297658,6.945065785953177,0.2052474374380729,0.7926187306713292,0.0016532250920611423,0.0,0.7920546424320373,0.9948164447329346
tree,cp,45.0,2,5,router,9.023062923333333,7.2604001,7.2604001,0.19480114602173426,0.806075207373069,0.0015272123584462317,0.0,0.8037174899527418,1.0,58.10753067892977,57.652278595317725,57.53455217391304,0.009357452764338645,0.9388976274612886,0.0003032052363222655,0.0,0.9915029475866299,0.942779814924358
tree,cp,45.0,2,6,attacker,9.988333299999999,4.546770516666666,4.550103849999999,0.543939393939394,0.45584863012886007,0.0013333333333333335,0.0,0.4558351709869365,1.0,55.108700334448166,53.606029431438124,53.60000769230769,0.03561655735568779,0.9173821468963628,0.0006503820003931707,0.0,0.9700506117473462,0.9335818205016295
tree,cp,45.0,2,7,benign_consumer,9.988333299999999,4.5107957,4.5141290000000005,0.5475824915824916,0.4525481944958536,0.0013333333333333335,0.0,0.45210787114205175,1.0,10.0,4.277276454849498,4.277276622073579,0.5714097496706192,0.42772766220735786,0.0016722408026755853,0.0,0.4277276454849498,0.9935064952478305
tree,cp,45.0,2,8,benign_consumer,9.988333299999999,4.607847366666666,4.6111807,0.5377037037037037,0.46226720285850786,0.0013333333333333335,0.0,0.46182687617136925,1.0,10.0,4.495753602006689,4.493077949832776,0.5497719671632715,0.44964224314381274,0.0016722408026755853,0.0,0.44957536020066885,0.9961786985514552
tree,cp,45.0,2,9,benign_consumer,9.988333299999999,4.53552,4.538853333333333,0.545060606060606,0.45471426014207206,0.0013333333333333335,0.0,0.4546443038250072,1.0,10.0,4.310571765886287,4.307896113712375,0.5678980439850005,0.4311240595317726,0.0016722408026755853,0.0,0.43105717658862874,0.995230956208372
tree,cp,45.0,2,10,benign_consumer,9.988333299999999,4.363667866666666,4.3670012,0.5622727272727273,0.4375626091987857,0.0013333333333333335,0.0,0.4374926528817209,1.0,10.0,4.519263454849498,4.516587602006689,0.5470913144826188,0.451993208361204,0.0016722408026755853,0.0,0.4519263454849498,0.9917633920479182
tree,cp,45.0,2,11,attacker,9.988333299999999,4.652728356666667,4.656061723333333,0.5336969696969697,0.46648424610057837,0.0013333333333333335,0.0,0.4664142864501201,1.0,55.108700334448166,53.5882668896321,53.45449030100334,0.0353074461770114,0.9017246063148027,0.0006503820003931707,0.0,0.9700167908428262,0.9177601711756124
tree,cp,45.0,3,0,router,15.640232833333332,15.277060533333334,15.277060533333334,0.02276186155140815,0.9770027670984388,0.0011115337291752138,0.0,0.9770027670984388,1.0,120.66029364548494,120.66012642140468,120.66012642140468,0.0,1.0,0.000234739866613659,0.0,0.9999985016379533,1.0
tree,cp,45.0,3,1,router,0.04482758443541809,0.04482758443541809,0.04482758443541809,0.0,1.0,0.22084230092362198,0.0,1.0,1.0,0.1137112795184768,0.0936443994488359,0.0936443994488359,0.020066889632107024,0.9019526690136891,0.29118394669810793,0.0,0.9019526690136891,1.0
tree,cp,45.0,3,2,router,19.194005399999998,15.683566164954236,15.683566164954236,0.18349588855310264,0.815260313127966,0.0007344011937839759,0.0,0.8163036108117036,1.0,121.555960367893,120.77400492500342,120.71513870426764,0.007436457464995391,0.9827587079652621,0.00014361937063724452,0.0,0.9930067502065398,0.987331738435852
tree,cp,45.0,3,3,router,15.980737990000002,11.9912243,11.967889933333334,0.24906442686128163,0.7510464542285223,0.0009327233279630054,0.0,0.7506187384342007,0.9979132721482106,115.7065171270903,114.57631571906353,114.39838428093645,0.012116786185007335,0.9724853809443282,0.00015057305661102547,0.0,0.9893619856444323,0.9781514870761427
tree,cp,45.0,3,4,router,8.967270173333333,7.2027811,7.2027811,0.19665436034553682,0.803356621703883,0.0015161314433824811,0.0,0.8028649287051278,1.0,8.79220497993311,6.979644648829432,6.976968662207358,0.2080085744801464,0.7919584187006982,0.0019506828881944523,0.0,0.7917922200535633,0.9933332725282564
tree,cp,45.0,3,5,router,8.873280006666667,7.0947004,7.0947004,0.2005902730740192,0.7984025855008529,0.0015789071050995708,0.0,0.7984025619111561,1.0,58.208204521739134,57.72852642140468,57.608125752508364,0.009780085810880315,0.9384811769729081,0.00029679576198918776,0.0,0.9911053302566235,0.9431742127038271
tree,cp,45.0,3,6,attacker,9.988333299999999,4.5309010333333335,4.534234433333333,0.5455151515151515,0.4543025111971955,0.0013333333333333335,0.0,0.45423254821340076,1.0,55.108700334448166,53.629104013377926,53.619736454849495,0.033776549537419105,0.9170011547682099,0.0006503820003931707,0.0,0.9707839982409889,0.9331820157389307
tree,cp,45.0,3,7,benign_consumer,9.988333299999999,4.34846979,4.351803156666667,0.5635521885521885,0.4363130427569728,0.0013333333333333335,0.0,0.4358727127365009,1.0,10.0,4.348887361204014,4.345543080267559,0.5641887098408838,0.434888756187291,0.0016722408026755853,0.0,0.43488873612040135,0.9943866594792147
tree,cp,45.0,3,8,benign_consumer,9.988333299999999,4.370881566666667,4.3742149,0.5617643097643097,0.4385410945178045,0.0013333333333333335,0.0,0.43810076783066604,1.0,10.0,4.3520820936454845,4.352081892976589,0.5634792743488395,0.43520819264214045,0.0016722408026755853,0.0,0.43520820936454846,0.9950981797958459
tree,cp,45.0,3,9,benign_consumer,9.988333299999999,4.5897219400000004,4.593055273333333,0.5397037037037037,0.46045619410065686,0.0013333333333333335,0.0,0.46001586741351824,1.0,10.0,4.440122886287625,4.437447267558528,0.5549660484443093,0.444079174916388,0.0016722408026755853,0.0,0.4440122886287625,0.994429164392601
tree,cp,45.0,3,10,benign_consumer,9.988333299999999,4.561121166666667,4.564454466666667,0.5424915824915825,0.45759358339509343,0.0013333333333333335,0.0,0.4571532600412916,1.0,10.0,4.616228936454849,4.610208762541807,0.537600081078342,0.4613553244147157,0.0016722408026755853,0.0,0.461622893645485,0.9933093868844417
tree,cp,45.0,3,11,attacker,9.988333299999999,4.305492206666667,4.30882554,0.5678787878787879,0.43174792906343223,0.0013333333333333335,0.0,0.4316779727463674,1.0,55.108700334448166,53.59197558528428,53.455519397993314,0.036434579912840784,0.9022547126225227,0.0006503820003931707,0.0,0.9695827638592911,0.9178954531121024
tree,cp,45.0,4,0,router,15.985588233333335,15.632266,15.632266,0.021719176196417413,0.9780483276982004,0.0009310740916461846,0.0,0.9780483276982004,1.0,120.44463511705685,120.44462307692308,120.44462307692308,0.0,1.0,0.00025919345805842616,0.0,0.9999998849240388,1.0
tree,cp,45.0,4,1,router,0.016666666666666666,0.016666666666666666,0.016666666666666666,0.0,0.9875,0.21440055878973788,0.0,1.0,0.9875,0.1204012733973607,0.10367885968935021,0.10367885968935021,0.015050167224080268,0.9238146610359828,0.19064313008462558,0.0,0.9238146610359828,1.0
tree,cp,45.0,4,2,router,19.541121333333333,15.998921566666668,15.998921566666668,0.18097524798344397,0.8187272912921854,0.0006455156341982381,0.0,0.818267956370014,1.0,121.2649824749164,120.56503639045422,120.5115815409559,0.006096480727513601,0.9828742090100109,0.00014661107598924015,0.0,0.9939476825217202,0.987138607654215
tree,cp,45.0,4,3,router,16.337219983333334,12.239288233333333,12.2359549,0.25089012870960253,0.7488034195348038,0.0008249488986526197,0.0,0.7485830874807053,0.999704614541703,115.207418361204,114.1466347826087,113.96808160535117,0.012400089429903253,0.9727384427640848,0.00015467758778709199,0.0,0.9896980196337359,0.9778997143797706
tree,cp,45.0,4,4,router,9.0913342,7.3018331000000005,7.3018331000000005,0.19619007844007844,0.8032264431585925,0.001394317607800449,0.0,0.8028848015239354,1.0,8.754131505016721,7.118347692307693,7.1183483612040135,0.1865987134381783,0.8133592723376092,0.0019033741637638096,0.0,0.8119020193559169,0.9947721080902237
tree,cp,45.0,4,5,router,9.06322843,7.278739966666667,7.278739966666667,0.19464457111515934,0.8036589794259724,0.0013274613744953844,0.0,0.8036590372281416,1.0,57.840957244147155,57.35386020066889,57.232787959866215,0.012388289585774873,0.9387492566708028,0.00030593242943090503,0.0,0.9902803799162082,0.943288014127651
tree,cp,45.0,4,6,attacker,9.988333299999999,4.4405969333333335,4.4439303,0.5544848484848485,0.4452579287733251,0.0013333333333333335,0.0,0.44518796912292363,1.0,55.108700334448166,53.47464782608696,53.47197357859532,0.03848814229249012,0.9156674197158997,0.0006503820003931707,0.0,0.9674964942969484,0.9334856427801581
tree,cp,45.0,4,7,benign_consumer,9.988333299999999,4.611216416666667,4.614549716666667,0.5377946127946128,0.46258411211678396,0.0013333333333333335,0.0,0.4621437887629821,1.0,10.0,4.378909331103679,4.378909464882943,0.5607226107226108,0.4382253946488294,0.0016722408026755853,0.0,0.43789093311036786,0.9911492016089168
tree,cp,45.0,4,8,benign_consumer,9.988333299999999,4.608457666666666,4.611791,0.5376363636363636,0.46201464290934535,0.0013333333333333335,0.0,0.4620011837674217,1.0,10.0,4.259705986622074,4.259706153846153,0.573355629877369,0.4263050635451505,0.0016722408026755853,0.0,0.4259705986622073,0.9949016029587515
tree,cp,45.0,4,9,benign_consumer,9.988333299999999,4.476209866666666,4.4795432,0.5511515151515152,0.44878295943302876,0.0013333333333333335,0.0,0.4487130031159639,1.0,10.0,4.494425518394649,4.494425518394649,0.5494932603628256,0.44977700000000004,0.0016722408026755853,0.0,0.44944255183946485,0.9970877593309145
tree,cp,45.0,4,10,benign_consumer,9.988333299999999,4.44919034,4.452523706666667,0.5538181818181819,0.4461154584478975,0.0013333333333333335,0.0,0.44604549879749605,1.0,10.0,4.33540908361204,4.335408966555184,0.5654606263301916,0.43387534481605355,0.0016722408026755853,0.0,0.43354090836120407,0.991756529956273
tree,cp,45.0,4,11,attacker,9.988333299999999,4.6073713566666665,4.610704723333333,0.538060606060606,0.46194841377080514,0.0013333333333333335,0.0,0.46187845412034695,1.0,55.108700334448166,53.505546822742474,53.36909030100335,0.03812944302074737,0.901192470252309,0.0006503820003931707,0.0,0.9679418871490632,0.9178400557105801
tree,cp,45.0,5,0,router,15.739048200000001,15.446545733333332,15.446545733333332,0.019799495649004333,0.9805385856222463,0.0012809039056018788,0.0,0.9805385856222463,1.0,121.15732408026757,121.15649130434782,121.15649130434782,0.0,1.0,0.00024154970747971942,0.0,0.9999922667197089,1.0
tree,cp,45.0,5,1,router,0.03000000000000044,0.03000000000000044,0.03000000000000044,0.0,1.0,0.3566674773332583,0.0,1.0,1.0,0.12374579092079994,0.09698994281646085,0.09698994281646085,0.02508361204013378,0.747624518030841,0.20406221796505053,0.0,0.747624518030841,1.0
tree,cp,45.0,5,2,router,19.1555956,15.7690482,15.7690482,0.17513657733980129,0.8235301801452973,0.0007740119525689197,0.0,0.8233040936750357,1.0,122.00531973244148,121.28106987118836,121.22756150998434,0.006301128292191238,0.9827751510069027,0.0001429162680494882,0.0,0.9937874225039927,0.9871994173313909
tree,cp,45.0,5,3,router,16.332806266666665,12.2536334,12.240300466666666,0.24861956876827093,0.7505690960887408,0.0009228994998008114,0.0,0.7503717480075114,0.9990806888876441,115.85554618729097,114.74935384615384,114.57747056856186,0.012180631412939765,0.9723294240809742,0.00015074534349830427,0.0,0.9894483439915246,0.9780637869142587
tree,cp,45.0,5,4,router,8.746894099999999,6.9019622,6.9019622,0.21275741469859116,0.7888095844962328,0.0017572318588062166,0.0,0.7878383204423699,1.0,9.04520210702341,7.255965886287626,7.253290434782608,0.19578738801146828,0.8039028404644475,0.0019580030980948524,0.0,0.8028631465909247,0.9946816773501326
tree,cp,45.0,5,5,router,9.415196493333333,7.4574509,7.4574509,0.20796907531466355,0.7937195729576904,0.001597455050007967,0.0,0.7925579802556898,1.0,58.22997344481605,57.75619933110367,57.635127424749165,0.009713145869982166,0.9390370285006705,0.00030780150260703695,0.0,0.991232403336925,0.9436342482112764
tree,cp,45.0,5,6,attacker,9.988333299999999,4.4359128000000005,4.4392461,0.554976430976431,0.4450460337691058,0.0013333333333333335,0.0,0.44460571041530395,1.0,55.108700334448166,53.6184491638796,53.61577826086957,0.0341942477812043,0.9169129808260065,0.0006503820003931707,0.0,0.9706016610946955,0.9331970198341375
tree,cp,45.0,5,7,benign_consumer,9.988333299999999,4.4327759,4.436109266666667,0.5551515151515151,0.4444757095691517,0.0013333333333333335,0.0,0.44440574991875015,1.0,10.0,4.48089602006689,4.48089618729097,0.5510742880308098,0.44842406688963216,0.0016722408026755853,0.0,0.44808960200668896,0.9931213954407074
tree,cp,45.0,5,8,benign_consumer,9.988333299999999,4.2770340000000004,4.2803674,0.5708181818181818,0.4289161850661,0.0013333333333333335,0.0,0.42884622208230516,1.0,10.0,4.497183344481605,4.497183177257525,0.5492449579406101,0.4500527658862876,0.0016722408026755853,0.0,0.4497183344481605,0.995245192075727
tree,cp,45.0,5,9,benign_consumer,9.988333299999999,4.463193366666667,4.4665267,0.5524377104377104,0.44769083474071464,0.0013333333333333335,0.0,0.4472505080532794,1.0,10.0,4.5480187625418065,4.545343344481605,0.5441218202087768,0.4548687826086956,0.0016722408026755853,0.0,0.4548018762541806,0.9958854069819718
tree,cp,45.0,5,10,benign_consumer,9.988333299999999,4.737930133333333,4.741263433333334,0.5252626262626262,0.47505367310576824,0.0013333333333333335,0.0,0.4746133497519664,1.0,10.0,4.5379129096989965,4.537913110367893,0.5450643559339211,0.4541257591973244,0.0016722408026755853,0.0,0.4537912909698996,0.9920291211084579
tree,cp,45.0,5,11,attacker,9.988333299999999,4.670599660000001,4.67393306,0.5311515151515152,0.46826827452107267,0.0013333333333333335,0.0,0.4681983115372679,1.0,55.108700334448166,53.69206387959866,53.55493879598662,0.034598010684967206,0.9035215242476052,0.0006503820003931707,0.0,0.9712779654990253,0.9181352356275428
tree,cp,50.0,1,0,router,15.764698533333334,15.4380279,15.4380279,0.020869656860342013,0.979100379667608,0.0010677826716001893,0.0,0.979100379667608,1.0,131.0950501672241,131.0950501672241,131.0950501672241,0.0,1.0,0.00010726621040618328,0.0,1.0,1.0
tree,cp,50.0,1,1,router,0.02341137123737881,0.02341137123737881,0.02341137123737881,0.0,1.0,0.5938047816099832,0.0,1.0,1.0,0.0996601850575411,0.08360667414609253,0.08360667414609253,0.016722408026755852,0.7709049434895319,0.14568780082205884,0.0,0.7709049434895319,1.0
tree,cp,50.0,1,2,router,19.1643634,15.788031866666588,15.788031866666588,0.1746677400214573,0.8240963471679977,0.0007011958758295041,0.0,0.8242502738324605,1.0,131.86724548494985,131.19471035228162,131.19471035228162,0.004847597860735188,0.9945795858809806,0.00013172842388331987,0.0,0.9949244925823554,1.0
tree,cp,50.0,1,3,router,16.33451004333333,12.236275533333332,12.222942533333333,0.25148542270401986,0.7479854475673959,0.0007729528805331527,0.0,0.7475557230365757,0.9991625910015705,125.71945597658863,124.58475919732442,124.51183946488294,0.008907937795304407,0.9910192228453424,0.00013842570334445962,0.0,0.9909888765982813,0.9994165116354422
tree,cp,50.0,1,4,router,8.652310949999999,6.928087866666666,6.928087866666666,0.19559357744651862,0.8033920679496909,0.0016838365768764255,0.0,0.8026437040710258,1.0,9.119937377926421,7.282486287625418,7.282486287625418,0.19961078961915082,0.7994090814234371,0.0019306053836308785,0.0,0.7990362441881285,1.0
tree,cp,50.0,1,5,router,8.972826846666667,7.2582533,7.2582533,0.18748118288946464,0.8110957527749331,0.0014880204298886274,0.0,0.8102797197015709,1.0,63.026023411371234,62.61670367892977,62.60666956521739,0.006257854621065912,0.9935778534241534,0.0002712926068533421,0.0,0.9935149389631042,0.9998412288614829
tree,cp,50.0,1,6,attacker,9.988333299999999,4.609177133333334,4.6125104666666665,0.5376363636363636,0.46208708542243243,0.0013333333333333335,0.0,0.46207362628050885,1.0,59.958193812709034,58.610334113712376,58.610334113712376,0.022324904247569964,0.9778099681932735,0.00028794542401709613,0.0,0.9774941516588123,1.0
tree,cp,50.0,1,7,benign_consumer,9.988333299999999,4.460412943333333,4.463746276666667,0.5526969696969697,0.44723500324100884,0.0013333333333333335,0.0,0.447165046923944,1.0,10.0,4.492418183946488,4.492418183946488,0.5498175737306172,0.4495762665551839,0.0016722408026755853,0.0,0.44924181839464883,1.0
tree,cp,50.0,1,8,benign_consumer,9.988333299999999,4.201120783333334,4.204454116666667,0.5785757575757575,0.42128599981590314,0.0013333333333333335,0.0,0.4212725406739795,1.0,10.0,4.610831906354515,4.610831906354515,0.537600081078342,0.46141763879598663,0.0016722408026755853,0.0,0.46108319063545156,1.0
tree,cp,50.0,1,9,benign_consumer,9.988333299999999,4.444523533333333,4.447856833333334,0.5540976430976431,0.4458947151879976,0.0013333333333333335,0.0,0.4454543918341958,1.0,10.0,4.509105471571906,4.509105471571906,0.5479831762440458,0.45124499531772577,0.0016722408026755853,0.0,0.45091054715719064,1.0
tree,cp,50.0,1,10,benign_consumer,9.988333299999999,4.39925858,4.402591946666666,0.5585454545454546,0.4411398078526769,0.0013333333333333335,0.0,0.4410698482022187,1.0,10.0,4.551150501672241,4.551150501672241,0.5438735177865612,0.45544949832775916,0.0016722408026755853,0.0,0.45511505016722403,1.0
tree,cp,50.0,1,11,attacker,9.988333299999999,4.566901566666666,4.5702349,0.5422558922558922,0.45807455017365584,0.0013333333333333335,0.0,0.4576342234862206,1.0,59.958193812709034,58.474872909699,58.46483946488295,0.024633112195478552,0.9752735807440824,0.00028794542401709613,0.0,0.9752615257207555,0.9998298343547729
tree,cp,100.0,1,0,router,15.764698533333334,15.4380279,15.4380279,0.020869656860342013,0.979100379667608,0.0010677826716001893,0.0,0.979100379667608,1.0,232.81925083612043,232.81925083612043,232.81925083612043,0.0,1.0,6.073177441933027e-05,0.0,1.0,1.0
tree,cp,100.0,1,1,router,0.02341137123737881,0.02341137123737881,0.02341137123737881,0.0,1.0,0.5938047816099832,0.0,1.0,1.0,0.1431384305992229,0.09364012049110552,0.09364012049110552,0.048494983277591976,0.618546923532048,0.09928702463969984,0.0,0.6185469235320479,1.0
tree,cp,100.0,1,2,router,19.1643634,15.788031866666588,15.788031866666588,0.1746677400214573,0.8240963471679977,0.0007011958758295041,0.0,0.8242502738324605,1.0,233.3940481605351,232.9623892667196,232.9623892667196,0.0017077364293408477,0.9978011759399164,7.449475950784444e-05,0.0,0.9981532200026297,1.0
tree,cp,100.0,1,3,router,16.33451004333333,12.236275533333332,12.222942533333333,0.25148542270401986,0.7479854475673959,0.0007729528805331527,0.0,0.7475557230365757,0.9991625910015705,226.95277203010033,226.1115618729097,225.99852842809364,0.0036449416600563586,0.9962694738282876,7.662277547723656e-05,0.0,0.996296444271233,0.9995005043334091
tree,cp,100.0,1,4,router,8.652310949999999,6.928087866666666,6.928087866666666,0.19559357744651862,0.8033920679496909,0.0016838365768764255,0.0,0.8026437040710258,1.0,9.119937377926421,7.282486287625418,7.282486287625418,0.19961078961915082,0.7994090814234371,0.0019306053836308785,0.0,0.7990362441881285,1.0
tree,cp,100.0,1,5,router,8.972826846666667,7.2582533,7.2582533,0.18748118288946464,0.8110957527749331,0.0014880204298886274,0.0,0.8102797197015709,1.0,113.57952712374582,113.35346923076922,113.33340234113712,0.0018745685638041523,0.9979480672426163,0.00015216478572813313,0.0,0.998001247441332,0.9998231198122073
tree,cp,100.0,1,6,attacker,9.988333299999999,4.609177133333334,4.6125104666666665,0.5376363636363636,0.46208708542243243,0.0013333333333333335,0.0,0.46207362628050885,1.0,109.91638628762541,109.10688461538462,109.10688461538462,0.00731687398354065,0.9926406370356794,0.00015761811057638466,0.0,0.9926269575281207,1.0
tree,cp,100.0,1,7,benign_consumer,9.988333299999999,4.460412943333333,4.463746276666667,0.5526969696969697,0.44723500324100884,0.0013333333333333335,0.0,0.447165046923944,1.0,10.0,4.492418183946488,4.492418183946488,0.5498175737306172,0.4495762665551839,0.0016722408026755853,0.0,0.44924181839464883,1.0
tree,cp,100.0,1,8,benign_consumer,9.988333299999999,4.201120783333334,4.204454116666667,0.5785757575757575,0.42128599981590314,0.0013333333333333335,0.0,0.4212725406739795,1.0,10.0,4.610831906354515,4.610831906354515,0.537600081078342,0.46141763879598663,0.0016722408026755853,0.0,0.46108319063545156,1.0
tree,cp,100.0,1,9,benign_consumer,9.988333299999999,4.444523533333333,4.447856833333334,0.5540976430976431,0.4458947151879976,0.0013333333333333335,0.0,0.4454543918341958,1.0,10.0,4.509105471571906,4.509105471571906,0.5479831762440458,0.45124499531772577,0.0016722408026755853,0.0,0.45091054715719064,1.0
tree,cp,100.0,1,10,benign_consumer,9.988333299999999,4.39925858,4.402591946666666,0.5585454545454546,0.4411398078526769,0.0013333333333333335,0.0,0.4410698482022187,1.0,10.0,4.547806053511706,4.547806053511706,0.5442079659470964,0.45511505351170567,0.0016722408026755853,0.0,0.45478060535117054,1.0
tree,cp,100.0,1,11,attacker,9.988333299999999,4.566901566666666,4.5702349,0.5422558922558922,0.45807455017365584,0.0013333333333333335,0.0,0.4576342234862206,1.0,109.91638628762541,109.03172107023411,109.01163411371238,0.007994981908025386,0.9918347943047833,0.00015761811057638466,0.0,0.9919486069171252,0.9998165833749272
tree,ifa,1.0,1,0,router,15.764698533333334,15.4380279,15.4380279,0.020869656860342013,0.9791003796724198,0.0010677826716001893,0.0,0.979100379667608,1.0,17.124816655518394,16.803880909364548,15.800707357859533,0.018802742297723322,0.9235114705644965,0.06190830909794374,0.0,0.9811944623168087,0.9410678582098795
tree,ifa,1.0,1,1,router,0.023333333333254214,0.023333333333254214,0.023333333333254214,0.0,0.9966666666666667,0.5918254323379499,0.0,1.0,0.9966666666666667,0.02006688963155889,0.02006688963155889,0.02006688963155889,0.0,1.0,0.5886371103674589,0.0,1.0,1.0
tree,ifa,1.0,1,2,router,19.1643634,15.788031866666588,15.788031866666588,0.17465025750397475,0.8243384643398751,0.0007011958758295041,0.0,0.8242502738324605,1.0,20.535816655518396,17.144883545149952,16.14171147157136,0.1625732083438926,0.7878388798606308,0.05114367103344296,0.0,0.8359159498643304,0.9422401088108102
tree,ifa,1.0,1,3,router,16.33451004333333,12.236275533333332,12.222942533333333,0.25145839567699285,0.7483170960576069,0.0007729528805331527,0.0,0.7475557230365757,0.9991625910015705,17.065484739130437,13.253330367892977,12.240127558528428,0.22374515808270956,0.7184551129047227,0.06214554670304939,0.0,0.7759405780253873,0.9248900775553033
tree,ifa,1.0,1,4,router,8.652310949999999,6.928087866666666,6.928087866666666,0.19559357744651862,0.8035128479916982,0.0016838365768764255,0.0,0.8026437040710258,1.0,9.119937377926421,7.282486287625418,7.282486287625418,0.19961078961915082,0.7994090814234371,0.0019306053836308785,0.0,0.7990362441881285,1.0
tree,ifa,1.0,1,5,router,8.972826846666667,7.2582533,7.2582533,0.18744751285579458,0.8113938428201397,0.0014880204298886274,0.0,0.8102797197015709,1.0,8.974542792642142,7.083807324414717,7.083807324414717,0.20962372354512823,0.7895843112077411,0.0017178581671786083,0.0,0.7885930702862788,1.0
tree,ifa,1.0,1,6,attacker,9.988333299999999,4.609177133333334,4.6125104666666665,0.5376363636363636,0.46210054456424415,0.0013333333333333335,0.0,0.46207362628050885,1.0,11.003181286884281,5.489267692307693,4.486086287625418,0.5051607812477378,0.4114858526871304,0.09197122839106586,0.0,0.49616365403898804,0.8263806104139831
tree,ifa,1.0,1,7,benign_consumer,9.988333299999999,4.460412943333333,4.463746276666667,0.5526969696969697,0.44730495955796185,0.0013333333333333335,0.0,0.447165046923944,1.0,10.0,4.492418183946488,4.492418183946488,0.5498175737306172,0.4495762665551839,0.0016722408026755853,0.0,0.44924181839464883,1.0
tree,ifa,1.0,1,8,benign_consumer,9.988333299999999,4.201120783333334,4.204454116666667,0.5785757575757575,0.42129945895771487,0.0013333333333333335,0.0,0.4212725406739795,1.0,10.0,4.610831906354515,4.610831906354515,0.537600081078342,0.46141763879598663,0.0016722408026755853,0.0,0.46108319063545156,1.0
tree,ifa,1.0,1,9,benign_consumer,9.988333299999999,4.444523533333333,4.447856833333334,0.5540303030303031,0.4460346278219037,0.0013333333333333335,0.0,0.4454543918341958,1.0,10.0,4.509105471571906,4.509105471571906,0.5479831762440458,0.45124499531772577,0.0016722408026755853,0.0,0.45091054715719064,1.0
tree,ifa,1.0,1,10,benign_consumer,9.988333299999999,4.39925858,4.402591946666666,0.5585454545454546,0.4412097641696299,0.0013333333333333335,0.0,0.4410698482022187,1.0,10.0,4.551150501672241,4.551150501672241,0.5438735177865612,0.45544949832775916,0.0016722408026755853,0.0,0.45511505016722403,1.0
tree,ifa,1.0,1,11,benign_consumer,9.988333299999999,4.566901566666666,4.5702349,0.5421212121212121,0.4585283360027911,0.0013333333333333335,0.0,0.4576342234862206,1.0,10.0,4.4233922909699,4.4233922909699,0.5568004459308806,0.4426736772575251,0.0016722408026755853,0.0,0.44233922909699,1.0
tree,ifa,1.0,2,0,router,16.030144833333335,15.773483366666666,15.773483366666666,0.015991949256628217,0.9838168485897802,0.001073819900973438,0.0,0.983815620167479,1.0,16.52504010033445,16.203972046488296,15.200798494983276,0.019321612077338415,0.9215555044289202,0.06547123053207865,0.0,0.9804715594190643,0.9396589721766732
tree,ifa,1.0,2,1,router,0.029999998867056323,0.029999998867056323,0.029999998867056323,0.0,1.0,0.4823999997456903,0.0,1.0,1.0,0.02993979622501749,0.02993979622501749,0.02993979622501749,0.0,1.0,0.6688963210702341,0.0,1.0,1.0
tree,ifa,1.0,2,2,router,19.5624637,16.06014483220039,16.06014483220039,0.17692722520049575,0.822468291183601,0.0007004452360369713,0.0,0.8218535444755551,1.0,19.840953344481605,16.554979896559466,15.551807220974181,0.1655046601901009,0.7849183827471975,0.05407896672301791,0.0,0.8339641717288988,0.9410169237114422
tree,ifa,1.0,2,3,router,16.324632949999998,12.227697866666666,12.214364933333332,0.2538771828703155,0.7477830859181908,0.0008629466610407713,0.0,0.747369973189987,0.9989378843094647,16.727713444816054,12.890536555183946,11.877358528428093,0.22914639174847742,0.7120424582710952,0.06387910030039724,0.0,0.7708205003973386,0.9229158286821065
tree,ifa,1.0,2,4,router,9.150034033333332,7.334765833333333,7.334765833333333,0.1955808018471062,0.8036567743355731,0.0014271716802745707,0.0,0.8022591513300145,1.0,8.806325367892976,6.950416789297658,6.950416789297658,0.2052474374380729,0.793160237813288,0.0016532250920611423,0.0,0.7920546424320373,1.0
tree,ifa,1.0,2,5,router,9.023062923333333,7.2604001,7.2604001,0.19477336824395647,0.8063622640233007,0.0015272123584462317,0.0,0.8037174899527418,1.0,8.942109371237457,7.132481237458195,7.132481237458195,0.20110309608637367,0.7989063171573692,0.0019408547091501278,0.0,0.7971446222138576,1.0
tree,ifa,1.0,2,6,attacker,9.988333299999999,4.546770516666666,4.550103849999999,0.543939393939394,0.4558620892706718,0.0013333333333333335,0.0,0.4558351709869365,1.0,11.003181286884281,5.321309163879598,4.318127190635452,0.5212287712287712,0.3956930887061063,0.09197122839106586,0.0,0.4803709414657541,0.8207165488988103
tree,ifa,1.0,2,7,benign_consumer,9.988333299999999,4.5107957,4.5141290000000005,0.5475151515151515,0.45261815081280665,0.0013333333333333335,0.0,0.45210787114205175,1.0,10.0,4.273931973244147,4.273931973244147,0.5717441978311543,0.4277276454849498,0.0016722408026755853,0.0,0.4273931973244147,1.0
tree,ifa,1.0,2,8,benign_consumer,9.988333299999999,4.607847366666666,4.6111807,0.5376363636363636,0.46233715917546087,0.0013333333333333335,0.0,0.46182687617136925,1.0,10.0,4.495753602006689,4.495753602006689,0.5497719671632715,0.449909808361204,0.0016722408026755853,0.0,0.44957536020066885,1.0
tree,ifa,1.0,2,9,benign_consumer,9.988333299999999,4.53552,4.538853333333333,0.545060606060606,0.4548541727759781,0.0013333333333333335,0.0,0.4546443038250072,1.0,10.0,4.310571765886287,4.310571765886287,0.5678980439850005,0.4313916247491638,0.0016722408026755853,0.0,0.43105717658862874,1.0
tree,ifa,1.0,2,10,benign_consumer,9.988333299999999,4.363667866666666,4.3670012,0.5622727272727273,0.43763256551573876,0.0013333333333333335,0.0,0.4374926528817209,1.0,10.0,4.519263454849498,4.519263454849498,0.5470913144826188,0.452260793645485,0.0016722408026755853,0.0,0.4519263454849498,1.0
tree,ifa,1.0,2,11,benign_consumer,9.988333299999999,4.652728356666667,4.656061723333333,0.5336969696969697,0.4666241587344843,0.0013333333333333335,0.0,0.4664142864501201,1.0,10.0,4.42284591638796,4.42284591638796,0.5565470761122935,0.44261903979933104,0.0016722408026755853,0.0,0.44228459163879597,1.0
tree,ifa,1.0,3,0,router,15.640232833333332,15.277060533333334,15.277060533333334,0.02276186155140815,0.9770029842779159,0.0011115337291752138,0.0,0.9770027670984388,1.0,16.6915127090301,16.393718668561874,15.390545117056858,0.017447600815659013,0.9229707345654725,0.06403836284722456,0.0,0.9823602734174953,0.9395004895311099
tree,ifa,1.0,3,1,router,0.04333333162090416,0.04333333162090416,0.04333333162090416,0.0,0.9666666666666667,0.21348089089283456,0.0,1.0,0.9666666666666667,0.0434771889279995,0.03678822742401134,0.03678822742401134,0.006688963210702341,0.9062717124043453,0.3181003344734766,0.0,0.9062717124043453,1.0
tree,ifa,1.0,3,2,router,19.194005399999998,15.683566164954236,15.683566164954236,0.1834784060356201,0.8155006771531442,0.0007344011937839759,0.0,0.8163036108117036,1.0,20.03736153846154,16.734989897958098,15.731814212339371,0.16341833081811188,0.7856937447889518,0.053062824414158855,0.0,0.8351410903782064,0.9405570410162872
tree,ifa,1.0,3,3,router,15.980737990000002,11.9912243,11.967889933333334,0.2490451714055692,0.751372453646991,0.0009327233279630054,0.0,0.7506187384342007,0.9979132721482106,17.02803823076923,13.057716889632106,12.027786488294314,0.23462996946336553,0.7080238246618727,0.06209658986791211,0.0,0.76583925447886,0.9219216785966337
tree,ifa,1.0,3,4,router,8.967270173333333,7.2027811,7.2027811,0.19662069031186677,0.8036648830080595,0.0015161314433824811,0.0,0.8028649287051278,1.0,8.788860531772576,6.979644648829432,6.979644648829432,0.20777274564899983,0.7929849719865045,0.00195071975112792,0.0,0.7920405629112307,1.0
tree,ifa,1.0,3,5,router,8.873280006666667,7.0947004,7.0947004,0.2005902730740192,0.7985211708840433,0.0015789071050995708,0.0,0.7984025619111561,1.0,9.133913819397993,7.2320971237458185,7.2320971237458185,0.20515572313231176,0.793534550311495,0.0016845932340410008,0.0,0.7926349704751798,1.0
tree,ifa,1.0,3,6,attacker,9.988333299999999,4.5309010333333335,4.534234433333333,0.5455151515151515,0.45437246751414856,0.0013333333333333335,0.0,0.45423254821340076,1.0,11.003181286884281,5.450406889632107,4.447225284280936,0.5083445539967278,0.40794477537518187,0.09197122839106586,0.0,0.4926225968275624,0.8234028961462663
tree,ifa,1.0,3,7,benign_consumer,9.988333299999999,4.34846979,4.351803156666667,0.5634848484848485,0.43638299907392586,0.0013333333333333335,0.0,0.4358727127365009,1.0,10.0,4.345542913043478,4.345542913043478,0.5645231580014188,0.43488873946488293,0.0016722408026755853,0.0,0.43455429130434786,1.0
tree,ifa,1.0,3,8,benign_consumer,9.988333299999999,4.370881566666667,4.3742149,0.5616969696969697,0.43861105083475754,0.0013333333333333335,0.0,0.43810076783066604,1.0,10.0,4.34873764548495,4.34873764548495,0.5638137225093747,0.43520821270903015,0.0016722408026755853,0.0,0.43487376454849497,1.0
tree,ifa,1.0,3,9,benign_consumer,9.988333299999999,4.5897219400000004,4.593055273333333,0.5396363636363636,0.46048311238428036,0.0013333333333333335,0.0,0.46001586741351824,1.0,10.0,4.440122886287625,4.440122886287625,0.5549660484443093,0.44434673678929765,0.0016722408026755853,0.0,0.4440122886287625,1.0
tree,ifa,1.0,3,10,benign_consumer,9.988333299999999,4.561121166666667,4.564454466666667,0.5424242424242424,0.4576635397120465,0.0013333333333333335,0.0,0.4571532600412916,1.0,10.0,4.616228969899665,4.616228969899665,0.537600081078342,0.46195734515050163,0.0016722408026755853,0.0,0.46162289698996656,1.0
tree,ifa,1.0,3,11,benign_consumer,9.988333299999999,4.305492206666667,4.30882554,0.5678787878787879,0.4318878416973383,0.0013333333333333335,0.0,0.4316779727463674,1.0,10.0,4.517684849498328,4.517684849498328,0.5476892672544846,0.45210293311036787,0.0016722408026755853,0.0,0.4517684849498328,1.0
tree,ifa,1.0,4,0,router,15.985588233333335,15.632266,15.632266,0.021719176196417413,0.9780485439988155,0.0009310740916461846,0.0,0.9780483276982004,1.0,16.37328678929766,16.012210842474914,15.0090372909699,0.02227290707534113,0.9177554738344064,0.06523892566666861,0.0,0.9778405365214895,0.9384657784676304
tree,ifa,1.0,4,1,router,0.013333333333333334,0.013333333333333334,0.013333333333333334,0.0,0.79,0.17152044703179029,0.0,1.0,0.79,0.03678929683438054,0.033444815229029375,0.033444815229029375,0.0033444816053511705,0.8528428093645485,0.43812709053169446,0.0,0.8528428093645485,1.0
tree,ifa,1.0,4,2,router,19.541121333333333,15.998921566666668,15.998921566666668,0.18096015364382134,0.818981088149221,0.0006455156341982381,0.0,0.818267956370014,1.0,19.803140568561872,16.41007608613204,15.40690668813873,0.17106824770631465,0.778401082575197,0.053521936894906495,0.0,0.8282738624508482,0.9398438656120705
tree,ifa,1.0,4,3,router,16.337219983333334,12.239288233333333,12.2359549,0.25084519931294014,0.7491323299791374,0.0008249488986526197,0.0,0.7485830874807053,0.999704614541703,16.482358260869564,12.681448394648829,11.658206387959867,0.23281560342833818,0.7087741375657532,0.06445767815387685,0.0,0.7680930706729783,0.920874673387007
tree,ifa,1.0,4,4,router,9.0913342,7.3018331000000005,7.3018331000000005,0.19616230066230067,0.8035197205963129,0.001394317607800449,0.0,0.8028848015239354,1.0,8.754131505016721,7.121692173913043,7.121692173913043,0.18612093035169958,0.8137166141107852,0.0019033741637638096,0.0,0.8123373559629374,1.0
tree,ifa,1.0,4,5,router,9.06322843,7.278739966666667,7.278739966666667,0.19461679333738155,0.8039458891102292,0.0013274613744953844,0.0,0.8036590372281416,1.0,8.68409068896321,6.8659550836120395,6.8659550836120395,0.21080138739001614,0.7904074489200951,0.002059115528825304,0.0,0.7896484694547511,1.0
tree,ifa,1.0,4,6,attacker,9.988333299999999,4.4405969333333335,4.4439303,0.5544848484848485,0.44532788509027815,0.0013333333333333335,0.0,0.44518796912292363,1.0,11.003181286884281,5.23750237458194,4.234320638795987,0.5289391767652638,0.3879255824601911,0.09197122839106586,0.0,0.4726034117227552,0.816265993639365
tree,ifa,1.0,4,7,benign_consumer,9.988333299999999,4.611216416666667,4.614549716666667,0.5377272727272727,0.462654068433737,0.0013333333333333335,0.0,0.4621437887629821,1.0,10.0,4.378909331103679,4.378909331103679,0.5607226107226108,0.43822538127090305,0.0016722408026755853,0.0,0.43789093311036786,1.0
tree,ifa,1.0,4,8,benign_consumer,9.988333299999999,4.608457666666666,4.611791,0.5376363636363636,0.46202810205115713,0.0013333333333333335,0.0,0.4620011837674217,1.0,10.0,4.259705986622074,4.259705986622074,0.573355629877369,0.4263050468227425,0.0016722408026755853,0.0,0.4259705986622073,1.0
tree,ifa,1.0,4,9,benign_consumer,9.988333299999999,4.476209866666666,4.4795432,0.5511515151515152,0.4489228720669348,0.0013333333333333335,0.0,0.4487130031159639,1.0,10.0,4.494425518394649,4.494425518394649,0.5494932603628256,0.44977700000000004,0.0016722408026755853,0.0,0.44944255183946485,1.0
tree,ifa,1.0,4,10,benign_consumer,9.988333299999999,4.44919034,4.452523706666667,0.5538181818181819,0.4461854147648505,0.0013333333333333335,0.0,0.44604549879749605,1.0,10.0,4.33540908361204,4.33540908361204,0.5654606263301916,0.43387535652173914,0.0016722408026755853,0.0,0.43354090836120407,1.0
tree,ifa,1.0,4,11,benign_consumer,9.988333299999999,4.6073713566666665,4.610704723333333,0.538060606060606,0.46208832640471126,0.0013333333333333335,0.0,0.46187845412034695,1.0,10.0,4.34868160535117,4.34868160535117,0.564026553156988,0.4352026086956522,0.0016722408026755853,0.0,0.434868160535117,1.0
tree,ifa,1.0,5,0,router,15.739048200000001,15.446545733333332,15.446545733333332,0.019799495649004333,0.9805388057965587,0.0012809039056018788,0.0,0.9805385856222463,1.0,17.095777357859532,16.790597564882944,15.787424013377926,0.01717208919580557,0.9252531287437632,0.062437036836580743,0.0,0.982604307769843,0.9416006092883468
tree,ifa,1.0,5,1,router,0.03000000000000044,0.03000000000000044,0.03000000000000044,0.0,1.0,0.3566674773332583,0.0,1.0,1.0,0.0367892939252005,0.03344481231984937,0.03344481231984937,0.0033444816053511705,0.8628762541806035,0.4983277591973614,0.0,0.8628762541806035,1.0
tree,ifa,1.0,5,2,router,19.1555956,15.7690482,15.7690482,0.1751134291916531,0.823798425136157,0.0007740119525689197,0.0,0.8233040936750357,1.0,20.50851856187291,17.13256665178473,16.129395414326538,0.16471428813878766,0.787297513366971,0.05142214082040382,0.0,0.8347995993996049,0.9425973210308406
tree,ifa,1.0,5,3,router,16.332806266666665,12.2536334,12.240300466666666,0.24857982314029,0.7509259178587996,0.0009228994998008114,0.0,0.7503717480075114,0.9990806888876441,17.231503846153846,13.255897424749165,12.246036254180602,0.23119410864224482,0.7120134530329135,0.06115880251500764,0.0,0.7689918445540119,0.9251637053784534
tree,ifa,1.0,5,4,router,8.746894099999999,6.9019622,6.9019622,0.21269007463125109,0.7892962788891743,0.0017572318588062166,0.0,0.7878383204423699,1.0,9.048546622073578,7.252621137123746,7.252621137123746,0.19634869960956916,0.8034223536039234,0.0019580019400943986,0.0,0.8022754303869067,1.0
tree,ifa,1.0,5,5,router,9.415196493333333,7.4574509,7.4574509,0.20789437876937877,0.7942005979152945,0.001597455050007967,0.0,0.7925579802556898,1.0,9.0989081270903,7.348341371237458,7.348341371237458,0.19018347872862923,0.8093690861132963,0.0019148613735415286,0.0,0.80772819268135,1.0
tree,ifa,1.0,5,6,attacker,9.988333299999999,4.4359128000000005,4.4392461,0.554939393939394,0.44511599008605873,0.0013333333333333335,0.0,0.44460571041530395,1.0,11.003181286884281,5.402274448160536,4.39909364548495,0.5133106024410372,0.40341639592850664,0.09197122839106586,0.0,0.4880941410019276,0.8223851354754641
tree,ifa,1.0,5,7,benign_consumer,9.988333299999999,4.4327759,4.436109266666667,0.5551515151515151,0.4445456658861048,0.0013333333333333335,0.0,0.44440574991875015,1.0,10.0,4.48089602006689,4.48089602006689,0.5510742880308098,0.4484240501672241,0.0016722408026755853,0.0,0.44808960200668896,1.0
tree,ifa,1.0,5,8,benign_consumer,9.988333299999999,4.2770340000000004,4.2803674,0.5708181818181818,0.4289861413830531,0.0013333333333333335,0.0,0.42884622208230516,1.0,10.0,4.500527859531773,4.500527859531773,0.548910509780075,0.4503872341137124,0.0016722408026755853,0.0,0.45005278595317727,1.0
tree,ifa,1.0,5,9,benign_consumer,9.988333299999999,4.463193366666667,4.4665267,0.5523030303030303,0.448201117744991,0.0013333333333333335,0.0,0.4472505080532794,1.0,10.0,4.5480187625418065,4.5480187625418065,0.5441218202087768,0.4551363244147157,0.0016722408026755853,0.0,0.4548018762541806,1.0
tree,ifa,1.0,5,10,benign_consumer,9.988333299999999,4.737930133333333,4.741263433333334,0.5250606060606061,0.47549399979309165,0.0013333333333333335,0.0,0.4746133497519664,1.0,10.0,4.5379129096989965,4.5379129096989965,0.5450643559339211,0.45412573913043475,0.0016722408026755853,0.0,0.4537912909698996,1.0
tree,ifa,1.0,5,11,benign_consumer,9.988333299999999,4.670599660000001,4.67393306,0.5311515151515152,0.46840818715497873,0.0013333333333333335,0.0,0.4681983115372679,1.0,10.0,4.560995217391304,4.560995217391304,0.5428955102868146,0.45643396989966556,0.0016722408026755853,0.0,0.4560995217391305,1.0
tree,ifa,2.0,1,0,router,15.764698533333334,15.4380279,15.4380279,0.020869656860342013,0.9791003796724198,0.0010677826716001893,0.0,0.979100379667608,1.0,18.123307424749164,17.802370802675586,15.800707357859533,0.01779669960861945,0.8718251790016213,0.1151133886654355,0.0,0.9822252823593025,0.8874536464019053
tree,ifa,2.0,1,1,router,0.023333333333254214,0.023333333333254214,0.023333333333254214,0.0,0.9966666666666667,0.5918254323379499,0.0,1.0,0.9966666666666667,0.02341137123691006,0.02341137123691006,0.02006688963155889,0.0,0.906354515276642,0.583285939798897,0.0,1.0,0.882943143812709
tree,ifa,2.0,1,2,router,19.1643634,15.788031866666588,15.788031866666588,0.17465025750397475,0.8243384643398751,0.0007011958758295041,0.0,0.8242502738324605,1.0,21.53765431438127,18.146718795986075,16.14171147157136,0.15530609711741972,0.7502413245378055,0.09639709239055212,0.0,0.8434121487188826,0.8894430428257032
tree,ifa,2.0,1,3,router,16.33451004333333,12.236275533333332,12.222942533333333,0.25145839567699285,0.7483170960576069,0.0007729528805331527,0.0,0.7475557230365757,0.9991625910015705,18.06732039130435,14.255168026755854,12.240127558528428,0.21097953819505572,0.678053447309668,0.11531262360099552,0.0,0.788620099408907,0.8583347565866236
tree,ifa,2.0,1,4,router,8.652310949999999,6.928087866666666,6.928087866666666,0.19559357744651862,0.8035128479916982,0.0016838365768764255,0.0,0.8026437040710258,1.0,9.119937377926421,7.282486287625418,7.282486287625418,0.19961078961915082,0.7994090814234371,0.0019306053836308785,0.0,0.7990362441881285,1.0
tree,ifa,2.0,1,5,router,8.972826846666667,7.2582533,7.2582533,0.18744751285579458,0.8113938428201397,0.0014880204298886274,0.0,0.8102797197015709,1.0,8.974542792642142,7.083807324414717,7.083807324414717,0.20962372354512823,0.7895843112077411,0.0017178581671786083,0.0,0.7885930702862788,1.0
tree,ifa,2.0,1,6,attacker,9.988333299999999,4.609177133333334,4.6125104666666665,0.5376363636363636,0.46210054456424415,0.0013333333333333335,0.0,0.46207362628050885,1.0,12.005021065785952,6.491107290969899,4.486086287625418,0.4598584247413679,0.3754848476557185,0.16573414729703614,0.0,0.5399885442688875,0.683232445396014
tree,ifa,2.0,1,7,benign_consumer,9.988333299999999,4.460412943333333,4.463746276666667,0.5526969696969697,0.44730495955796185,0.0013333333333333335,0.0,0.447165046923944,1.0,10.0,4.492418183946488,4.492418183946488,0.5498175737306172,0.4495762665551839,0.0016722408026755853,0.0,0.44924181839464883,1.0
tree,ifa,2.0,1,8,benign_consumer,9.988333299999999,4.201120783333334,4.204454116666667,0.5785757575757575,0.42129945895771487,0.0013333333333333335,0.0,0.4212725406739795,1.0,10.0,4.610831906354515,4.610831906354515,0.537600081078342,0.46141763879598663,0.0016722408026755853,0.0,0.46108319063545156,1.0
tree,ifa,2.0,1,9,benign_consumer,9.988333299999999,4.444523533333333,4.447856833333334,0.5540303030303031,0.4460346278219037,0.0013333333333333335,0.0,0.4454543918341958,1.0,10.0,4.509105471571906,4.509105471571906,0.5479831762440458,0.45124499531772577,0.0016722408026755853,0.0,0.45091054715719064,1.0
tree,ifa,2.0,1,10,benign_consumer,9.988333299999999,4.39925858,4.402591946666666,0.5585454545454546,0.4412097641696299,0.0013333333333333335,0.0,0.4410698482022187,1.0,10.0,4.551150501672241,4.551150501672241,0.5438735177865612,0.45544949832775916,0.0016722408026755853,0.0,0.45511505016722403,1.0
tree,ifa,2.0,1,11,benign_consumer,9.988333299999999,4.566901566666666,4.5702349,0.5421212121212121,0.4585283360027911,0.0013333333333333335,0.0,0.4576342234862206,1.0,10.0,4.4233922909699,4.4233922909699,0.5568004459308806,0.4426736772575251,0.0016722408026755853,0.0,0.44233922909699,1.0
tree,ifa,2.0,2,0,router,16.030144833333335,15.773483366666666,15.773483366666666,0.015991949256628217,0.9838168485897802,0.001073819900973438,0.0,0.983815620167479,1.0,17.52353127090301,17.20246193979933,15.200798494983276,0.0179823516136735,0.8676004123198677,0.1197746849051582,0.0,0.9817173514077706,0.883385175191442
tree,ifa,2.0,2,1,router,0.029999998867056323,0.029999998867056323,0.029999998867056323,0.0,1.0,0.4823999997456903,0.0,1.0,1.0,0.03328427783036427,0.03328427783036866,0.02993979622501749,0.0,0.9277591961882782,0.6635451505016723,0.0,1.0000000000001183,0.9096989966556368
tree,ifa,2.0,2,2,router,19.5624637,16.06014483220039,16.06014483220039,0.17692722520049575,0.822468291183601,0.0007004452360369713,0.0,0.8218535444755551,1.0,20.84278655518395,17.556815548733375,15.551807220974181,0.15702987983658256,0.7464222571180199,0.09973791335250219,0.0,0.8422390293471079,0.8857375670330212
tree,ifa,2.0,2,3,router,16.324632949999998,12.227697866666666,12.214364933333332,0.2538771828703155,0.7477830859181908,0.0008629466610407713,0.0,0.747369973189987,0.9989378843094647,17.72954889632107,13.892369765886286,11.877358528428093,0.21575353408627126,0.6709377723018842,0.11712568543445968,0.0,0.7840398388596257,0.8545456260743373
tree,ifa,2.0,2,4,router,9.150034033333332,7.334765833333333,7.334765833333333,0.1955808018471062,0.8036567743355731,0.0014271716802745707,0.0,0.8022591513300145,1.0,8.806325367892976,6.950416789297658,6.950416789297658,0.2052474374380729,0.793160237813288,0.0016532250920611423,0.0,0.7920546424320373,1.0
tree,ifa,2.0,2,5,router,9.023062923333333,7.2604001,7.2604001,0.19477336824395647,0.8063622640233007,0.0015272123584462317,0.0,0.8037174899527418,1.0,8.942109371237457,7.132481237458195,7.132481237458195,0.20110309608637367,0.7989063171573692,0.0019408547091501278,0.0,0.7971446222138576,1.0
tree,ifa,2.0,2,6,attacker,9.988333299999999,4.546770516666666,4.550103849999999,0.543939393939394,0.4558620892706718,0.0013333333333333335,0.0,0.4558351709869365,1.0,12.005021065785952,6.323148294314381,4.318127190635452,0.47376803798208483,0.36151290460243124,0.16573414729703614,0.0,0.526016611778137,0.6741453527294755
tree,ifa,2.0,2,7,benign_consumer,9.988333299999999,4.5107957,4.5141290000000005,0.5475151515151515,0.45261815081280665,0.0013333333333333335,0.0,0.45210787114205175,1.0,10.0,4.273931973244147,4.273931973244147,0.5717441978311543,0.4277276454849498,0.0016722408026755853,0.0,0.4273931973244147,1.0
tree,ifa,2.0,2,8,benign_consumer,9.988333299999999,4.607847366666666,4.6111807,0.5376363636363636,0.46233715917546087,0.0013333333333333335,0.0,0.46182687617136925,1.0,10.0,4.495753602006689,4.495753602006689,0.5497719671632715,0.449909808361204,0.0016722408026755853,0.0,0.44957536020066885,1.0
tree,ifa,2.0,2,9,benign_consumer,9.988333299999999,4.53552,4.538853333333333,0.545060606060606,0.4548541727759781,0.0013333333333333335,0.0,0.4546443038250072,1.0,10.0,4.310571765886287,4.310571765886287,0.5678980439850005,0.4313916247491638,0.0016722408026755853,0.0,0.43105717658862874,1.0
tree,ifa,2.0,2,10,benign_consumer,9.988333299999999,4.363667866666666,4.3670012,0.5622727272727273,0.43763256551573876,0.0013333333333333335,0.0,0.4374926528817209,1.0,10.0,4.519263454849498,4.519263454849498,0.5470913144826188,0.452260793645485,0.0016722408026755853,0.0,0.4519263454849498,1.0
tree,ifa,2.0,2,11,benign_consumer,9.988333299999999,4.652728356666667,4.656061723333333,0.5336969696969697,0.4666241587344843,0.0013333333333333335,0.0,0.4664142864501201,1.0,10.0,4.42284591638796,4.42284591638796,0.5565470761122935,0.44261903979933104,0.0016722408026755853,0.0,0.44228459163879597,1.0
tree,ifa,2.0,3,0,router,15.640232833333332,15.277060533333334,15.277060533333334,0.02276186155140815,0.9770029842779159,0.0011115337291752138,0.0,0.9770027670984388,1.0,17.69000193979933,17.392208561872913,15.390545117056858,0.016326708331817118,0.8699246299009394,0.11825909972304108,0.0,0.983416211221746,0.8844744538758899
tree,ifa,2.0,3,1,router,0.04333333162090416,0.04333333162090416,0.04333333162090416,0.0,0.9666666666666667,0.21348089089283456,0.0,1.0,0.9666666666666667,0.04682167053335067,0.04013270902936251,0.03678822742401134,0.006688963210702341,0.8420576669371735,0.3127491639049147,0.0,0.9062717124043453,0.919732441471572
tree,ifa,2.0,3,2,router,19.194005399999998,15.683566164954236,15.683566164954236,0.1834784060356201,0.8155006771531442,0.0007344011937839759,0.0,0.8163036108117036,1.0,21.035848695652174,17.73682361033268,15.731814212339371,0.15560842151743393,0.7476285435278567,0.0987818209106181,0.0,0.8431789300026273,0.8863773724703617
tree,ifa,2.0,3,3,router,15.980737990000002,11.9912243,11.967889933333334,0.2490451714055692,0.751372453646991,0.0009327233279630054,0.0,0.7506187384342007,0.9979132721482106,18.029873448160533,14.056204046822742,12.027786488294314,0.22121090027220683,0.6681653560193621,0.11456998834392211,0.0,0.7789924703444074,0.8547244229445072
tree,ifa,2.0,3,4,router,8.967270173333333,7.2027811,7.2027811,0.19662069031186677,0.8036648830080595,0.0015161314433824811,0.0,0.8028649287051278,1.0,8.788860531772576,6.979644648829432,6.979644648829432,0.20777274564899983,0.7929849719865045,0.00195071975112792,0.0,0.7920405629112307,1.0
tree,ifa,2.0,3,5,router,8.873280006666667,7.0947004,7.0947004,0.2005902730740192,0.7985211708840433,0.0015789071050995708,0.0,0.7984025619111561,1.0,9.133913819397993,7.2320971237458185,7.2320971237458185,0.20515572313231176,0.793534550311495,0.0016845932340410008,0.0,0.7926349704751798,1.0
tree,ifa,2.0,3,6,attacker,9.988333299999999,4.5309010333333335,4.534234433333333,0.5455151515151515,0.45437246751414856,0.0013333333333333335,0.0,0.45423254821340076,1.0,12.005021065785952,6.452246688963211,4.447225284280936,0.46280842902916486,0.37223850030733896,0.16573414729703614,0.0,0.5367422308594247,0.6802799669444952
tree,ifa,2.0,3,7,benign_consumer,9.988333299999999,4.34846979,4.351803156666667,0.5634848484848485,0.43638299907392586,0.0013333333333333335,0.0,0.4358727127365009,1.0,10.0,4.345542913043478,4.345542913043478,0.5645231580014188,0.43488873946488293,0.0016722408026755853,0.0,0.43455429130434786,1.0
tree,ifa,2.0,3,8,benign_consumer,9.988333299999999,4.370881566666667,4.3742149,0.5616969696969697,0.43861105083475754,0.0013333333333333335,0.0,0.43810076783066604,1.0,10.0,4.34873764548495,4.34873764548495,0.5638137225093747,0.43520821270903015,0.0016722408026755853,0.0,0.43487376454849497,1.0
tree,ifa,2.0,3,9,benign_consumer,9.988333299999999,4.5897219400000004,4.593055273333333,0.5396363636363636,0.46048311238428036,0.0013333333333333335,0.0,0.46001586741351824,1.0,10.0,4.440122886287625,4.440122886287625,0.5549660484443093,0.44434673678929765,0.0016722408026755853,0.0,0.4440122886287625,1.0
tree,ifa,2.0,3,10,benign_consumer,9.988333299999999,4.561121166666667,4.564454466666667,0.5424242424242424,0.4576635397120465,0.0013333333333333335,0.0,0.4571532600412916,1.0,10.0,4.616228969899665,4.616228969899665,0.537600081078342,0.46195734515050163,0.0016722408026755853,0.0,0.46162289698996656,1.0
tree,ifa,2.0,3,11,benign_consumer,9.988333299999999,4.305492206666667,4.30882554,0.5678787878787879,0.4318878416973383,0.0013333333333333335,0.0,0.4316779727463674,1.0,10.0,4.517684849498328,4.517684849498328,0.5476892672544846,0.45210293311036787,0.0016722408026755853,0.0,0.4517684849498328,1.0
tree,ifa,2.0,4,0,router,15.985588233333335,15.632266,15.632266,0.021719176196417413,0.9780485439988155,0.0009310740916461846,0.0,0.9780483276982004,1.0,17.37178150501672,17.010700735785953,15.0090372909699,0.020955217732057434,0.8636152641083343,0.1208034761293486,0.0,0.9791491575608576,0.8818833545579543
tree,ifa,2.0,4,1,router,0.013333333333333334,0.013333333333333334,0.013333333333333334,0.0,0.79,0.17152044703179029,0.0,1.0,0.79,0.04013377843973171,0.03678929683438054,0.033444815229029375,0.0033444816053511705,0.7351170545351675,0.43277591996313264,0.0,0.8528428093645485,0.8528428093645485
tree,ifa,2.0,4,2,router,19.541121333333333,15.998921566666668,15.998921566666668,0.18096015364382134,0.818981088149221,0.0006455156341982381,0.0,0.818267956370014,1.0,20.804975217391302,17.41191528345645,15.40690668813873,0.1623194867864477,0.740416049119876,0.10046967368950505,0.0,0.836872386113403,0.8843367285044885
tree,ifa,2.0,4,3,router,16.337219983333334,12.239288233333333,12.2359549,0.25084519931294014,0.7491323299791374,0.0008249488986526197,0.0,0.7485830874807053,0.999704614541703,17.484193511705687,13.68328304347826,11.658206387959867,0.2190858737059088,0.6673463153819346,0.1189793515052733,0.0,0.7816093175951936,0.8516328949555196
tree,ifa,2.0,4,4,router,9.0913342,7.3018331000000005,7.3018331000000005,0.19616230066230067,0.8035197205963129,0.001394317607800449,0.0,0.8028848015239354,1.0,8.754131505016721,7.121692173913043,7.121692173913043,0.18612093035169958,0.8137166141107852,0.0019033741637638096,0.0,0.8123373559629374,1.0
tree,ifa,2.0,4,5,router,9.06322843,7.278739966666667,7.278739966666667,0.19461679333738155,0.8039458891102292,0.0013274613744953844,0.0,0.8036590372281416,1.0,8.68409068896321,6.8659550836120395,6.8659550836120395,0.21080138739001614,0.7904074489200951,0.002059115528825304,0.0,0.7896484694547511,1.0
tree,ifa,2.0,4,6,attacker,9.988333299999999,4.4405969333333335,4.4439303,0.5544848484848485,0.44532788509027815,0.0013333333333333335,0.0,0.44518796912292363,1.0,12.005021065785952,6.239341906354515,4.234320638795987,0.48084407231564424,0.354333512414656,0.16573414729703614,0.0,0.5188372307527713,0.6666922914586745
tree,ifa,2.0,4,7,benign_consumer,9.988333299999999,4.611216416666667,4.614549716666667,0.5377272727272727,0.462654068433737,0.0013333333333333335,0.0,0.4621437887629821,1.0,10.0,4.378909331103679,4.378909331103679,0.5607226107226108,0.43822538127090305,0.0016722408026755853,0.0,0.43789093311036786,1.0
tree,ifa,2.0,4,8,benign_consumer,9.988333299999999,4.608457666666666,4.611791,0.5376363636363636,0.46202810205115713,0.0013333333333333335,0.0,0.4620011837674217,1.0,10.0,4.259705986622074,4.259705986622074,0.573355629877369,0.4263050468227425,0.0016722408026755853,0.0,0.4259705986622073,1.0
tree,ifa,2.0,4,9,benign_consumer,9.988333299999999,4.476209866666666,4.4795432,0.5511515151515152,0.4489228720669348,0.0013333333333333335,0.0,0.4487130031159639,1.0,10.0,4.494425518394649,4.494425518394649,0.5494932603628256,0.44977700000000004,0.0016722408026755853,0.0,0.44944255183946485,1.0
tree,ifa,2.0,4,10,benign_consumer,9.988333299999999,4.44919034,4.452523706666667,0.5538181818181819,0.4461854147648505,0.0013333333333333335,0.0,0.44604549879749605,1.0,10.0,4.33540908361204,4.33540908361204,0.5654606263301916,0.43387535652173914,0.0016722408026755853,0.0,0.43354090836120407,1.0
tree,ifa,2.0,4,11,benign_consumer,9.988333299999999,4.6073713566666665,4.610704723333333,0.538060606060606,0.46208832640471126,0.0013333333333333335,0.0,0.46187845412034695,1.0,10.0,4.34868160535117,4.34868160535117,0.564026553156988,0.4352026086956522,0.0016722408026755853,0.0,0.434868160535117,1.0
tree,ifa,2.0,5,0,router,15.739048200000001,15.446545733333332,15.446545733333332,0.019799495649004333,0.9805388057965587,0.0012809039056018788,0.0,0.9805385856222463,1.0,18.094267859531772,17.78908745819398,15.787424013377926,0.016180101680904235,0.8732365208378486,0.11590489837327525,0.0,0.9835992556186663,0.8877137375618261
tree,ifa,2.0,5,1,router,0.03000000000000044,0.03000000000000044,0.03000000000000044,0.0,1.0,0.3566674773332583,0.0,1.0,1.0,0.040133775530551634,0.036789293925200535,0.03344481231984937,0.0033444816053511705,0.8182831731085431,0.49275362318846466,0.0,0.8628762745139977,0.944258640021567
tree,ifa,2.0,5,2,router,19.1555956,15.7690482,15.7690482,0.1751134291916531,0.823798425136157,0.0007740119525689197,0.0,0.8233040936750357,1.0,21.510352809364548,18.13440163506232,16.129395414326538,0.15692753704442497,0.7501632332317661,0.09660871547240675,0.0,0.8425984945243421,0.8895384588348063
tree,ifa,2.0,5,3,router,16.332806266666665,12.2536334,12.240300466666666,0.24857982314029,0.7509259178587996,0.0009228994998008114,0.0,0.7503717480075114,0.9990806888876441,18.233339230769232,14.257731672240803,12.246036254180602,0.21829476151764216,0.6724116263232187,0.11320393168094672,0.0,0.7818842315305997,0.8587913157486327
tree,ifa,2.0,5,4,router,8.746894099999999,6.9019622,6.9019622,0.21269007463125109,0.7892962788891743,0.0017572318588062166,0.0,0.7878383204423699,1.0,9.048546622073578,7.252621137123746,7.252621137123746,0.19634869960956916,0.8034223536039234,0.0019580019400943986,0.0,0.8022754303869067,1.0
tree,ifa,2.0,5,5,router,9.415196493333333,7.4574509,7.4574509,0.20789437876937877,0.7942005979152945,0.001597455050007967,0.0,0.7925579802556898,1.0,9.0989081270903,7.348341371237458,7.348341371237458,0.19018347872862923,0.8093690861132963,0.0019148613735415286,0.0,0.80772819268135,1.0
tree,ifa,2.0,5,6,attacker,9.988333299999999,4.4359128000000005,4.4392461,0.554939393939394,0.44511599008605873,0.0013333333333333335,0.0,0.44460571041530395,1.0,12.005021065785952,6.404114214046823,4.39909364548495,0.46719874328569977,0.36819825152889707,0.16573414729703614,0.0,0.5327019128043604,0.6768976329556655
tree,ifa,2.0,5,7,benign_consumer,9.988333299999999,4.4327759,4.436109266666667,0.5551515151515151,0.4445456658861048,0.0013333333333333335,0.0,0.44440574991875015,1.0,10.0,4.48089602006689,4.48089602006689,0.5510742880308098,0.4484240501672241,0.0016722408026755853,0.0,0.44808960200668896,1.0
tree,ifa,2.0,5,8,benign_consumer,9.988333299999999,4.2770340000000004,4.2803674,0.5708181818181818,0.4289861413830531,0.0013333333333333335,0.0,0.42884622208230516,1.0,10.0,4.500527859531773,4.500527859531773,0.548910509780075,0.4503872341137124,0.0016722408026755853,0.0,0.45005278595317727,1.0
tree,ifa,2.0,5,9,benign_consumer,9.988333299999999,4.463193366666667,4.4665267,0.5523030303030303,0.448201117744991,0.0013333333333333335,0.0,0.4472505080532794,1.0,10.0,4.5480187625418065,4.5480187625418065,0.5441218202087768,0.4551363244147157,0.0016722408026755853,0.0,0.4548018762541806,1.0
tree,ifa,2.0,5,10,benign_consumer,9.988333299999999,4.737930133333333,4.741263433333334,0.5250606060606061,0.47549399979309165,0.0013333333333333335,0.0,0.4746133497519664,1.0,10.0,4.5379129096989965,4.5379129096989965,0.5450643559339211,0.45412573913043475,0.0016722408026755853,0.0,0.4537912909698996,1.0
tree,ifa,2.0,5,11,benign_consumer,9.988333299999999,4.670599660000001,4.67393306,0.5311515151515152,0.46840818715497873,0.0013333333333333335,0.0,0.4681983115372679,1.0,10.0,4.560995217391304,4.560995217391304,0.5428955102868146,0.45643396989966556,0.0016722408026755853,0.0,0.4560995217391305,1.0
tree,ifa,4.0,1,0,router,15.764698533333334,15.4380279,15.4380279,0.020869656860342013,0.9791003796724198,0.0010677826716001893,0.0,0.979100379667608,1.0,20.118290969899665,19.797354347826086,15.800707357859533,0.015957290499135322,0.7834282683687633,0.2037770719640063,0.0,0.9840358989374449,0.795947539667046
tree,ifa,4.0,1,1,router,0.023333333333254214,0.023333333333254214,0.023333333333254214,0.0,0.9966666666666667,0.5918254323379499,0.0,1.0,0.9966666666666667,0.026755852842261226,0.026755852842261226,0.02006688963155889,0.0,0.887402453733887,0.5827285261980052,0.0,1.0,0.882943143812709
tree,ifa,4.0,1,2,router,19.1643634,15.788031866666588,15.788031866666588,0.17465025750397475,0.8243384643398751,0.0007011958758295041,0.0,0.8242502738324605,1.0,23.535981672240805,20.145046822741925,16.14171147157136,0.1418427354732422,0.6852120057304956,0.17345873938850315,0.0,0.8568991384402024,0.7992036627184972
tree,ifa,4.0,1,3,router,16.33451004333333,12.236275533333332,12.222942533333333,0.25145839567699285,0.7483170960576069,0.0007729528805331527,0.0,0.7475557230365757,0.9991625910015705,20.065647882943143,16.253495384615384,12.240127558528428,0.18926518141432097,0.6091720277994833,0.20385995580473706,0.0,0.8101307502326934,0.7497914885115524
tree,ifa,4.0,1,4,router,8.652310949999999,6.928087866666666,6.928087866666666,0.19559357744651862,0.8035128479916982,0.0016838365768764255,0.0,0.8026437040710258,1.0,9.119937377926421,7.282486287625418,7.282486287625418,0.19961078961915082,0.7994090814234371,0.0019306053836308785,0.0,0.7990362441881285,1.0
tree,ifa,4.0,1,5,router,8.972826846666667,7.2582533,7.2582533,0.18744751285579458,0.8113938428201397,0.0014880204298886274,0.0,0.8102797197015709,1.0,8.974542792642142,7.083807324414717,7.083807324414717,0.20962372354512823,0.7895843112077411,0.0017178581671786083,0.0,0.7885930702862788,1.0
tree,ifa,4.0,1,6,attacker,9.988333299999999,4.609177133333334,4.6125104666666665,0.5376363636363636,0.46210054456424415,0.0013333333333333335,0.0,0.46207362628050885,1.0,14.003348885618728,8.489434882943144,4.486086287625418,0.39397191437325213,0.32181760754370736,0.2843851177440583,0.0,0.6057989903782685,0.5200277113548348
tree,ifa,4.0,1,7,benign_consumer,9.988333299999999,4.460412943333333,4.463746276666667,0.5526969696969697,0.44730495955796185,0.0013333333333333335,0.0,0.447165046923944,1.0,10.0,4.492418183946488,4.492418183946488,0.5498175737306172,0.4495762665551839,0.0016722408026755853,0.0,0.44924181839464883,1.0
tree,ifa,4.0,1,8,benign_consumer,9.988333299999999,4.201120783333334,4.204454116666667,0.5785757575757575,0.42129945895771487,0.0013333333333333335,0.0,0.4212725406739795,1.0,10.0,4.610831906354515,4.610831906354515,0.537600081078342,0.46141763879598663,0.0016722408026755853,0.0,0.46108319063545156,1.0
tree,ifa,4.0,1,9,benign_consumer,9.988333299999999,4.444523533333333,4.447856833333334,0.5540303030303031,0.4460346278219037,0.0013333333333333335,0.0,0.4454543918341958,1.0,10.0,4.509105471571906,4.509105471571906,0.5479831762440458,0.45124499531772577,0.0016722408026755853,0.0,0.45091054715719064,1.0
tree,ifa,4.0,1,10,benign_consumer,9.988333299999999,4.39925858,4.402591946666666,0.5585454545454546,0.4412097641696299,0.0013333333333333335,0.0,0.4410698482022187,1.0,10.0,4.551150501672241,4.551150501672241,0.5438735177865612,0.45544949832775916,0.0016722408026755853,0.0,0.45511505016722403,1.0
tree,ifa,4.0,1,11,benign_consumer,9.988333299999999,4.566901566666666,4.5702349,0.5421212121212121,0.4585283360027911,0.0013333333333333335,0.0,0.4576342234862206,1.0,10.0,4.4233922909699,4.4233922909699,0.5568004459308806,0.4426736772575251,0.0016722408026755853,0.0,0.44233922909699,1.0
tree,ifa,4.0,2,0,router,16.030144833333335,15.773483366666666,15.773483366666666,0.015991949256628217,0.9838168485897802,0.001073819900973438,0.0,0.983815620167479,1.0,19.518514715719064,19.19744548494983,15.200798494983276,0.016103944833505832,0.7767499407433993,0.2105095524320646,0.0,0.9836298815128012,0.7893100300184576
tree,ifa,4.0,2,1,router,0.029999998867056323,0.029999998867056323,0.029999998867056323,0.0,1.0,0.4823999997456903,0.0,1.0,1.0,0.03662875943571545,0.036628759435719825,0.02993979622501749,0.0,0.9132664443502363,0.6629877369007804,0.0,1.0000000000000233,0.9096989966555418
tree,ifa,4.0,2,2,router,19.5624637,16.06014483220039,16.06014483220039,0.17692722520049575,0.822468291183601,0.0007004452360369713,0.0,0.8218535444755551,1.0,22.841114715719065,19.55514347515478,15.551807220974181,0.14281481716040373,0.6798250471888135,0.17876652172929938,0.0,0.8563422976371773,0.7929692941285728
tree,ifa,4.0,2,3,router,16.324632949999998,12.227697866666666,12.214364933333332,0.2538771828703155,0.7477830859181908,0.0008629466610407713,0.0,0.747369973189987,0.9989378843094647,19.727876287625417,15.890697926421407,11.877358528428093,0.19322918573452524,0.601623743261369,0.2068254158142348,0.0,0.8063143724536739,0.7443453309042344
tree,ifa,4.0,2,4,router,9.150034033333332,7.334765833333333,7.334765833333333,0.1955808018471062,0.8036567743355731,0.0014271716802745707,0.0,0.8022591513300145,1.0,8.806325367892976,6.950416789297658,6.950416789297658,0.2052474374380729,0.793160237813288,0.0016532250920611423,0.0,0.7920546424320373,1.0
tree,ifa,4.0,2,5,router,9.023062923333333,7.2604001,7.2604001,0.19477336824395647,0.8063622640233007,0.0015272123584462317,0.0,0.8037174899527418,1.0,8.942109371237457,7.132481237458195,7.132481237458195,0.20110309608637367,0.7989063171573692,0.0019408547091501278,0.0,0.7971446222138576,1.0
tree,ifa,4.0,2,6,attacker,9.988333299999999,4.546770516666666,4.550103849999999,0.543939393939394,0.4558620892706718,0.0013333333333333335,0.0,0.4558351709869365,1.0,14.003348885618728,8.321476488294314,4.318127190635452,0.40589332629466407,0.3098372990151069,0.2843851177440583,0.0,0.5938187331567184,0.5099806820379778
tree,ifa,4.0,2,7,benign_consumer,9.988333299999999,4.5107957,4.5141290000000005,0.5475151515151515,0.45261815081280665,0.0013333333333333335,0.0,0.45210787114205175,1.0,10.0,4.273931973244147,4.273931973244147,0.5717441978311543,0.4277276454849498,0.0016722408026755853,0.0,0.4273931973244147,1.0
tree,ifa,4.0,2,8,benign_consumer,9.988333299999999,4.607847366666666,4.6111807,0.5376363636363636,0.46233715917546087,0.0013333333333333335,0.0,0.46182687617136925,1.0,10.0,4.495753602006689,4.495753602006689,0.5497719671632715,0.449909808361204,0.0016722408026755853,0.0,0.44957536020066885,1.0
tree,ifa,4.0,2,9,benign_consumer,9.988333299999999,4.53552,4.538853333333333,0.545060606060606,0.4548541727759781,0.0013333333333333335,0.0,0.4546443038250072,1.0,10.0,4.310571765886287,4.310571765886287,0.5678980439850005,0.4313916247491638,0.0016722408026755853,0.0,0.43105717658862874,1.0
tree,ifa,4.0,2,10,benign_consumer,9.988333299999999,4.363667866666666,4.3670012,0.5622727272727273,0.43763256551573876,0.0013333333333333335,0.0,0.4374926528817209,1.0,10.0,4.519263454849498,4.519263454849498,0.5470913144826188,0.452260793645485,0.0016722408026755853,0.0,0.4519263454849498,1.0
tree,ifa,4.0,2,11,benign_consumer,9.988333299999999,4.652728356666667,4.656061723333333,0.5336969696969697,0.4666241587344843,0.0013333333333333335,0.0,0.4664142864501201,1.0,10.0,4.42284591638796,4.42284591638796,0.5565470761122935,0.44261903979933104,0.0016722408026755853,0.0,0.44228459163879597,1.0
tree,ifa,4.0,3,0,router,15.640232833333332,15.277060533333334,15.277060533333334,0.02276186155140815,0.9770029842779159,0.0011115337291752138,0.0,0.9770027670984388,1.0,19.684984615384618,19.387192107023413,15.390545117056858,0.014666307355837358,0.779552952539826,0.2088124888707431,0.0,0.9851134023635743,0.791197439556172
tree,ifa,4.0,3,1,router,0.04333333162090416,0.04333333162090416,0.04333333162090416,0.0,0.9666666666666667,0.21348089089283456,0.0,1.0,0.9666666666666667,0.05016615213870184,0.04347719063471368,0.03678822742401134,0.006688963210702341,0.8292371536869463,0.312191750304029,0.0,0.9062717124043453,0.919732441471572
tree,ifa,4.0,3,2,router,19.194005399999998,15.683566164954236,15.683566164954236,0.1834784060356201,0.8155006771531442,0.0007344011937839759,0.0,0.8163036108117036,1.0,23.034175719063544,19.735150767523315,15.731814212339371,0.14161769826923296,0.6813565633163745,0.17759302754286285,0.0,0.8570800950094449,0.7943530842863775
tree,ifa,4.0,3,3,router,15.980737990000002,11.9912243,11.967889933333334,0.2490451714055692,0.751372453646991,0.0009327233279630054,0.0,0.7506187384342007,0.9979132721482106,20.02820093979933,16.054531070234113,12.027786488294314,0.19836768730171017,0.6003593086734849,0.20341394147501807,0.0,0.80151658486097,0.745516945460326
tree,ifa,4.0,3,4,router,8.967270173333333,7.2027811,7.2027811,0.19662069031186677,0.8036648830080595,0.0015161314433824811,0.0,0.8028649287051278,1.0,8.788860531772576,6.979644648829432,6.979644648829432,0.20777274564899983,0.7929849719865045,0.00195071975112792,0.0,0.7920405629112307,1.0
tree,ifa,4.0,3,5,router,8.873280006666667,7.0947004,7.0947004,0.2005902730740192,0.7985211708840433,0.0015789071050995708,0.0,0.7984025619111561,1.0,9.133913819397993,7.2320971237458185,7.2320971237458185,0.20515572313231176,0.793534550311495,0.0016845932340410008,0.0,0.7926349704751798,1.0
tree,ifa,4.0,3,6,attacker,9.988333299999999,4.5309010333333335,4.534234433333333,0.5455151515151515,0.45437246751414856,0.0013333333333333335,0.0,0.45423254821340076,1.0,14.003348885618728,8.450574749163879,4.447225284280936,0.39650561255912425,0.31902573228939873,0.2843851177440583,0.0,0.6030071787563993,0.5170123605928957
tree,ifa,4.0,3,7,benign_consumer,9.988333299999999,4.34846979,4.351803156666667,0.5634848484848485,0.43638299907392586,0.0013333333333333335,0.0,0.4358727127365009,1.0,10.0,4.345542913043478,4.345542913043478,0.5645231580014188,0.43488873946488293,0.0016722408026755853,0.0,0.43455429130434786,1.0
tree,ifa,4.0,3,8,benign_consumer,9.988333299999999,4.370881566666667,4.3742149,0.5616969696969697,0.43861105083475754,0.0013333333333333335,0.0,0.43810076783066604,1.0,10.0,4.34873764548495,4.34873764548495,0.5638137225093747,0.43520821270903015,0.0016722408026755853,0.0,0.43487376454849497,1.0
tree,ifa,4.0,3,9,benign_consumer,9.988333299999999,4.5897219400000004,4.593055273333333,0.5396363636363636,0.46048311238428036,0.0013333333333333335,0.0,0.46001586741351824,1.0,10.0,4.440122886287625,4.440122886287625,0.5549660484443093,0.44434673678929765,0.0016722408026755853,0.0,0.4440122886287625,1.0
tree,ifa,4.0,3,10,benign_consumer,9.988333299999999,4.561121166666667,4.564454466666667,0.5424242424242424,0.4576635397120465,0.0013333333333333335,0.0,0.4571532600412916,1.0,10.0,4.616228969899665,4.616228969899665,0.537600081078342,0.46195734515050163,0.0016722408026755853,0.0,0.46162289698996656,1.0
tree,ifa,4.0,3,11,benign_consumer,9.988333299999999,4.305492206666667,4.30882554,0.5678787878787879,0.4318878416973383,0.0013333333333333335,0.0,0.4316779727463674,1.0,10.0,4.517684849498328,4.517684849498328,0.5476892672544846,0.45210293311036787,0.0016722408026755853,0.0,0.4517684849498328,1.0
tree,ifa,4.0,4,0,router,15.985588233333335,15.632266,15.632266,0.021719176196417413,0.9780485439988155,0.0009310740916461846,0.0,0.9780483276982004,1.0,19.366764882943144,19.005684280936453,15.0090372909699,0.018669627941126418,0.7724866625528711,0.2121466467653811,0.0,0.9813713718187509,0.786954713521394
tree,ifa,4.0,4,1,router,0.013333333333333334,0.013333333333333334,0.013333333333333334,0.0,0.79,0.17152044703179029,0.0,1.0,0.79,0.04347826004508289,0.04013377843973171,0.033444815229029375,0.0033444816053511705,0.7111482731234325,0.4322185063622407,0.0,0.8528428093645485,0.8528428093645485
tree,ifa,4.0,4,2,router,19.541121333333333,15.998921566666668,15.998921566666668,0.18096015364382134,0.818981088149221,0.0006455156341982381,0.0,0.818267956370014,1.0,22.803303678929765,19.410243142988225,15.40690668813873,0.14759029319433858,0.6741738758552942,0.17944004455961368,0.0,0.8514734082595452,0.79103124093929
tree,ifa,4.0,4,3,router,16.337219983333334,12.239288233333333,12.2359549,0.25084519931294014,0.7491323299791374,0.0008249488986526197,0.0,0.7485830874807053,0.999704614541703,19.482521137123747,15.681611505016722,11.658206387959867,0.1956652863278138,0.5976426581774372,0.20950503913525534,0.0,0.804547863569549,0.7398127910704335
tree,ifa,4.0,4,4,router,9.0913342,7.3018331000000005,7.3018331000000005,0.19616230066230067,0.8035197205963129,0.001394317607800449,0.0,0.8028848015239354,1.0,8.754131505016721,7.121692173913043,7.121692173913043,0.18612093035169958,0.8137166141107852,0.0019033741637638096,0.0,0.8123373559629374,1.0
tree,ifa,4.0,4,5,router,9.06322843,7.278739966666667,7.278739966666667,0.19461679333738155,0.8039458891102292,0.0013274613744953844,0.0,0.8036590372281416,1.0,8.68409068896321,6.8659550836120395,6.8659550836120395,0.21080138739001614,0.7904074489200951,0.002059115528825304,0.0,0.7896484694547511,1.0
tree,ifa,4.0,4,6,attacker,9.988333299999999,4.4405969333333335,4.4439303,0.5544848484848485,0.44532788509027815,0.0013333333333333335,0.0,0.44518796912292363,1.0,14.003348885618728,8.237669698996655,4.234320638795987,0.41193444236922494,0.30369208316914653,0.2843851177440583,0.0,0.5876735013643289,0.5024875832103635
tree,ifa,4.0,4,7,benign_consumer,9.988333299999999,4.611216416666667,4.614549716666667,0.5377272727272727,0.462654068433737,0.0013333333333333335,0.0,0.4621437887629821,1.0,10.0,4.378909331103679,4.378909331103679,0.5607226107226108,0.43822538127090305,0.0016722408026755853,0.0,0.43789093311036786,1.0
tree,ifa,4.0,4,8,benign_consumer,9.988333299999999,4.608457666666666,4.611791,0.5376363636363636,0.46202810205115713,0.0013333333333333335,0.0,0.4620011837674217,1.0,10.0,4.259705986622074,4.259705986622074,0.573355629877369,0.4263050468227425,0.0016722408026755853,0.0,0.4259705986622073,1.0
tree,ifa,4.0,4,9,benign_consumer,9.988333299999999,4.476209866666666,4.4795432,0.5511515151515152,0.4489228720669348,0.0013333333333333335,0.0,0.4487130031159639,1.0,10.0,4.494425518394649,4.494425518394649,0.5494932603628256,0.44977700000000004,0.0016722408026755853,0.0,0.44944255183946485,1.0
tree,ifa,4.0,4,10,benign_consumer,9.988333299999999,4.44919034,4.452523706666667,0.5538181818181819,0.4461854147648505,0.0013333333333333335,0.0,0.44604549879749605,1.0,10.0,4.33540908361204,4.33540908361204,0.5654606263301916,0.43387535652173914,0.0016722408026755853,0.0,0.43354090836120407,1.0
tree,ifa,4.0,4,11,benign_consumer,9.988333299999999,4.6073713566666665,4.610704723333333,0.538060606060606,0.46208832640471126,0.0013333333333333335,0.0,0.46187845412034695,1.0,10.0,4.34868160535117,4.34868160535117,0.564026553156988,0.4352026086956522,0.0016722408026755853,0.0,0.434868160535117,1.0
tree,ifa,4.0,5,0,router,15.739048200000001,15.446545733333332,15.446545733333332,0.019799495649004333,0.9805388057965587,0.0012809039056018788,0.0,0.9805385856222463,1.0,20.089251170568563,19.78407100334448,15.787424013377926,0.014589500996098717,0.7843125258201605,0.20469104131238935,0.0,0.9852154928943171,0.7959941386397344
tree,ifa,4.0,5,1,router,0.03000000000000044,0.03000000000000044,0.03000000000000044,0.0,1.0,0.3566674773332583,0.0,1.0,1.0,0.04347825713590343,0.04013377553055171,0.03344481231984937,0.0033444816053511705,0.8012011369272477,0.49230409609371106,0.0,0.8628762450493013,0.9357176256143642
tree,ifa,4.0,5,2,router,19.1555956,15.7690482,15.7690482,0.1751134291916531,0.823798425136157,0.0007740119525689197,0.0,0.8233040936750357,1.0,23.50868066889632,20.132729427704465,16.129395414326538,0.14309604499154058,0.685184037004837,0.17381927084808,0.0,0.8562850128525632,0.7990287708089023
tree,ifa,4.0,5,3,router,16.332806266666665,12.2536334,12.240300466666666,0.24857982314029,0.7509259178587996,0.0009228994998008114,0.0,0.7503717480075114,0.9990806888876441,20.23166612040134,16.256059531772575,12.246036254180602,0.1961879500141915,0.604886056797675,0.20114913510751536,0.0,0.803778644446264,0.7506941540781437
tree,ifa,4.0,5,4,router,8.746894099999999,6.9019622,6.9019622,0.21269007463125109,0.7892962788891743,0.0017572318588062166,0.0,0.7878383204423699,1.0,9.048546622073578,7.252621137123746,7.252621137123746,0.19634869960956916,0.8034223536039234,0.0019580019400943986,0.0,0.8022754303869067,1.0
tree,ifa,4.0,5,5,router,9.415196493333333,7.4574509,7.4574509,0.20789437876937877,0.7942005979152945,0.001597455050007967,0.0,0.7925579802556898,1.0,9.0989081270903,7.348341371237458,7.348341371237458,0.19018347872862923,0.8093690861132963,0.0019148613735415286,0.0,0.80772819268135,1.0
tree,ifa,4.0,5,6,attacker,9.988333299999999,4.4359128000000005,4.4392461,0.554939393939394,0.44511599008605873,0.0013333333333333335,0.0,0.44460571041530395,1.0,14.003348885618728,8.402442709030101,4.39909364548495,0.4002613885557029,0.3155843002327186,0.2843851177440583,0.0,0.5995657204487503,0.5134487514337951
tree,ifa,4.0,5,7,benign_consumer,9.988333299999999,4.4327759,4.436109266666667,0.5551515151515151,0.4445456658861048,0.0013333333333333335,0.0,0.44440574991875015,1.0,10.0,4.48089602006689,4.48089602006689,0.5510742880308098,0.4484240501672241,0.0016722408026755853,0.0,0.44808960200668896,1.0
tree,ifa,4.0,5,8,benign_consumer,9.988333299999999,4.2770340000000004,4.2803674,0.5708181818181818,0.4289861413830531,0.0013333333333333335,0.0,0.42884622208230516,1.0,10.0,4.500527859531773,4.500527859531773,0.548910509780075,0.4503872341137124,0.0016722408026755853,0.0,0.45005278595317727,1.0
tree,ifa,4.0,5,9,benign_consumer,9.988333299999999,4.463193366666667,4.4665267,0.5523030303030303,0.448201117744991,0.0013333333333333335,0.0,0.4472505080532794,1.0,10.0,4.5480187625418065,4.5480187625418065,0.5441218202087768,0.4551363244147157,0.0016722408026755853,0.0,0.4548018762541806,1.0
tree,ifa,4.0,5,10,benign_consumer,9.988333299999999,4.737930133333333,4.741263433333334,0.5250606060606061,0.47549399979309165,0.0013333333333333335,0.0,0.4746133497519664,1.0,10.0,4.5379129096989965,4.5379129096989965,0.5450643559339211,0.45412573913043475,0.0016722408026755853,0.0,0.4537912909698996,1.0
tree,ifa,4.0,5,11,benign_consumer,9.988333299999999,4.670599660000001,4.67393306,0.5311515151515152,0.46840818715497873,0.0013333333333333335,0.0,0.4681983115372679,1.0,10.0,4.560995217391304,4.560995217391304,0.5428955102868146,0.45643396989966556,0.0016722408026755853,0.0,0.4560995217391305,1.0
tree,ifa,6.0,1,0,router,15.764698533333334,15.4380279,15.4380279,0.020869656860342013,0.9791003796724198,0.0010677826716001893,0.0,0.979100379667608,1.0,22.11327357859532,21.792337591973244,15.800707357859533,0.014483252574986871,0.7116220875985878,0.27557584258656953,0.0,0.9855001940179596,0.7218951407874887
tree,ifa,6.0,1,1,router,0.023333333333254214,0.023333333333254214,0.023333333333254214,0.0,0.9966666666666667,0.5918254323379499,0.0,1.0,0.9966666666666667,0.0301003344476124,0.0301003344476124,0.02006688963155889,0.0,0.890746936528766,0.5855155942024645,0.0,1.0,0.882943143812709
tree,ifa,6.0,1,2,router,19.1643634,15.788031866666588,15.788031866666588,0.17465025750397475,0.8243384643398751,0.0007011958758295041,0.0,0.8242502738324605,1.0,25.534309698996655,22.143373913042932,16.14171147157136,0.13058241551528557,0.6307412191568577,0.23807159945159329,0.0,0.8682105741387253,0.7259155630153816
tree,ifa,6.0,1,3,router,16.33451004333333,12.236275533333332,12.222942533333333,0.25145839567699285,0.7483170960576069,0.0007729528805331527,0.0,0.7475557230365757,0.9991625910015705,22.063976344481606,18.251823411371237,12.240127558528428,0.17171954274619453,0.5532153880417799,0.27573923850327414,0.0,0.8275986070830249,0.6662079290200996
tree,ifa,6.0,1,4,router,8.652310949999999,6.928087866666666,6.928087866666666,0.19559357744651862,0.8035128479916982,0.0016838365768764255,0.0,0.8026437040710258,1.0,9.119937377926421,7.282486287625418,7.282486287625418,0.19961078961915082,0.7994090814234371,0.0019306053836308785,0.0,0.7990362441881285,1.0
tree,ifa,6.0,1,5,router,8.972826846666667,7.2582533,7.2582533,0.18744751285579458,0.8113938428201397,0.0014880204298886274,0.0,0.8102797197015709,1.0,8.974542792642142,7.083807324414717,7.083807324414717,0.20962372354512823,0.7895843112077411,0.0017178581671786083,0.0,0.7885930702862788,1.0
tree,ifa,6.0,1,6,attacker,9.988333299999999,4.609177133333334,4.6125104666666665,0.5376363636363636,0.46210054456424415,0.0013333333333333335,0.0,0.46207362628050885,1.0,16.001667933110365,10.48775448160535,4.486086287625418,0.34466221828753796,0.28160938994381157,0.373236216962939,0.0,0.6551275629759125,0.42076549590831785
tree,ifa,6.0,1,7,benign_consumer,9.988333299999999,4.460412943333333,4.463746276666667,0.5526969696969697,0.44730495955796185,0.0013333333333333335,0.0,0.447165046923944,1.0,10.0,4.492418183946488,4.492418183946488,0.5498175737306172,0.4495762665551839,0.0016722408026755853,0.0,0.44924181839464883,1.0
tree,ifa,6.0,1,8,benign_consumer,9.988333299999999,4.201120783333334,4.204454116666667,0.5785757575757575,0.42129945895771487,0.0013333333333333335,0.0,0.4212725406739795,1.0,10.0,4.610831906354515,4.610831906354515,0.537600081078342,0.46141763879598663,0.0016722408026755853,0.0,0.46108319063545156,1.0
tree,ifa,6.0,1,9,benign_consumer,9.988333299999999,4.444523533333333,4.447856833333334,0.5540303030303031,0.4460346278219037,0.0013333333333333335,0.0,0.4454543918341958,1.0,10.0,4.509105471571906,4.509105471571906,0.5479831762440458,0.45124499531772577,0.0016722408026755853,0.0,0.45091054715719064,1.0
tree,ifa,6.0,1,10,benign_consumer,9.988333299999999,4.39925858,4.402591946666666,0.5585454545454546,0.4412097641696299,0.0013333333333333335,0.0,0.4410698482022187,1.0,10.0,4.551150501672241,4.551150501672241,0.5438735177865612,0.45544949832775916,0.0016722408026755853,0.0,0.45511505016722403,1.0
tree,ifa,6.0,1,11,benign_consumer,9.988333299999999,4.566901566666666,4.5702349,0.5421212121212121,0.4585283360027911,0.0013333333333333335,0.0,0.4576342234862206,1.0,10.0,4.4233922909699,4.4233922909699,0.5568004459308806,0.4426736772575251,0.0016722408026755853,0.0,0.44233922909699,1.0
tree,ifa,6.0,2,0,router,16.030144833333335,15.773483366666666,15.773483366666666,0.015991949256628217,0.9838168485897802,0.001073819900973438,0.0,0.983815620167479,1.0,21.51349732441472,21.19242872909699,15.200798494983276,0.01459260693481846,0.7034737778787062,0.282981011055788,0.0,0.9851730980941178,0.7137163520210045
tree,ifa,6.0,2,1,router,0.029999998867056323,0.029999998867056323,0.029999998867056323,0.0,1.0,0.4823999997456903,0.0,1.0,1.0,0.039973241041066615,0.03997324104107099,0.02993979622501749,0.0,0.9157190651565819,0.6657748049052397,0.0,1.0000000000000395,0.909698996655558
tree,ifa,6.0,2,2,router,19.5624637,16.06014483220039,16.06014483220039,0.17692722520049575,0.822468291183601,0.0007004452360369713,0.0,0.8218535444755551,1.0,24.83944220735786,21.553470565455783,15.551807220974181,0.1310315772360025,0.6243420102413295,0.24433806257843363,0.0,0.8680878738920634,0.7181788222907954
tree,ifa,6.0,2,3,router,16.324632949999998,12.227697866666666,12.214364933333332,0.2538771828703155,0.7477830859181908,0.0008629466610407713,0.0,0.747369973189987,0.9989378843094647,21.726203344481604,17.8890254180602,11.877358528428093,0.1750838132387272,0.5455107067373898,0.2792864996134103,0.0,0.8243496026756701,0.6598758424102312
tree,ifa,6.0,2,4,router,9.150034033333332,7.334765833333333,7.334765833333333,0.1955808018471062,0.8036567743355731,0.0014271716802745707,0.0,0.8022591513300145,1.0,8.806325367892976,6.950416789297658,6.950416789297658,0.2052474374380729,0.793160237813288,0.0016532250920611423,0.0,0.7920546424320373,1.0
tree,ifa,6.0,2,5,router,9.023062923333333,7.2604001,7.2604001,0.19477336824395647,0.8063622640233007,0.0015272123584462317,0.0,0.8037174899527418,1.0,8.942109371237457,7.132481237458195,7.132481237458195,0.20110309608637367,0.7989063171573692,0.0019408547091501278,0.0,0.7971446222138576,1.0
tree,ifa,6.0,2,6,attacker,9.988333299999999,4.546770516666666,4.550103849999999,0.543939393939394,0.4558620892706718,0.0013333333333333335,0.0,0.4558351709869365,1.0,16.001667933110365,10.319795886287626,4.318127190635452,0.35510443307757883,0.27110346003712155,0.373236216962939,0.0,0.6446216649082639,0.4110492984563152
tree,ifa,6.0,2,7,benign_consumer,9.988333299999999,4.5107957,4.5141290000000005,0.5475151515151515,0.45261815081280665,0.0013333333333333335,0.0,0.45210787114205175,1.0,10.0,4.273931973244147,4.273931973244147,0.5717441978311543,0.4277276454849498,0.0016722408026755853,0.0,0.4273931973244147,1.0
tree,ifa,6.0,2,8,benign_consumer,9.988333299999999,4.607847366666666,4.6111807,0.5376363636363636,0.46233715917546087,0.0013333333333333335,0.0,0.46182687617136925,1.0,10.0,4.495753602006689,4.495753602006689,0.5497719671632715,0.449909808361204,0.0016722408026755853,0.0,0.44957536020066885,1.0
tree,ifa,6.0,2,9,benign_consumer,9.988333299999999,4.53552,4.538853333333333,0.545060606060606,0.4548541727759781,0.0013333333333333335,0.0,0.4546443038250072,1.0,10.0,4.310571765886287,4.310571765886287,0.5678980439850005,0.4313916247491638,0.0016722408026755853,0.0,0.43105717658862874,1.0
tree,ifa,6.0,2,10,benign_consumer,9.988333299999999,4.363667866666666,4.3670012,0.5622727272727273,0.43763256551573876,0.0013333333333333335,0.0,0.4374926528817209,1.0,10.0,4.519263454849498,4.519263454849498,0.5470913144826188,0.452260793645485,0.0016722408026755853,0.0,0.4519263454849498,1.0
tree,ifa,6.0,2,11,benign_consumer,9.988333299999999,4.652728356666667,4.656061723333333,0.5336969696969697,0.4666241587344843,0.0013333333333333335,0.0,0.4664142864501201,1.0,10.0,4.42284591638796,4.42284591638796,0.5565470761122935,0.44261903979933104,0.0016722408026755853,0.0,0.44228459163879597,1.0
tree,ifa,6.0,3,0,router,15.640232833333332,15.277060533333334,15.277060533333334,0.02276186155140815,0.9770029842779159,0.0011115337291752138,0.0,0.9770027670984388,1.0,21.679968227424748,21.382175351170567,15.390545117056858,0.013336337873529702,0.7065415439934866,0.2816636212986704,0.0,0.9864825838911682,0.7160915684583102
tree,ifa,6.0,3,1,router,0.04333333162090416,0.04333333162090416,0.04333333162090416,0.0,0.9666666666666667,0.21348089089283456,0.0,1.0,0.9666666666666667,0.05351063374405301,0.04682167224006485,0.03678822742401134,0.006688963210702341,0.8313553261943062,0.3149788183084834,0.0,0.9062717124043453,0.919732441471572
tree,ifa,6.0,3,2,router,19.194005399999998,15.683566164954236,15.683566164954236,0.1834784060356201,0.8155006771531442,0.0007344011937839759,0.0,0.8163036108117036,1.0,25.035847993311034,21.733478861168802,15.731814212339371,0.129995614874381,0.6260167947684859,0.2432949476479788,0.0,0.8685727558637526,0.7200253578036893
tree,ifa,6.0,3,3,router,15.980737990000002,11.9912243,11.967889933333334,0.2490451714055692,0.751372453646991,0.0009327233279630054,0.0,0.7506187384342007,0.9979132721482106,22.0265281638796,18.056203344481606,12.027786488294314,0.1799094151990659,0.545244471039861,0.2755058076729153,0.0,0.8199320012032589,0.6615041028237073
tree,ifa,6.0,3,4,router,8.967270173333333,7.2027811,7.2027811,0.19662069031186677,0.8036648830080595,0.0015161314433824811,0.0,0.8028649287051278,1.0,8.788860531772576,6.979644648829432,6.979644648829432,0.20777274564899983,0.7929849719865045,0.00195071975112792,0.0,0.7920405629112307,1.0
tree,ifa,6.0,3,5,router,8.873280006666667,7.0947004,7.0947004,0.2005902730740192,0.7985211708840433,0.0015789071050995708,0.0,0.7984025619111561,1.0,9.133913819397993,7.2320971237458185,7.2320971237458185,0.20515572313231176,0.793534550311495,0.0016845932340410008,0.0,0.7926349704751798,1.0
tree,ifa,6.0,3,6,attacker,9.988333299999999,4.5309010333333335,4.534234433333333,0.5455151515151515,0.45437246751414856,0.0013333333333333335,0.0,0.45423254821340076,1.0,16.001667933110365,10.44889491638796,4.447225284280936,0.34675251929088247,0.2792224878789566,0.373236216962939,0.0,0.6527407494226248,0.41808380676794765
tree,ifa,6.0,3,7,benign_consumer,9.988333299999999,4.34846979,4.351803156666667,0.5634848484848485,0.43638299907392586,0.0013333333333333335,0.0,0.4358727127365009,1.0,10.0,4.345542913043478,4.345542913043478,0.5645231580014188,0.43488873946488293,0.0016722408026755853,0.0,0.43455429130434786,1.0
tree,ifa,6.0,3,8,benign_consumer,9.988333299999999,4.370881566666667,4.3742149,0.5616969696969697,0.43861105083475754,0.0013333333333333335,0.0,0.43810076783066604,1.0,10.0,4.34873764548495,4.34873764548495,0.5638137225093747,0.43520821270903015,0.0016722408026755853,0.0,0.43487376454849497,1.0
tree,ifa,6.0,3,9,benign_consumer,9.988333299999999,4.5897219400000004,4.593055273333333,0.5396363636363636,0.46048311238428036,0.0013333333333333335,0.0,0.46001586741351824,1.0,10.0,4.440122886287625,4.440122886287625,0.5549660484443093,0.44434673678929765,0.0016722408026755853,0.0,0.4440122886287625,1.0
tree,ifa,6.0,3,10,benign_consumer,9.988333299999999,4.561121166666667,4.564454466666667,0.5424242424242424,0.4576635397120465,0.0013333333333333335,0.0,0.4571532600412916,1.0,10.0,4.616228969899665,4.616228969899665,0.537600081078342,0.46195734515050163,0.0016722408026755853,0.0,0.46162289698996656,1.0
tree,ifa,6.0,3,11,benign_consumer,9.988333299999999,4.305492206666667,4.30882554,0.5678787878787879,0.4318878416973383,0.0013333333333333335,0.0,0.4316779727463674,1.0,10.0,4.517684849498328,4.517684849498328,0.5476892672544846,0.45210293311036787,0.0016722408026755853,0.0,0.4517684849498328,1.0
tree,ifa,6.0,4,0,router,15.985588233333335,15.632266,15.632266,0.021719176196417413,0.9780485439988155,0.0009310740916461846,0.0,0.9780483276982004,1.0,21.361747826086955,21.000667525083614,15.0090372909699,0.016853818754918468,0.6991641529910566,0.28530448318564094,0.0,0.9831542558710182,0.7109256256506995
tree,ifa,6.0,4,1,router,0.013333333333333334,0.013333333333333334,0.013333333333333334,0.0,0.79,0.17152044703179029,0.0,1.0,0.79,0.046822741650434055,0.04347826004508289,0.033444815229029375,0.0033444816053511705,0.7154961000703907,0.4350055743667,0.0,0.8528428093645485,0.8528428093645485
tree,ifa,6.0,4,2,router,19.541121333333333,15.998921566666668,15.998921566666668,0.18096015364382134,0.818981088149221,0.0006455156341982381,0.0,0.818267956370014,1.0,24.80163197324415,21.408570567737392,15.40690668813873,0.13539063868008652,0.6190139743870989,0.24502689685214546,0.0,0.8636296427398416,0.7159293222440719
tree,ifa,6.0,4,3,router,16.337219983333334,12.239288233333333,12.2359549,0.25084519931294014,0.7491323299791374,0.0008249488986526197,0.0,0.7485830874807053,0.999704614541703,21.480850133779263,17.679939799331102,11.658206387959867,0.17690372788871495,0.5413555811167662,0.28242835502525643,0.0,0.8230506795161268,0.654616082766482
tree,ifa,6.0,4,4,router,9.0913342,7.3018331000000005,7.3018331000000005,0.19616230066230067,0.8035197205963129,0.001394317607800449,0.0,0.8028848015239354,1.0,8.754131505016721,7.121692173913043,7.121692173913043,0.18612093035169958,0.8137166141107852,0.0019033741637638096,0.0,0.8123373559629374,1.0
tree,ifa,6.0,4,5,router,9.06322843,7.278739966666667,7.278739966666667,0.19461679333738155,0.8039458891102292,0.0013274613744953844,0.0,0.8036590372281416,1.0,8.68409068896321,6.8659550836120395,6.8659550836120395,0.21080138739001614,0.7904074489200951,0.002059115528825304,0.0,0.7896484694547511,1.0
tree,ifa,6.0,4,6,attacker,9.988333299999999,4.4405969333333335,4.4439303,0.5544848484848485,0.44532788509027815,0.0013333333333333335,0.0,0.44518796912292363,1.0,16.001667933110365,10.235986722408027,4.234320638795987,0.35991595077272825,0.26602606042210897,0.373236216962939,0.0,0.6395441030249657,0.4045406139595535
tree,ifa,6.0,4,7,benign_consumer,9.988333299999999,4.611216416666667,4.614549716666667,0.5377272727272727,0.462654068433737,0.0013333333333333335,0.0,0.4621437887629821,1.0,10.0,4.378909331103679,4.378909331103679,0.5607226107226108,0.43822538127090305,0.0016722408026755853,0.0,0.43789093311036786,1.0
tree,ifa,6.0,4,8,benign_consumer,9.988333299999999,4.608457666666666,4.611791,0.5376363636363636,0.46202810205115713,0.0013333333333333335,0.0,0.4620011837674217,1.0,10.0,4.259705986622074,4.259705986622074,0.573355629877369,0.4263050468227425,0.0016722408026755853,0.0,0.4259705986622073,1.0
tree,ifa,6.0,4,9,benign_consumer,9.988333299999999,4.476209866666666,4.4795432,0.5511515151515152,0.4489228720669348,0.0013333333333333335,0.0,0.4487130031159639,1.0,10.0,4.494425518394649,4.494425518394649,0.5494932603628256,0.44977700000000004,0.0016722408026755853,0.0,0.44944255183946485,1.0
tree,ifa,6.0,4,10,benign_consumer,9.988333299999999,4.44919034,4.452523706666667,0.5538181818181819,0.4461854147648505,0.0013333333333333335,0.0,0.44604549879749605,1.0,10.0,4.33540908361204,4.33540908361204,0.5654606263301916,0.43387535652173914,0.0016722408026755853,0.0,0.43354090836120407,1.0
tree,ifa,6.0,4,11,benign_consumer,9.988333299999999,4.6073713566666665,4.610704723333333,0.538060606060606,0.46208832640471126,0.0013333333333333335,0.0,0.46187845412034695,1.0,10.0,4.34868160535117,4.34868160535117,0.564026553156988,0.4352026086956522,0.0016722408026755853,0.0,0.434868160535117,1.0
tree,ifa,6.0,5,0,router,15.739048200000001,15.446545733333332,15.446545733333332,0.019799495649004333,0.9805388057965587,0.0012809039056018788,0.0,0.9805385856222463,1.0,22.084234113712373,21.779054247491636,15.787424013377926,0.01326748590783801,0.7122082560368556,0.276361085643477,0.0,0.9865491280159163,0.7218203008522983
tree,ifa,6.0,5,1,router,0.03000000000000044,0.03000000000000044,0.03000000000000044,0.0,1.0,0.3566674773332583,0.0,1.0,1.0,0.04682273874125403,0.04347825713590288,0.03344481231984937,0.0033444816053511705,0.804347825812867,0.495192307692919,0.0,0.8628762382827873,0.9372909707562337
tree,ifa,6.0,5,2,router,19.1555956,15.7690482,15.7690482,0.1751134291916531,0.823798425136157,0.0007740119525689197,0.0,0.8233040936750357,1.0,25.507008428093645,22.13105685245363,16.129395414326538,0.13157271814942154,0.6307425820757017,0.2384112659182625,0.0,0.8677420478888327,0.7256098806940631
tree,ifa,6.0,5,3,router,16.332806266666665,12.2536334,12.240300466666666,0.24857982314029,0.7509259178587996,0.0009228994998008114,0.0,0.7503717480075114,0.9990806888876441,22.229992040133776,18.254387290969902,12.246036254180602,0.1782286513360325,0.5498570952103391,0.2728105403147882,0.0,0.8216242499156836,0.667234666767789
tree,ifa,6.0,5,4,router,8.746894099999999,6.9019622,6.9019622,0.21269007463125109,0.7892962788891743,0.0017572318588062166,0.0,0.7878383204423699,1.0,9.048546622073578,7.252621137123746,7.252621137123746,0.19634869960956916,0.8034223536039234,0.0019580019400943986,0.0,0.8022754303869067,1.0
tree,ifa,6.0,5,5,router,9.415196493333333,7.4574509,7.4574509,0.20789437876937877,0.7942005979152945,0.001597455050007967,0.0,0.7925579802556898,1.0,9.0989081270903,7.348341371237458,7.348341371237458,0.19018347872862923,0.8093690861132963,0.0019148613735415286,0.0,0.80772819268135,1.0
tree,ifa,6.0,5,6,attacker,9.988333299999999,4.4359128000000005,4.4392461,0.554939393939394,0.44511599008605873,0.0013333333333333335,0.0,0.44460571041530395,1.0,16.001667933110365,10.400762809364549,4.39909364548495,0.35013634773864954,0.27617596415667817,0.373236216962939,0.0,0.6496941988130486,0.4147275556027546
tree,ifa,6.0,5,7,benign_consumer,9.988333299999999,4.4327759,4.436109266666667,0.5551515151515151,0.4445456658861048,0.0013333333333333335,0.0,0.44440574991875015,1.0,10.0,4.48089602006689,4.48089602006689,0.5510742880308098,0.4484240501672241,0.0016722408026755853,0.0,0.44808960200668896,1.0
tree,ifa,6.0,5,8,benign_consumer,9.988333299999999,4.2770340000000004,4.2803674,0.5708181818181818,0.4289861413830531,0.0013333333333333335,0.0,0.42884622208230516,1.0,10.0,4.500527859531773,4.500527859531773,0.548910509780075,0.4503872341137124,0.0016722408026755853,0.0,0.45005278595317727,1.0
tree,ifa,6.0,5,9,benign_consumer,9.988333299999999,4.463193366666667,4.4665267,0.5523030303030303,0.448201117744991,0.0013333333333333335,0.0,0.4472505080532794,1.0,10.0,4.5480187625418065,4.5480187625418065,0.5441218202087768,0.4551363244147157,0.0016722408026755853,0.0,0.4548018762541806,1.0
tree,ifa,6.0,5,10,benign_consumer,9.988333299999999,4.737930133333333,4.741263433333334,0.5250606060606061,0.47549399979309165,0.0013333333333333335,0.0,0.4746133497519664,1.0,10.0,4.5379129096989965,4.5379129096989965,0.5450643559339211,0.45412573913043475,0.0016722408026755853,0.0,0.4537912909698996,1.0
tree,ifa,6.0,5,11,benign_consumer,9.988333299999999,4.670599660000001,4.67393306,0.5311515151515152,0.46840818715497873,0.0013333333333333335,0.0,0.4681983115372679,1.0,10.0,4.560995217391304,4.560995217391304,0.5428955102868146,0.45643396989966556,0.0016722408026755853,0.0,0.4560995217391305,1.0
tree,ifa,8.0,1,0,router,15.764698533333334,15.4380279,15.4380279,0.020869656860342013,0.9791003796724198,0.0010677826716001893,0.0,0.979100379667608,1.0,24.111601672240806,23.79066535117057,15.800707357859533,0.01325680594712544,0.6519871181825022,0.33556625150476166,0.0,0.9867193518963658,0.6605677316907866
tree,ifa,8.0,1,1,router,0.023333333333254214,0.023333333333254214,0.023333333333254214,0.0,0.9966666666666667,0.5918254323379499,0.0,1.0,0.9966666666666667,0.0301003344476124,0.0301003344476124,0.02006688963155889,0.0,0.890746936528766,0.5855155942024645,0.0,1.0,0.882943143812709
tree,ifa,8.0,1,2,router,19.1643634,15.788031866666588,15.788031866666588,0.17465025750397475,0.8243384643398751,0.0007011958758295041,0.0,0.8242502738324605,1.0,27.53263779264214,24.141702006688416,16.14171147157136,0.12101419203425601,0.5844141110335214,0.2935109545215904,0.0,0.8778408393213533,0.665138703848161
tree,ifa,8.0,1,3,router,16.33451004333333,12.236275533333332,12.222942533333333,0.25145839567699285,0.7483170960576069,0.0007729528805331527,0.0,0.7475557230365757,0.9991625910015705,24.062305006688963,20.25015150501672,12.240127558528428,0.15722007462747267,0.5068090944030172,0.3359866195889529,0.0,0.8420808341310921,0.5997068291166666
tree,ifa,8.0,1,4,router,8.652310949999999,6.928087866666666,6.928087866666666,0.19559357744651862,0.8035128479916982,0.0016838365768764255,0.0,0.8026437040710258,1.0,9.119937377926421,7.282486287625418,7.282486287625418,0.19961078961915082,0.7994090814234371,0.0019306053836308785,0.0,0.7990362441881285,1.0
tree,ifa,8.0,1,5,router,8.972826846666667,7.2582533,7.2582533,0.18744751285579458,0.8113938428201397,0.0014880204298886274,0.0,0.8102797197015709,1.0,8.974542792642142,7.083807324414717,7.083807324414717,0.20962372354512823,0.7895843112077411,0.0017178581671786083,0.0,0.7885930702862788,1.0
tree,ifa,8.0,1,6,attacker,9.988333299999999,4.609177133333334,4.6125104666666665,0.5376363636363636,0.46210054456424415,0.0013333333333333335,0.0,0.46207362628050885,1.0,17.999995876254182,12.48608160535117,4.486086287625418,0.3063065837639494,0.2503215978337519,0.44245747759708953,0.0,0.6934711331913188,0.35365866378478983
tree,ifa,8.0,1,7,benign_consumer,9.988333299999999,4.460412943333333,4.463746276666667,0.5526969696969697,0.44730495955796185,0.0013333333333333335,0.0,0.447165046923944,1.0,10.0,4.492418183946488,4.492418183946488,0.5498175737306172,0.4495762665551839,0.0016722408026755853,0.0,0.44924181839464883,1.0
tree,ifa,8.0,1,8,benign_consumer,9.988333299999999,4.201120783333334,4.204454116666667,0.5785757575757575,0.42129945895771487,0.0013333333333333335,0.0,0.4212725406739795,1.0,10.0,4.610831906354515,4.610831906354515,0.537600081078342,0.46141763879598663,0.0016722408026755853,0.0,0.46108319063545156,1.0
tree,ifa,8.0,1,9,benign_consumer,9.988333299999999,4.444523533333333,4.447856833333334,0.5540303030303031,0.4460346278219037,0.0013333333333333335,0.0,0.4454543918341958,1.0,10.0,4.509105471571906,4.509105471571906,0.5479831762440458,0.45124499531772577,0.0016722408026755853,0.0,0.45091054715719064,1.0
tree,ifa,8.0,1,10,benign_consumer,9.988333299999999,4.39925858,4.402591946666666,0.5585454545454546,0.4412097641696299,0.0013333333333333335,0.0,0.4410698482022187,1.0,10.0,4.551150501672241,4.551150501672241,0.5438735177865612,0.45544949832775916,0.0016722408026755853,0.0,0.45511505016722403,1.0
tree,ifa,8.0,1,11,benign_consumer,9.988333299999999,4.566901566666666,4.5702349,0.5421212121212121,0.4585283360027911,0.0013333333333333335,0.0,0.4576342234862206,1.0,10.0,4.4233922909699,4.4233922909699,0.5568004459308806,0.4426736772575251,0.0016722408026755853,0.0,0.44233922909699,1.0
tree,ifa,8.0,2,0,router,16.030144833333335,15.773483366666666,15.773483366666666,0.015991949256628217,0.9838168485897802,0.001073819900973438,0.0,0.983815620167479,1.0,23.511825418060198,23.190756488294312,15.200798494983276,0.013347455387538471,0.642971008332306,0.34421240943525877,0.0,0.9864460652147911,0.6514898812558781
tree,ifa,8.0,2,1,router,0.029999998867056323,0.029999998867056323,0.029999998867056323,0.0,1.0,0.4823999997456903,0.0,1.0,1.0,0.039973241041066615,0.03997324104107099,0.02993979622501749,0.0,0.9157190651565819,0.6657748049052397,0.0,1.0000000000000395,0.909698996655558
tree,ifa,8.0,2,2,router,19.5624637,16.06014483220039,16.06014483220039,0.17692722520049575,0.822468291183601,0.0007004452360369713,0.0,0.8218535444755551,1.0,26.837769966555186,23.55179865910127,15.551807220974181,0.1210887618901312,0.5773616717424647,0.3009271916926224,0.0,0.8780305383794416,0.6565102809008734
tree,ifa,8.0,2,3,router,16.324632949999998,12.227697866666666,12.214364933333332,0.2538771828703155,0.7477830859181908,0.0008629466610407713,0.0,0.747369973189987,0.9989378843094647,23.72452839464883,19.887353177257523,11.877358528428093,0.1601249746820148,0.49910449756687186,0.33998065183694565,0.0,0.839267626935765,0.5929160280541316
tree,ifa,8.0,2,4,router,9.150034033333332,7.334765833333333,7.334765833333333,0.1955808018471062,0.8036567743355731,0.0014271716802745707,0.0,0.8022591513300145,1.0,8.806325367892976,6.950416789297658,6.950416789297658,0.2052474374380729,0.793160237813288,0.0016532250920611423,0.0,0.7920546424320373,1.0
tree,ifa,8.0,2,5,router,9.023062923333333,7.2604001,7.2604001,0.19477336824395647,0.8063622640233007,0.0015272123584462317,0.0,0.8037174899527418,1.0,8.942109371237457,7.132481237458195,7.132481237458195,0.20110309608637367,0.7989063171573692,0.0019408547091501278,0.0,0.7971446222138576,1.0
tree,ifa,8.0,2,6,attacker,9.988333299999999,4.546770516666666,4.550103849999999,0.543939393939394,0.4558620892706718,0.0013333333333333335,0.0,0.4558351709869365,1.0,17.999995876254182,12.318122508361204,4.318127190635452,0.3155888233727678,0.24098254934302923,0.44245747759708953,0.0,0.6841320884192794,0.3446519444448196
tree,ifa,8.0,2,7,benign_consumer,9.988333299999999,4.5107957,4.5141290000000005,0.5475151515151515,0.45261815081280665,0.0013333333333333335,0.0,0.45210787114205175,1.0,10.0,4.273931973244147,4.273931973244147,0.5717441978311543,0.4277276454849498,0.0016722408026755853,0.0,0.4273931973244147,1.0
tree,ifa,8.0,2,8,benign_consumer,9.988333299999999,4.607847366666666,4.6111807,0.5376363636363636,0.46233715917546087,0.0013333333333333335,0.0,0.46182687617136925,1.0,10.0,4.495753602006689,4.495753602006689,0.5497719671632715,0.449909808361204,0.0016722408026755853,0.0,0.44957536020066885,1.0
tree,ifa,8.0,2,9,benign_consumer,9.988333299999999,4.53552,4.538853333333333,0.545060606060606,0.4548541727759781,0.0013333333333333335,0.0,0.4546443038250072,1.0,10.0,4.310571765886287,4.310571765886287,0.5678980439850005,0.4313916247491638,0.0016722408026755853,0.0,0.43105717658862874,1.0
tree,ifa,8.0,2,10,benign_consumer,9.988333299999999,4.363667866666666,4.3670012,0.5622727272727273,0.43763256551573876,0.0013333333333333335,0.0,0.4374926528817209,1.0,10.0,4.519263454849498,4.519263454849498,0.5470913144826188,0.452260793645485,0.0016722408026755853,0.0,0.4519263454849498,1.0
tree,ifa,8.0,2,11,benign_consumer,9.988333299999999,4.652728356666667,4.656061723333333,0.5336969696969697,0.4666241587344843,0.0013333333333333335,0.0,0.4664142864501201,1.0,10.0,4.42284591638796,4.42284591638796,0.5565470761122935,0.44261903979933104,0.0016722408026755853,0.0,0.44228459163879597,1.0
tree,ifa,8.0,3,0,router,15.640232833333332,15.277060533333334,15.277060533333334,0.02276186155140815,0.9770029842779159,0.0011115337291752138,0.0,0.9770027670984388,1.0,23.678295652173915,23.38050311036789,15.390545117056858,0.012217620422996877,0.6461658598147673,0.34199161440859066,0.0,0.9876249228938873,0.6541349408960117
tree,ifa,8.0,3,1,router,0.04333333162090416,0.04333333162090416,0.04333333162090416,0.0,0.9666666666666667,0.21348089089283456,0.0,1.0,0.9666666666666667,0.05351063374405301,0.04682167224006485,0.03678822742401134,0.006688963210702341,0.8313553261943062,0.3149788183084834,0.0,0.9062717124043453,0.919732441471572
tree,ifa,8.0,3,2,router,19.194005399999998,15.683566164954236,15.683566164954236,0.1834784060356201,0.8155006771531442,0.0007344011937839759,0.0,0.8163036108117036,1.0,27.030831270903008,23.731806285917965,15.731814212339371,0.12020400323167388,0.5792558070836251,0.2993024698763774,0.0,0.8784950699927733,0.6586482725806573
tree,ifa,8.0,3,3,router,15.980737990000002,11.9912243,11.967889933333334,0.2490451714055692,0.751372453646991,0.0009327233279630054,0.0,0.7506187384342007,0.9979132721482106,24.024856491638793,20.05118662207358,12.027786488294314,0.1646586702850923,0.49951860765883077,0.3357547193155583,0.0,0.8349687496745706,0.5949938924543233
tree,ifa,8.0,3,4,router,8.967270173333333,7.2027811,7.2027811,0.19662069031186677,0.8036648830080595,0.0015161314433824811,0.0,0.8028649287051278,1.0,8.788860531772576,6.979644648829432,6.979644648829432,0.20777274564899983,0.7929849719865045,0.00195071975112792,0.0,0.7920405629112307,1.0
tree,ifa,8.0,3,5,router,8.873280006666667,7.0947004,7.0947004,0.2005902730740192,0.7985211708840433,0.0015789071050995708,0.0,0.7984025619111561,1.0,9.133913819397993,7.2320971237458185,7.2320971237458185,0.20515572313231176,0.793534550311495,0.0016845932340410008,0.0,0.7926349704751798,1.0
tree,ifa,8.0,3,6,attacker,9.988333299999999,4.5309010333333335,4.534234433333333,0.5455151515151515,0.45437246751414856,0.0013333333333333335,0.0,0.45423254821340076,1.0,17.999995876254182,12.447223511705685,4.447225284280936,0.30818144399017694,0.24818848184266973,0.44245747759708953,0.0,0.6913381753801635,0.35124584101242373
tree,ifa,8.0,3,7,benign_consumer,9.988333299999999,4.34846979,4.351803156666667,0.5634848484848485,0.43638299907392586,0.0013333333333333335,0.0,0.4358727127365009,1.0,10.0,4.345542913043478,4.345542913043478,0.5645231580014188,0.43488873946488293,0.0016722408026755853,0.0,0.43455429130434786,1.0
tree,ifa,8.0,3,8,benign_consumer,9.988333299999999,4.370881566666667,4.3742149,0.5616969696969697,0.43861105083475754,0.0013333333333333335,0.0,0.43810076783066604,1.0,10.0,4.34873764548495,4.34873764548495,0.5638137225093747,0.43520821270903015,0.0016722408026755853,0.0,0.43487376454849497,1.0
tree,ifa,8.0,3,9,benign_consumer,9.988333299999999,4.5897219400000004,4.593055273333333,0.5396363636363636,0.46048311238428036,0.0013333333333333335,0.0,0.46001586741351824,1.0,10.0,4.440122886287625,4.440122886287625,0.5549660484443093,0.44434673678929765,0.0016722408026755853,0.0,0.4440122886287625,1.0
tree,ifa,8.0,3,10,benign_consumer,9.988333299999999,4.561121166666667,4.564454466666667,0.5424242424242424,0.4576635397120465,0.0013333333333333335,0.0,0.4571532600412916,1.0,10.0,4.616228969899665,4.616228969899665,0.537600081078342,0.46195734515050163,0.0016722408026755853,0.0,0.46162289698996656,1.0
tree,ifa,8.0,3,11,benign_consumer,9.988333299999999,4.305492206666667,4.30882554,0.5678787878787879,0.4318878416973383,0.0013333333333333335,0.0,0.4316779727463674,1.0,10.0,4.517684849498328,4.517684849498328,0.5476892672544846,0.45210293311036787,0.0016722408026755853,0.0,0.4517684849498328,1.0
tree,ifa,8.0,4,0,router,15.985588233333335,15.632266,15.632266,0.021719176196417413,0.9780485439988155,0.0009310740916461846,0.0,0.9780483276982004,1.0,23.360075585284278,22.998995284280937,15.0090372909699,0.015371186881787294,0.6386675609284895,0.34665315370780436,0.0,0.9846191195012297,0.6484279862804047
tree,ifa,8.0,4,1,router,0.013333333333333334,0.013333333333333334,0.013333333333333334,0.0,0.79,0.17152044703179029,0.0,1.0,0.79,0.046822741650434055,0.04347826004508289,0.033444815229029375,0.0033444816053511705,0.7154961000703907,0.4350055743667,0.0,0.8528428093645485,0.8528428093645485
tree,ifa,8.0,4,2,router,19.541121333333333,15.998921566666668,15.998921566666668,0.18096015364382134,0.818981088149221,0.0006455156341982381,0.0,0.818267956370014,1.0,26.799959397993312,23.406898326934716,15.40690668813873,0.12510275512218239,0.572327341831247,0.30161045690695343,0.0,0.8739173932889159,0.6540840444648892
tree,ifa,8.0,4,3,router,16.337219983333334,12.239288233333333,12.2359549,0.25084519931294014,0.7491323299791374,0.0008249488986526197,0.0,0.7485830874807053,0.999704614541703,23.47917745819398,19.67826722408027,11.658206387959867,0.16150207599219754,0.49489634175085445,0.343771400268348,0.0,0.838308968280423,0.5873628223108049
tree,ifa,8.0,4,4,router,9.0913342,7.3018331000000005,7.3018331000000005,0.19616230066230067,0.8035197205963129,0.001394317607800449,0.0,0.8028848015239354,1.0,8.754131505016721,7.121692173913043,7.121692173913043,0.18612093035169958,0.8137166141107852,0.0019033741637638096,0.0,0.8123373559629374,1.0
tree,ifa,8.0,4,5,router,9.06322843,7.278739966666667,7.278739966666667,0.19461679333738155,0.8039458891102292,0.0013274613744953844,0.0,0.8036590372281416,1.0,8.68409068896321,6.8659550836120395,6.8659550836120395,0.21080138739001614,0.7904074489200951,0.002059115528825304,0.0,0.7896484694547511,1.0
tree,ifa,8.0,4,6,attacker,9.988333299999999,4.4405969333333335,4.4439303,0.5544848484848485,0.44532788509027815,0.0013333333333333335,0.0,0.44518796912292363,1.0,17.999995876254182,12.234314180602007,4.234320638795987,0.3199014620900784,0.2364428962142864,0.44245747759708953,0.0,0.679592332514356,0.33892983938067117
tree,ifa,8.0,4,7,benign_consumer,9.988333299999999,4.611216416666667,4.614549716666667,0.5377272727272727,0.462654068433737,0.0013333333333333335,0.0,0.4621437887629821,1.0,10.0,4.378909331103679,4.378909331103679,0.5607226107226108,0.43822538127090305,0.0016722408026755853,0.0,0.43789093311036786,1.0
tree,ifa,8.0,4,8,benign_consumer,9.988333299999999,4.608457666666666,4.611791,0.5376363636363636,0.46202810205115713,0.0013333333333333335,0.0,0.4620011837674217,1.0,10.0,4.259705986622074,4.259705986622074,0.573355629877369,0.4263050468227425,0.0016722408026755853,0.0,0.4259705986622073,1.0
tree,ifa,8.0,4,9,benign_consumer,9.988333299999999,4.476209866666666,4.4795432,0.5511515151515152,0.4489228720669348,0.0013333333333333335,0.0,0.4487130031159639,1.0,10.0,4.494425518394649,4.494425518394649,0.5494932603628256,0.44977700000000004,0.0016722408026755853,0.0,0.44944255183946485,1.0
tree,ifa,8.0,4,10,benign_consumer,9.988333299999999,4.44919034,4.452523706666667,0.5538181818181819,0.4461854147648505,0.0013333333333333335,0.0,0.44604549879749605,1.0,10.0,4.33540908361204,4.33540908361204,0.5654606263301916,0.43387535652173914,0.0016722408026755853,0.0,0.43354090836120407,1.0
tree,ifa,8.0,4,11,benign_consumer,9.988333299999999,4.6073713566666665,4.610704723333333,0.538060606060606,0.46208832640471126,0.0013333333333333335,0.0,0.46187845412034695,1.0,10.0,4.34868160535117,4.34868160535117,0.564026553156988,0.4352026086956522,0.0016722408026755853,0.0,0.434868160535117,1.0
tree,ifa,8.0,5,0,router,15.739048200000001,15.446545733333332,15.446545733333332,0.019799495649004333,0.9805388057965587,0.0012809039056018788,0.0,0.9805385856222463,1.0,24.082561872909697,23.777382006688963,15.787424013377926,0.012180059085284824,0.6523703058127943,0.33653799206944507,0.0,0.9876545214415271,0.6604288458668734
tree,ifa,8.0,5,1,router,0.03000000000000044,0.03000000000000044,0.03000000000000044,0.0,1.0,0.3566674773332583,0.0,1.0,1.0,0.04682273874125403,0.04347825713590288,0.03344481231984937,0.0033444816053511705,0.804347825812867,0.495192307692919,0.0,0.8628762382827873,0.9372909707562337
tree,ifa,8.0,5,2,router,19.1555956,15.7690482,15.7690482,0.1751134291916531,0.823798425136157,0.0007740119525689197,0.0,0.8233040936750357,1.0,27.50533585284281,24.129384611650952,16.129395414326538,0.12180968492234928,0.5844316112952872,0.2938792137243945,0.0,0.8774815074317583,0.6647704966925277
tree,ifa,8.0,5,3,router,16.332806266666665,12.2536334,12.240300466666666,0.24857982314029,0.7509259178587996,0.0009228994998008114,0.0,0.7503717480075114,0.9990806888876441,24.22831993311037,20.252714715719065,12.246036254180602,0.16333135749300884,0.5041121151392477,0.33267343537818467,0.0,0.836460890079401,0.6007339302187664
tree,ifa,8.0,5,4,router,8.746894099999999,6.9019622,6.9019622,0.21269007463125109,0.7892962788891743,0.0017572318588062166,0.0,0.7878383204423699,1.0,9.048546622073578,7.252621137123746,7.252621137123746,0.19634869960956916,0.8034223536039234,0.0019580019400943986,0.0,0.8022754303869067,1.0
tree,ifa,8.0,5,5,router,9.415196493333333,7.4574509,7.4574509,0.20789437876937877,0.7942005979152945,0.001597455050007967,0.0,0.7925579802556898,1.0,9.0989081270903,7.348341371237458,7.348341371237458,0.19018347872862923,0.8093690861132963,0.0019148613735415286,0.0,0.80772819268135,1.0
tree,ifa,8.0,5,6,attacker,9.988333299999999,4.4359128000000005,4.4392461,0.554939393939394,0.44511599008605873,0.0013333333333333335,0.0,0.44460571041530395,1.0,17.999995876254182,12.399090602006689,4.39909364548495,0.31117223766094615,0.24549711523886264,0.44245747759708953,0.0,0.6886467412872658,0.34821792133826324
tree,ifa,8.0,5,7,benign_consumer,9.988333299999999,4.4327759,4.436109266666667,0.5551515151515151,0.4445456658861048,0.0013333333333333335,0.0,0.44440574991875015,1.0,10.0,4.48089602006689,4.48089602006689,0.5510742880308098,0.4484240501672241,0.0016722408026755853,0.0,0.44808960200668896,1.0
tree,ifa,8.0,5,8,benign_consumer,9.988333299999999,4.2770340000000004,4.2803674,0.5708181818181818,0.4289861413830531,0.0013333333333333335,0.0,0.42884622208230516,1.0,10.0,4.500527859531773,4.500527859531773,0.548910509780075,0.4503872341137124,0.0016722408026755853,0.0,0.45005278595317727,1.0
tree,ifa,8.0,5,9,benign_consumer,9.988333299999999,4.463193366666667,4.4665267,0.5523030303030303,0.448201117744991,0.0013333333333333335,0.0,0.4472505080532794,1.0,10.0,4.5480187625418065,4.5480187625418065,0.5441218202087768,0.4551363244147157,0.0016722408026755853,0.0,0.4548018762541806,1.0
tree,ifa,8.0,5,10,benign_consumer,9.988333299999999,4.737930133333333,4.741263433333334,0.5250606060606061,0.47549399979309165,0.0013333333333333335,0.0,0.4746133497519664,1.0,10.0,4.5379129096989965,4.5379129096989965,0.5450643559339211,0.45412573913043475,0.0016722408026755853,0.0,0.4537912909698996,1.0
tree,ifa,8.0,5,11,benign_consumer,9.988333299999999,4.670599660000001,4.67393306,0.5311515151515152,0.46840818715497873,0.0013333333333333335,0.0,0.4681983115372679,1.0,10.0,4.560995217391304,4.560995217391304,0.5428955102868146,0.45643396989966556,0.0016722408026755853,0.0,0.4560995217391305,1.0
tree,ifa,10.0,1,0,router,15.764698533333334,15.4380279,15.4380279,0.020869656860342013,0.9791003796724198,0.0010677826716001893,0.0,0.979100379667608,1.0,26.09990568561873,25.778967926421405,15.800707023411372,0.01219793460182334,0.6011757420834346,0.3850534114179053,0.0,0.9877660895197362,0.6084133971011004
tree,ifa,10.0,1,1,router,0.023333333333254214,0.023333333333254214,0.023333333333254214,0.0,0.9966666666666667,0.5918254323379499,0.0,1.0,0.9966666666666667,0.033444816052837736,0.033444816052837736,0.02006688963155889,0.0,0.8836308619071733,0.5796084578605456,0.0,1.0,0.882943143812709
tree,ifa,10.0,1,2,router,19.1643634,15.788031866666588,15.788031866666588,0.17465025750397475,0.8243384643398751,0.0007011958758295041,0.0,0.8242502738324605,1.0,29.524285284280936,26.13335050167157,16.14171147157136,0.11237910125973902,0.5442268476225798,0.3405997078768376,0.0,0.8863467594737295,0.613247436917235
tree,ifa,10.0,1,3,router,16.33451004333333,12.236275533333332,12.222942533333333,0.25145839567699285,0.7483170960576069,0.0007729528805331527,0.0,0.7475557230365757,0.9991625910015705,26.05394724749164,22.24179899665552,12.240127558528428,0.14477075658703603,0.46712511639836257,0.38545099602989846,0.0,0.8544029941289896,0.5446402055941849
tree,ifa,10.0,1,4,router,8.652310949999999,6.928087866666666,6.928087866666666,0.19559357744651862,0.8035128479916982,0.0016838365768764255,0.0,0.8026437040710258,1.0,9.119937377926421,7.282486287625418,7.282486287625418,0.19961078961915082,0.7994090814234371,0.0019306053836308785,0.0,0.7990362441881285,1.0
tree,ifa,10.0,1,5,router,8.972826846666667,7.2582533,7.2582533,0.18744751285579458,0.8113938428201397,0.0014880204298886274,0.0,0.8102797197015709,1.0,8.974542792642142,7.083807324414717,7.083807324414717,0.20962372354512823,0.7895843112077411,0.0017178581671786083,0.0,0.7885930702862788,1.0
tree,ifa,10.0,1,6,attacker,9.988333299999999,4.609177133333334,4.6125104666666665,0.5376363636363636,0.46210054456424415,0.0013333333333333335,0.0,0.46207362628050885,1.0,19.99498320735786,14.481066220735787,4.486086287625418,0.2753764753764754,0.22524718058346338,0.49675652037362217,0.0,0.7242344306930925,0.3049413444918481
tree,ifa,10.0,1,7,benign_consumer,9.988333299999999,4.460412943333333,4.463746276666667,0.5526969696969697,0.44730495955796185,0.0013333333333333335,0.0,0.447165046923944,1.0,10.0,4.492418183946488,4.492418183946488,0.5498175737306172,0.4495762665551839,0.0016722408026755853,0.0,0.44924181839464883,1.0
tree,ifa,10.0,1,8,benign_consumer,9.988333299999999,4.201120783333334,4.204454116666667,0.5785757575757575,0.42129945895771487,0.0013333333333333335,0.0,0.4212725406739795,1.0,10.0,4.610831906354515,4.610831906354515,0.537600081078342,0.46141763879598663,0.0016722408026755853,0.0,0.46108319063545156,1.0
tree,ifa,10.0,1,9,benign_consumer,9.988333299999999,4.444523533333333,4.447856833333334,0.5540303030303031,0.4460346278219037,0.0013333333333333335,0.0,0.4454543918341958,1.0,10.0,4.509105471571906,4.509105471571906,0.5479831762440458,0.45124499531772577,0.0016722408026755853,0.0,0.45091054715719064,1.0
tree,ifa,10.0,1,10,benign_consumer,9.988333299999999,4.39925858,4.402591946666666,0.5585454545454546,0.4412097641696299,0.0013333333333333335,0.0,0.4410698482022187,1.0,10.0,4.551150501672241,4.551150501672241,0.5438735177865612,0.45544949832775916,0.0016722408026755853,0.0,0.45511505016722403,1.0
tree,ifa,10.0,1,11,benign_consumer,9.988333299999999,4.566901566666666,4.5702349,0.5421212121212121,0.4585283360027911,0.0013333333333333335,0.0,0.4576342234862206,1.0,10.0,4.4233922909699,4.4233922909699,0.5568004459308806,0.4426736772575251,0.0016722408026755853,0.0,0.44233922909699,1.0
tree,ifa,10.0,2,0,router,16.030144833333335,15.773483366666666,15.773483366666666,0.015991949256628217,0.9838168485897802,0.001073819900973438,0.0,0.983815620167479,1.0,25.500128762541806,25.179059397993313,15.200798494983276,0.012405025206339381,0.5915678394636867,0.394110286822358,0.0,0.9874617565081436,0.5988180429126156
tree,ifa,10.0,2,1,router,0.029999998867056323,0.029999998867056323,0.029999998867056323,0.0,1.0,0.4823999997456903,0.0,1.0,1.0,0.043317722646291947,0.04331772264629633,0.02993979622501749,0.0,0.910346175567706,0.659867668563321,0.0,1.0000000000000042,0.9096989966555226
tree,ifa,10.0,2,2,router,19.5624637,16.06014483220039,16.06014483220039,0.17692722520049575,0.822468291183601,0.0007004452360369713,0.0,0.8218535444755551,1.0,28.829422140468225,25.5434464851881,15.551807220974181,0.11217595641459821,0.5367630010119298,0.3483222240686554,0.0,0.8867905853914474,0.6040783744991287
tree,ifa,10.0,2,3,router,16.324632949999998,12.227697866666666,12.214364933333332,0.2538771828703155,0.7477830859181908,0.0008629466610407713,0.0,0.747369973189987,0.9989378843094647,25.716178762541805,21.87900535117057,11.877358528428093,0.14709639446936684,0.4597079822359875,0.3901673473141331,0.0,0.852032746744713,0.537726135864089
tree,ifa,10.0,2,4,router,9.150034033333332,7.334765833333333,7.334765833333333,0.1955808018471062,0.8036567743355731,0.0014271716802745707,0.0,0.8022591513300145,1.0,8.806325367892976,6.950416789297658,6.950416789297658,0.2052474374380729,0.793160237813288,0.0016532250920611423,0.0,0.7920546424320373,1.0
tree,ifa,10.0,2,5,router,9.023062923333333,7.2604001,7.2604001,0.19477336824395647,0.8063622640233007,0.0015272123584462317,0.0,0.8037174899527418,1.0,8.942109371237457,7.132481237458195,7.132481237458195,0.20110309608637367,0.7989063171573692,0.0019408547091501278,0.0,0.7971446222138576,1.0
tree,ifa,10.0,2,6,attacker,9.988333299999999,4.546770516666666,4.550103849999999,0.543939393939394,0.4558620892706718,0.0013333333333333335,0.0,0.4558351709869365,1.0,19.99498320735786,14.313109364548495,4.318127190635452,0.28373414025587934,0.21684523428882016,0.49675652037362217,0.0,0.7158325972234899,0.2966763730832981
tree,ifa,10.0,2,7,benign_consumer,9.988333299999999,4.5107957,4.5141290000000005,0.5475151515151515,0.45261815081280665,0.0013333333333333335,0.0,0.45210787114205175,1.0,10.0,4.273931973244147,4.273931973244147,0.5717441978311543,0.4277276454849498,0.0016722408026755853,0.0,0.4273931973244147,1.0
tree,ifa,10.0,2,8,benign_consumer,9.988333299999999,4.607847366666666,4.6111807,0.5376363636363636,0.46233715917546087,0.0013333333333333335,0.0,0.46182687617136925,1.0,10.0,4.495753602006689,4.495753602006689,0.5497719671632715,0.449909808361204,0.0016722408026755853,0.0,0.44957536020066885,1.0
tree,ifa,10.0,2,9,benign_consumer,9.988333299999999,4.53552,4.538853333333333,0.545060606060606,0.4548541727759781,0.0013333333333333335,0.0,0.4546443038250072,1.0,10.0,4.310571765886287,4.310571765886287,0.5678980439850005,0.4313916247491638,0.0016722408026755853,0.0,0.43105717658862874,1.0
tree,ifa,10.0,2,10,benign_consumer,9.988333299999999,4.363667866666666,4.3670012,0.5622727272727273,0.43763256551573876,0.0013333333333333335,0.0,0.4374926528817209,1.0,10.0,4.519263454849498,4.519263454849498,0.5470913144826188,0.452260793645485,0.0016722408026755853,0.0,0.4519263454849498,1.0
tree,ifa,10.0,2,11,benign_consumer,9.988333299999999,4.652728356666667,4.656061723333333,0.5336969696969697,0.4666241587344843,0.0013333333333333335,0.0,0.4664142864501201,1.0,10.0,4.42284591638796,4.42284591638796,0.5565470761122935,0.44261903979933104,0.0016722408026755853,0.0,0.44228459163879597,1.0
tree,ifa,10.0,3,0,router,15.640232833333332,15.277060533333334,15.277060533333334,0.02276186155140815,0.9770029842779159,0.0011115337291752138,0.0,0.9770027670984388,1.0,25.666597993311036,25.37215050167224,15.39388959866221,0.011105503354075875,0.5950240605827722,0.39182299120580355,0.0,0.9887527846055268,0.6016360551230489
tree,ifa,10.0,3,1,router,0.04333333162090416,0.04333333162090416,0.04333333162090416,0.0,0.9666666666666667,0.21348089089283456,0.0,1.0,0.9666666666666667,0.05685511534927833,0.05016615384529018,0.03678822742401134,0.006688963210702341,0.8266361306095683,0.3090716819667228,0.0,0.9062717124043456,0.9197324414715717
tree,ifa,10.0,3,2,router,19.194005399999998,15.683566164954236,15.683566164954236,0.1834784060356201,0.8155006771531442,0.0007344011937839759,0.0,0.8163036108117036,1.0,29.02248177257525,25.723453108660316,15.731814212339371,0.11155700391168279,0.5386045143436335,0.3465981201149186,0.0,0.8870474536110825,0.6063921451114965
tree,ifa,10.0,3,3,router,15.980737990000002,11.9912243,11.967889933333334,0.2490451714055692,0.751372453646991,0.0009327233279630054,0.0,0.7506187384342007,0.9979132721482106,26.016506591973243,22.04283712374582,12.027786488294314,0.15153204717333782,0.46051578665533494,0.3854248799613424,0.0,0.8478995853883059,0.5399150018914431
tree,ifa,10.0,3,4,router,8.967270173333333,7.2027811,7.2027811,0.19662069031186677,0.8036648830080595,0.0015161314433824811,0.0,0.8028649287051278,1.0,8.788860531772576,6.979644648829432,6.979644648829432,0.20777274564899983,0.7929849719865045,0.00195071975112792,0.0,0.7920405629112307,1.0
tree,ifa,10.0,3,5,router,8.873280006666667,7.0947004,7.0947004,0.2005902730740192,0.7985211708840433,0.0015789071050995708,0.0,0.7984025619111561,1.0,9.133913819397993,7.2320971237458185,7.2320971237458185,0.20515572313231176,0.793534550311495,0.0016845932340410008,0.0,0.7926349704751798,1.0
tree,ifa,10.0,3,6,attacker,9.988333299999999,4.5309010333333335,4.534234433333333,0.5455151515151515,0.45437246751414856,0.0013333333333333335,0.0,0.45423254821340076,1.0,19.99498320735786,14.442211036789297,4.447225284280936,0.27712923147705754,0.22328501793268346,0.49675652037362217,0.0,0.7222725596999087,0.30272812379023417
tree,ifa,10.0,3,7,benign_consumer,9.988333299999999,4.34846979,4.351803156666667,0.5634848484848485,0.43638299907392586,0.0013333333333333335,0.0,0.4358727127365009,1.0,10.0,4.345542913043478,4.345542913043478,0.5645231580014188,0.43488873946488293,0.0016722408026755853,0.0,0.43455429130434786,1.0
tree,ifa,10.0,3,8,benign_consumer,9.988333299999999,4.370881566666667,4.3742149,0.5616969696969697,0.43861105083475754,0.0013333333333333335,0.0,0.43810076783066604,1.0,10.0,4.34873764548495,4.34873764548495,0.5638137225093747,0.43520821270903015,0.0016722408026755853,0.0,0.43487376454849497,1.0
tree,ifa,10.0,3,9,benign_consumer,9.988333299999999,4.5897219400000004,4.593055273333333,0.5396363636363636,0.46048311238428036,0.0013333333333333335,0.0,0.46001586741351824,1.0,10.0,4.440122886287625,4.440122886287625,0.5549660484443093,0.44434673678929765,0.0016722408026755853,0.0,0.4440122886287625,1.0
tree,ifa,10.0,3,10,benign_consumer,9.988333299999999,4.561121166666667,4.564454466666667,0.5424242424242424,0.4576635397120465,0.0013333333333333335,0.0,0.4571532600412916,1.0,10.0,4.616228969899665,4.616228969899665,0.537600081078342,0.46195734515050163,0.0016722408026755853,0.0,0.46162289698996656,1.0
tree,ifa,10.0,3,11,benign_consumer,9.988333299999999,4.305492206666667,4.30882554,0.5678787878787879,0.4318878416973383,0.0013333333333333335,0.0,0.4316779727463674,1.0,10.0,4.517684849498328,4.517684849498328,0.5476892672544846,0.45210293311036787,0.0016722408026755853,0.0,0.4517684849498328,1.0
tree,ifa,10.0,4,0,router,15.985588233333335,15.632266,15.632266,0.021719176196417413,0.9780485439988155,0.0009310740916461846,0.0,0.9780483276982004,1.0,25.348378260869566,24.983954046822742,15.00569314381271,0.014104848068058982,0.5873342620854154,0.3967216332313139,0.0,0.9857992137912815,0.5955436671447272
tree,ifa,10.0,4,1,router,0.013333333333333334,0.013333333333333334,0.013333333333333334,0.0,0.79,0.17152044703179029,0.0,1.0,0.79,0.050167223255659386,0.04682274165030822,0.033444815229029375,0.0033444816053511705,0.7064189433635076,0.4290984380247811,0.0,0.8528428093645485,0.8528428093645485
tree,ifa,10.0,4,2,router,19.541121333333333,15.998921566666668,15.998921566666668,0.18096015364382134,0.818981088149221,0.0006455156341982381,0.0,0.818267956370014,1.0,28.791605551839467,25.398545484125226,15.40690668813873,0.116298676939022,0.5316480320102038,0.34901844709120894,0.0,0.8826863594937499,0.6015719010212232
tree,ifa,10.0,4,3,router,16.337219983333334,12.239288233333333,12.2359549,0.25084519931294014,0.7491323299791374,0.0008249488986526197,0.0,0.7485830874807053,0.999704614541703,25.470823277591975,21.669913377926424,11.658206387959867,0.1479792205382616,0.45558954623751957,0.39378768651431806,0.0,0.8514381060838649,0.5320191569088857
tree,ifa,10.0,4,4,router,9.0913342,7.3018331000000005,7.3018331000000005,0.19616230066230067,0.8035197205963129,0.001394317607800449,0.0,0.8028848015239354,1.0,8.754131505016721,7.121692173913043,7.121692173913043,0.18612093035169958,0.8137166141107852,0.0019033741637638096,0.0,0.8123373559629374,1.0
tree,ifa,10.0,4,5,router,9.06322843,7.278739966666667,7.278739966666667,0.19461679333738155,0.8039458891102292,0.0013274613744953844,0.0,0.8036590372281416,1.0,8.68409068896321,6.8659550836120395,6.8659550836120395,0.21080138739001614,0.7904074489200951,0.002059115528825304,0.0,0.7896484694547511,1.0
tree,ifa,10.0,4,6,attacker,9.988333299999999,4.4405969333333335,4.4439303,0.5544848484848485,0.44532788509027815,0.0013333333333333335,0.0,0.44518796912292363,1.0,19.99498320735786,14.229303678929767,4.234320638795987,0.2877961812744421,0.21262764930693753,0.49675652037362217,0.0,0.711615054700776,0.2914837696496723
tree,ifa,10.0,4,7,benign_consumer,9.988333299999999,4.611216416666667,4.614549716666667,0.5377272727272727,0.462654068433737,0.0013333333333333335,0.0,0.4621437887629821,1.0,10.0,4.378909331103679,4.378909331103679,0.5607226107226108,0.43822538127090305,0.0016722408026755853,0.0,0.43789093311036786,1.0
tree,ifa,10.0,4,8,benign_consumer,9.988333299999999,4.608457666666666,4.611791,0.5376363636363636,0.46202810205115713,0.0013333333333333335,0.0,0.4620011837674217,1.0,10.0,4.259705986622074,4.259705986622074,0.573355629877369,0.4263050468227425,0.0016722408026755853,0.0,0.4259705986622073,1.0
tree,ifa,10.0,4,9,benign_consumer,9.988333299999999,4.476209866666666,4.4795432,0.5511515151515152,0.4489228720669348,0.0013333333333333335,0.0,0.4487130031159639,1.0,10.0,4.494425518394649,4.494425518394649,0.5494932603628256,0.44977700000000004,0.0016722408026755853,0.0,0.44944255183946485,1.0
tree,ifa,10.0,4,10,benign_consumer,9.988333299999999,4.44919034,4.452523706666667,0.5538181818181819,0.4461854147648505,0.0013333333333333335,0.0,0.44604549879749605,1.0,10.0,4.33540908361204,4.33540908361204,0.5654606263301916,0.43387535652173914,0.0016722408026755853,0.0,0.43354090836120407,1.0
tree,ifa,10.0,4,11,benign_consumer,9.988333299999999,4.6073713566666665,4.610704723333333,0.538060606060606,0.46208832640471126,0.0013333333333333335,0.0,0.46187845412034695,1.0,10.0,4.34868160535117,4.34868160535117,0.564026553156988,0.4352026086956522,0.0016722408026755853,0.0,0.434868160535117,1.0
tree,ifa,10.0,5,0,router,15.739048200000001,15.446545733333332,15.446545733333332,0.019799495649004333,0.9805388057965587,0.0012809039056018788,0.0,0.9805385856222463,1.0,26.074211036789297,25.76902973244147,15.790768829431437,0.011212991238767778,0.6014212509677818,0.3855908982585046,0.0,0.9886173215592134,0.608230488433608
tree,ifa,10.0,5,1,router,0.03000000000000044,0.03000000000000044,0.03000000000000044,0.0,1.0,0.3566674773332583,0.0,1.0,1.0,0.050167220354464186,0.04682273874112821,0.03344481231984937,0.0033444816053511705,0.7971383495848837,0.4891973740611472,0.0,0.8628762537959546,0.9336862316490949
tree,ifa,10.0,5,2,router,19.1555956,15.7690482,15.7690482,0.1751134291916531,0.823798425136157,0.0007740119525689197,0.0,0.8233040936750357,1.0,29.49698568561873,26.124378257143764,16.13273989593189,0.11300446088449205,0.5441819464286087,0.3404642641289203,0.0,0.8860905350274717,0.6128463834847423
tree,ifa,10.0,5,3,router,16.332806266666665,12.2536334,12.240300466666666,0.24857982314029,0.7509259178587996,0.0009228994998008114,0.0,0.7503717480075114,0.9990806888876441,26.219971839464883,22.244364548494982,12.246036254180602,0.15041742297079733,0.4650016191431705,0.38218831949463405,0.0,0.849131195422284,0.5456327358951665
tree,ifa,10.0,5,4,router,8.746894099999999,6.9019622,6.9019622,0.21269007463125109,0.7892962788891743,0.0017572318588062166,0.0,0.7878383204423699,1.0,9.048546622073578,7.252621137123746,7.252621137123746,0.19634869960956916,0.8034223536039234,0.0019580019400943986,0.0,0.8022754303869067,1.0
tree,ifa,10.0,5,5,router,9.415196493333333,7.4574509,7.4574509,0.20789437876937877,0.7942005979152945,0.001597455050007967,0.0,0.7925579802556898,1.0,9.0989081270903,7.348341371237458,7.348341371237458,0.19018347872862923,0.8093690861132963,0.0019148613735415286,0.0,0.80772819268135,1.0
tree,ifa,10.0,5,6,attacker,9.988333299999999,4.4359128000000005,4.4392461,0.554939393939394,0.44511599008605873,0.0013333333333333335,0.0,0.44460571041530395,1.0,19.99498320735786,14.39407959866221,4.39909364548495,0.2797676558546124,0.22091307222244633,0.49675652037362217,0.0,0.7199006239734608,0.30003766689443284
tree,ifa,10.0,5,7,benign_consumer,9.988333299999999,4.4327759,4.436109266666667,0.5551515151515151,0.4445456658861048,0.0013333333333333335,0.0,0.44440574991875015,1.0,10.0,4.48089602006689,4.48089602006689,0.5510742880308098,0.4484240501672241,0.0016722408026755853,0.0,0.44808960200668896,1.0
tree,ifa,10.0,5,8,benign_consumer,9.988333299999999,4.2770340000000004,4.2803674,0.5708181818181818,0.4289861413830531,0.0013333333333333335,0.0,0.42884622208230516,1.0,10.0,4.500527859531773,4.500527859531773,0.548910509780075,0.4503872341137124,0.0016722408026755853,0.0,0.45005278595317727,1.0
tree,ifa,10.0,5,9,benign_consumer,9.988333299999999,4.463193366666667,4.4665267,0.5523030303030303,0.448201117744991,0.0013333333333333335,0.0,0.4472505080532794,1.0,10.0,4.5480187625418065,4.5480187625418065,0.5441218202087768,0.4551363244147157,0.0016722408026755853,0.0,0.4548018762541806,1.0
tree,ifa,10.0,5,10,benign_consumer,9.988333299999999,4.737930133333333,4.741263433333334,0.5250606060606061,0.47549399979309165,0.0013333333333333335,0.0,0.4746133497519664,1.0,10.0,4.5379129096989965,4.5379129096989965,0.5450643559339211,0.45412573913043475,0.0016722408026755853,0.0,0.4537912909698996,1.0
tree,ifa,10.0,5,11,benign_consumer,9.988333299999999,4.670599660000001,4.67393306,0.5311515151515152,0.46840818715497873,0.0013333333333333335,0.0,0.4681983115372679,1.0,10.0,4.560995217391304,4.560995217391304,0.5428955102868146,0.45643396989966556,0.0016722408026755853,0.0,0.4560995217391305,1.0
tree,ifa,12.0,1,0,router,15.764698533333334,15.4380279,15.4380279,0.020869656860342013,0.9791003796724198,0.0010677826716001893,0.0,0.979100379667608,1.0,28.104913043478263,27.78395752508361,15.800707357859533,0.01134615401813393,0.558765278873924,0.42943049157400176,0.0,0.988624515170595,0.5650168050488084
tree,ifa,12.0,1,1,router,0.023333333333254214,0.023333333333254214,0.023333333333254214,0.0,0.9966666666666667,0.5918254323379499,0.0,1.0,0.9966666666666667,0.03344481605296365,0.03344481605296365,0.02006688963155889,0.0,0.8841774165090246,0.5855155942024645,0.0,1.0,0.882943143812709
tree,ifa,12.0,1,2,router,19.1643634,15.788031866666588,15.788031866666588,0.17465025750397475,0.8243384643398751,0.0007011958758295041,0.0,0.8242502738324605,1.0,31.529292976588625,28.138357859531226,16.14171147157136,0.10560590293081165,0.509763119399907,0.38273995474118133,0.0,0.8933773976502706,0.5700415716423438
tree,ifa,12.0,1,3,router,16.33451004333333,12.236275533333332,12.222942533333333,0.25145839567699285,0.7483170960576069,0.0007729528805331527,0.0,0.7475557230365757,0.9991625910015705,28.05896062541806,24.246806688963208,12.240127558528428,0.13460913572611446,0.4342056299405346,0.4298675565484041,0.0,0.8647309163912126,0.500328258049954
tree,ifa,12.0,1,4,router,8.652310949999999,6.928087866666666,6.928087866666666,0.19559357744651862,0.8035128479916982,0.0016838365768764255,0.0,0.8026437040710258,1.0,9.119937377926421,7.282486287625418,7.282486287625418,0.19961078961915082,0.7994090814234371,0.0019306053836308785,0.0,0.7990362441881285,1.0
tree,ifa,12.0,1,5,router,8.972826846666667,7.2582533,7.2582533,0.18744751285579458,0.8113938428201397,0.0014880204298886274,0.0,0.8102797197015709,1.0,8.974542792642142,7.083807324414717,7.083807324414717,0.20962372354512823,0.7895843112077411,0.0017178581671786083,0.0,0.7885930702862788,1.0
tree,ifa,12.0,1,6,attacker,9.988333299999999,4.609177133333334,4.6125104666666665,0.5376363636363636,0.46210054456424415,0.0013333333333333335,0.0,0.46207362628050885,1.0,21.996655551839464,16.482738461538464,4.486086287625418,0.25034920970648755,0.20473061383643337,0.5420965753088213,0.0,0.7493297508914459,0.2682304063418149
tree,ifa,12.0,1,7,benign_consumer,9.988333299999999,4.460412943333333,4.463746276666667,0.5526969696969697,0.44730495955796185,0.0013333333333333335,0.0,0.447165046923944,1.0,10.0,4.492418183946488,4.492418183946488,0.5498175737306172,0.4495762665551839,0.0016722408026755853,0.0,0.44924181839464883,1.0
tree,ifa,12.0,1,8,benign_consumer,9.988333299999999,4.201120783333334,4.204454116666667,0.5785757575757575,0.42129945895771487,0.0013333333333333335,0.0,0.4212725406739795,1.0,10.0,4.610831906354515,4.610831906354515,0.537600081078342,0.46141763879598663,0.0016722408026755853,0.0,0.46108319063545156,1.0
tree,ifa,12.0,1,9,benign_consumer,9.988333299999999,4.444523533333333,4.447856833333334,0.5540303030303031,0.4460346278219037,0.0013333333333333335,0.0,0.4454543918341958,1.0,10.0,4.509105471571906,4.509105471571906,0.5479831762440458,0.45124499531772577,0.0016722408026755853,0.0,0.45091054715719064,1.0
tree,ifa,12.0,1,10,benign_consumer,9.988333299999999,4.39925858,4.402591946666666,0.5585454545454546,0.4412097641696299,0.0013333333333333335,0.0,0.4410698482022187,1.0,10.0,4.551150501672241,4.551150501672241,0.5438735177865612,0.45544949832775916,0.0016722408026755853,0.0,0.45511505016722403,1.0
tree,ifa,12.0,1,11,benign_consumer,9.988333299999999,4.566901566666666,4.5702349,0.5421212121212121,0.4585283360027911,0.0013333333333333335,0.0,0.4576342234862206,1.0,10.0,4.4233922909699,4.4233922909699,0.5568004459308806,0.4426736772575251,0.0016722408026755853,0.0,0.44233922909699,1.0
tree,ifa,12.0,2,0,router,16.030144833333335,15.773483366666666,15.773483366666666,0.015991949256628217,0.9838168485897802,0.001073819900973438,0.0,0.983815620167479,1.0,27.50513612040134,27.184048662207356,15.200798494983276,0.011411765673718701,0.5490114283405316,0.4387287315446637,0.0,0.9884250854693329,0.5551772064542386
tree,ifa,12.0,2,1,router,0.029999998867056323,0.029999998867056323,0.029999998867056323,0.0,1.0,0.4823999997456903,0.0,1.0,1.0,0.04331772264641786,0.043317722646422245,0.02993979622501749,0.0,0.9107421561326443,0.6657748049052398,0.0,1.0000000000000069,0.9096989966555252
tree,ifa,12.0,2,2,router,19.5624637,16.06014483220039,16.06014483220039,0.17692722520049575,0.822468291183601,0.0007004452360369713,0.0,0.8218535444755551,1.0,30.834425819397993,27.548453843047753,15.551807220974181,0.10520301476469372,0.5020469737769745,0.39093920736504506,0.0,0.8939639509608527,0.5606304686636114
tree,ifa,12.0,2,3,router,16.324632949999998,12.227697866666666,12.214364933333332,0.2538771828703155,0.7477830859181908,0.0008629466610407713,0.0,0.747369973189987,0.9989378843094647,27.72118511705686,23.884009030100334,11.877358528428093,0.13686227276561755,0.4267342895151603,0.4344782333501746,0.0,0.8625377230581103,0.49326815557371506
tree,ifa,12.0,2,4,router,9.150034033333332,7.334765833333333,7.334765833333333,0.1955808018471062,0.8036567743355731,0.0014271716802745707,0.0,0.8022591513300145,1.0,8.806325367892976,6.950416789297658,6.950416789297658,0.2052474374380729,0.793160237813288,0.0016532250920611423,0.0,0.7920546424320373,1.0
tree,ifa,12.0,2,5,router,9.023062923333333,7.2604001,7.2604001,0.19477336824395647,0.8063622640233007,0.0015272123584462317,0.0,0.8037174899527418,1.0,8.942109371237457,7.132481237458195,7.132481237458195,0.20110309608637367,0.7989063171573692,0.0019408547091501278,0.0,0.7971446222138576,1.0
tree,ifa,12.0,2,6,attacker,9.988333299999999,4.546770516666666,4.550103849999999,0.543939393939394,0.4558620892706718,0.0013333333333333335,0.0,0.4558351709869365,1.0,21.996655551839464,16.31478227424749,4.318127190635452,0.257942813330337,0.1970940412502746,0.5420965753088213,0.0,0.7416933109876533,0.2606190629896873
tree,ifa,12.0,2,7,benign_consumer,9.988333299999999,4.5107957,4.5141290000000005,0.5475151515151515,0.45261815081280665,0.0013333333333333335,0.0,0.45210787114205175,1.0,10.0,4.273931973244147,4.273931973244147,0.5717441978311543,0.4277276454849498,0.0016722408026755853,0.0,0.4273931973244147,1.0
tree,ifa,12.0,2,8,benign_consumer,9.988333299999999,4.607847366666666,4.6111807,0.5376363636363636,0.46233715917546087,0.0013333333333333335,0.0,0.46182687617136925,1.0,10.0,4.495753602006689,4.495753602006689,0.5497719671632715,0.449909808361204,0.0016722408026755853,0.0,0.44957536020066885,1.0
tree,ifa,12.0,2,9,benign_consumer,9.988333299999999,4.53552,4.538853333333333,0.545060606060606,0.4548541727759781,0.0013333333333333335,0.0,0.4546443038250072,1.0,10.0,4.310571765886287,4.310571765886287,0.5678980439850005,0.4313916247491638,0.0016722408026755853,0.0,0.43105717658862874,1.0
tree,ifa,12.0,2,10,benign_consumer,9.988333299999999,4.363667866666666,4.3670012,0.5622727272727273,0.43763256551573876,0.0013333333333333335,0.0,0.4374926528817209,1.0,10.0,4.519263454849498,4.519263454849498,0.5470913144826188,0.452260793645485,0.0016722408026755853,0.0,0.4519263454849498,1.0
tree,ifa,12.0,2,11,benign_consumer,9.988333299999999,4.652728356666667,4.656061723333333,0.5336969696969697,0.4666241587344843,0.0013333333333333335,0.0,0.4664142864501201,1.0,10.0,4.42284591638796,4.42284591638796,0.5565470761122935,0.44261903979933104,0.0016722408026755853,0.0,0.44228459163879597,1.0
tree,ifa,12.0,3,0,router,15.640232833333332,15.277060533333334,15.277060533333334,0.02276186155140815,0.9770029842779159,0.0011115337291752138,0.0,0.9770027670984388,1.0,27.671607357859536,27.373795284280938,15.390545117056858,0.010472251475105734,0.5522588386439076,0.4364384928086087,0.0,0.98940494259304,0.5580591204033435
tree,ifa,12.0,3,1,router,0.04333333162090416,0.04333333162090416,0.04333333162090416,0.0,0.9666666666666667,0.21348089089283456,0.0,1.0,0.9666666666666667,0.05685511534940426,0.050166153845416096,0.03678822742401134,0.006688963210702341,0.8269756460044854,0.3149788183085141,0.0,0.9062717124043453,0.919732441471572
tree,ifa,12.0,3,2,router,19.194005399999998,15.683566164954236,15.683566164954236,0.1834784060356201,0.8155006771531442,0.0007344011937839759,0.0,0.8163036108117036,1.0,31.027486120401335,27.728462473208936,15.731814212339371,0.10452372209068306,0.504096990691983,0.3891887138859818,0.0,0.8942585446786948,0.5630609850309581
tree,ifa,12.0,3,3,router,15.980737990000002,11.9912243,11.967889933333334,0.2490451714055692,0.751372453646991,0.0009327233279630054,0.0,0.7506187384342007,0.9979132721482106,28.02151160869565,24.047841471571907,12.027786488294314,0.14088659221866323,0.4279549927992932,0.4296075932911866,0.0,0.8586782175980419,0.49565558080238686
tree,ifa,12.0,3,4,router,8.967270173333333,7.2027811,7.2027811,0.19662069031186677,0.8036648830080595,0.0015161314433824811,0.0,0.8028649287051278,1.0,8.788860531772576,6.979644648829432,6.979644648829432,0.20777274564899983,0.7929849719865045,0.00195071975112792,0.0,0.7920405629112307,1.0
tree,ifa,12.0,3,5,router,8.873280006666667,7.0947004,7.0947004,0.2005902730740192,0.7985211708840433,0.0015789071050995708,0.0,0.7984025619111561,1.0,9.133913819397993,7.2320971237458185,7.2320971237458185,0.20515572313231176,0.793534550311495,0.0016845932340410008,0.0,0.7926349704751798,1.0
tree,ifa,12.0,3,6,attacker,9.988333299999999,4.5309010333333335,4.534234433333333,0.5455151515151515,0.45437246751414856,0.0013333333333333335,0.0,0.45423254821340076,1.0,21.996655551839464,16.443882943143812,4.447225284280936,0.25194037216721527,0.20295395820098977,0.5420965753088213,0.0,0.7475533449407908,0.26623215952079826
tree,ifa,12.0,3,7,benign_consumer,9.988333299999999,4.34846979,4.351803156666667,0.5634848484848485,0.43638299907392586,0.0013333333333333335,0.0,0.4358727127365009,1.0,10.0,4.345542913043478,4.345542913043478,0.5645231580014188,0.43488873946488293,0.0016722408026755853,0.0,0.43455429130434786,1.0
tree,ifa,12.0,3,8,benign_consumer,9.988333299999999,4.370881566666667,4.3742149,0.5616969696969697,0.43861105083475754,0.0013333333333333335,0.0,0.43810076783066604,1.0,10.0,4.34873764548495,4.34873764548495,0.5638137225093747,0.43520821270903015,0.0016722408026755853,0.0,0.43487376454849497,1.0
tree,ifa,12.0,3,9,benign_consumer,9.988333299999999,4.5897219400000004,4.593055273333333,0.5396363636363636,0.46048311238428036,0.0013333333333333335,0.0,0.46001586741351824,1.0,10.0,4.440122886287625,4.440122886287625,0.5549660484443093,0.44434673678929765,0.0016722408026755853,0.0,0.4440122886287625,1.0
tree,ifa,12.0,3,10,benign_consumer,9.988333299999999,4.561121166666667,4.564454466666667,0.5424242424242424,0.4576635397120465,0.0013333333333333335,0.0,0.4571532600412916,1.0,10.0,4.616228969899665,4.616228969899665,0.537600081078342,0.46195734515050163,0.0016722408026755853,0.0,0.46162289698996656,1.0
tree,ifa,12.0,3,11,benign_consumer,9.988333299999999,4.305492206666667,4.30882554,0.5678787878787879,0.4318878416973383,0.0013333333333333335,0.0,0.4316779727463674,1.0,10.0,4.517684849498328,4.517684849498328,0.5476892672544846,0.45210293311036787,0.0016722408026755853,0.0,0.4517684849498328,1.0
tree,ifa,12.0,4,0,router,15.985588233333335,15.632266,15.632266,0.021719176196417413,0.9780485439988155,0.0009310740916461846,0.0,0.9780483276982004,1.0,27.35338695652174,26.992287458193978,15.0090372909699,0.013087281328546705,0.54484552172295,0.4412706336284505,0.0,0.9868874712885998,0.5518894385860901
tree,ifa,12.0,4,1,router,0.013333333333333334,0.013333333333333334,0.013333333333333334,0.0,0.79,0.17152044703179029,0.0,1.0,0.79,0.050167223255785307,0.04682274165043414,0.033444815229029375,0.0033444816053511705,0.7071348937491473,0.4350055743667,0.0,0.8528428093645485,0.8528428093645485
tree,ifa,12.0,4,2,router,19.541121333333333,15.998921566666668,15.998921566666668,0.18096015364382134,0.818981088149221,0.0006455156341982381,0.0,0.818267956370014,1.0,30.79661491638796,27.403554179777526,15.40690668813873,0.10867604789035894,0.49752247839100266,0.3918378626725796,0.0,0.8903994090576305,0.5580709448240548
tree,ifa,12.0,4,3,router,16.337219983333334,12.239288233333333,12.2359549,0.25084519931294014,0.7491323299791374,0.0008249488986526197,0.0,0.7485830874807053,0.999704614541703,27.47583331103679,23.67492274247492,11.658206387959867,0.13766162263145854,0.4226013267423857,0.43817108032936924,0.0,0.8620267654857958,0.4876965079822703
tree,ifa,12.0,4,4,router,9.0913342,7.3018331000000005,7.3018331000000005,0.19616230066230067,0.8035197205963129,0.001394317607800449,0.0,0.8028848015239354,1.0,8.754131505016721,7.121692173913043,7.121692173913043,0.18612093035169958,0.8137166141107852,0.0019033741637638096,0.0,0.8123373559629374,1.0
tree,ifa,12.0,4,5,router,9.06322843,7.278739966666667,7.278739966666667,0.19461679333738155,0.8039458891102292,0.0013274613744953844,0.0,0.8036590372281416,1.0,8.68409068896321,6.8659550836120395,6.8659550836120395,0.21080138739001614,0.7904074489200951,0.002059115528825304,0.0,0.7896484694547511,1.0
tree,ifa,12.0,4,6,attacker,9.988333299999999,4.4405969333333335,4.4439303,0.5544848484848485,0.44532788509027815,0.0013333333333333335,0.0,0.44518796912292363,1.0,21.996655551839464,16.23097558528428,4.234320638795987,0.2616358436774316,0.1932699025437464,0.5420965753088213,0.0,0.7378691655881884,0.25597675333902054
tree,ifa,12.0,4,7,benign_consumer,9.988333299999999,4.611216416666667,4.614549716666667,0.5377272727272727,0.462654068433737,0.0013333333333333335,0.0,0.4621437887629821,1.0,10.0,4.378909331103679,4.378909331103679,0.5607226107226108,0.43822538127090305,0.0016722408026755853,0.0,0.43789093311036786,1.0
tree,ifa,12.0,4,8,benign_consumer,9.988333299999999,4.608457666666666,4.611791,0.5376363636363636,0.46202810205115713,0.0013333333333333335,0.0,0.4620011837674217,1.0,10.0,4.259705986622074,4.259705986622074,0.573355629877369,0.4263050468227425,0.0016722408026755853,0.0,0.4259705986622073,1.0
tree,ifa,12.0,4,9,benign_consumer,9.988333299999999,4.476209866666666,4.4795432,0.5511515151515152,0.4489228720669348,0.0013333333333333335,0.0,0.4487130031159639,1.0,10.0,4.494425518394649,4.494425518394649,0.5494932603628256,0.44977700000000004,0.0016722408026755853,0.0,0.44944255183946485,1.0
tree,ifa,12.0,4,10,benign_consumer,9.988333299999999,4.44919034,4.452523706666667,0.5538181818181819,0.4461854147648505,0.0013333333333333335,0.0,0.44604549879749605,1.0,10.0,4.33540908361204,4.33540908361204,0.5654606263301916,0.43387535652173914,0.0016722408026755853,0.0,0.43354090836120407,1.0
tree,ifa,12.0,4,11,benign_consumer,9.988333299999999,4.6073713566666665,4.610704723333333,0.538060606060606,0.46208832640471126,0.0013333333333333335,0.0,0.46187845412034695,1.0,10.0,4.34868160535117,4.34868160535117,0.564026553156988,0.4352026086956522,0.0016722408026755853,0.0,0.434868160535117,1.0
tree,ifa,12.0,5,0,router,15.739048200000001,15.446545733333332,15.446545733333332,0.019799495649004333,0.9805388057965587,0.0012809039056018788,0.0,0.9805385856222463,1.0,28.075872909698997,27.770674180602008,15.787424013377926,0.010475985679084246,0.5589107512256716,0.4302110746116202,0.0,0.989387456099351,0.5648197420020803
tree,ifa,12.0,5,1,router,0.03000000000000044,0.03000000000000044,0.03000000000000044,0.0,1.0,0.3566674773332583,0.0,1.0,1.0,0.05016722034652489,0.04682273874125412,0.03344481231984937,0.0033444816053511705,0.7976766530613183,0.495192307706618,0.0,0.862876302097472,0.9339553830469859
tree,ifa,12.0,5,2,router,19.1555956,15.7690482,15.7690482,0.1751134291916531,0.823798425136157,0.0007740119525689197,0.0,0.8233040936750357,1.0,31.50199204013378,28.126040130045524,16.129395414326538,0.10613745205949794,0.5097911585821268,0.38297540127736096,0.0,0.8931670732115249,0.5696382145561553
tree,ifa,12.0,5,3,router,16.332806266666665,12.2536334,12.240300466666666,0.24857982314029,0.7509259178587996,0.0009228994998008114,0.0,0.7503717480075114,0.9990806888876441,28.22497551839465,24.249370903010032,12.246036254180602,0.14001398221876035,0.43236463236970923,0.42638883832480556,0.0,0.8597340409030024,0.5012424561213412
tree,ifa,12.0,5,4,router,8.746894099999999,6.9019622,6.9019622,0.21269007463125109,0.7892962788891743,0.0017572318588062166,0.0,0.7878383204423699,1.0,9.048546622073578,7.252621137123746,7.252621137123746,0.19634869960956916,0.8034223536039234,0.0019580019400943986,0.0,0.8022754303869067,1.0
tree,ifa,12.0,5,5,router,9.415196493333333,7.4574509,7.4574509,0.20789437876937877,0.7942005979152945,0.001597455050007967,0.0,0.7925579802556898,1.0,9.0989081270903,7.348341371237458,7.348341371237458,0.19018347872862923,0.8093690861132963,0.0019148613735415286,0.0,0.80772819268135,1.0
tree,ifa,12.0,5,6,attacker,9.988333299999999,4.4359128000000005,4.4392461,0.554939393939394,0.44511599008605873,0.0013333333333333335,0.0,0.44460571041530395,1.0,21.996655551839464,16.395752173913042,4.39909364548495,0.254342318047422,0.20078482469372738,0.5420965753088213,0.0,0.7453842509342021,0.26378256861270577
tree,ifa,12.0,5,7,benign_consumer,9.988333299999999,4.4327759,4.436109266666667,0.5551515151515151,0.4445456658861048,0.0013333333333333335,0.0,0.44440574991875015,1.0,10.0,4.48089602006689,4.48089602006689,0.5510742880308098,0.4484240501672241,0.0016722408026755853,0.0,0.44808960200668896,1.0
tree,ifa,12.0,5,8,benign_consumer,9.988333299999999,4.2770340000000004,4.2803674,0.5708181818181818,0.4289861413830531,0.0013333333333333335,0.0,0.42884622208230516,1.0,10.0,4.500527859531773,4.500527859531773,0.548910509780075,0.4503872341137124,0.0016722408026755853,0.0,0.45005278595317727,1.0
tree,ifa,12.0,5,9,benign_consumer,9.988333299999999,4.463193366666667,4.4665267,0.5523030303030303,0.448201117744991,0.0013333333333333335,0.0,0.4472505080532794,1.0,10.0,4.5480187625418065,4.5480187625418065,0.5441218202087768,0.4551363244147157,0.0016722408026755853,0.0,0.4548018762541806,1.0
tree,ifa,12.0,5,10,benign_consumer,9.988333299999999,4.737930133333333,4.741263433333334,0.5250606060606061,0.47549399979309165,0.0013333333333333335,0.0,0.4746133497519664,1.0,10.0,4.5379129096989965,4.5379129096989965,0.5450643559339211,0.45412573913043475,0.0016722408026755853,0.0,0.4537912909698996,1.0
tree,ifa,12.0,5,11,benign_consumer,9.988333299999999,4.670599660000001,4.67393306,0.5311515151515152,0.46840818715497873,0.0013333333333333335,0.0,0.4681983115372679,1.0,10.0,4.560995217391304,4.560995217391304,0.5428955102868146,0.45643396989966556,0.0016722408026755853,0.0,0.4560995217391305,1.0
tree,ifa,15.0,1,0,router,15.764698533333334,15.4380279,15.4380279,0.020869656860342013,0.9791003796724198,0.0010677826716001893,0.0,0.979100379667608,1.0,31.0985127090301,30.780919732441475,15.804051839464883,0.010173488118813932,0.50472232256845,0.4832965868174036,0.0,0.9898295546127137,0.5097499482607049
tree,ifa,15.0,1,1,router,0.023333333333254214,0.023333333333254214,0.023333333333254214,0.0,0.9966666666666667,0.5918254323379499,0.0,1.0,0.9966666666666667,0.03344481605296365,0.03344481605296365,0.02006688963155889,0.0,0.8841774165090246,0.5855155942024645,0.0,1.0,0.882943143812709
tree,ifa,15.0,1,2,router,19.1643634,15.788031866666588,15.788031866666588,0.17465025750397475,0.8243384643398751,0.0007011958758295041,0.0,0.8242502738324605,1.0,34.522889297658864,31.131957525083063,16.14171147157136,0.0962468795812947,0.4652882076813007,0.43562189855662065,0.0,0.9027438936087981,0.5148450190148223
tree,ifa,15.0,1,3,router,16.33451004333333,12.236275533333332,12.222942533333333,0.25145839567699285,0.7483170960576069,0.0007729528805331527,0.0,0.7475557230365757,0.9991625910015705,31.0525602909699,27.240403010033447,12.240127558528428,0.1215507050096202,0.3920268025832357,0.48376145971057377,0.0,0.877846596200039,0.4450049867638784
tree,ifa,15.0,1,4,router,8.652310949999999,6.928087866666666,6.928087866666666,0.19559357744651862,0.8035128479916982,0.0016838365768764255,0.0,0.8026437040710258,1.0,9.119937377926421,7.282486287625418,7.282486287625418,0.19961078961915082,0.7994090814234371,0.0019306053836308785,0.0,0.7990362441881285,1.0
tree,ifa,15.0,1,5,router,8.972826846666667,7.2582533,7.2582533,0.18744751285579458,0.8113938428201397,0.0014880204298886274,0.0,0.8102797197015709,1.0,8.974542792642142,7.083807324414717,7.083807324414717,0.20962372354512823,0.7895843112077411,0.0017178581671786083,0.0,0.7885930702862788,1.0
tree,ifa,15.0,1,6,attacker,9.988333299999999,4.609177133333334,4.6125104666666665,0.5376363636363636,0.46210054456424415,0.0013333333333333335,0.0,0.46207362628050885,1.0,24.99414712374582,19.480230100334445,4.486086287625418,0.22033694287874891,0.1801917418169973,0.5961718920224018,0.0,0.7793914392658318,0.22732033519736772
tree,ifa,15.0,1,7,benign_consumer,9.988333299999999,4.460412943333333,4.463746276666667,0.5526969696969697,0.44730495955796185,0.0013333333333333335,0.0,0.447165046923944,1.0,10.0,4.492418183946488,4.492418183946488,0.5498175737306172,0.4495762665551839,0.0016722408026755853,0.0,0.44924181839464883,1.0
tree,ifa,15.0,1,8,benign_consumer,9.988333299999999,4.201120783333334,4.204454116666667,0.5785757575757575,0.42129945895771487,0.0013333333333333335,0.0,0.4212725406739795,1.0,10.0,4.610831906354515,4.610831906354515,0.537600081078342,0.46141763879598663,0.0016722408026755853,0.0,0.46108319063545156,1.0
tree,ifa,15.0,1,9,benign_consumer,9.988333299999999,4.444523533333333,4.447856833333334,0.5540303030303031,0.4460346278219037,0.0013333333333333335,0.0,0.4454543918341958,1.0,10.0,4.509105471571906,4.509105471571906,0.5479831762440458,0.45124499531772577,0.0016722408026755853,0.0,0.45091054715719064,1.0
tree,ifa,15.0,1,10,benign_consumer,9.988333299999999,4.39925858,4.402591946666666,0.5585454545454546,0.4412097641696299,0.0013333333333333335,0.0,0.4410698482022187,1.0,10.0,4.551150501672241,4.551150501672241,0.5438735177865612,0.45544949832775916,0.0016722408026755853,0.0,0.45511505016722403,1.0
tree,ifa,15.0,1,11,benign_consumer,9.988333299999999,4.566901566666666,4.5702349,0.5421212121212121,0.4585283360027911,0.0013333333333333335,0.0,0.4576342234862206,1.0,10.0,4.4233922909699,4.4233922909699,0.5568004459308806,0.4426736772575251,0.0016722408026755853,0.0,0.44233922909699,1.0
tree,ifa,15.0,2,0,router,16.030144833333335,15.773483366666666,15.773483366666666,0.015991949256628217,0.9838168485897802,0.001073819900973438,0.0,0.983815620167479,1.0,30.49873612040134,30.181010535117053,15.20414264214047,0.01030833233491848,0.4948299773617675,0.49264591569894806,0.0,0.9896155328660053,0.4998121431489908
tree,ifa,15.0,2,1,router,0.029999998867056323,0.029999998867056323,0.029999998867056323,0.0,1.0,0.4823999997456903,0.0,1.0,1.0,0.04331772264641786,0.043317722646422245,0.02993979622501749,0.0,0.9107421561326443,0.6657748049052398,0.0,1.0000000000000069,0.9096989966555252
tree,ifa,15.0,2,2,router,19.5624637,16.06014483220039,16.06014483220039,0.17692722520049575,0.822468291183601,0.0007004452360369713,0.0,0.8218535444755551,1.0,33.82802280936455,30.542053843047754,15.551807220974181,0.0957699590004772,0.457349415377285,0.4439645420601405,0.0,0.9034618205760142,0.505318765019748
tree,ifa,15.0,2,3,router,16.324632949999998,12.227697866666666,12.214364933333332,0.2538771828703155,0.7477830859181908,0.0008629466610407713,0.0,0.747369973189987,0.9989378843094647,30.714786454849495,26.87760602006689,11.877358528428093,0.12331257797671243,0.3849245305455172,0.4886986314262374,0.0,0.8760450449824198,0.43807336688967874
tree,ifa,15.0,2,4,router,9.150034033333332,7.334765833333333,7.334765833333333,0.1955808018471062,0.8036567743355731,0.0014271716802745707,0.0,0.8022591513300145,1.0,8.806325367892976,6.950416789297658,6.950416789297658,0.2052474374380729,0.793160237813288,0.0016532250920611423,0.0,0.7920546424320373,1.0
tree,ifa,15.0,2,5,router,9.023062923333333,7.2604001,7.2604001,0.19477336824395647,0.8063622640233007,0.0015272123584462317,0.0,0.8037174899527418,1.0,8.942109371237457,7.132481237458195,7.132481237458195,0.20110309608637367,0.7989063171573692,0.0019408547091501278,0.0,0.7971446222138576,1.0
tree,ifa,15.0,2,6,attacker,9.988333299999999,4.546770516666666,4.550103849999999,0.543939393939394,0.4558620892706718,0.0013333333333333335,0.0,0.4558351709869365,1.0,24.99414712374582,19.31227357859532,4.318127190635452,0.2270192015342517,0.1734704284558095,0.5961718920224018,0.0,0.7726702294985985,0.2205491839828055
tree,ifa,15.0,2,7,benign_consumer,9.988333299999999,4.5107957,4.5141290000000005,0.5475151515151515,0.45261815081280665,0.0013333333333333335,0.0,0.45210787114205175,1.0,10.0,4.273931973244147,4.273931973244147,0.5717441978311543,0.4277276454849498,0.0016722408026755853,0.0,0.4273931973244147,1.0
tree,ifa,15.0,2,8,benign_consumer,9.988333299999999,4.607847366666666,4.6111807,0.5376363636363636,0.46233715917546087,0.0013333333333333335,0.0,0.46182687617136925,1.0,10.0,4.495753602006689,4.495753602006689,0.5497719671632715,0.449909808361204,0.0016722408026755853,0.0,0.44957536020066885,1.0
tree,ifa,15.0,2,9,benign_consumer,9.988333299999999,4.53552,4.538853333333333,0.545060606060606,0.4548541727759781,0.0013333333333333335,0.0,0.4546443038250072,1.0,10.0,4.310571765886287,4.310571765886287,0.5678980439850005,0.4313916247491638,0.0016722408026755853,0.0,0.43105717658862874,1.0
tree,ifa,15.0,2,10,benign_consumer,9.988333299999999,4.363667866666666,4.3670012,0.5622727272727273,0.43763256551573876,0.0013333333333333335,0.0,0.4374926528817209,1.0,10.0,4.519263454849498,4.519263454849498,0.5470913144826188,0.452260793645485,0.0016722408026755853,0.0,0.4519263454849498,1.0
tree,ifa,15.0,2,11,benign_consumer,9.988333299999999,4.652728356666667,4.656061723333333,0.5336969696969697,0.4666241587344843,0.0013333333333333335,0.0,0.4664142864501201,1.0,10.0,4.42284591638796,4.42284591638796,0.5565470761122935,0.44261903979933104,0.0016722408026755853,0.0,0.44228459163879597,1.0
tree,ifa,15.0,3,0,router,15.640232833333332,15.277060533333334,15.277060533333334,0.02276186155140815,0.9770029842779159,0.0011115337291752138,0.0,0.9770027670984388,1.0,30.66520501672241,30.370757491638795,15.39388959866221,0.009345456981297889,0.4980953168150071,0.49002231079273667,0.0,0.990561406339641,0.5027259889012882
tree,ifa,15.0,3,1,router,0.04333333162090416,0.04333333162090416,0.04333333162090416,0.0,0.9666666666666667,0.21348089089283456,0.0,1.0,0.9666666666666667,0.06019959661217092,0.05351063545065768,0.040132709029252915,0.006688963210702341,0.8771428700765335,0.3149788183084483,0.0,0.9564389364763937,0.919732441471572
tree,ifa,15.0,3,2,router,19.194005399999998,15.683566164954236,15.683566164954236,0.1834784060356201,0.8155006771531442,0.0007344011937839759,0.0,0.8163036108117036,1.0,34.024431605351175,30.725404613334582,15.735158693602138,0.09519032013797389,0.4593437719152526,0.44187340295668287,0.0,0.9036484602016417,0.5078565169144206
tree,ifa,15.0,3,3,router,15.980737990000002,11.9912243,11.967889933333334,0.2490451714055692,0.751372453646991,0.0009327233279630054,0.0,0.7506187384342007,0.9979132721482106,31.015106591973243,27.04478695652174,12.027786488294314,0.12707645862689926,0.3864332807217472,0.4835436255117275,0.0,0.872540271074389,0.44042393730930207
tree,ifa,15.0,3,4,router,8.967270173333333,7.2027811,7.2027811,0.19662069031186677,0.8036648830080595,0.0015161314433824811,0.0,0.8028649287051278,1.0,8.788860531772576,6.979644648829432,6.979644648829432,0.20777274564899983,0.7929849719865045,0.00195071975112792,0.0,0.7920405629112307,1.0
tree,ifa,15.0,3,5,router,8.873280006666667,7.0947004,7.0947004,0.2005902730740192,0.7985211708840433,0.0015789071050995708,0.0,0.7984025619111561,1.0,9.133913819397993,7.2320971237458185,7.2320971237458185,0.20515572313231176,0.793534550311495,0.0016845932340410008,0.0,0.7926349704751798,1.0
tree,ifa,15.0,3,6,attacker,9.988333299999999,4.5309010333333335,4.534234433333333,0.5455151515151515,0.45437246751414856,0.0013333333333333335,0.0,0.45423254821340076,1.0,24.99414712374582,19.4413745819398,4.447225284280936,0.2217436521115451,0.17862309756453096,0.5961718920224018,0.0,0.7778230149213027,0.22557082758492591
tree,ifa,15.0,3,7,benign_consumer,9.988333299999999,4.34846979,4.351803156666667,0.5634848484848485,0.43638299907392586,0.0013333333333333335,0.0,0.4358727127365009,1.0,10.0,4.345542913043478,4.345542913043478,0.5645231580014188,0.43488873946488293,0.0016722408026755853,0.0,0.43455429130434786,1.0
tree,ifa,15.0,3,8,benign_consumer,9.988333299999999,4.370881566666667,4.3742149,0.5616969696969697,0.43861105083475754,0.0013333333333333335,0.0,0.43810076783066604,1.0,10.0,4.34873764548495,4.34873764548495,0.5638137225093747,0.43520821270903015,0.0016722408026755853,0.0,0.43487376454849497,1.0
tree,ifa,15.0,3,9,benign_consumer,9.988333299999999,4.5897219400000004,4.593055273333333,0.5396363636363636,0.46048311238428036,0.0013333333333333335,0.0,0.46001586741351824,1.0,10.0,4.440122886287625,4.440122886287625,0.5549660484443093,0.44434673678929765,0.0016722408026755853,0.0,0.4440122886287625,1.0
tree,ifa,15.0,3,10,benign_consumer,9.988333299999999,4.561121166666667,4.564454466666667,0.5424242424242424,0.4576635397120465,0.0013333333333333335,0.0,0.4571532600412916,1.0,10.0,4.616228969899665,4.616228969899665,0.537600081078342,0.46195734515050163,0.0016722408026755853,0.0,0.46162289698996656,1.0
tree,ifa,15.0,3,11,benign_consumer,9.988333299999999,4.305492206666667,4.30882554,0.5678787878787879,0.4318878416973383,0.0013333333333333335,0.0,0.4316779727463674,1.0,10.0,4.517684849498328,4.517684849498328,0.5476892672544846,0.45210293311036787,0.0016722408026755853,0.0,0.4517684849498328,1.0
tree,ifa,15.0,4,0,router,15.985588233333335,15.632266,15.632266,0.021719176196417413,0.9780485439988155,0.0009310740916461846,0.0,0.9780483276982004,1.0,30.346983946488294,29.9825610367893,15.00569314381271,0.011850799700127887,0.49065745434599467,0.49533984440401563,0.0,0.9881084304686363,0.4963775545146469
tree,ifa,15.0,4,1,router,0.013333333333333334,0.013333333333333334,0.013333333333333334,0.0,0.79,0.17152044703179029,0.0,1.0,0.79,0.050167223255785307,0.04682274165043414,0.033444815229029375,0.0033444816053511705,0.7071348937491473,0.4350055743667,0.0,0.8528428093645485,0.8528428093645485
tree,ifa,15.0,4,2,router,19.541121333333333,15.998921566666668,15.998921566666668,0.18096015364382134,0.818981088149221,0.0006455156341982381,0.0,0.818267956370014,1.0,33.790212909699,30.397151169744077,15.40690668813873,0.09916597083863612,0.45295269469091326,0.44475405346888297,0.0,0.9000405127523352,0.5027223483815538
tree,ifa,15.0,4,3,router,16.337219983333334,12.239288233333333,12.2359549,0.25084519931294014,0.7491323299791374,0.0008249488986526197,0.0,0.7485830874807053,0.999704614541703,30.469430635451502,26.668520735785954,11.658206387959867,0.12373941010281876,0.38096563730095545,0.4923701280048527,0.0,0.8758173893128551,0.4326664317530702
tree,ifa,15.0,4,4,router,9.0913342,7.3018331000000005,7.3018331000000005,0.19616230066230067,0.8035197205963129,0.001394317607800449,0.0,0.8028848015239354,1.0,8.754131505016721,7.121692173913043,7.121692173913043,0.18612093035169958,0.8137166141107852,0.0019033741637638096,0.0,0.8123373559629374,1.0
tree,ifa,15.0,4,5,router,9.06322843,7.278739966666667,7.278739966666667,0.19461679333738155,0.8039458891102292,0.0013274613744953844,0.0,0.8036590372281416,1.0,8.68409068896321,6.8659550836120395,6.8659550836120395,0.21080138739001614,0.7904074489200951,0.002059115528825304,0.0,0.7896484694547511,1.0
tree,ifa,15.0,4,6,attacker,9.988333299999999,4.4405969333333335,4.4439303,0.5544848484848485,0.44532788509027815,0.0013333333333333335,0.0,0.44518796912292363,1.0,24.99414712374582,19.22846755852843,4.234320638795987,0.23027823904078085,0.17009787680134505,0.5961718920224018,0.0,0.7692976984811658,0.21653541587563999
tree,ifa,15.0,4,7,benign_consumer,9.988333299999999,4.611216416666667,4.614549716666667,0.5377272727272727,0.462654068433737,0.0013333333333333335,0.0,0.4621437887629821,1.0,10.0,4.378909331103679,4.378909331103679,0.5607226107226108,0.43822538127090305,0.0016722408026755853,0.0,0.43789093311036786,1.0
tree,ifa,15.0,4,8,benign_consumer,9.988333299999999,4.608457666666666,4.611791,0.5376363636363636,0.46202810205115713,0.0013333333333333335,0.0,0.4620011837674217,1.0,10.0,4.259705986622074,4.259705986622074,0.573355629877369,0.4263050468227425,0.0016722408026755853,0.0,0.4259705986622073,1.0
tree,ifa,15.0,4,9,benign_consumer,9.988333299999999,4.476209866666666,4.4795432,0.5511515151515152,0.4489228720669348,0.0013333333333333335,0.0,0.4487130031159639,1.0,10.0,4.494425518394649,4.494425518394649,0.5494932603628256,0.44977700000000004,0.0016722408026755853,0.0,0.44944255183946485,1.0
tree,ifa,15.0,4,10,benign_consumer,9.988333299999999,4.44919034,4.452523706666667,0.5538181818181819,0.4461854147648505,0.0013333333333333335,0.0,0.44604549879749605,1.0,10.0,4.33540908361204,4.33540908361204,0.5654606263301916,0.43387535652173914,0.0016722408026755853,0.0,0.43354090836120407,1.0
tree,ifa,15.0,4,11,benign_consumer,9.988333299999999,4.6073713566666665,4.610704723333333,0.538060606060606,0.46208832640471126,0.0013333333333333335,0.0,0.46187845412034695,1.0,10.0,4.34868160535117,4.34868160535117,0.564026553156988,0.4352026086956522,0.0016722408026755853,0.0,0.434868160535117,1.0
tree,ifa,15.0,5,0,router,15.739048200000001,15.446545733333332,15.446545733333332,0.019799495649004333,0.9805388057965587,0.0012809039056018788,0.0,0.9805385856222463,1.0,31.06947257525084,30.76429190635451,15.787424013377926,0.009411348316136586,0.5047037924644789,0.48387089616640105,0.0,0.9904376996939709,0.509474603082064
tree,ifa,15.0,5,1,router,0.03000000000000044,0.03000000000000044,0.03000000000000044,0.0,1.0,0.3566674773332583,0.0,1.0,1.0,0.05016722034652489,0.04682273874125412,0.03344481231984937,0.0033444816053511705,0.7976766530613183,0.495192307706618,0.0,0.862876302097472,0.9339553830469859
tree,ifa,15.0,5,2,router,19.1555956,15.7690482,15.7690482,0.1751134291916531,0.823798425136157,0.0007740119525689197,0.0,0.8233040936750357,1.0,34.495588695652174,31.119639795597358,16.129395414326538,0.09663836939057657,0.4652804120263882,0.4356096620234721,0.0,0.902574375417723,0.5144413877781198
tree,ifa,15.0,5,3,router,16.332806266666665,12.2536334,12.240300466666666,0.24857982314029,0.7509259178587996,0.0009228994998008114,0.0,0.7503717480075114,0.9990806888876441,31.21857585284281,27.242967558528427,12.246036254180602,0.12646551191726899,0.3906224777309253,0.4804983985972773,0.0,0.8732497583515036,0.4458199080031891
tree,ifa,15.0,5,4,router,8.746894099999999,6.9019622,6.9019622,0.21269007463125109,0.7892962788891743,0.0017572318588062166,0.0,0.7878383204423699,1.0,9.048546622073578,7.252621137123746,7.252621137123746,0.19634869960956916,0.8034223536039234,0.0019580019400943986,0.0,0.8022754303869067,1.0
tree,ifa,15.0,5,5,router,9.415196493333333,7.4574509,7.4574509,0.20789437876937877,0.7942005979152945,0.001597455050007967,0.0,0.7925579802556898,1.0,9.0989081270903,7.348341371237458,7.348341371237458,0.19018347872862923,0.8093690861132963,0.0019148613735415286,0.0,0.80772819268135,1.0
tree,ifa,15.0,5,6,attacker,9.988333299999999,4.4359128000000005,4.4392461,0.554939393939394,0.44511599008605873,0.0013333333333333335,0.0,0.44460571041530395,1.0,24.99414712374582,19.39324381270903,4.39909364548495,0.22384763508509328,0.17672359662509826,0.5961718920224018,0.0,0.7759235487291454,0.22343780616248962
tree,ifa,15.0,5,7,benign_consumer,9.988333299999999,4.4327759,4.436109266666667,0.5551515151515151,0.4445456658861048,0.0013333333333333335,0.0,0.44440574991875015,1.0,10.0,4.48089602006689,4.48089602006689,0.5510742880308098,0.4484240501672241,0.0016722408026755853,0.0,0.44808960200668896,1.0
tree,ifa,15.0,5,8,benign_consumer,9.988333299999999,4.2770340000000004,4.2803674,0.5708181818181818,0.4289861413830531,0.0013333333333333335,0.0,0.42884622208230516,1.0,10.0,4.500527859531773,4.500527859531773,0.548910509780075,0.4503872341137124,0.0016722408026755853,0.0,0.45005278595317727,1.0
tree,ifa,15.0,5,9,benign_consumer,9.988333299999999,4.463193366666667,4.4665267,0.5523030303030303,0.448201117744991,0.0013333333333333335,0.0,0.4472505080532794,1.0,10.0,4.5480187625418065,4.5480187625418065,0.5441218202087768,0.4551363244147157,0.0016722408026755853,0.0,0.4548018762541806,1.0
tree,ifa,15.0,5,10,benign_consumer,9.988333299999999,4.737930133333333,4.741263433333334,0.5250606060606061,0.47549399979309165,0.0013333333333333335,0.0,0.4746133497519664,1.0,10.0,4.5379129096989965,4.5379129096989965,0.5450643559339211,0.45412573913043475,0.0016722408026755853,0.0,0.4537912909698996,1.0
tree,ifa,15.0,5,11,benign_consumer,9.988333299999999,4.670599660000001,4.67393306,0.5311515151515152,0.46840818715497873,0.0013333333333333335,0.0,0.4681983115372679,1.0,10.0,4.560995217391304,4.560995217391304,0.5428955102868146,0.45643396989966556,0.0016722408026755853,0.0,0.4560995217391305,1.0
tree,ifa,20.0,1,0,router,15.764698533333334,15.4380279,15.4380279,0.020869656860342013,0.9791003796724198,0.0010677826716001893,0.0,0.979100379667608,1.0,36.091544481605354,35.77060668896321,15.800707023411372,0.008814206817463146,0.4346697920472684,0.5535860025705135,0.0,0.9911592015948331,0.4384007940962477
tree,ifa,20.0,1,1,router,0.023333333333254214,0.023333333333254214,0.023333333333254214,0.0,0.9966666666666667,0.5918254323379499,0.0,1.0,0.9966666666666667,0.03344481605296365,0.03344481605296365,0.02006688963155889,0.0,0.8841774165090246,0.5855155942024645,0.0,1.0,0.882943143812709
tree,ifa,20.0,1,2,router,19.1643634,15.788031866666588,15.788031866666588,0.17465025750397475,0.8243384643398751,0.0007011958758295041,0.0,0.8242502738324605,1.0,39.51592441471572,36.12498929765831,16.14171147157136,0.08407438598915469,0.4062710854843961,0.5059843015554977,0.0,0.915029771705167,0.44353436431264875
tree,ifa,20.0,1,3,router,16.33451004333333,12.236275533333332,12.222942533333333,0.25145839567699285,0.7483170960576069,0.0007729528805331527,0.0,0.7475557230365757,0.9991625910015705,36.045586377926426,32.2334381270903,12.240127558528428,0.10461705002255788,0.3376357337834558,0.5540962045974605,0.0,0.8948136508072326,0.3760842009950965
tree,ifa,20.0,1,4,router,8.652310949999999,6.928087866666666,6.928087866666666,0.19559357744651862,0.8035128479916982,0.0016838365768764255,0.0,0.8026437040710258,1.0,9.119937377926421,7.282486287625418,7.282486287625418,0.19961078961915082,0.7994090814234371,0.0019306053836308785,0.0,0.7990362441881285,1.0
tree,ifa,20.0,1,5,router,8.972826846666667,7.2582533,7.2582533,0.18744751285579458,0.8113938428201397,0.0014880204298886274,0.0,0.8102797197015709,1.0,8.974542792642142,7.083807324414717,7.083807324414717,0.20962372354512823,0.7895843112077411,0.0017178581671786083,0.0,0.7885930702862788,1.0
tree,ifa,20.0,1,6,attacker,9.988333299999999,4.609177133333334,4.6125104666666665,0.5376363636363636,0.46210054456424415,0.0013333333333333335,0.0,0.46207362628050885,1.0,29.983277591973245,24.469360869565218,4.486086287625418,0.18367017897172175,0.1502640008895071,0.6621360703162901,0.0,0.8160924846163018,0.18136496398928798
tree,ifa,20.0,1,7,benign_consumer,9.988333299999999,4.460412943333333,4.463746276666667,0.5526969696969697,0.44730495955796185,0.0013333333333333335,0.0,0.447165046923944,1.0,10.0,4.492418183946488,4.492418183946488,0.5498175737306172,0.4495762665551839,0.0016722408026755853,0.0,0.44924181839464883,1.0
tree,ifa,20.0,1,8,benign_consumer,9.988333299999999,4.201120783333334,4.204454116666667,0.5785757575757575,0.42129945895771487,0.0013333333333333335,0.0,0.4212725406739795,1.0,10.0,4.610831906354515,4.610831906354515,0.537600081078342,0.46141763879598663,0.0016722408026755853,0.0,0.46108319063545156,1.0
tree,ifa,20.0,1,9,benign_consumer,9.988333299999999,4.444523533333333,4.447856833333334,0.5540303030303031,0.4460346278219037,0.0013333333333333335,0.0,0.4454543918341958,1.0,10.0,4.509105471571906,4.509105471571906,0.5479831762440458,0.45124499531772577,0.0016722408026755853,0.0,0.45091054715719064,1.0
tree,ifa,20.0,1,10,benign_consumer,9.988333299999999,4.39925858,4.402591946666666,0.5585454545454546,0.4412097641696299,0.0013333333333333335,0.0,0.4410698482022187,1.0,10.0,4.551150501672241,4.551150501672241,0.5438735177865612,0.45544949832775916,0.0016722408026755853,0.0,0.45511505016722403,1.0
tree,ifa,20.0,1,11,benign_consumer,9.988333299999999,4.566901566666666,4.5702349,0.5421212121212121,0.4585283360027911,0.0013333333333333335,0.0,0.4576342234862206,1.0,10.0,4.4233922909699,4.4233922909699,0.5568004459308806,0.4426736772575251,0.0016722408026755853,0.0,0.44233922909699,1.0
tree,ifa,20.0,2,0,router,16.030144833333335,15.773483366666666,15.773483366666666,0.015991949256628217,0.9838168485897802,0.001073819900973438,0.0,0.983815620167479,1.0,35.49176755852843,35.17069816053512,15.200798494983276,0.008916878292190435,0.42501903117409545,0.5627874182903073,0.0,0.9910038210778287,0.42869745449381075
tree,ifa,20.0,2,1,router,0.029999998867056323,0.029999998867056323,0.029999998867056323,0.0,1.0,0.4823999997456903,0.0,1.0,1.0,0.04331772264641786,0.043317722646422245,0.02993979622501749,0.0,0.9107421561326443,0.6657748049052398,0.0,1.0000000000000069,0.9096989966555252
tree,ifa,20.0,2,2,router,19.5624637,16.06014483220039,16.06014483220039,0.17692722520049575,0.822468291183601,0.0007004452360369713,0.0,0.8218535444755551,1.0,38.82106127090301,35.535085281174844,15.551807220974181,0.08325255435605647,0.39843333315045426,0.5145298390411315,0.0,0.9159687942785611,0.4341957162566758
tree,ifa,20.0,2,3,router,16.324632949999998,12.227697866666666,12.214364933333332,0.2538771828703155,0.7477830859181908,0.0008629466610407713,0.0,0.747369973189987,0.9989378843094647,35.707817892976585,31.870644481605353,11.877358528428093,0.10599949275444837,0.33097248743972246,0.5590050451016101,0.0,0.8933893456011209,0.3694252915990212
tree,ifa,20.0,2,4,router,9.150034033333332,7.334765833333333,7.334765833333333,0.1955808018471062,0.8036567743355731,0.0014271716802745707,0.0,0.8022591513300145,1.0,8.806325367892976,6.950416789297658,6.950416789297658,0.2052474374380729,0.793160237813288,0.0016532250920611423,0.0,0.7920546424320373,1.0
tree,ifa,20.0,2,5,router,9.023062923333333,7.2604001,7.2604001,0.19477336824395647,0.8063622640233007,0.0015272123584462317,0.0,0.8037174899527418,1.0,8.942109371237457,7.132481237458195,7.132481237458195,0.20110309608637367,0.7989063171573692,0.0019408547091501278,0.0,0.7971446222138576,1.0
tree,ifa,20.0,2,6,attacker,9.988333299999999,4.546770516666666,4.550103849999999,0.543939393939394,0.4558620892706718,0.0013333333333333335,0.0,0.4558351709869365,1.0,29.983277591973245,24.301404682274246,4.318127190635452,0.18924371561117706,0.14465822244327803,0.6621360703162901,0.0,0.8104868044203011,0.1756757308683606
tree,ifa,20.0,2,7,benign_consumer,9.988333299999999,4.5107957,4.5141290000000005,0.5475151515151515,0.45261815081280665,0.0013333333333333335,0.0,0.45210787114205175,1.0,10.0,4.273931973244147,4.273931973244147,0.5717441978311543,0.4277276454849498,0.0016722408026755853,0.0,0.4273931973244147,1.0
tree,ifa,20.0,2,8,benign_consumer,9.988333299999999,4.607847366666666,4.6111807,0.5376363636363636,0.46233715917546087,0.0013333333333333335,0.0,0.46182687617136925,1.0,10.0,4.495753602006689,4.495753602006689,0.5497719671632715,0.449909808361204,0.0016722408026755853,0.0,0.44957536020066885,1.0
tree,ifa,20.0,2,9,benign_consumer,9.988333299999999,4.53552,4.538853333333333,0.545060606060606,0.4548541727759781,0.0013333333333333335,0.0,0.4546443038250072,1.0,10.0,4.310571765886287,4.310571765886287,0.5678980439850005,0.4313916247491638,0.0016722408026755853,0.0,0.43105717658862874,1.0
tree,ifa,20.0,2,10,benign_consumer,9.988333299999999,4.363667866666666,4.3670012,0.5622727272727273,0.43763256551573876,0.0013333333333333335,0.0,0.4374926528817209,1.0,10.0,4.519263454849498,4.519263454849498,0.5470913144826188,0.452260793645485,0.0016722408026755853,0.0,0.4519263454849498,1.0
tree,ifa,20.0,2,11,benign_consumer,9.988333299999999,4.652728356666667,4.656061723333333,0.5336969696969697,0.4666241587344843,0.0013333333333333335,0.0,0.4664142864501201,1.0,10.0,4.42284591638796,4.42284591638796,0.5565470761122935,0.44261903979933104,0.0016722408026755853,0.0,0.44228459163879597,1.0
tree,ifa,20.0,3,0,router,15.640232833333332,15.277060533333334,15.277060533333334,0.02276186155140815,0.9770029842779159,0.0011115337291752138,0.0,0.9770027670984388,1.0,35.658236120401334,35.36378926421405,15.39388959866221,0.008044013477848845,0.4282034988428431,0.5602792734696023,0.0,0.9918770821280226,0.4316058500569579
tree,ifa,20.0,3,1,router,0.04333333162090416,0.04333333162090416,0.04333333162090416,0.0,0.9666666666666667,0.21348089089283456,0.0,1.0,0.9666666666666667,0.05685511534940426,0.050166153845416096,0.03678822742401134,0.006688963210702341,0.8269756460044854,0.3149788183085141,0.0,0.9062717124043453,0.919732441471572
tree,ifa,20.0,3,2,router,19.194005399999998,15.683566164954236,15.683566164954236,0.1834784060356201,0.8155006771531442,0.0007344011937839759,0.0,0.8163036108117036,1.0,39.01412023411371,35.71509123575074,15.731814212339371,0.08290460974815614,0.400447362588087,0.5124805416854904,0.0,0.9160116567393867,0.43668551930629373
tree,ifa,20.0,3,3,router,15.980737990000002,11.9912243,11.967889933333334,0.2490451714055692,0.751372453646991,0.0009327233279630054,0.0,0.7506187384342007,0.9979132721482106,36.00814538795987,32.03447558528428,12.027786488294314,0.10933663092321547,0.332760487509713,0.5541236466757097,0.0,0.8901876381471974,0.3718182797140254
tree,ifa,20.0,3,4,router,8.967270173333333,7.2027811,7.2027811,0.19662069031186677,0.8036648830080595,0.0015161314433824811,0.0,0.8028649287051278,1.0,8.788860531772576,6.979644648829432,6.979644648829432,0.20777274564899983,0.7929849719865045,0.00195071975112792,0.0,0.7920405629112307,1.0
tree,ifa,20.0,3,5,router,8.873280006666667,7.0947004,7.0947004,0.2005902730740192,0.7985211708840433,0.0015789071050995708,0.0,0.7984025619111561,1.0,9.133913819397993,7.2320971237458185,7.2320971237458185,0.20515572313231176,0.793534550311495,0.0016845932340410008,0.0,0.7926349704751798,1.0
tree,ifa,20.0,3,6,attacker,9.988333299999999,4.5309010333333335,4.534234433333333,0.5455151515151515,0.45437246751414856,0.0013333333333333335,0.0,0.45423254821340076,1.0,29.983277591973245,24.430505351170567,4.447225284280936,0.18485932798695773,0.14893767922356807,0.6621360703162901,0.0,0.8147663468934072,0.17990664415234006
tree,ifa,20.0,3,7,benign_consumer,9.988333299999999,4.34846979,4.351803156666667,0.5634848484848485,0.43638299907392586,0.0013333333333333335,0.0,0.4358727127365009,1.0,10.0,4.345542913043478,4.345542913043478,0.5645231580014188,0.43488873946488293,0.0016722408026755853,0.0,0.43455429130434786,1.0
tree,ifa,20.0,3,8,benign_consumer,9.988333299999999,4.370881566666667,4.3742149,0.5616969696969697,0.43861105083475754,0.0013333333333333335,0.0,0.43810076783066604,1.0,10.0,4.34873764548495,4.34873764548495,0.5638137225093747,0.43520821270903015,0.0016722408026755853,0.0,0.43487376454849497,1.0
tree,ifa,20.0,3,9,benign_consumer,9.988333299999999,4.5897219400000004,4.593055273333333,0.5396363636363636,0.46048311238428036,0.0013333333333333335,0.0,0.46001586741351824,1.0,10.0,4.440122886287625,4.440122886287625,0.5549660484443093,0.44434673678929765,0.0016722408026755853,0.0,0.4440122886287625,1.0
tree,ifa,20.0,3,10,benign_consumer,9.988333299999999,4.561121166666667,4.564454466666667,0.5424242424242424,0.4576635397120465,0.0013333333333333335,0.0,0.4571532600412916,1.0,10.0,4.616228969899665,4.616228969899665,0.537600081078342,0.46195734515050163,0.0016722408026755853,0.0,0.46162289698996656,1.0
tree,ifa,20.0,3,11,benign_consumer,9.988333299999999,4.305492206666667,4.30882554,0.5678787878787879,0.4318878416973383,0.0013333333333333335,0.0,0.4316779727463674,1.0,10.0,4.517684849498328,4.517684849498328,0.5476892672544846,0.45210293311036787,0.0016722408026755853,0.0,0.4517684849498328,1.0
tree,ifa,20.0,4,0,router,15.985588233333335,15.632266,15.632266,0.021719176196417413,0.9780485439988155,0.0009310740916461846,0.0,0.9780483276982004,1.0,35.34001672240803,34.97559280936455,15.00569314381271,0.010128804420952838,0.42125388381395124,0.5653229244433762,0.0,0.9898093137661246,0.42542839429761903
tree,ifa,20.0,4,1,router,0.013333333333333334,0.013333333333333334,0.013333333333333334,0.0,0.79,0.17152044703179029,0.0,1.0,0.79,0.050167223255785307,0.04682274165043414,0.033444815229029375,0.0033444816053511705,0.7071348937491473,0.4350055743667,0.0,0.8528428093645485,0.8528428093645485
tree,ifa,20.0,4,2,router,19.541121333333333,15.998921566666668,15.998921566666668,0.18096015364382134,0.818981088149221,0.0006455156341982381,0.0,0.818267956370014,1.0,38.783243678929765,35.390183945663814,15.40690668813873,0.0862398813873387,0.394521092976174,0.5152405902158093,0.0,0.9129848728614159,0.4316943564316852
tree,ifa,20.0,4,3,router,16.337219983333334,12.239288233333333,12.2359549,0.25084519931294014,0.7491323299791374,0.0008249488986526197,0.0,0.7485830874807053,0.999704614541703,35.46246240802676,31.661551505016725,11.658206387959867,0.10616142580667108,0.32726890715975143,0.5626130924033294,0.0,0.8933717679245051,0.3644531453292828
tree,ifa,20.0,4,4,router,9.0913342,7.3018331000000005,7.3018331000000005,0.19616230066230067,0.8035197205963129,0.001394317607800449,0.0,0.8028848015239354,1.0,8.754131505016721,7.121692173913043,7.121692173913043,0.18612093035169958,0.8137166141107852,0.0019033741637638096,0.0,0.8123373559629374,1.0
tree,ifa,20.0,4,5,router,9.06322843,7.278739966666667,7.278739966666667,0.19461679333738155,0.8039458891102292,0.0013274613744953844,0.0,0.8036590372281416,1.0,8.68409068896321,6.8659550836120395,6.8659550836120395,0.21080138739001614,0.7904074489200951,0.002059115528825304,0.0,0.7896484694547511,1.0
tree,ifa,20.0,4,6,attacker,9.988333299999999,4.4405969333333335,4.4439303,0.5544848484848485,0.44532788509027815,0.0013333333333333335,0.0,0.44518796912292363,1.0,29.983277591973245,24.21759799331104,4.234320638795987,0.19197923784179044,0.14182182301322951,0.6621360703162901,0.0,0.8076503990581418,0.17238829509204565
tree,ifa,20.0,4,7,benign_consumer,9.988333299999999,4.611216416666667,4.614549716666667,0.5377272727272727,0.462654068433737,0.0013333333333333335,0.0,0.4621437887629821,1.0,10.0,4.378909331103679,4.378909331103679,0.5607226107226108,0.43822538127090305,0.0016722408026755853,0.0,0.43789093311036786,1.0
tree,ifa,20.0,4,8,benign_consumer,9.988333299999999,4.608457666666666,4.611791,0.5376363636363636,0.46202810205115713,0.0013333333333333335,0.0,0.4620011837674217,1.0,10.0,4.259705986622074,4.259705986622074,0.573355629877369,0.4263050468227425,0.0016722408026755853,0.0,0.4259705986622073,1.0
tree,ifa,20.0,4,9,benign_consumer,9.988333299999999,4.476209866666666,4.4795432,0.5511515151515152,0.4489228720669348,0.0013333333333333335,0.0,0.4487130031159639,1.0,10.0,4.494425518394649,4.494425518394649,0.5494932603628256,0.44977700000000004,0.0016722408026755853,0.0,0.44944255183946485,1.0
tree,ifa,20.0,4,10,benign_consumer,9.988333299999999,4.44919034,4.452523706666667,0.5538181818181819,0.4461854147648505,0.0013333333333333335,0.0,0.44604549879749605,1.0,10.0,4.33540908361204,4.33540908361204,0.5654606263301916,0.43387535652173914,0.0016722408026755853,0.0,0.43354090836120407,1.0
tree,ifa,20.0,4,11,benign_consumer,9.988333299999999,4.6073713566666665,4.610704723333333,0.538060606060606,0.46208832640471126,0.0013333333333333335,0.0,0.46187845412034695,1.0,10.0,4.34868160535117,4.34868160535117,0.564026553156988,0.4352026086956522,0.0016722408026755853,0.0,0.434868160535117,1.0
tree,ifa,20.0,5,0,router,15.739048200000001,15.446545733333332,15.446545733333332,0.019799495649004333,0.9805388057965587,0.0012809039056018788,0.0,0.9805385856222463,1.0,36.06584983277592,35.76066849498328,15.790768829431437,0.008168775876901176,0.43470561542094943,0.5540334873460803,0.0,0.9917260059600552,0.4382505524454885
tree,ifa,20.0,5,1,router,0.03000000000000044,0.03000000000000044,0.03000000000000044,0.0,1.0,0.3566674773332583,0.0,1.0,1.0,0.05016722034652489,0.04682273874125412,0.03344481231984937,0.0033444816053511705,0.7976766530613183,0.495192307706618,0.0,0.862876302097472,0.9339553830469859
tree,ifa,20.0,5,2,router,19.1555956,15.7690482,15.7690482,0.1751134291916531,0.823798425136157,0.0007740119525689197,0.0,0.8233040936750357,1.0,39.488624147157196,36.11601705312245,16.13273989593189,0.08431985192000892,0.4063290976467833,0.5059665858125068,0.0,0.9149967336855198,0.44322748347361257
tree,ifa,20.0,5,3,router,16.332806266666665,12.2536334,12.240300466666666,0.24857982314029,0.7509259178587996,0.0009228994998008114,0.0,0.7503717480075114,0.9990806888876441,36.21161063545151,32.23600301003344,12.246036254180602,0.10888901058204745,0.33664842366963776,0.5509252932782146,0.0,0.8907812829971846,0.37672381661075993
tree,ifa,20.0,5,4,router,8.746894099999999,6.9019622,6.9019622,0.21269007463125109,0.7892962788891743,0.0017572318588062166,0.0,0.7878383204423699,1.0,9.048546622073578,7.252621137123746,7.252621137123746,0.19634869960956916,0.8034223536039234,0.0019580019400943986,0.0,0.8022754303869067,1.0
tree,ifa,20.0,5,5,router,9.415196493333333,7.4574509,7.4574509,0.20789437876937877,0.7942005979152945,0.001597455050007967,0.0,0.7925579802556898,1.0,9.0989081270903,7.348341371237458,7.348341371237458,0.19018347872862923,0.8093690861132963,0.0019148613735415286,0.0,0.80772819268135,1.0
tree,ifa,20.0,5,6,attacker,9.988333299999999,4.4359128000000005,4.4392461,0.554939393939394,0.44511599008605873,0.0013333333333333335,0.0,0.44460571041530395,1.0,29.983277591973245,24.382373244147157,4.39909364548495,0.1865873101497225,0.14738844739063445,0.6621360703162901,0.0,0.8132170993672987,0.17818375957884466
tree,ifa,20.0,5,7,benign_consumer,9.988333299999999,4.4327759,4.436109266666667,0.5551515151515151,0.4445456658861048,0.0013333333333333335,0.0,0.44440574991875015,1.0,10.0,4.48089602006689,4.48089602006689,0.5510742880308098,0.4484240501672241,0.0016722408026755853,0.0,0.44808960200668896,1.0
tree,ifa,20.0,5,8,benign_consumer,9.988333299999999,4.2770340000000004,4.2803674,0.5708181818181818,0.4289861413830531,0.0013333333333333335,0.0,0.42884622208230516,1.0,10.0,4.500527859531773,4.500527859531773,0.548910509780075,0.4503872341137124,0.0016722408026755853,0.0,0.45005278595317727,1.0
tree,ifa,20.0,5,9,benign_consumer,9.988333299999999,4.463193366666667,4.4665267,0.5523030303030303,0.448201117744991,0.0013333333333333335,0.0,0.4472505080532794,1.0,10.0,4.5480187625418065,4.5480187625418065,0.5441218202087768,0.4551363244147157,0.0016722408026755853,0.0,0.4548018762541806,1.0
tree,ifa,20.0,5,10,benign_consumer,9.988333299999999,4.737930133333333,4.741263433333334,0.5250606060606061,0.47549399979309165,0.0013333333333333335,0.0,0.4746133497519664,1.0,10.0,4.5379129096989965,4.5379129096989965,0.5450643559339211,0.45412573913043475,0.0016722408026755853,0.0,0.4537912909698996,1.0
tree,ifa,20.0,5,11,benign_consumer,9.988333299999999,4.670599660000001,4.67393306,0.5311515151515152,0.46840818715497873,0.0013333333333333335,0.0,0.4681983115372679,1.0,10.0,4.560995217391304,4.560995217391304,0.5428955102868146,0.45643396989966556,0.0016722408026755853,0.0,0.4560995217391305,1.0
tree,ifa,30.0,1,0,router,15.764698533333334,15.4380279,15.4380279,0.020869656860342013,0.9791003796724198,0.0010677826716001893,0.0,0.979100379667608,1.0,46.08318294314381,45.76224548494984,15.800707023411372,0.0069061155894129395,0.34065741779241565,0.6487349099055558,0.0,0.9930744384468219,0.3429238334465448
tree,ifa,30.0,1,1,router,0.023333333333254214,0.023333333333254214,0.023333333333254214,0.0,0.9966666666666667,0.5918254323379499,0.0,1.0,0.9966666666666667,0.03344481605296359,0.03344481605296359,0.02006688963155889,0.0,0.8860089187130958,0.5843450256405915,0.0,1.0,0.882943143812709
tree,ifa,30.0,1,2,router,19.1643634,15.788031866666588,15.788031866666588,0.17465025750397475,0.8243384643398751,0.0007011958758295041,0.0,0.8242502738324605,1.0,49.507563545150504,46.116627759196774,16.14171147157136,0.06722391793156436,0.3243455973921196,0.6042626577508372,0.0,0.9321071088408424,0.3476664484083287
tree,ifa,30.0,1,3,router,16.33451004333333,12.236275533333332,12.222942533333333,0.25145839567699285,0.7483170960576069,0.0007729528805331527,0.0,0.7475557230365757,0.9991625910015705,46.037224505016724,42.225077257525086,12.240127558528428,0.08198520118370711,0.26453816943499675,0.6492884853417823,0.0,0.9176085264270246,0.28747464205169476
tree,ifa,30.0,1,4,router,8.652310949999999,6.928087866666666,6.928087866666666,0.19559357744651862,0.8035128479916982,0.0016838365768764255,0.0,0.8026437040710258,1.0,9.119937377926421,7.282486287625418,7.282486287625418,0.19961078961915082,0.7994090814234371,0.0019306053836308785,0.0,0.7990362441881285,1.0
tree,ifa,30.0,1,5,router,8.972826846666667,7.2582533,7.2582533,0.18744751285579458,0.8113938428201397,0.0014880204298886274,0.0,0.8102797197015709,1.0,8.974542792642142,7.083807324414717,7.083807324414717,0.20962372354512823,0.7895843112077411,0.0017178581671786083,0.0,0.7885930702862788,1.0
tree,ifa,30.0,1,6,attacker,9.988333299999999,4.609177133333334,4.6125104666666665,0.5376363636363636,0.46210054456424415,0.0013333333333333335,0.0,0.46207362628050885,1.0,39.98494983277592,34.47103277591973,4.486086287625418,0.13775868125209134,0.11265269140652015,0.7450532373029364,0.0,0.8620984004008272,0.12907955905223842
tree,ifa,30.0,1,7,benign_consumer,9.988333299999999,4.460412943333333,4.463746276666667,0.5526969696969697,0.44730495955796185,0.0013333333333333335,0.0,0.447165046923944,1.0,10.0,4.492418183946488,4.492418183946488,0.5498175737306172,0.4495762665551839,0.0016722408026755853,0.0,0.44924181839464883,1.0
tree,ifa,30.0,1,8,benign_consumer,9.988333299999999,4.201120783333334,4.204454116666667,0.5785757575757575,0.42129945895771487,0.0013333333333333335,0.0,0.4212725406739795,1.0,10.0,4.610831906354515,4.610831906354515,0.537600081078342,0.46141763879598663,0.0016722408026755853,0.0,0.46108319063545156,1.0
tree,ifa,30.0,1,9,benign_consumer,9.988333299999999,4.444523533333333,4.447856833333334,0.5540303030303031,0.4460346278219037,0.0013333333333333335,0.0,0.4454543918341958,1.0,10.0,4.509105471571906,4.509105471571906,0.5479831762440458,0.45124499531772577,0.0016722408026755853,0.0,0.45091054715719064,1.0
tree,ifa,30.0,1,10,benign_consumer,9.988333299999999,4.39925858,4.402591946666666,0.5585454545454546,0.4412097641696299,0.0013333333333333335,0.0,0.4410698482022187,1.0,10.0,4.551150501672241,4.551150501672241,0.5438735177865612,0.45544949832775916,0.0016722408026755853,0.0,0.45511505016722403,1.0
tree,ifa,30.0,1,11,benign_consumer,9.988333299999999,4.566901566666666,4.5702349,0.5421212121212121,0.4585283360027911,0.0013333333333333335,0.0,0.4576342234862206,1.0,10.0,4.4233922909699,4.4233922909699,0.5568004459308806,0.4426736772575251,0.0016722408026755853,0.0,0.44233922909699,1.0
tree,ifa,30.0,2,0,router,16.030144833333335,15.773483366666666,15.773483366666666,0.015991949256628217,0.9838168485897802,0.001073819900973438,0.0,0.983815620167479,1.0,45.483406354515054,45.16233695652174,15.200798494983276,0.0069684054378452865,0.33191849873527823,0.6571308625123679,0.0,0.9929797107923947,0.3341335318761653
tree,ifa,30.0,2,1,router,0.029999998867056323,0.029999998867056323,0.029999998867056323,0.0,1.0,0.4823999997456903,0.0,1.0,1.0,0.0433177226464178,0.04331772264642218,0.02993979622501749,0.0,0.9120958752287667,0.6646042363433667,0.0,1.0000000000000158,0.9096989966555342
tree,ifa,30.0,2,2,router,19.5624637,16.06014483220039,16.06014483220039,0.17692722520049575,0.822468291183601,0.0007004452360369713,0.0,0.8218535444755551,1.0,48.812699732441466,45.52672407716147,15.551807220974181,0.06625462329119425,0.3170077245020296,0.6123978605424548,0.0,0.9331420454713695,0.33916982737770185
tree,ifa,30.0,2,3,router,16.324632949999998,12.227697866666666,12.214364933333332,0.2538771828703155,0.7477830859181908,0.0008629466610407713,0.0,0.747369973189987,0.9989378843094647,45.69945635451505,41.86228294314381,11.877358528428093,0.08293964254702917,0.2587409022437238,0.6537846941881464,0.0,0.9166185483167137,0.28159713449447915
tree,ifa,30.0,2,4,router,9.150034033333332,7.334765833333333,7.334765833333333,0.1955808018471062,0.8036567743355731,0.0014271716802745707,0.0,0.8022591513300145,1.0,8.806325367892976,6.950416789297658,6.950416789297658,0.2052474374380729,0.793160237813288,0.0016532250920611423,0.0,0.7920546424320373,1.0
tree,ifa,30.0,2,5,router,9.023062923333333,7.2604001,7.2604001,0.19477336824395647,0.8063622640233007,0.0015272123584462317,0.0,0.8037174899527418,1.0,8.942109371237457,7.132481237458195,7.132481237458195,0.20110309608637367,0.7989063171573692,0.0019408547091501278,0.0,0.7971446222138576,1.0
tree,ifa,30.0,2,6,attacker,9.988333299999999,4.546770516666666,4.550103849999999,0.543939393939394,0.4558620892706718,0.0013333333333333335,0.0,0.4558351709869365,1.0,39.98494983277592,34.30307658862876,4.318127190635452,0.14193412253554655,0.1084504790361313,0.7450532373029364,0.0,0.8578962613817104,0.124802710520779
tree,ifa,30.0,2,7,benign_consumer,9.988333299999999,4.5107957,4.5141290000000005,0.5475151515151515,0.45261815081280665,0.0013333333333333335,0.0,0.45210787114205175,1.0,10.0,4.273931973244147,4.273931973244147,0.5717441978311543,0.4277276454849498,0.0016722408026755853,0.0,0.4273931973244147,1.0
tree,ifa,30.0,2,8,benign_consumer,9.988333299999999,4.607847366666666,4.6111807,0.5376363636363636,0.46233715917546087,0.0013333333333333335,0.0,0.46182687617136925,1.0,10.0,4.495753602006689,4.495753602006689,0.5497719671632715,0.449909808361204,0.0016722408026755853,0.0,0.44957536020066885,1.0
tree,ifa,30.0,2,9,benign_consumer,9.988333299999999,4.53552,4.538853333333333,0.545060606060606,0.4548541727759781,0.0013333333333333335,0.0,0.4546443038250072,1.0,10.0,4.310571765886287,4.310571765886287,0.5678980439850005,0.4313916247491638,0.0016722408026755853,0.0,0.43105717658862874,1.0
tree,ifa,30.0,2,10,benign_consumer,9.988333299999999,4.363667866666666,4.3670012,0.5622727272727273,0.43763256551573876,0.0013333333333333335,0.0,0.4374926528817209,1.0,10.0,4.519263454849498,4.519263454849498,0.5470913144826188,0.452260793645485,0.0016722408026755853,0.0,0.4519263454849498,1.0
tree,ifa,30.0,2,11,benign_consumer,9.988333299999999,4.652728356666667,4.656061723333333,0.5336969696969697,0.4666241587344843,0.0013333333333333335,0.0,0.4664142864501201,1.0,10.0,4.42284591638796,4.42284591638796,0.5565470761122935,0.44261903979933104,0.0016722408026755853,0.0,0.44228459163879597,1.0
tree,ifa,30.0,3,0,router,15.640232833333332,15.277060533333334,15.277060533333334,0.02276186155140815,0.9770029842779159,0.0011115337291752138,0.0,0.9770027670984388,1.0,45.649875250836125,45.355428060200666,15.39388959866221,0.006307784003248856,0.3347317437496743,0.654776959048115,0.0,0.9936396866070971,0.3367947915119992
tree,ifa,30.0,3,1,router,0.04333333162090416,0.04333333162090416,0.04333333162090416,0.0,0.9666666666666667,0.21348089089283456,0.0,1.0,0.9666666666666667,0.056855115349404184,0.050166153845416034,0.03678822742401134,0.006688963210702341,0.8281501963676831,0.31380824974661664,0.0,0.9062717124043453,0.919732441471572
tree,ifa,30.0,3,2,router,19.194005399999998,15.683566164954236,15.683566164954236,0.1834784060356201,0.8155006771531442,0.0007344011937839759,0.0,0.8163036108117036,1.0,49.00910384615385,45.706730366185525,15.731814212339371,0.06603440157329764,0.3189219567183142,0.6103461519474102,0.0,0.933042775627964,0.3414984827073475
tree,ifa,30.0,3,3,router,15.980737990000002,11.9912243,11.967889933333334,0.2490451714055692,0.751372453646991,0.0009327233279630054,0.0,0.7506187384342007,0.9979132721482106,45.99978418394649,42.029459197324414,12.027786488294314,0.08560666676032336,0.2606617176766905,0.6493428626558173,0.0,0.9140851853614412,0.2837840986793629
tree,ifa,30.0,3,4,router,8.967270173333333,7.2027811,7.2027811,0.19662069031186677,0.8036648830080595,0.0015161314433824811,0.0,0.8028649287051278,1.0,8.788860531772576,6.979644648829432,6.979644648829432,0.20777274564899983,0.7929849719865045,0.00195071975112792,0.0,0.7920405629112307,1.0
tree,ifa,30.0,3,5,router,8.873280006666667,7.0947004,7.0947004,0.2005902730740192,0.7985211708840433,0.0015789071050995708,0.0,0.7984025619111561,1.0,9.133913819397993,7.2320971237458185,7.2320971237458185,0.20515572313231176,0.793534550311495,0.0016845932340410008,0.0,0.7926349704751798,1.0
tree,ifa,30.0,3,6,attacker,9.988333299999999,4.5309010333333335,4.534234433333333,0.5455151515151515,0.45437246751414856,0.0013333333333333335,0.0,0.45423254821340076,1.0,39.98494983277592,34.43217759197324,4.447225284280936,0.138647699066575,0.11166631151449448,0.7450532373029364,0.0,0.8611121665277981,0.12801636007611156
tree,ifa,30.0,3,7,benign_consumer,9.988333299999999,4.34846979,4.351803156666667,0.5634848484848485,0.43638299907392586,0.0013333333333333335,0.0,0.4358727127365009,1.0,10.0,4.345542913043478,4.345542913043478,0.5645231580014188,0.43488873946488293,0.0016722408026755853,0.0,0.43455429130434786,1.0
tree,ifa,30.0,3,8,benign_consumer,9.988333299999999,4.370881566666667,4.3742149,0.5616969696969697,0.43861105083475754,0.0013333333333333335,0.0,0.43810076783066604,1.0,10.0,4.34873764548495,4.34873764548495,0.5638137225093747,0.43520821270903015,0.0016722408026755853,0.0,0.43487376454849497,1.0
tree,ifa,30.0,3,9,benign_consumer,9.988333299999999,4.5897219400000004,4.593055273333333,0.5396363636363636,0.46048311238428036,0.0013333333333333335,0.0,0.46001586741351824,1.0,10.0,4.440122886287625,4.440122886287625,0.5549660484443093,0.44434673678929765,0.0016722408026755853,0.0,0.4440122886287625,1.0
tree,ifa,30.0,3,10,benign_consumer,9.988333299999999,4.561121166666667,4.564454466666667,0.5424242424242424,0.4576635397120465,0.0013333333333333335,0.0,0.4571532600412916,1.0,10.0,4.616228969899665,4.616228969899665,0.537600081078342,0.46195734515050163,0.0016722408026755853,0.0,0.46162289698996656,1.0
tree,ifa,30.0,3,11,benign_consumer,9.988333299999999,4.305492206666667,4.30882554,0.5678787878787879,0.4318878416973383,0.0013333333333333335,0.0,0.4316779727463674,1.0,10.0,4.517684849498328,4.517684849498328,0.5476892672544846,0.45210293311036787,0.0016722408026755853,0.0,0.4517684849498328,1.0
tree,ifa,30.0,4,0,router,15.985588233333335,15.632266,15.632266,0.021719176196417413,0.9780485439988155,0.0009310740916461846,0.0,0.9780483276982004,1.0,45.33165518394649,44.967231605351174,15.00569314381271,0.00791294216366081,0.32866785822501243,0.6593830315549101,0.0,0.9920455091112097,0.33118692344461437
tree,ifa,30.0,4,1,router,0.013333333333333334,0.013333333333333334,0.013333333333333334,0.0,0.79,0.17152044703179029,0.0,1.0,0.79,0.05016722325578524,0.04682274165043407,0.033444815229029375,0.0033444816053511705,0.7095039018813752,0.43383500580482715,0.0,0.8528428093645485,0.8528428093645485
tree,ifa,30.0,4,2,router,19.541121333333333,15.998921566666668,15.998921566666668,0.18096015364382134,0.818981088149221,0.0006455156341982381,0.0,0.818267956370014,1.0,48.77488280936455,45.38182240720227,15.40690668813873,0.068600485765871,0.3138423702460841,0.6130501293289462,0.0,0.9307971227842268,0.33692293241534144
tree,ifa,30.0,4,3,router,16.337219983333334,12.239288233333333,12.2359549,0.25084519931294014,0.7491323299791374,0.0008249488986526197,0.0,0.7485830874807053,0.999704614541703,45.45410086956522,41.65319063545151,11.658206387959867,0.08285607100393629,0.2555224798656265,0.6570524963910848,0.0,0.9167887415325177,0.27742877258167736
tree,ifa,30.0,4,4,router,9.0913342,7.3018331000000005,7.3018331000000005,0.19616230066230067,0.8035197205963129,0.001394317607800449,0.0,0.8028848015239354,1.0,8.754131505016721,7.121692173913043,7.121692173913043,0.18612093035169958,0.8137166141107852,0.0019033741637638096,0.0,0.8123373559629374,1.0
tree,ifa,30.0,4,5,router,9.06322843,7.278739966666667,7.278739966666667,0.19461679333738155,0.8039458891102292,0.0013274613744953844,0.0,0.8036590372281416,1.0,8.68409068896321,6.8659550836120395,6.8659550836120395,0.21080138739001614,0.7904074489200951,0.002059115528825304,0.0,0.7896484694547511,1.0
tree,ifa,30.0,4,6,attacker,9.988333299999999,4.4405969333333335,4.4439303,0.5544848484848485,0.44532788509027815,0.0013333333333333335,0.0,0.44518796912292363,1.0,39.98494983277592,34.21927023411371,4.234320638795987,0.14398555163969495,0.10633438453364454,0.7450532373029364,0.0,0.8557801711541182,0.12243560090708046
tree,ifa,30.0,4,7,benign_consumer,9.988333299999999,4.611216416666667,4.614549716666667,0.5377272727272727,0.462654068433737,0.0013333333333333335,0.0,0.4621437887629821,1.0,10.0,4.378909331103679,4.378909331103679,0.5607226107226108,0.43822538127090305,0.0016722408026755853,0.0,0.43789093311036786,1.0
tree,ifa,30.0,4,8,benign_consumer,9.988333299999999,4.608457666666666,4.611791,0.5376363636363636,0.46202810205115713,0.0013333333333333335,0.0,0.4620011837674217,1.0,10.0,4.259705986622074,4.259705986622074,0.573355629877369,0.4263050468227425,0.0016722408026755853,0.0,0.4259705986622073,1.0
tree,ifa,30.0,4,9,benign_consumer,9.988333299999999,4.476209866666666,4.4795432,0.5511515151515152,0.4489228720669348,0.0013333333333333335,0.0,0.4487130031159639,1.0,10.0,4.494425518394649,4.494425518394649,0.5494932603628256,0.44977700000000004,0.0016722408026755853,0.0,0.44944255183946485,1.0
tree,ifa,30.0,4,10,benign_consumer,9.988333299999999,4.44919034,4.452523706666667,0.5538181818181819,0.4461854147648505,0.0013333333333333335,0.0,0.44604549879749605,1.0,10.0,4.33540908361204,4.33540908361204,0.5654606263301916,0.43387535652173914,0.0016722408026755853,0.0,0.43354090836120407,1.0
tree,ifa,30.0,4,11,benign_consumer,9.988333299999999,4.6073713566666665,4.610704723333333,0.538060606060606,0.46208832640471126,0.0013333333333333335,0.0,0.46187845412034695,1.0,10.0,4.34868160535117,4.34868160535117,0.564026553156988,0.4352026086956522,0.0016722408026755853,0.0,0.434868160535117,1.0
tree,ifa,30.0,5,0,router,15.739048200000001,15.446545733333332,15.446545733333332,0.019799495649004333,0.9805388057965587,0.0012809039056018788,0.0,0.9805385856222463,1.0,46.05748862876254,45.7523072909699,15.790768829431437,0.006433586971327729,0.3406261055597142,0.6491130736458863,0.0,0.9934948821631129,0.34279239126855315
tree,ifa,30.0,5,1,router,0.03000000000000044,0.03000000000000044,0.03000000000000044,0.0,1.0,0.3566674773332583,0.0,1.0,1.0,0.050167220346605694,0.04682273874125406,0.03344481231984937,0.0033444816053511705,0.7995044462873232,0.4939687168644327,0.0,0.8628762597234558,0.9348692798646514
tree,ifa,30.0,5,2,router,19.1555956,15.7690482,15.7690482,0.1751134291916531,0.823798425136157,0.0007740119525689197,0.0,0.8233040936750357,1.0,49.48026327759197,46.10765584910914,16.13273989593189,0.06731552248818096,0.3244029667502005,0.6043240022637953,0.0,0.9321573095611217,0.347428421589657
tree,ifa,30.0,5,3,router,16.332806266666665,12.2536334,12.240300466666666,0.24857982314029,0.7509259178587996,0.0009228994998008114,0.0,0.7503717480075114,0.9990806888876441,46.203249765886284,42.22764214046823,12.246036254180602,0.08539623914538537,0.2639763006985426,0.6464813762292246,0.0,0.9143625226249069,0.28790936127636874
tree,ifa,30.0,5,4,router,8.746894099999999,6.9019622,6.9019622,0.21269007463125109,0.7892962788891743,0.0017572318588062166,0.0,0.7878383204423699,1.0,9.048546622073578,7.252621137123746,7.252621137123746,0.19634869960956916,0.8034223536039234,0.0019580019400943986,0.0,0.8022754303869067,1.0
tree,ifa,30.0,5,5,router,9.415196493333333,7.4574509,7.4574509,0.20789437876937877,0.7942005979152945,0.001597455050007967,0.0,0.7925579802556898,1.0,9.0989081270903,7.348341371237458,7.348341371237458,0.19018347872862923,0.8093690861132963,0.0019148613735415286,0.0,0.80772819268135,1.0
tree,ifa,30.0,5,6,attacker,9.988333299999999,4.4359128000000005,4.4392461,0.554939393939394,0.44511599008605873,0.0013333333333333335,0.0,0.44460571041530395,1.0,39.98494983277592,34.384045819398,4.39909364548495,0.13994795160906356,0.11048975681035758,0.7450532373029364,0.0,0.8599356084409682,0.1267388888897646
tree,ifa,30.0,5,7,benign_consumer,9.988333299999999,4.4327759,4.436109266666667,0.5551515151515151,0.4445456658861048,0.0013333333333333335,0.0,0.44440574991875015,1.0,10.0,4.48089602006689,4.48089602006689,0.5510742880308098,0.4484240501672241,0.0016722408026755853,0.0,0.44808960200668896,1.0
tree,ifa,30.0,5,8,benign_consumer,9.988333299999999,4.2770340000000004,4.2803674,0.5708181818181818,0.4289861413830531,0.0013333333333333335,0.0,0.42884622208230516,1.0,10.0,4.500527859531773,4.500527859531773,0.548910509780075,0.4503872341137124,0.0016722408026755853,0.0,0.45005278595317727,1.0
tree,ifa,30.0,5,9,benign_consumer,9.988333299999999,4.463193366666667,4.4665267,0.5523030303030303,0.448201117744991,0.0013333333333333335,0.0,0.4472505080532794,1.0,10.0,4.5480187625418065,4.5480187625418065,0.5441218202087768,0.4551363244147157,0.0016722408026755853,0.0,0.4548018762541806,1.0
tree,ifa,30.0,5,10,benign_consumer,9.988333299999999,4.737930133333333,4.741263433333334,0.5250606060606061,0.47549399979309165,0.0013333333333333335,0.0,0.4746133497519664,1.0,10.0,4.5379129096989965,4.5379129096989965,0.5450643559339211,0.45412573913043475,0.0016722408026755853,0.0,0.4537912909698996,1.0
tree,ifa,30.0,5,11,benign_consumer,9.988333299999999,4.670599660000001,4.67393306,0.5311515151515152,0.46840818715497873,0.0013333333333333335,0.0,0.4681983115372679,1.0,10.0,4.560995217391304,4.560995217391304,0.5428955102868146,0.45643396989966556,0.0016722408026755853,0.0,0.4560995217391305,1.0
tree,ifa,50.0,1,0,router,15.764698533333334,15.4380279,15.4380279,0.020869656860342013,0.9791003796724198,0.0010677826716001893,0.0,0.979100379667608,1.0,66.06646086956522,65.75221304347826,15.807396655518396,0.004724405086910229,0.2380465040294941,0.7525616026160967,0.0,0.9952664825826336,0.23910622655321565
tree,ifa,50.0,1,1,router,0.023333333333254214,0.023333333333254214,0.023333333333254214,0.0,0.9966666666666667,0.5918254323379499,0.0,1.0,0.9966666666666667,0.03344481605296359,0.03344481605296359,0.02006688963155889,0.0,0.8860089187130958,0.5843450256405915,0.0,1.0,0.882943143812709
tree,ifa,50.0,1,2,router,19.1643634,15.788031866666588,15.788031866666588,0.17465025750397475,0.8243384643398751,0.0007011958758295041,0.0,0.8242502738324605,1.0,69.49084046822742,66.09990568561818,16.14171147157136,0.04802905005635623,0.23127980634447876,0.7158016652083752,0.0,0.9515442470701557,0.24289072435449233
tree,ifa,50.0,1,3,router,16.33451004333333,12.236275533333332,12.222942533333333,0.25145839567699285,0.7483170960576069,0.0007729528805331527,0.0,0.7475557230365757,0.9991625910015705,66.02050243143813,62.20835418060201,12.240127558528428,0.057273195824430946,0.18470943490327313,0.7530764519494544,0.0,0.942488312848453,0.19553245608087658
tree,ifa,50.0,1,4,router,8.652310949999999,6.928087866666666,6.928087866666666,0.19559357744651862,0.8035128479916982,0.0016838365768764255,0.0,0.8026437040710258,1.0,9.119937377926421,7.282486287625418,7.282486287625418,0.19961078961915082,0.7994090814234371,0.0019306053836308785,0.0,0.7990362441881285,1.0
tree,ifa,50.0,1,5,router,8.972826846666667,7.2582533,7.2582533,0.18744751285579458,0.8113938428201397,0.0014880204298886274,0.0,0.8102797197015709,1.0,8.974542792642142,7.083807324414717,7.083807324414717,0.20962372354512823,0.7895843112077411,0.0017178581671786083,0.0,0.7885930702862788,1.0
tree,ifa,50.0,1,6,attacker,9.988333299999999,4.609177133333334,4.6125104666666665,0.5376363636363636,0.46210054456424415,0.0013333333333333335,0.0,0.46207362628050885,1.0,59.95819364548495,54.44427692307692,4.486086287625418,0.09187388994944234,0.07515721345024783,0.8275617470987436,0.0,0.9080302203393755,0.08196133397668703
tree,ifa,50.0,1,7,benign_consumer,9.988333299999999,4.460412943333333,4.463746276666667,0.5526969696969697,0.44730495955796185,0.0013333333333333335,0.0,0.447165046923944,1.0,10.0,4.492418183946488,4.492418183946488,0.5498175737306172,0.4495762665551839,0.0016722408026755853,0.0,0.44924181839464883,1.0
tree,ifa,50.0,1,8,benign_consumer,9.988333299999999,4.201120783333334,4.204454116666667,0.5785757575757575,0.42129945895771487,0.0013333333333333335,0.0,0.4212725406739795,1.0,10.0,4.610831906354515,4.610831906354515,0.537600081078342,0.46141763879598663,0.0016722408026755853,0.0,0.46108319063545156,1.0
tree,ifa,50.0,1,9,benign_consumer,9.988333299999999,4.444523533333333,4.447856833333334,0.5540303030303031,0.4460346278219037,0.0013333333333333335,0.0,0.4454543918341958,1.0,10.0,4.509105471571906,4.509105471571906,0.5479831762440458,0.45124499531772577,0.0016722408026755853,0.0,0.45091054715719064,1.0
tree,ifa,50.0,1,10,benign_consumer,9.988333299999999,4.39925858,4.402591946666666,0.5585454545454546,0.4412097641696299,0.0013333333333333335,0.0,0.4410698482022187,1.0,10.0,4.551150501672241,4.551150501672241,0.5438735177865612,0.45544949832775916,0.0016722408026755853,0.0,0.45511505016722403,1.0
tree,ifa,50.0,1,11,benign_consumer,9.988333299999999,4.566901566666666,4.5702349,0.5421212121212121,0.4585283360027911,0.0013333333333333335,0.0,0.4576342234862206,1.0,10.0,4.4233922909699,4.4233922909699,0.5568004459308806,0.4426736772575251,0.0016722408026755853,0.0,0.44233922909699,1.0
tree,ifa,100.0,1,0,router,15.764698533333334,15.4380279,15.4380279,0.020869656860342013,0.9791003796724198,0.0010677826716001893,0.0,0.979100379667608,1.0,116.02802073578594,115.7003735785953,15.804052173913044,0.00281169247072147,0.13579363591641247,0.8557646078217626,0.0,0.9971850632436595,0.13613777403103208
tree,ifa,100.0,1,1,router,0.023333333333254214,0.023333333333254214,0.023333333333254214,0.0,0.9966666666666667,0.5918254323379499,0.0,1.0,0.9966666666666667,0.03678929765831475,0.03678929765831475,0.02006688963155889,0.0,0.8856373087999556,0.5854598528423753,0.0,1.0,0.882943143812709
tree,ifa,100.0,1,2,router,19.1643634,15.788031866666588,15.788031866666588,0.17465025750397475,0.8243384643398751,0.0007011958758295041,0.0,0.8242502738324605,1.0,119.4523535117057,116.06815117056802,16.15174591973189,0.027995861471601883,0.13484940018496783,0.8314749540432056,0.0,0.971794655903031,0.13869082692198365
tree,ifa,100.0,1,3,router,16.33451004333333,12.236275533333332,12.222942533333333,0.25145839567699285,0.7483170960576069,0.0007729528805331527,0.0,0.7475557230365757,0.9991625910015705,115.97873721404682,112.16986722408026,12.24347237458194,0.03265913296579959,0.10537355313688625,0.8562319500976773,0.0,0.967237888986232,0.10875170870632299
tree,ifa,100.0,1,4,router,8.652310949999999,6.928087866666666,6.928087866666666,0.19559357744651862,0.8035128479916982,0.0016838365768764255,0.0,0.8026437040710258,1.0,9.119937377926421,7.282486287625418,7.282486287625418,0.19961078961915082,0.7994090814234371,0.0019306053836308785,0.0,0.7990362441881285,1.0
tree,ifa,100.0,1,5,router,8.972826846666667,7.2582533,7.2582533,0.18744751285579458,0.8113938428201397,0.0014880204298886274,0.0,0.8102797197015709,1.0,8.974542792642142,7.083807324414717,7.083807324414717,0.20962372354512823,0.7895843112077411,0.0017178581671786083,0.0,0.7885930702862788,1.0
tree,ifa,100.0,1,6,attacker,9.988333299999999,4.609177133333334,4.6125104666666665,0.5376363636363636,0.46210054456424415,0.0013333333333333335,0.0,0.46207362628050885,1.0,109.91973280936455,104.40585618729096,4.486086287625418,0.05012264338429488,0.040998162738611246,0.9028242535041766,0.0,0.949832371720509,0.042847762660222076
tree,ifa,100.0,1,7,benign_consumer,9.988333299999999,4.460412943333333,4.463746276666667,0.5526969696969697,0.44730495955796185,0.0013333333333333335,0.0,0.447165046923944,1.0,10.000000033444817,4.492418183946488,4.492418183946488,0.5499070977331847,0.44953419849889065,0.0016562250606916406,0.0,0.4491997503383556,1.0
tree,ifa,100.0,1,8,benign_consumer,9.988333299999999,4.201120783333334,4.204454116666667,0.5785757575757575,0.42129945895771487,0.0013333333333333335,0.0,0.4212725406739795,1.0,10.000000033444817,4.610831906354515,4.610831906354515,0.537677781156042,0.4613802768040742,0.0016562250606916406,0.0,0.46104582864353905,1.0
tree,ifa,100.0,1,9,benign_consumer,9.988333299999999,4.444523533333333,4.447856833333334,0.5540303030303031,0.4460346278219037,0.0013333333333333335,0.0,0.4454543918341958,1.0,10.000000033444817,4.509105404682274,4.509105471571906,0.5479291240160805,0.4513159196593088,0.0016562250606916406,0.0,0.4509464320262377,0.9992704090039701
tree,ifa,100.0,1,10,benign_consumer,9.988333299999999,4.39925858,4.402591946666666,0.5585454545454546,0.4412097641696299,0.0013333333333333335,0.0,0.4410698482022187,1.0,10.000000033444817,4.551150501672241,4.551150501672241,0.5439022330326678,0.455417799254536,0.0016562250606916406,0.0,0.45508335109400083,1.0
tree,ifa,100.0,1,11,benign_consumer,9.988333299999999,4.566901566666666,4.5702349,0.5421212121212121,0.4585283360027911,0.0013333333333333335,0.0,0.4576342234862206,1.0,10.000000033444817,4.423392264214047,4.4233922909699,0.5569085503868113,0.4426707527372124,0.0016562250606916406,0.0,0.44230126911784773,0.9994503919780366
