{
  "features": [
    "pit_size",
    "pit_growth_rate",
    "cs_size",
    "cache_hit_ratio",
    "satisfaction_ratio",
    "unsatisfied_ratio",
    "in_interests_rate",
    "out_interests_rate",
    "in_data_rate",
    "nack_rate"
  ],
  "topology": "tree",
  "clip_bounds": {
    "cs_size": {
      "lo": 222.0,
      "hi": 1242.5600000000013
    },
    "cache_hit_ratio": {
      "lo": 0.0,
      "hi": 0.17142857142857143
    },
    "in_interests_rate": {
      "lo": 1.9856348058594075,
      "hi": 14.344452546272825
    },
    "out_interests_rate": {
      "lo": 1.1914035752430445,
      "hi": 6.974766800581847
    },
    "in_data_rate": {
      "lo": 0.9937921461795042,
      "hi": 7.574084512432261
    }
  }
}