topology,scenario,rate,run,Node,role,InInterests_pre,OutInterests_pre,InData_pre,cache_hit_ratio_pre,satisfaction_ratio_pre,timeout_ratio_pre,nack_ratio_pre,interest_amp_pre,data_ratio_pre,InInterests_atk,OutInterests_atk,InData_atk,cache_hit_ratio_atk,satisfaction_ratio_atk,timeout_ratio_atk,nack_ratio_atk,interest_amp_atk,data_ratio_atk
dfn,cp,10.0,1,0,router,0.3333333708796625,0.3333333708796625,0.3333333708796625,0.0,1.0,0.8033333333333333,0.0,1.0,1.0,26.89247491638796,26.89247491638796,26.89247491638796,0.0,1.0,0.0019101288173297552,0.0,1.0,1.0
dfn,cp,10.0,1,1,router,0.0,0.0,0.0,0.0,0.0,0.0,0.0,1.0,0.0,0.0,0.0,0.0,0.0,0.0,0.0,0.0,1.0,0.0
dfn,cp,10.0,1,2,router,1.000000034557344,0.3333333708796625,0.3333333708796625,0.10563532907344322,0.015332161046034892,0.6866666666666666,0.0,0.0151457510444125,1.0,27.593959173913042,26.89247491638796,26.89247491638796,0.088927103746845,0.9325263581079746,0.0003529816830379724,0.0,0.9317014584123466,1.0
dfn,cp,10.0,1,3,router,0.6666667239542999,0.3333333000123751,0.3333333000123751,0.12652811954127743,0.05589016849282635,0.6087984986062609,0.0,0.055669524525168664,1.0,13.917303478260868,13.870480568561874,13.870480568561874,0.009658580413297395,0.9929576736776757,0.0007195885385015353,0.0,0.9927992677483658,1.0
dfn,cp,10.0,1,4,router,0.6666667126708652,0.3333334231080107,0.3333334231080107,0.11692847892847893,0.08708605327868278,0.576667106153205,0.0,0.08677108417449789,1.0,3.6418198290593655e-96,1.8909405551839756e-174,1.8909405551839756e-174,0.0,1.0,1.0,0.0,3.7869018387886765e-79,0.7290969899665551
dfn,cp,10.0,1,5,router,0.6666666243578683,0.3333333114369584,0.3333333114369584,0.1221493043993044,0.07684571952371344,0.4284046933337204,0.0,0.076454151057957,1.0,13.770301414715721,13.72347860535117,13.72347860535117,0.008547938595465439,0.9924965046618076,0.0006656122772684356,0.0,0.992363178566232,1.0
dfn,cp,10.0,1,6,attacker,9.988333299999999,0.3299999651950502,0.3333333318617169,0.9654545454545455,0.03420383870500584,0.0013333333333333335,0.0,0.034133879054547664,1.0,20.03338793812709,13.917515050167225,13.917303478260868,0.5020997118823206,0.6023547605845939,0.0009242946292765307,0.0,0.5666213557606682,0.8190164898440027
dfn,cp,10.0,1,7,benign_consumer,9.988333299999999,0.33000009209258313,0.33333339209258317,0.9654915824915825,0.03443217718717723,0.0013333333333333335,0.0,0.03399185383337538,1.0,10.0,3.663259602378636e-154,3.663259602378636e-154,0.9982264112698896,0.0003344481605351171,0.0016722408026755853,0.0,3.6632596023786362e-155,0.8260869565217391
dfn,cp,10.0,1,8,benign_consumer,9.988333299999999,0.3300000210726942,0.3333333544060276,0.9654545454545455,0.034173868138920364,0.0013333333333333335,0.0,0.03410391182185552,1.0,10.0,4.100320664717012e-131,4.100320664717012e-131,0.9982264112698896,0.0003344481605351171,0.0016722408026755853,0.0,4.1003206647170124e-132,0.9364548494983278
dfn,cp,10.0,1,9,benign_consumer,9.988333299999999,0.329999991598171,0.3333333582648377,0.9655286195286196,0.03430494239804996,0.0013333333333333335,0.0,0.03386461237722141,1.0,10.0,3.6418198290593655e-96,3.6418198290593655e-96,0.9982264112698896,0.0003344481605351171,0.0016722408026755853,0.0,3.6418198290593657e-97,1.0
dfn,cp,10.0,1,10,benign_consumer,9.988333299999999,0.3299999856652093,0.333333352331876,0.9654545454545455,0.03412081029804248,0.0013333333333333335,0.0,0.0340508506475843,1.0,10.0,1.909360831137492e-109,1.909360831137492e-109,0.9982264112698896,0.0003344481605351171,0.0016722408026755853,0.0,1.9093608311374923e-110,1.0
dfn,cp,10.0,1,11,attacker,9.988333299999999,0.32999993869265887,0.3333332720259922,0.9655286195286196,0.0343572956346876,0.0013333333333333335,0.0,0.033916968947252386,1.0,20.03338793812709,13.770516086956523,13.770301414715721,0.5130711679624723,0.5938400916516927,0.0009242946292765307,0.0,0.5562660284263329,0.8179397714605968
dfn,cp,10.0,2,0,router,0.3333333486083269,0.3333333486083269,0.3333333486083269,0.0,1.0,0.8033333333333333,0.0,1.0,1.0,26.82451652173913,26.82451652173913,26.82451652173913,0.0,1.0,0.001870915544555664,0.0,1.0,1.0
dfn,cp,10.0,2,1,router,0.0,0.0,0.0,0.0,0.0,0.0,0.0,1.0,0.0,0.0033444816053511705,0.0033444816053511705,0.0033444816053511705,0.0,0.8662207357859532,0.7993311036789298,0.0,1.0,0.8662207357859532
dfn,cp,10.0,2,2,router,1.000000104347435,0.3333333486083269,0.3333333486083269,0.10669312169312169,0.017333096703877983,0.6866666666666666,0.0,0.017161143378801605,1.0,27.62384664214047,26.827861003344484,26.827861003344484,0.09982301271501894,0.920171591466357,0.0003446454966735748,0.0,0.918536277495811,1.0
dfn,cp,10.0,2,3,router,0.6666665120714237,0.3333333879684622,0.3333333879684622,0.11428860028860029,0.05511574739613342,0.6600000000000323,0.0,0.05459525113376252,1.0,13.857130280936454,13.810308006688963,13.810308006688963,0.011964484790571748,0.9915413783589939,0.0006505993063020191,0.0,0.9913905676887851,1.0
dfn,cp,10.0,2,4,router,0.6666664818332589,0.3333332672447449,0.3333332672447449,0.11170804780015307,0.06707661848256287,0.6261196718646783,0.0,0.06587916756767506,1.0,8.59899652879976e-146,7.563754515053059e-176,7.563754515053059e-176,0.0,0.8662207357859532,0.8662207357859532,0.0,0.13377926421404682,0.7224080267558528
dfn,cp,10.0,2,5,router,0.6666667541030673,0.33333344913422774,0.33333344913422774,0.12144358092887506,0.092893370562294,0.46466624644163357,0.0,0.09289339191707988,1.0,13.867050056856188,13.813538635451504,13.810193819397993,0.016618888358018793,0.9876413864896163,0.0006793838093469761,0.0,0.9876320915673391,0.9998661828846593
dfn,cp,10.0,2,6,attacker,9.988333299999999,0.33000000581679534,0.3333333058167953,0.9654915824915825,0.03448122780394101,0.0013333333333333335,0.0,0.03404090445013916,1.0,20.03338793812709,13.857343578595318,13.857130280936454,0.5033158870115392,0.592675921104638,0.0009242946292765307,0.0,0.5625262188599274,0.817795485708245
dfn,cp,10.0,2,7,benign_consumer,9.988333299999999,0.329999872921295,0.33333320625462837,0.9655286195286196,0.03429509180035645,0.0013333333333333335,0.0,0.03385476511292123,1.0,10.0,9.391759906730816e-176,9.391759906730816e-176,0.9982264112698896,0.0003344481605351171,0.0016722408026755853,0.0,9.391759906730815e-177,0.7224080267558528
dfn,cp,10.0,2,8,benign_consumer,9.988333299999999,0.3299999177627134,0.3333332177627134,0.9654915824915825,0.034471442764021344,0.0013333333333333335,0.0,0.034031119410219496,1.0,10.0,8.59899652879976e-146,8.59899652879976e-146,0.9982264112698896,0.0003344481605351171,0.0016722408026755853,0.0,8.598996528799762e-147,0.8662207357859532
dfn,cp,10.0,2,9,benign_consumer,9.988333299999999,0.3299999307372122,0.33333326407054553,0.9654545454545455,0.034135222123026075,0.0013333333333333335,0.0,0.03406526580596123,1.0,10.0,3.0018775580976967e-170,3.0018775580976967e-170,0.9982264112698896,0.0003344481605351171,0.0016722408026755853,0.0,3.001877558097696e-171,0.7491638795986622
dfn,cp,10.0,2,10,benign_consumer,9.988333299999999,0.3300000586054476,0.3333333919387809,0.9655286195286196,0.034342364769994006,0.0013333333333333335,0.0,0.033902038082558796,1.0,10.0,1.9551876303850336e-116,1.9551876303850336e-116,0.9982264112698896,0.0003344481605351171,0.0016722408026755853,0.0,1.9551876303850335e-117,1.0
dfn,cp,10.0,2,11,attacker,9.988333299999999,0.33000002883095303,0.33333336216428633,0.9654915824915825,0.034424378362579236,0.0013333333333333335,0.0,0.03398405167544072,1.0,20.03338793812709,13.867263177257527,13.863705240802675,0.5063411226454705,0.5954165404993745,0.0009242946292765307,0.0,0.5614232721729542,0.8187484769606086
dfn,cp,10.0,3,0,router,0.3333333637375,0.3333333637375,0.3333333637375,0.0,1.0,0.8033333333333333,0.0,1.0,1.0,26.83922397993311,26.83922397993311,26.83922397993311,0.0,1.0,0.0021215773305798195,0.0,1.0,1.0
dfn,cp,10.0,3,1,router,0.0,0.0,0.0,0.0,0.0,0.0,0.0,1.0,0.0,0.0,0.0,0.0,0.0,0.0,0.0,0.0,1.0,0.0
dfn,cp,10.0,3,2,router,1.0000000011277064,0.3333333637375,0.3333333637375,0.10360233514057043,0.013971334172528724,0.6066781812682304,0.0,0.013520589899245797,1.0,27.61086288294314,26.83922397993311,26.83922397993311,0.09562179196954793,0.9273814140122344,0.0003397143380513177,0.0,0.9256608485424044,1.0
dfn,cp,10.0,3,3,router,0.6666665557977042,0.3333333529660561,0.3333333529660561,0.11447252747252748,0.046928861167335585,0.6166709743295904,0.0,0.046928899217078095,1.0,13.776323050167225,13.749566494983277,13.749566494983277,0.005690686125468734,0.9959749093021508,0.0006604667765668219,0.0,0.9958858312209431,1.0
dfn,cp,10.0,3,4,router,0.6666665936093982,0.33333331941628447,0.33333331941628447,0.13959456235772025,0.06994725683053096,0.6040289278001503,0.0,0.06994726341347562,1.0,2.2048636648086874e-151,9.236074335271697e-167,9.236074335271697e-167,0.0,0.8394648829431438,0.8394648829431438,0.0,0.16053511705685652,0.7658862876254181
dfn,cp,10.0,3,5,router,0.6666665710334964,0.33333332874536575,0.33333332874536575,0.12280987190197716,0.06125374931040418,0.2572183669462852,0.0,0.06125374406774221,1.0,13.91815160535117,13.861296387959866,13.861296387959866,0.014813447422143074,0.9896905310043446,0.0006735911891195724,0.0,0.9896062599376111,1.0
dfn,cp,10.0,3,6,attacker,9.988333299999999,0.33000003359633345,0.3333333335963335,0.9654915824915825,0.03444799107862353,0.0013333333333333335,0.0,0.03400766772482168,1.0,20.03338793812709,13.776536755852842,13.776323050167225,0.5086259754738015,0.5927155793152595,0.0009242946292765307,0.0,0.5578097783039248,0.8171951765500457
dfn,cp,10.0,3,7,benign_consumer,9.988333299999999,0.3299999222013707,0.33333322220137074,0.9654915824915825,0.03444229486600891,0.0013333333333333335,0.0,0.03400197151220705,1.0,10.0,9.454724204418862e-174,9.454724204418862e-174,0.9982264112698896,0.0003344481605351171,0.0016722408026755853,0.0,9.454724204418862e-175,0.7324414715719063
dfn,cp,10.0,3,8,benign_consumer,9.988333299999999,0.3299999482356815,0.3333332482356815,0.9655218855218854,0.03442723930984738,0.0013333333333333335,0.0,0.03398691595604553,1.0,10.0,2.201341514678591e-151,2.201341514678591e-151,0.9982264112698896,0.0003344481605351171,0.0016722408026755853,0.0,2.2013415146785912e-152,0.8394648829431438
dfn,cp,10.0,3,9,benign_consumer,9.988333299999999,0.33000001204038326,0.3333333453737166,0.9654848484848484,0.034186444357031144,0.0013333333333333335,0.0,0.0341164880399663,1.0,10.0,3.5221501300962835e-154,3.5221501300962835e-154,0.9982264112698896,0.0003344481605351171,0.0016722408026755853,0.0,3.522150130096284e-155,0.8260869565217391
dfn,cp,10.0,3,10,benign_consumer,9.988333299999999,0.330000009860751,0.333333309860751,0.9655218855218854,0.03447662863004319,0.0013333333333333335,0.0,0.03403630527624134,1.0,10.0,1.0750124624992137e-143,1.0750124624992137e-143,0.9982264112698896,0.0003344481605351171,0.0016722408026755853,0.0,1.0750124624992136e-144,0.8762541806020067
dfn,cp,10.0,3,11,attacker,9.988333299999999,0.3299999278394121,0.3333332611727454,0.9654545454545455,0.03415694828899838,0.0013333333333333335,0.0,0.034086991971933545,1.0,20.03338793812709,13.918362909698997,13.91815160535117,0.5007197512632294,0.598604631003097,0.0009242946292765307,0.0,0.5659126143258364,0.8187207045885271
dfn,cp,10.0,4,0,router,0.33333331781753334,0.33333331781753334,0.33333331781753334,0.0,1.0,0.8033333333333333,0.0,1.0,1.0,26.670029096989968,26.670029096989968,26.670029096989968,0.0,1.0,0.002294544969724969,0.0,1.0,1.0
dfn,cp,10.0,4,1,router,0.0,0.0,0.0,0.0,0.0,0.0,0.0,1.0,0.0,0.0,0.0,0.0,0.0,0.0,0.0,0.0,1.0,0.0
dfn,cp,10.0,4,2,router,1.000000004268569,0.33333331781753334,0.33333331781753334,0.09674796410542025,0.014529922573815307,0.8,0.0,0.014529921010129142,1.0,27.364344548494984,26.670029096989968,26.670029096989968,0.08423897369801761,0.9359245627464009,0.0003617645193900182,0.0,0.9355180907593196,1.0
dfn,cp,10.0,4,3,router,0.6666667773786319,0.3333333214678868,0.3333333214678868,0.13083109945609947,0.05767107957041128,0.6079889987401004,0.0,0.05767108454292122,1.0,13.655389866220736,13.631977892976588,13.631977892976588,0.0054192988975597664,0.9953914440014292,0.0006938370745601699,0.0,0.995236870992262,1.0
dfn,cp,10.0,4,4,router,0.666666547201053,0.3333334043828709,0.3333334043828709,0.13589237614237612,0.05005252279234638,0.49151426428712447,0.0,0.050052542670806964,1.0,2.9833854849838197e-105,3.978532596073998e-189,3.978532596073998e-189,0.0,1.0,1.0,0.0,8.789066075143154e-85,0.6588628762541806
dfn,cp,10.0,4,5,router,0.6666666236737315,0.33333327841781135,0.33333327841781135,0.11275012025012025,0.052279597720771925,0.6400000000682886,0.0,0.052279585369490254,1.0,13.762467525083611,13.732366655518396,13.732366655518396,0.0076641979841323565,0.993872893606748,0.000722324312957023,0.0,0.9937012811387036,1.0
dfn,cp,10.0,4,6,attacker,9.988333299999999,0.33000003873917744,0.3333334054058441,0.9654915824915825,0.03442466501830483,0.0013333333333333335,0.0,0.033984334997832974,1.0,20.03338793812709,13.655600903010033,13.655389866220736,0.5268325877021529,0.5857576472450013,0.0009242946292765307,0.0,0.5449825088387027,0.8185453719571439
dfn,cp,10.0,4,7,benign_consumer,9.988333299999999,0.33000000530612117,0.33333337197278784,0.9655656565656566,0.03422646052735956,0.0013333333333333335,0.0,0.03378613050688771,1.0,10.0,1.7197992043850463e-146,1.7197992043850463e-146,0.9982264112698896,0.0003344481605351171,0.0016722408026755853,0.0,1.7197992043850463e-147,0.862876254180602
dfn,cp,10.0,4,8,benign_consumer,9.988333299999999,0.3299999678731657,0.3333332678731657,0.9654915824915825,0.03448099340937442,0.0013333333333333335,0.0,0.03404067005557257,1.0,10.0,2.9833854849838197e-105,2.9833854849838197e-105,0.9982264112698896,0.0003344481605351171,0.0016722408026755853,0.0,2.98338548498382e-106,1.0
dfn,cp,10.0,4,9,benign_consumer,9.988333299999999,0.3299999793278873,0.3333332793278873,0.9655218855218854,0.034401663518563476,0.0013333333333333335,0.0,0.03396134016476163,1.0,10.0,3.3589849080266287e-140,3.3589849080266287e-140,0.9982264112698896,0.0003344481605351171,0.0016722408026755853,0.0,3.358984908026629e-141,0.8929765886287625
dfn,cp,10.0,4,10,benign_consumer,9.988333299999999,0.3300000117305001,0.33333334506383344,0.9654545454545455,0.03417391472129743,0.0013333333333333335,0.0,0.03410395840423259,1.0,10.0,1.408859160494607e-155,1.408859160494607e-155,0.9982264112698896,0.0003344481605351171,0.0016722408026755853,0.0,1.4088591604946069e-156,0.8193979933110368
dfn,cp,10.0,4,11,attacker,9.988333299999999,0.3299999119432314,0.3333332786098981,0.9654545454545455,0.03419089872096734,0.0013333333333333335,0.0,0.03412093907056583,1.0,20.03338793812709,13.762679632107025,13.762467525083611,0.515411219215567,0.583421277817922,0.0009242946292765307,0.0,0.551937911072314,0.818203099432575
dfn,cp,10.0,5,0,router,0.33333331195874366,0.33333331195874366,0.33333331195874366,0.0,1.0,0.8033333333333333,0.0,1.0,1.0,26.733714648829434,26.733714648829434,26.733714648829434,0.0,1.0,0.0021063187301703836,0.0,1.0,1.0
dfn,cp,10.0,5,1,router,0.0,0.0,0.0,0.0,0.0,0.0,0.0,1.0,0.0,0.0,0.0,0.0,0.0,0.0,0.0,0.0,1.0,0.0
dfn,cp,10.0,5,2,router,0.9999999403110832,0.33333331195874366,0.33333331195874366,0.11542750893460832,0.017482681437905448,0.8,0.0,0.017082735795569386,1.0,27.521677725752507,26.733714648829434,26.733714648829434,0.10923583809123681,0.9176895493378577,0.00036962253588453304,0.0,0.9158188731597136,1.0
dfn,cp,10.0,5,3,router,0.6666667315827078,0.33333329508048815,0.33333329508048815,0.12026849022437257,0.07627470091469678,0.6166688832684428,0.0,0.07627469345290644,1.0,13.804099030100335,13.740555284280935,13.740555284280935,0.013757257235518105,0.987777542543876,0.0007204667729921117,0.0,0.9876238241884698,1.0
dfn,cp,10.0,5,4,router,0.6666666671305648,0.3333333698424738,0.3333333698424738,0.11799104816751876,0.05086065527749478,0.436678191513161,0.0,0.05062203170946469,1.0,8.010995527587007e-125,1.210200669185577e-178,1.210200669185577e-178,0.0,0.9665551839464883,0.9665551839464883,0.0,0.033444816053511704,0.7090301003344481
dfn,cp,10.0,5,5,router,0.6666667226571608,0.3333332753881212,0.3333332753881212,0.11078872053872053,0.06668944228455195,0.45107872767778173,0.0,0.06668944465530775,1.0,13.834633979933109,13.781122441471574,13.781122441471574,0.008792294661859879,0.9920695748746038,0.0006941170312406586,0.0,0.9919976591424832,1.0
dfn,cp,10.0,5,6,attacker,9.988333299999999,0.33000009095496563,0.33333339095496567,0.9655656565656566,0.034217691400823376,0.0013333333333333335,0.0,0.03377736804702152,1.0,20.03338793812709,13.804314715719064,13.804099030100335,0.5095690541342714,0.5907653315348106,0.0009242946292765307,0.0,0.5568965915942127,0.8180840857925371
dfn,cp,10.0,5,7,benign_consumer,9.988333299999999,0.32999997396107555,0.3333333406277422,0.9654545454545455,0.03418758629524048,0.0013333333333333335,0.0,0.034117626644838965,1.0,10.0,3.606915517976924e-161,3.606915517976924e-161,0.9982264112698896,0.0003344481605351171,0.0016722408026755853,0.0,3.606915517976924e-162,0.7926421404682275
dfn,cp,10.0,5,8,benign_consumer,9.988333299999999,0.32999992938286193,0.3333332627161953,0.9654915824915825,0.03447216997256022,0.0013333333333333335,0.0,0.0340318432854217,1.0,10.0,8.010995527587007e-125,8.010995527587007e-125,0.9982264112698896,0.0003344481605351171,0.0016722408026755853,0.0,8.010995527587006e-126,0.9665551839464883
dfn,cp,10.0,5,9,benign_consumer,9.988333299999999,0.33000007108103613,0.3333334044143694,0.9655286195286196,0.03434410673539841,0.0013333333333333335,0.0,0.03390378004796319,1.0,10.0,8.59899652879976e-146,8.59899652879976e-146,0.9982264112698896,0.0003344481605351171,0.0016722408026755853,0.0,8.598996528799762e-147,0.8662207357859532
dfn,cp,10.0,5,10,benign_consumer,9.988333299999999,0.3300000182723777,0.33333338493904435,0.9656026936026937,0.034094332949800916,0.0013333333333333335,0.0,0.033654002929029044,1.0,10.0,3.1282992813546417e-119,3.1282992813546417e-119,0.9982264112698896,0.0003344481605351171,0.0016722408026755853,0.0,3.1282992813546416e-120,0.9933110367892977
dfn,cp,10.0,5,11,attacker,9.988333299999999,0.330000004384783,0.33333333771811635,0.9654915824915825,0.0344475769895522,0.0013333333333333335,0.0,0.03400725030241368,1.0,20.03338793812709,13.834845886287624,13.834633979933109,0.5080629515412124,0.5895804507389621,0.0009242946292765307,0.0,0.5586283891849699,0.8184224123330077
dfn,cp,12.0,1,0,router,0.3333333708796625,0.3333333708796625,0.3333333708796625,0.0,1.0,0.8033333333333333,0.0,1.0,1.0,31.751647658862876,31.751647658862876,31.751647658862876,0.0,1.0,0.0008702466037339889,0.0,1.0,1.0
dfn,cp,12.0,1,1,router,0.0,0.0,0.0,0.0,0.0,0.0,0.0,1.0,0.0,0.0,0.0,0.0,0.0,0.0,0.0,0.0,1.0,0.0
dfn,cp,12.0,1,2,router,1.000000034557344,0.3333333708796625,0.3333333708796625,0.10563532907344322,0.015332161046034892,0.6866666666666666,0.0,0.0151457510444125,1.0,32.43993591973244,31.751647658862876,31.751647658862876,0.062017175693600525,0.9525207899020545,0.001002881739181116,0.0,0.9515155288389721,1.0
dfn,cp,12.0,1,3,router,0.6666667239542999,0.3333333000123751,0.3333333000123751,0.12652811954127743,0.05589016849282635,0.6087984986062609,0.0,0.055669524525168664,1.0,16.261626153846155,16.24490364548495,16.24490364548495,0.0035236502627806975,0.9981366537879384,0.0020520634819083494,0.0,0.9979789098020971,1.0
dfn,cp,12.0,1,4,router,0.6666667126708652,0.3333334231080107,0.3333334231080107,0.11692847892847893,0.08708605327868278,0.576667106153205,0.0,0.08677108417449789,1.0,3.6418198290593655e-96,1.8909405551839756e-174,1.8909405551839756e-174,0.0,1.0,1.0,0.0,3.7869018387886765e-79,0.7290969899665551
dfn,cp,12.0,1,5,router,0.6666666243578683,0.3333333114369584,0.3333333114369584,0.1221493043993044,0.07684571952371344,0.4284046933337204,0.0,0.076454151057957,1.0,16.215099264214047,16.19503227424749,16.19503227424749,0.0025699700756908993,0.9976928536458907,0.00202843578984662,0.0,0.9975609527444939,1.0
dfn,cp,12.0,1,6,attacker,9.988333299999999,0.3299999651950502,0.3333333318617169,0.9654545454545455,0.03420383870500584,0.0013333333333333335,0.0,0.034133879054547664,1.0,22.0398601270903,16.261626153846155,16.261626153846155,0.46088292201977166,0.6191111892109218,0.0009597881615639414,0.0,0.6166306809537553,1.0
dfn,cp,12.0,1,7,benign_consumer,9.988333299999999,0.33000009209258313,0.33333339209258317,0.9654915824915825,0.03443217718717723,0.0013333333333333335,0.0,0.03399185383337538,1.0,10.0,3.663259602378636e-154,3.663259602378636e-154,0.9982264112698896,0.0003344481605351171,0.0016722408026755853,0.0,3.6632596023786362e-155,0.8260869565217391
dfn,cp,12.0,1,8,benign_consumer,9.988333299999999,0.3300000210726942,0.3333333544060276,0.9654545454545455,0.034173868138920364,0.0013333333333333335,0.0,0.03410391182185552,1.0,10.0,4.100320664717012e-131,4.100320664717012e-131,0.9982264112698896,0.0003344481605351171,0.0016722408026755853,0.0,4.1003206647170124e-132,0.9364548494983278
dfn,cp,12.0,1,9,benign_consumer,9.988333299999999,0.329999991598171,0.3333333582648377,0.9655286195286196,0.03430494239804996,0.0013333333333333335,0.0,0.03386461237722141,1.0,10.0,3.6418198290593655e-96,3.6418198290593655e-96,0.9982264112698896,0.0003344481605351171,0.0016722408026755853,0.0,3.6418198290593657e-97,1.0
dfn,cp,12.0,1,10,benign_consumer,9.988333299999999,0.3299999856652093,0.333333352331876,0.9654545454545455,0.03412081029804248,0.0013333333333333335,0.0,0.0340508506475843,1.0,10.0,1.909360831137492e-109,1.909360831137492e-109,0.9982264112698896,0.0003344481605351171,0.0016722408026755853,0.0,1.9093608311374923e-110,1.0
dfn,cp,12.0,1,11,attacker,9.988333299999999,0.32999993869265887,0.3333332720259922,0.9655286195286196,0.0343572956346876,0.0013333333333333335,0.0,0.033916968947252386,1.0,22.0398601270903,16.215099264214047,16.215099264214047,0.4588758621990981,0.6199563953727119,0.0009597881615639414,0.0,0.6180050538839493,1.0
dfn,cp,12.0,2,0,router,0.3333333486083269,0.3333333486083269,0.3333333486083269,0.0,1.0,0.8033333333333333,0.0,1.0,1.0,31.727213344481605,31.727213344481605,31.727213344481605,0.0,1.0,0.0008372311013154366,0.0,1.0,1.0
dfn,cp,12.0,2,1,router,0.0,0.0,0.0,0.0,0.0,0.0,0.0,1.0,0.0,0.0,0.0,0.0,0.0,0.0,0.0,0.0,1.0,0.0
dfn,cp,12.0,2,2,router,1.000000104347435,0.3333333486083269,0.3333333486083269,0.10669312169312169,0.017333096703877983,0.6866666666666666,0.0,0.017161143378801605,1.0,32.55663866220736,31.727213344481605,31.727213344481605,0.0815602904699531,0.9398000764857811,0.0008548875521556772,0.0,0.9381585543515313,1.0
dfn,cp,12.0,2,3,router,0.6666665120714237,0.3333333879684622,0.3333333879684622,0.11428860028860029,0.05511574739613342,0.6600000000000323,0.0,0.05459525113376252,1.0,16.27518933110368,16.24843287625418,16.24843287625418,0.006870343826865566,0.9961153741988631,0.0014707861980127266,0.0,0.9959662009576117,1.0
dfn,cp,12.0,2,4,router,0.6666664818332589,0.3333332672447449,0.3333332672447449,0.11170804780015307,0.06707661848256287,0.6261196718646783,0.0,0.06587916756767506,1.0,8.59899652879976e-146,7.563754515053059e-176,7.563754515053059e-176,0.0,0.8662207357859532,0.8662207357859532,0.0,0.13377926421404682,0.7224080267558528
dfn,cp,12.0,2,5,router,0.6666667541030673,0.33333344913422774,0.33333344913422774,0.12144358092887506,0.092893370562294,0.46466624644163357,0.0,0.09289339191707988,1.0,16.324927692307693,16.308205785953177,16.308205785953177,0.004021340977862717,0.9975723034662394,0.002127250304213556,0.0,0.9974299866788189,1.0
dfn,cp,12.0,2,6,attacker,9.988333299999999,0.33000000581679534,0.3333333058167953,0.9654915824915825,0.03448122780394101,0.0013333333333333335,0.0,0.03404090445013916,1.0,22.0398601270903,16.27518933110368,16.27518933110368,0.46118098461291623,0.6186761255893433,0.0009597881615639414,0.0,0.6161956053394074,1.0
dfn,cp,12.0,2,7,benign_consumer,9.988333299999999,0.329999872921295,0.33333320625462837,0.9655286195286196,0.03429509180035645,0.0013333333333333335,0.0,0.03385476511292123,1.0,10.0,9.391759906730816e-176,9.391759906730816e-176,0.9982264112698896,0.0003344481605351171,0.0016722408026755853,0.0,9.391759906730815e-177,0.7224080267558528
dfn,cp,12.0,2,8,benign_consumer,9.988333299999999,0.3299999177627134,0.3333332177627134,0.9654915824915825,0.034471442764021344,0.0013333333333333335,0.0,0.034031119410219496,1.0,10.0,8.59899652879976e-146,8.59899652879976e-146,0.9982264112698896,0.0003344481605351171,0.0016722408026755853,0.0,8.598996528799762e-147,0.8662207357859532
dfn,cp,12.0,2,9,benign_consumer,9.988333299999999,0.3299999307372122,0.33333326407054553,0.9654545454545455,0.034135222123026075,0.0013333333333333335,0.0,0.03406526580596123,1.0,10.0,3.0018775580976967e-170,3.0018775580976967e-170,0.9982264112698896,0.0003344481605351171,0.0016722408026755853,0.0,3.001877558097696e-171,0.7491638795986622
dfn,cp,12.0,2,10,benign_consumer,9.988333299999999,0.3300000586054476,0.3333333919387809,0.9655286195286196,0.034342364769994006,0.0013333333333333335,0.0,0.033902038082558796,1.0,10.0,1.9551876303850336e-116,1.9551876303850336e-116,0.9982264112698896,0.0003344481605351171,0.0016722408026755853,0.0,1.9551876303850335e-117,1.0
dfn,cp,12.0,2,11,attacker,9.988333299999999,0.33000002883095303,0.33333336216428633,0.9654915824915825,0.034424378362579236,0.0013333333333333335,0.0,0.03398405167544072,1.0,22.0398601270903,16.324927692307693,16.324927692307693,0.4520495363510331,0.6254335694060559,0.0009597881615639414,0.0,0.6231017316272158,1.0
dfn,cp,12.0,3,0,router,0.3333333637375,0.3333333637375,0.3333333637375,0.0,1.0,0.8033333333333333,0.0,1.0,1.0,31.663544280936456,31.663544280936456,31.663544280936456,0.0,1.0,0.000951392678118661,0.0,1.0,1.0
dfn,cp,12.0,3,1,router,0.0,0.0,0.0,0.0,0.0,0.0,0.0,1.0,0.0,0.0,0.0,0.0,0.0,0.0,0.0,0.0,1.0,0.0
dfn,cp,12.0,3,2,router,1.0000000011277064,0.3333333637375,0.3333333637375,0.10360233514057043,0.013971334172528724,0.6066781812682304,0.0,0.013520589899245797,1.0,32.555720033444814,31.663544280936456,31.663544280936456,0.0860186774839642,0.9379799130047326,0.0009412474363600008,0.0,0.9365677616191541,1.0
dfn,cp,12.0,3,3,router,0.6666665557977042,0.3333333529660561,0.3333333529660561,0.11447252747252748,0.046928861167335585,0.6166709743295904,0.0,0.046928899217078095,1.0,16.203611471571907,16.193577826086955,16.193577826086955,0.002569169960474308,0.998814467236577,0.002072158834176147,0.0,0.9987261260457592,1.0
dfn,cp,12.0,3,4,router,0.6666665936093982,0.33333331941628447,0.33333331941628447,0.13959456235772025,0.06994725683053096,0.6040289278001503,0.0,0.06994726341347562,1.0,2.2048636648086874e-151,9.236074335271697e-167,9.236074335271697e-167,0.0,0.8394648829431438,0.8394648829431438,0.0,0.16053511705685652,0.7658862876254181
dfn,cp,12.0,3,5,router,0.6666665710334964,0.33333332874536575,0.33333332874536575,0.12280987190197716,0.06125374931040418,0.2572183669462852,0.0,0.06125374406774221,1.0,16.392242140468227,16.36214220735786,16.36214220735786,0.008540372670807452,0.9956283369304002,0.0017408441273578708,0.0,0.9955448423515547,1.0
dfn,cp,12.0,3,6,attacker,9.988333299999999,0.33000003359633345,0.3333333335963335,0.9654915824915825,0.03444799107862353,0.0013333333333333335,0.0,0.03400766772482168,1.0,22.0398601270903,16.203611471571907,16.203611471571907,0.46300977176779035,0.6146886390135762,0.0009597881615639414,0.0,0.612219504048722,1.0
dfn,cp,12.0,3,7,benign_consumer,9.988333299999999,0.3299999222013707,0.33333322220137074,0.9654915824915825,0.03444229486600891,0.0013333333333333335,0.0,0.03400197151220705,1.0,10.0,9.454724204418862e-174,9.454724204418862e-174,0.9982264112698896,0.0003344481605351171,0.0016722408026755853,0.0,9.454724204418862e-175,0.7324414715719063
dfn,cp,12.0,3,8,benign_consumer,9.988333299999999,0.3299999482356815,0.3333332482356815,0.9655218855218854,0.03442723930984738,0.0013333333333333335,0.0,0.03398691595604553,1.0,10.0,2.201341514678591e-151,2.201341514678591e-151,0.9982264112698896,0.0003344481605351171,0.0016722408026755853,0.0,2.2013415146785912e-152,0.8394648829431438
dfn,cp,12.0,3,9,benign_consumer,9.988333299999999,0.33000001204038326,0.3333333453737166,0.9654848484848484,0.034186444357031144,0.0013333333333333335,0.0,0.0341164880399663,1.0,10.0,3.5221501300962835e-154,3.5221501300962835e-154,0.9982264112698896,0.0003344481605351171,0.0016722408026755853,0.0,3.522150130096284e-155,0.8260869565217391
dfn,cp,12.0,3,10,benign_consumer,9.988333299999999,0.330000009860751,0.333333309860751,0.9655218855218854,0.03447662863004319,0.0013333333333333335,0.0,0.03403630527624134,1.0,10.0,1.0750124624992137e-143,1.0750124624992137e-143,0.9982264112698896,0.0003344481605351171,0.0016722408026755853,0.0,1.0750124624992136e-144,0.8762541806020067
dfn,cp,12.0,3,11,attacker,9.988333299999999,0.3299999278394121,0.3333332611727454,0.9654545454545455,0.03415694828899838,0.0013333333333333335,0.0,0.034086991971933545,1.0,22.0398601270903,16.392242140468227,16.392242140468227,0.44958423911560047,0.627136336335437,0.0009597881615639414,0.0,0.6244209774126258,1.0
dfn,cp,12.0,4,0,router,0.33333331781753334,0.33333331781753334,0.33333331781753334,0.0,1.0,0.8033333333333333,0.0,1.0,1.0,31.493851304347825,31.493851304347825,31.493851304347825,0.0,1.0,0.0012641650101634756,0.0,1.0,1.0
dfn,cp,12.0,4,1,router,0.0,0.0,0.0,0.0,0.0,0.0,0.0,1.0,0.0,0.0,0.0,0.0,0.0,0.0,0.0,0.0,1.0,0.0
dfn,cp,12.0,4,2,router,1.000000004268569,0.33333331781753334,0.33333331781753334,0.09674796410542025,0.014529922573815307,0.8,0.0,0.014529921010129142,1.0,32.19551993311037,31.493851304347825,31.493851304347825,0.0664620693374593,0.9514792952675507,0.0009446287365081839,0.0,0.9509660356733372,1.0
dfn,cp,12.0,4,3,router,0.6666667773786319,0.3333333214678868,0.3333333214678868,0.13083109945609947,0.05767107957041128,0.6079889987401004,0.0,0.05767108454292122,1.0,16.06595819397993,16.052579866220736,16.052579866220736,0.003406416449894711,0.9974609386008044,0.0017774279082358037,0.0,0.9973082216946287,1.0
dfn,cp,12.0,4,4,router,0.666666547201053,0.3333334043828709,0.3333334043828709,0.13589237614237612,0.05005252279234638,0.49151426428712447,0.0,0.050052542670806964,1.0,2.9833854849838197e-105,3.978532596073998e-189,3.978532596073998e-189,0.0,1.0,1.0,0.0,8.789066075143154e-85,0.6588628762541806
dfn,cp,12.0,4,5,router,0.6666666236737315,0.33333327841781135,0.33333327841781135,0.11275012025012025,0.052279597720771925,0.6400000000682886,0.0,0.052279585369490254,1.0,16.16300685618729,16.142940066889633,16.142940066889633,0.003590011301250022,0.9972723402655032,0.001985972103530851,0.0,0.9971039843688233,1.0
dfn,cp,12.0,4,6,attacker,9.988333299999999,0.33000003873917744,0.3333334054058441,0.9654915824915825,0.03442466501830483,0.0013333333333333335,0.0,0.033984334997832974,1.0,22.0398601270903,16.06595819397993,16.06595819397993,0.4703753955714041,0.6108791519591498,0.0009597881615639414,0.0,0.6082173549968443,1.0
dfn,cp,12.0,4,7,benign_consumer,9.988333299999999,0.33000000530612117,0.33333337197278784,0.9655656565656566,0.03422646052735956,0.0013333333333333335,0.0,0.03378613050688771,1.0,10.0,1.7197992043850463e-146,1.7197992043850463e-146,0.9982264112698896,0.0003344481605351171,0.0016722408026755853,0.0,1.7197992043850463e-147,0.862876254180602
dfn,cp,12.0,4,8,benign_consumer,9.988333299999999,0.3299999678731657,0.3333332678731657,0.9654915824915825,0.03448099340937442,0.0013333333333333335,0.0,0.03404067005557257,1.0,10.0,2.9833854849838197e-105,2.9833854849838197e-105,0.9982264112698896,0.0003344481605351171,0.0016722408026755853,0.0,2.98338548498382e-106,1.0
dfn,cp,12.0,4,9,benign_consumer,9.988333299999999,0.3299999793278873,0.3333332793278873,0.9655218855218854,0.034401663518563476,0.0013333333333333335,0.0,0.03396134016476163,1.0,10.0,3.3589849080266287e-140,3.3589849080266287e-140,0.9982264112698896,0.0003344481605351171,0.0016722408026755853,0.0,3.358984908026629e-141,0.8929765886287625
dfn,cp,12.0,4,10,benign_consumer,9.988333299999999,0.3300000117305001,0.33333334506383344,0.9654545454545455,0.03417391472129743,0.0013333333333333335,0.0,0.03410395840423259,1.0,10.0,1.408859160494607e-155,1.408859160494607e-155,0.9982264112698896,0.0003344481605351171,0.0016722408026755853,0.0,1.4088591604946069e-156,0.8193979933110368
dfn,cp,12.0,4,11,attacker,9.988333299999999,0.3299999119432314,0.3333332786098981,0.9654545454545455,0.03419089872096734,0.0013333333333333335,0.0,0.03412093907056583,1.0,22.0398601270903,16.16300685618729,16.16300685618729,0.4634017888739913,0.6149710993218342,0.0009597881615639414,0.0,0.6123627791386786,1.0
dfn,cp,12.0,5,0,router,0.33333331195874366,0.33333331195874366,0.33333331195874366,0.0,1.0,0.8033333333333333,0.0,1.0,1.0,31.611715384615383,31.611715384615383,31.611715384615383,0.0,1.0,0.0008762358409003256,0.0,1.0,1.0
dfn,cp,12.0,5,1,router,0.0,0.0,0.0,0.0,0.0,0.0,0.0,1.0,0.0,0.0,0.0,0.0,0.0,0.0,0.0,0.0,1.0,0.0
dfn,cp,12.0,5,2,router,0.9999999403110832,0.33333331195874366,0.33333331195874366,0.11542750893460832,0.017482681437905448,0.8,0.0,0.017082735795569386,1.0,32.41305015384616,31.611715384615383,31.611715384615383,0.07589084276480412,0.9426497519291457,0.001105352341216613,0.0,0.94137077470929,1.0
dfn,cp,12.0,5,3,router,0.6666667315827078,0.33333329508048815,0.33333329508048815,0.12026849022437257,0.07627470091469678,0.6166688832684428,0.0,0.07627469345290644,1.0,16.21801565217391,16.201293545150502,16.201293545150502,0.003185220576524924,0.9971418729844249,0.001986086213922033,0.0,0.9969896528248073,1.0
dfn,cp,12.0,5,4,router,0.6666666671305648,0.3333333698424738,0.3333333698424738,0.11799104816751876,0.05086065527749478,0.436678191513161,0.0,0.05062203170946469,1.0,8.010995527587007e-125,1.210200669185577e-178,1.210200669185577e-178,0.0,0.9665551839464883,0.9665551839464883,0.0,0.033444816053511704,0.7090301003344481
dfn,cp,12.0,5,5,router,0.6666667226571608,0.3333332753881212,0.3333332753881212,0.11078872053872053,0.06668944228455195,0.45107872767778173,0.0,0.06668944465530775,1.0,16.23851189297659,16.21175660869565,16.21175660869565,0.00459866220735786,0.9959049448801961,0.0025448378479505716,0.0,0.9958337114153806,1.0
dfn,cp,12.0,5,6,attacker,9.988333299999999,0.33000009095496563,0.33333339095496567,0.9655656565656566,0.034217691400823376,0.0013333333333333335,0.0,0.03377736804702152,1.0,22.0398601270903,16.21801565217391,16.21801565217391,0.4599629818981209,0.6187794053283688,0.0009597881615639414,0.0,0.6165961982708467,1.0
dfn,cp,12.0,5,7,benign_consumer,9.988333299999999,0.32999997396107555,0.3333333406277422,0.9654545454545455,0.03418758629524048,0.0013333333333333335,0.0,0.034117626644838965,1.0,10.0,3.606915517976924e-161,3.606915517976924e-161,0.9982264112698896,0.0003344481605351171,0.0016722408026755853,0.0,3.606915517976924e-162,0.7926421404682275
dfn,cp,12.0,5,8,benign_consumer,9.988333299999999,0.32999992938286193,0.3333332627161953,0.9654915824915825,0.03447216997256022,0.0013333333333333335,0.0,0.0340318432854217,1.0,10.0,8.010995527587007e-125,8.010995527587007e-125,0.9982264112698896,0.0003344481605351171,0.0016722408026755853,0.0,8.010995527587006e-126,0.9665551839464883
dfn,cp,12.0,5,9,benign_consumer,9.988333299999999,0.33000007108103613,0.3333334044143694,0.9655286195286196,0.03434410673539841,0.0013333333333333335,0.0,0.03390378004796319,1.0,10.0,8.59899652879976e-146,8.59899652879976e-146,0.9982264112698896,0.0003344481605351171,0.0016722408026755853,0.0,8.598996528799762e-147,0.8662207357859532
dfn,cp,12.0,5,10,benign_consumer,9.988333299999999,0.3300000182723777,0.33333338493904435,0.9656026936026937,0.034094332949800916,0.0013333333333333335,0.0,0.033654002929029044,1.0,10.0,3.1282992813546417e-119,3.1282992813546417e-119,0.9982264112698896,0.0003344481605351171,0.0016722408026755853,0.0,3.1282992813546416e-120,0.9933110367892977
dfn,cp,12.0,5,11,attacker,9.988333299999999,0.330000004384783,0.33333333771811635,0.9654915824915825,0.0344475769895522,0.0013333333333333335,0.0,0.03400725030241368,1.0,22.0398601270903,16.23851189297659,16.23851189297659,0.460607282952258,0.6183196881311674,0.0009597881615639414,0.0,0.6159700264137534,1.0
dfn,cp,15.0,1,0,router,0.3333333708796625,0.3333333708796625,0.3333333708796625,0.0,1.0,0.8033333333333333,0.0,1.0,1.0,38.8231252173913,38.8231252173913,38.8231252173913,0.0,1.0,0.0012949711503889385,0.0,1.0,1.0
dfn,cp,15.0,1,1,router,0.0,0.0,0.0,0.0,0.0,0.0,0.0,1.0,0.0,0.0,0.0,0.0,0.0,0.0,0.0,0.0,1.0,0.0
dfn,cp,15.0,1,2,router,1.000000034557344,0.3333333708796625,0.3333333708796625,0.10563532907344322,0.015332161046034892,0.6866666666666666,0.0,0.0151457510444125,1.0,39.61167789297659,38.8231252173913,38.8231252173913,0.06158510305934964,0.9601967959440743,0.0003131334786030614,0.0,0.9587927627843991,1.0
dfn,cp,15.0,1,3,router,0.6666667239542999,0.3333333000123751,0.3333333000123751,0.12652811954127743,0.05589016849282635,0.6087984986062609,0.0,0.055669524525168664,1.0,19.879298695652174,19.865921204013375,19.865921204013375,0.0034639273769708546,0.9986861074953205,0.0006320458608156784,0.0,0.9985416430482714,1.0
dfn,cp,15.0,1,4,router,0.6666667126708652,0.3333334231080107,0.3333334231080107,0.11692847892847893,0.08708605327868278,0.576667106153205,0.0,0.08677108417449789,1.0,3.6418198290593655e-96,1.8909405551839756e-174,1.8909405551839756e-174,0.0,1.0,1.0,0.0,3.7869018387886765e-79,0.7290969899665551
dfn,cp,15.0,1,5,router,0.6666666243578683,0.3333333114369584,0.3333333114369584,0.1221493043993044,0.07684571952371344,0.4284046933337204,0.0,0.076454151057957,1.0,19.769168327759196,19.74575668896321,19.74575668896321,0.0026307788321518295,0.9984126650962084,0.0005973543522360922,0.0,0.9982944729324001,1.0
dfn,cp,15.0,1,6,attacker,9.988333299999999,0.3299999651950502,0.3333333318617169,0.9654545454545455,0.03420383870500584,0.0013333333333333335,0.0,0.034133879054547664,1.0,25.048812473244148,19.879297558528428,19.879298695652174,0.3814044651001173,0.7020214841413728,0.0009144295334681904,0.0,0.7001779601066599,0.9134279977126865
dfn,cp,15.0,1,7,benign_consumer,9.988333299999999,0.33000009209258313,0.33333339209258317,0.9654915824915825,0.03443217718717723,0.0013333333333333335,0.0,0.03399185383337538,1.0,10.0,3.663259602378636e-154,3.663259602378636e-154,0.9982264112698896,0.0003344481605351171,0.0016722408026755853,0.0,3.6632596023786362e-155,0.8260869565217391
dfn,cp,15.0,1,8,benign_consumer,9.988333299999999,0.3300000210726942,0.3333333544060276,0.9654545454545455,0.034173868138920364,0.0013333333333333335,0.0,0.03410391182185552,1.0,10.0,4.100320664717012e-131,4.100320664717012e-131,0.9982264112698896,0.0003344481605351171,0.0016722408026755853,0.0,4.1003206647170124e-132,0.9364548494983278
dfn,cp,15.0,1,9,benign_consumer,9.988333299999999,0.329999991598171,0.3333333582648377,0.9655286195286196,0.03430494239804996,0.0013333333333333335,0.0,0.03386461237722141,1.0,10.0,3.6418198290593655e-96,3.6418198290593655e-96,0.9982264112698896,0.0003344481605351171,0.0016722408026755853,0.0,3.6418198290593657e-97,1.0
dfn,cp,15.0,1,10,benign_consumer,9.988333299999999,0.3299999856652093,0.333333352331876,0.9654545454545455,0.03412081029804248,0.0013333333333333335,0.0,0.0340508506475843,1.0,10.0,1.909360831137492e-109,1.909360831137492e-109,0.9982264112698896,0.0003344481605351171,0.0016722408026755853,0.0,1.9093608311374923e-110,1.0
dfn,cp,15.0,1,11,attacker,9.988333299999999,0.32999993869265887,0.3333332720259922,0.9655286195286196,0.0343572956346876,0.0013333333333333335,0.0,0.033916968947252386,1.0,25.048812473244148,19.769165685618727,19.769168327759196,0.3892544050152746,0.7028678936786966,0.0009144295334681904,0.0,0.6948694808636593,0.9132140549976282
dfn,cp,15.0,2,0,router,0.3333333486083269,0.3333333486083269,0.3333333486083269,0.0,1.0,0.8033333333333333,0.0,1.0,1.0,38.7376445819398,38.7376445819398,38.7376445819398,0.0,1.0,0.00118766761329192,0.0,1.0,1.0
dfn,cp,15.0,2,1,router,0.0,0.0,0.0,0.0,0.0,0.0,0.0,1.0,0.0,0.0,0.0,0.0,0.0,0.0,0.0,0.0,1.0,0.0
dfn,cp,15.0,2,2,router,1.000000104347435,0.3333333486083269,0.3333333486083269,0.10669312169312169,0.017333096703877983,0.6866666666666666,0.0,0.017161143378801605,1.0,39.667407090301005,38.7376445819398,38.7376445819398,0.0712218088294176,0.9525747784544104,0.0003127519309159481,0.0,0.9515461691247343,1.0
dfn,cp,15.0,2,3,router,0.6666665120714237,0.3333333879684622,0.3333333879684622,0.11428860028860029,0.05511574739613342,0.6600000000000323,0.0,0.05459525113376252,1.0,19.79501705685619,19.778294849498327,19.778294849498327,0.00513616817964644,0.9979264407965546,0.0006032505177365361,0.0,0.9977819253963397,1.0
dfn,cp,15.0,2,4,router,0.6666664818332589,0.3333332672447449,0.3333332672447449,0.11170804780015307,0.06707661848256287,0.6261196718646783,0.0,0.06587916756767506,1.0,8.59899652879976e-146,7.563754515053059e-176,7.563754515053059e-176,0.0,0.8662207357859532,0.8662207357859532,0.0,0.13377926421404682,0.7224080267558528
dfn,cp,15.0,2,5,router,0.6666667541030673,0.33333344913422774,0.33333344913422774,0.12144358092887506,0.092893370562294,0.46466624644163357,0.0,0.09289339191707988,1.0,19.905834548494983,19.889112240802675,19.889112240802675,0.0024110350197306717,0.9987814921656248,0.0006069427116150293,0.0,0.9986469265621738,1.0
dfn,cp,15.0,2,6,attacker,9.988333299999999,0.33000000581679534,0.3333333058167953,0.9654915824915825,0.03448122780394101,0.0013333333333333335,0.0,0.03404090445013916,1.0,25.048812473244148,19.795017157190635,19.79501705685619,0.3904447002273089,0.6991965467787427,0.0009144295334681904,0.0,0.6958210033097605,0.9137118243996272
dfn,cp,15.0,2,7,benign_consumer,9.988333299999999,0.329999872921295,0.33333320625462837,0.9655286195286196,0.03429509180035645,0.0013333333333333335,0.0,0.03385476511292123,1.0,10.0,9.391759906730816e-176,9.391759906730816e-176,0.9982264112698896,0.0003344481605351171,0.0016722408026755853,0.0,9.391759906730815e-177,0.7224080267558528
dfn,cp,15.0,2,8,benign_consumer,9.988333299999999,0.3299999177627134,0.3333332177627134,0.9654915824915825,0.034471442764021344,0.0013333333333333335,0.0,0.034031119410219496,1.0,10.0,8.59899652879976e-146,8.59899652879976e-146,0.9982264112698896,0.0003344481605351171,0.0016722408026755853,0.0,8.598996528799762e-147,0.8662207357859532
dfn,cp,15.0,2,9,benign_consumer,9.988333299999999,0.3299999307372122,0.33333326407054553,0.9654545454545455,0.034135222123026075,0.0013333333333333335,0.0,0.03406526580596123,1.0,10.0,3.0018775580976967e-170,3.0018775580976967e-170,0.9982264112698896,0.0003344481605351171,0.0016722408026755853,0.0,3.001877558097696e-171,0.7491638795986622
dfn,cp,15.0,2,10,benign_consumer,9.988333299999999,0.3300000586054476,0.3333333919387809,0.9655286195286196,0.034342364769994006,0.0013333333333333335,0.0,0.033902038082558796,1.0,10.0,1.9551876303850336e-116,1.9551876303850336e-116,0.9982264112698896,0.0003344481605351171,0.0016722408026755853,0.0,1.9551876303850335e-117,1.0
dfn,cp,15.0,2,11,attacker,9.988333299999999,0.33000002883095303,0.33333336216428633,0.9654915824915825,0.034424378362579236,0.0013333333333333335,0.0,0.03398405167544072,1.0,25.048812473244148,19.905834046822743,19.905834548494983,0.37906839537274317,0.7040733694793998,0.0009144295334681904,0.0,0.7036162783639799,0.914229379627397
dfn,cp,15.0,3,0,router,0.3333333637375,0.3333333637375,0.3333333637375,0.0,1.0,0.8033333333333333,0.0,1.0,1.0,38.747528093645485,38.747528093645485,38.747528093645485,0.0,1.0,0.001418394849697195,0.0,1.0,1.0
dfn,cp,15.0,3,1,router,0.0,0.0,0.0,0.0,0.0,0.0,0.0,1.0,0.0,0.0,0.0,0.0,0.0,0.0,0.0,0.0,1.0,0.0
dfn,cp,15.0,3,2,router,1.0000000011277064,0.3333333637375,0.3333333637375,0.10360233514057043,0.013971334172528724,0.6066781812682304,0.0,0.013520589899245797,1.0,39.603017993311035,38.747528093645485,38.747528093645485,0.06485125041586162,0.9585685523166644,0.0003095974681304738,0.0,0.9569301663730106,1.0
dfn,cp,15.0,3,3,router,0.6666665557977042,0.3333333529660561,0.3333333529660561,0.11447252747252748,0.046928861167335585,0.6166709743295904,0.0,0.046928899217078095,1.0,19.734275217391303,19.727586120401337,19.727586120401337,0.0017330495591365157,0.9995436241455063,0.0006142255976951615,0.0,0.9994600155297221,1.0
dfn,cp,15.0,3,4,router,0.6666665936093982,0.33333331941628447,0.33333331941628447,0.13959456235772025,0.06994725683053096,0.6040289278001503,0.0,0.06994726341347562,1.0,2.2048636648086874e-151,9.236074335271697e-167,9.236074335271697e-167,0.0,0.8394648829431438,0.8394648829431438,0.0,0.16053511705685652,0.7658862876254181
dfn,cp,15.0,3,5,router,0.6666665710334964,0.33333332874536575,0.33333332874536575,0.12280987190197716,0.06125374931040418,0.2572183669462852,0.0,0.06125374406774221,1.0,19.892153946488296,19.8754318729097,19.8754318729097,0.005078657252570297,0.998289149138956,0.0006066825687062019,0.0,0.9982122626451783,1.0
dfn,cp,15.0,3,6,attacker,9.988333299999999,0.33000003359633345,0.3333333335963335,0.9654915824915825,0.03444799107862353,0.0013333333333333335,0.0,0.03400766772482168,1.0,25.048812473244148,19.7342745819398,19.734275217391303,0.38659293604945777,0.7019585354421077,0.0009144295334681904,0.0,0.6958204065238907,0.9128489097612575
dfn,cp,15.0,3,7,benign_consumer,9.988333299999999,0.3299999222013707,0.33333322220137074,0.9654915824915825,0.03444229486600891,0.0013333333333333335,0.0,0.03400197151220705,1.0,10.0,9.454724204418862e-174,9.454724204418862e-174,0.9982264112698896,0.0003344481605351171,0.0016722408026755853,0.0,9.454724204418862e-175,0.7324414715719063
dfn,cp,15.0,3,8,benign_consumer,9.988333299999999,0.3299999482356815,0.3333332482356815,0.9655218855218854,0.03442723930984738,0.0013333333333333335,0.0,0.03398691595604553,1.0,10.0,2.201341514678591e-151,2.201341514678591e-151,0.9982264112698896,0.0003344481605351171,0.0016722408026755853,0.0,2.2013415146785912e-152,0.8394648829431438
dfn,cp,15.0,3,9,benign_consumer,9.988333299999999,0.33000001204038326,0.3333333453737166,0.9654848484848484,0.034186444357031144,0.0013333333333333335,0.0,0.0341164880399663,1.0,10.0,3.5221501300962835e-154,3.5221501300962835e-154,0.9982264112698896,0.0003344481605351171,0.0016722408026755853,0.0,3.522150130096284e-155,0.8260869565217391
dfn,cp,15.0,3,10,benign_consumer,9.988333299999999,0.330000009860751,0.333333309860751,0.9655218855218854,0.03447662863004319,0.0013333333333333335,0.0,0.03403630527624134,1.0,10.0,1.0750124624992137e-143,1.0750124624992137e-143,0.9982264112698896,0.0003344481605351171,0.0016722408026755853,0.0,1.0750124624992136e-144,0.8762541806020067
dfn,cp,15.0,3,11,attacker,9.988333299999999,0.3299999278394121,0.3333332611727454,0.9654545454545455,0.03415694828899838,0.0013333333333333335,0.0,0.034086991971933545,1.0,25.048812473244148,19.892153678929766,19.892153946488296,0.3755601282775196,0.7080237620347013,0.0009144295334681904,0.0,0.703276762919983,0.9128137513551771
dfn,cp,15.0,4,0,router,0.33333331781753334,0.33333331781753334,0.33333331781753334,0.0,1.0,0.8033333333333333,0.0,1.0,1.0,38.4740474916388,38.4740474916388,38.4740474916388,0.0,1.0,0.0019053582056548612,0.0,1.0,1.0
dfn,cp,15.0,4,1,router,0.0,0.0,0.0,0.0,0.0,0.0,0.0,1.0,0.0,0.0,0.0,0.0,0.0,0.0,0.0,0.0,1.0,0.0
dfn,cp,15.0,4,2,router,1.000000004268569,0.33333331781753334,0.33333331781753334,0.09674796410542025,0.014529922573815307,0.8,0.0,0.014529921010129142,1.0,39.30947314381271,38.4740474916388,38.4740474916388,0.07022269571301847,0.9554527912083985,0.0003243053643013678,0.0,0.9548764390564365,1.0
dfn,cp,15.0,4,3,router,0.6666667773786319,0.3333333214678868,0.3333333214678868,0.13083109945609947,0.05767107957041128,0.6079889987401004,0.0,0.05767108454292122,1.0,19.603071036789295,19.589693177257526,19.589693177257526,0.0017961104917626654,0.998759804472102,0.0006246182715656,0.0,0.9986145095412788,1.0
dfn,cp,15.0,4,4,router,0.666666547201053,0.3333334043828709,0.3333334043828709,0.13589237614237612,0.05005252279234638,0.49151426428712447,0.0,0.050052542670806964,1.0,2.9833854849838197e-105,3.978532596073998e-189,3.978532596073998e-189,0.0,1.0,1.0,0.0,8.789066075143154e-85,0.6588628762541806
dfn,cp,15.0,4,5,router,0.6666666236737315,0.33333327841781135,0.33333327841781135,0.11275012025012025,0.052279597720771925,0.6400000000682886,0.0,0.052279585369490254,1.0,19.736502508361205,19.719779966555183,19.719779966555183,0.0019177704985744364,0.9987209305268625,0.0006472202659334145,0.0,0.9985612664752697,1.0
dfn,cp,15.0,4,6,attacker,9.988333299999999,0.33000003873917744,0.3333334054058441,0.9654915824915825,0.03442466501830483,0.0013333333333333335,0.0,0.033984334997832974,1.0,25.048812473244148,19.603069030100336,19.603071036789295,0.4035124295993861,0.6932884978347837,0.0009144295334681904,0.0,0.683176445424487,0.9134544869556168
dfn,cp,15.0,4,7,benign_consumer,9.988333299999999,0.33000000530612117,0.33333337197278784,0.9655656565656566,0.03422646052735956,0.0013333333333333335,0.0,0.03378613050688771,1.0,10.0,1.7197992043850463e-146,1.7197992043850463e-146,0.9982264112698896,0.0003344481605351171,0.0016722408026755853,0.0,1.7197992043850463e-147,0.862876254180602
dfn,cp,15.0,4,8,benign_consumer,9.988333299999999,0.3299999678731657,0.3333332678731657,0.9654915824915825,0.03448099340937442,0.0013333333333333335,0.0,0.03404067005557257,1.0,10.0,2.9833854849838197e-105,2.9833854849838197e-105,0.9982264112698896,0.0003344481605351171,0.0016722408026755853,0.0,2.98338548498382e-106,1.0
dfn,cp,15.0,4,9,benign_consumer,9.988333299999999,0.3299999793278873,0.3333332793278873,0.9655218855218854,0.034401663518563476,0.0013333333333333335,0.0,0.03396134016476163,1.0,10.0,3.3589849080266287e-140,3.3589849080266287e-140,0.9982264112698896,0.0003344481605351171,0.0016722408026755853,0.0,3.358984908026629e-141,0.8929765886287625
dfn,cp,15.0,4,10,benign_consumer,9.988333299999999,0.3300000117305001,0.33333334506383344,0.9654545454545455,0.03417391472129743,0.0013333333333333335,0.0,0.03410395840423259,1.0,10.0,1.408859160494607e-155,1.408859160494607e-155,0.9982264112698896,0.0003344481605351171,0.0016722408026755853,0.0,1.4088591604946069e-156,0.8193979933110368
dfn,cp,15.0,4,11,attacker,9.988333299999999,0.3299999119432314,0.3333332786098981,0.9654545454545455,0.03419089872096734,0.0013333333333333335,0.0,0.03412093907056583,1.0,25.048812473244148,19.73650257525084,19.736502508361205,0.3885793554271815,0.7004746596701936,0.0009144295334681904,0.0,0.6939940841187611,0.9127169858607457
dfn,cp,15.0,5,0,router,0.33333331195874366,0.33333331195874366,0.33333331195874366,0.0,1.0,0.8033333333333333,0.0,1.0,1.0,38.65147117056856,38.65147117056856,38.65147117056856,0.0,1.0,0.0012426075205740834,0.0,1.0,1.0
dfn,cp,15.0,5,1,router,0.0,0.0,0.0,0.0,0.0,0.0,0.0,1.0,0.0,0.0,0.0,0.0,0.0,0.0,0.0,0.0,1.0,0.0
dfn,cp,15.0,5,2,router,0.9999999403110832,0.33333331195874366,0.33333331195874366,0.11542750893460832,0.017482681437905448,0.8,0.0,0.017082735795569386,1.0,39.45339515050167,38.65147117056856,38.65147117056856,0.06968588683286737,0.9562132620801861,0.00032352343297169613,0.0,0.9555117705832049,1.0
dfn,cp,15.0,5,3,router,0.6666667315827078,0.33333329508048815,0.33333329508048815,0.12026849022437257,0.07627470091469678,0.6166688832684428,0.0,0.07627469345290644,1.0,19.731146923076924,19.714424715719062,19.714424715719062,0.003185220576524924,0.9983532294105704,0.0006327391771210272,0.0,0.9982226405210652,1.0
dfn,cp,15.0,5,4,router,0.6666666671305648,0.3333333698424738,0.3333333698424738,0.11799104816751876,0.05086065527749478,0.436678191513161,0.0,0.05062203170946469,1.0,8.010995527587007e-125,1.210200669185577e-178,1.210200669185577e-178,0.0,0.9665551839464883,0.9665551839464883,0.0,0.033444816053511704,0.7090301003344481
dfn,cp,15.0,5,5,router,0.6666667226571608,0.3333332753881212,0.3333332753881212,0.11078872053872053,0.06668944228455195,0.45107872767778173,0.0,0.06668944465530775,1.0,19.765726220735786,19.73897043478261,19.73897043478261,0.00459866220735786,0.9975088524200315,0.0006212328835880533,0.0,0.9974491579846255,1.0
dfn,cp,15.0,5,6,attacker,9.988333299999999,0.33000009095496563,0.33333339095496567,0.9655656565656566,0.034217691400823376,0.0013333333333333335,0.0,0.03377736804702152,1.0,25.048812473244148,19.731146321070234,19.731146923076924,0.389709927753406,0.7027600671949463,0.0009144295334681904,0.0,0.6939459243511291,0.9129368428573338
dfn,cp,15.0,5,7,benign_consumer,9.988333299999999,0.32999997396107555,0.3333333406277422,0.9654545454545455,0.03418758629524048,0.0013333333333333335,0.0,0.034117626644838965,1.0,10.0,3.606915517976924e-161,3.606915517976924e-161,0.9982264112698896,0.0003344481605351171,0.0016722408026755853,0.0,3.606915517976924e-162,0.7926421404682275
dfn,cp,15.0,5,8,benign_consumer,9.988333299999999,0.32999992938286193,0.3333332627161953,0.9654915824915825,0.03447216997256022,0.0013333333333333335,0.0,0.0340318432854217,1.0,10.0,8.010995527587007e-125,8.010995527587007e-125,0.9982264112698896,0.0003344481605351171,0.0016722408026755853,0.0,8.010995527587006e-126,0.9665551839464883
dfn,cp,15.0,5,9,benign_consumer,9.988333299999999,0.33000007108103613,0.3333334044143694,0.9655286195286196,0.03434410673539841,0.0013333333333333335,0.0,0.03390378004796319,1.0,10.0,8.59899652879976e-146,8.59899652879976e-146,0.9982264112698896,0.0003344481605351171,0.0016722408026755853,0.0,8.598996528799762e-147,0.8662207357859532
dfn,cp,15.0,5,10,benign_consumer,9.988333299999999,0.3300000182723777,0.33333338493904435,0.9656026936026937,0.034094332949800916,0.0013333333333333335,0.0,0.033654002929029044,1.0,10.0,3.1282992813546417e-119,3.1282992813546417e-119,0.9982264112698896,0.0003344481605351171,0.0016722408026755853,0.0,3.1282992813546416e-120,0.9933110367892977
dfn,cp,15.0,5,11,attacker,9.988333299999999,0.330000004384783,0.33333333771811635,0.9654915824915825,0.0344475769895522,0.0013333333333333335,0.0,0.03400725030241368,1.0,25.048812473244148,19.765725117056856,19.765726220735786,0.391431756649148,0.6990862061666464,0.0009144295334681904,0.0,0.6932942864048212,0.9131479470578386
dfn,cp,20.0,1,0,router,0.3333333708796625,0.3333333708796625,0.3333333708796625,0.0,1.0,0.8033333333333333,0.0,1.0,1.0,50.06736250836121,50.06736250836121,50.06736250836121,0.0,1.0,0.0008254677396843583,0.0,1.0,1.0
dfn,cp,20.0,1,1,router,0.0,0.0,0.0,0.0,0.0,0.0,0.0,1.0,0.0,0.0033444816053511705,0.0033444816053511705,0.0033444816053511705,0.0,0.2909698996655518,0.19732441471571907,0.0,1.0,0.2909698996655518
dfn,cp,20.0,1,2,router,1.000000034557344,0.3333333708796625,0.3333333708796625,0.10563532907344322,0.015332161046034892,0.6866666666666666,0.0,0.0151457510444125,1.0,50.95866882943144,50.07070698996656,50.07070698996656,0.05246260062150226,0.9707419232953812,0.00026529825424887696,0.0,0.9694031145731663,1.0
dfn,cp,20.0,1,3,router,0.6666667239542999,0.3333333000123751,0.3333333000123751,0.12652811954127743,0.05589016849282635,0.6087984986062609,0.0,0.055669524525168664,1.0,25.55389200668896,25.540513846153846,25.540513846153846,0.0018524953307562002,0.9994864976128996,0.0005283535535615252,0.0,0.9993678536249505,1.0
dfn,cp,20.0,1,4,router,0.6666667126708652,0.3333334231080107,0.3333334231080107,0.11692847892847893,0.08708605327868278,0.576667106153205,0.0,0.08677108417449789,1.0,3.6418198290593655e-96,1.8909405551839756e-174,1.8909405551839756e-174,0.0,1.0,1.0,0.0,3.7869018387886765e-79,0.7290969899665551
dfn,cp,20.0,1,5,router,0.6666666243578683,0.3333333114369584,0.3333333114369584,0.1221493043993044,0.07684571952371344,0.4284046933337204,0.0,0.076454151057957,1.0,25.434877324414717,25.418154983277592,25.418154983277592,0.0015128063498615065,0.999304444405534,0.000516281854732465,0.0,0.9991969720384709,1.0
dfn,cp,20.0,1,6,attacker,9.988333299999999,0.3299999651950502,0.3333333318617169,0.9654545454545455,0.03420383870500584,0.0013333333333333335,0.0,0.034133879054547664,1.0,30.060142107023413,25.55410872909699,25.55389200668896,0.2888028638028638,0.7717033015552235,0.000868061057690406,0.0,0.7927961928219146,0.8315841678870792
dfn,cp,20.0,1,7,benign_consumer,9.988333299999999,0.33000009209258313,0.33333339209258317,0.9654915824915825,0.03443217718717723,0.0013333333333333335,0.0,0.03399185383337538,1.0,10.0,3.663259602378636e-154,3.663259602378636e-154,0.9982264112698896,0.0003344481605351171,0.0016722408026755853,0.0,3.6632596023786362e-155,0.8260869565217391
dfn,cp,20.0,1,8,benign_consumer,9.988333299999999,0.3300000210726942,0.3333333544060276,0.9654545454545455,0.034173868138920364,0.0013333333333333335,0.0,0.03410391182185552,1.0,10.0,4.100320664717012e-131,4.100320664717012e-131,0.9982264112698896,0.0003344481605351171,0.0016722408026755853,0.0,4.1003206647170124e-132,0.9364548494983278
dfn,cp,20.0,1,9,benign_consumer,9.988333299999999,0.329999991598171,0.3333333582648377,0.9655286195286196,0.03430494239804996,0.0013333333333333335,0.0,0.03386461237722141,1.0,10.0,3.6418198290593655e-96,3.6418198290593655e-96,0.9982264112698896,0.0003344481605351171,0.0016722408026755853,0.0,3.6418198290593657e-97,1.0
dfn,cp,20.0,1,10,benign_consumer,9.988333299999999,0.3299999856652093,0.333333352331876,0.9654545454545455,0.03412081029804248,0.0013333333333333335,0.0,0.0340508506475843,1.0,10.0,1.909360831137492e-109,1.909360831137492e-109,0.9982264112698896,0.0003344481605351171,0.0016722408026755853,0.0,1.9093608311374923e-110,1.0
dfn,cp,20.0,1,11,attacker,9.988333299999999,0.32999993869265887,0.3333332720259922,0.9655286195286196,0.0343572956346876,0.0013333333333333335,0.0,0.033916968947252386,1.0,30.060142107023413,25.43509210702341,25.434877324414717,0.3002253181601008,0.7684862246133154,0.000868061057690406,0.0,0.7852072081741333,0.8310677593942255
dfn,cp,20.0,2,0,router,0.3333333486083269,0.3333333486083269,0.3333333486083269,0.0,1.0,0.8033333333333333,0.0,1.0,1.0,50.205181638795985,50.205181638795985,50.205181638795985,0.0,1.0,0.0008452413429010976,0.0,1.0,1.0
dfn,cp,20.0,2,1,router,0.0,0.0,0.0,0.0,0.0,0.0,0.0,1.0,0.0,0.0033444816053511705,0.0033444816053511705,0.0033444816053511705,0.0,0.5919732441471572,0.4057525083021265,0.0,1.0,0.5919732441471572
dfn,cp,20.0,2,2,router,1.000000104347435,0.3333333486083269,0.3333333486083269,0.10669312169312169,0.017333096703877983,0.6866666666666666,0.0,0.017161143378801605,1.0,51.094805351170564,50.20852612040134,50.20852612040134,0.055193836632752596,0.9695896499913061,0.0002598590666397432,0.0,0.9683099580439133,1.0
dfn,cp,20.0,2,3,router,0.6666665120714237,0.3333333879684622,0.3333333879684622,0.11428860028860029,0.05511574739613342,0.6600000000000323,0.0,0.05459525113376252,1.0,25.509684381270905,25.499651404682275,25.499651404682275,0.00179168657429527,0.9995954936497558,0.0005109279061009322,0.0,0.9994764612386836,1.0
dfn,cp,20.0,2,4,router,0.6666664818332589,0.3333332672447449,0.3333332672447449,0.11170804780015307,0.06707661848256287,0.6261196718646783,0.0,0.06587916756767506,1.0,8.59899652879976e-146,7.563754515053059e-176,7.563754515053059e-176,0.0,0.8662207357859532,0.8662207357859532,0.0,0.13377926421404682,0.7224080267558528
dfn,cp,20.0,2,5,router,0.6666667541030673,0.33333344913422774,0.33333344913422774,0.12144358092887506,0.092893370562294,0.46466624644163357,0.0,0.09289339191707988,1.0,25.605187591973245,25.595153946488296,25.595153946488296,0.001234272973403408,0.9996198820821818,0.0005134323814884659,0.0,0.9995049187369607,1.0
dfn,cp,20.0,2,6,attacker,9.988333299999999,0.33000000581679534,0.3333333058167953,0.9654915824915825,0.03448122780394101,0.0013333333333333335,0.0,0.03404090445013916,1.0,30.060142107023413,25.509897525083613,25.509684381270905,0.29116933790846833,0.7668098279095504,0.000868061057690406,0.0,0.7912496194828093,0.8313147934086155
dfn,cp,20.0,2,7,benign_consumer,9.988333299999999,0.329999872921295,0.33333320625462837,0.9655286195286196,0.03429509180035645,0.0013333333333333335,0.0,0.03385476511292123,1.0,10.0,9.391759906730816e-176,9.391759906730816e-176,0.9982264112698896,0.0003344481605351171,0.0016722408026755853,0.0,9.391759906730815e-177,0.7224080267558528
dfn,cp,20.0,2,8,benign_consumer,9.988333299999999,0.3299999177627134,0.3333332177627134,0.9654915824915825,0.034471442764021344,0.0013333333333333335,0.0,0.034031119410219496,1.0,10.0,8.59899652879976e-146,8.59899652879976e-146,0.9982264112698896,0.0003344481605351171,0.0016722408026755853,0.0,8.598996528799762e-147,0.8662207357859532
dfn,cp,20.0,2,9,benign_consumer,9.988333299999999,0.3299999307372122,0.33333326407054553,0.9654545454545455,0.034135222123026075,0.0013333333333333335,0.0,0.03406526580596123,1.0,10.0,3.0018775580976967e-170,3.0018775580976967e-170,0.9982264112698896,0.0003344481605351171,0.0016722408026755853,0.0,3.001877558097696e-171,0.7491638795986622
dfn,cp,20.0,2,10,benign_consumer,9.988333299999999,0.3300000586054476,0.3333333919387809,0.9655286195286196,0.034342364769994006,0.0013333333333333335,0.0,0.033902038082558796,1.0,10.0,1.9551876303850336e-116,1.9551876303850336e-116,0.9982264112698896,0.0003344481605351171,0.0016722408026755853,0.0,1.9551876303850335e-117,1.0
dfn,cp,20.0,2,11,attacker,9.988333299999999,0.33000002883095303,0.33333336216428633,0.9654915824915825,0.034424378362579236,0.0013333333333333335,0.0,0.03398405167544072,1.0,30.060142107023413,25.605400401337793,25.605187591973245,0.28517967539706673,0.7728429643606719,0.000868061057690406,0.0,0.7945234745980462,0.8319313998041747
dfn,cp,20.0,3,0,router,0.3333333637375,0.3333333637375,0.3333333637375,0.0,1.0,0.8033333333333333,0.0,1.0,1.0,50.05559856187291,50.05559856187291,50.05559856187291,0.0,1.0,0.0008997731836975707,0.0,1.0,1.0
dfn,cp,20.0,3,1,router,0.0,0.0,0.0,0.0,0.0,0.0,0.0,1.0,0.0,0.0033444816053511705,0.0033444816053511705,0.0033444816053511705,0.0,0.32441471571906355,0.1973244147157191,0.0,1.0,0.32441471571906355
dfn,cp,20.0,3,2,router,1.0000000011277064,0.3333333637375,0.3333333637375,0.10360233514057043,0.013971334172528724,0.6066781812682304,0.0,0.013520589899245797,1.0,51.00112210702341,50.058943043478266,50.058943043478266,0.056866961567156746,0.9681541799989877,0.00026817998840272713,0.0,0.9664483184729142,1.0
dfn,cp,20.0,3,3,router,0.6666665557977042,0.3333333529660561,0.3333333529660561,0.11447252747252748,0.046928861167335585,0.6166709743295904,0.0,0.046928899217078095,1.0,25.443730234113712,25.440385083612043,25.440385083612043,0.0016722408026755853,0.9997693104297973,0.0005326379702643417,0.0,0.999711648053858,1.0
dfn,cp,20.0,3,4,router,0.6666665936093982,0.33333331941628447,0.33333331941628447,0.13959456235772025,0.06994725683053096,0.6040289278001503,0.0,0.06994726341347562,1.0,2.2048636648086874e-151,9.236074335271697e-167,9.236074335271697e-167,0.0,0.8394648829431438,0.8394648829431438,0.0,0.16053511705685652,0.7658862876254181
dfn,cp,20.0,3,5,router,0.6666665710334964,0.33333332874536575,0.33333332874536575,0.12280987190197716,0.06125374931040418,0.2572183669462852,0.0,0.06125374406774221,1.0,25.570770200668896,25.56073702341137,25.557392842809364,0.0034639273769708555,0.9994090398541232,0.000532026775627515,0.0,0.9994533530891397,0.9998914539946501
dfn,cp,20.0,3,6,attacker,9.988333299999999,0.33000003359633345,0.3333333335963335,0.9654915824915825,0.03444799107862353,0.0013333333333333335,0.0,0.03400766772482168,1.0,30.060142107023413,25.443944214046823,25.443730234113712,0.29501494881929663,0.7665031360101052,0.000868061057690406,0.0,0.7879934356801653,0.8309108700747151
dfn,cp,20.0,3,7,benign_consumer,9.988333299999999,0.3299999222013707,0.33333322220137074,0.9654915824915825,0.03444229486600891,0.0013333333333333335,0.0,0.03400197151220705,1.0,10.0,9.454724204418862e-174,9.454724204418862e-174,0.9982264112698896,0.0003344481605351171,0.0016722408026755853,0.0,9.454724204418862e-175,0.7324414715719063
dfn,cp,20.0,3,8,benign_consumer,9.988333299999999,0.3299999482356815,0.3333332482356815,0.9655218855218854,0.03442723930984738,0.0013333333333333335,0.0,0.03398691595604553,1.0,10.0,2.201341514678591e-151,2.201341514678591e-151,0.9982264112698896,0.0003344481605351171,0.0016722408026755853,0.0,2.2013415146785912e-152,0.8394648829431438
dfn,cp,20.0,3,9,benign_consumer,9.988333299999999,0.33000001204038326,0.3333333453737166,0.9654848484848484,0.034186444357031144,0.0013333333333333335,0.0,0.0341164880399663,1.0,10.0,3.5221501300962835e-154,3.5221501300962835e-154,0.9982264112698896,0.0003344481605351171,0.0016722408026755853,0.0,3.522150130096284e-155,0.8260869565217391
dfn,cp,20.0,3,10,benign_consumer,9.988333299999999,0.330000009860751,0.333333309860751,0.9655218855218854,0.03447662863004319,0.0013333333333333335,0.0,0.03403630527624134,1.0,10.0,1.0750124624992137e-143,1.0750124624992137e-143,0.9982264112698896,0.0003344481605351171,0.0016722408026755853,0.0,1.0750124624992136e-144,0.8762541806020067
dfn,cp,20.0,3,11,attacker,9.988333299999999,0.3299999278394121,0.3333332611727454,0.9654545454545455,0.03415694828899838,0.0013333333333333335,0.0,0.034086991971933545,1.0,30.060142107023413,25.57098525083612,25.56742602006689,0.2894701313179574,0.7696389420862769,0.000868061057690406,0.0,0.793026190977776,0.8316661652431278
dfn,cp,20.0,4,0,router,0.33333331781753334,0.33333331781753334,0.33333331781753334,0.0,1.0,0.8033333333333333,0.0,1.0,1.0,49.84993304347826,49.84993304347826,49.84993304347826,0.0,1.0,0.0010890712639146272,0.0,1.0,1.0
dfn,cp,20.0,4,1,router,0.0,0.0,0.0,0.0,0.0,0.0,0.0,1.0,0.0,0.0,0.0,0.0,0.0,0.0,0.0,0.0,1.0,0.0
dfn,cp,20.0,4,2,router,1.000000004268569,0.33333331781753334,0.33333331781753334,0.09674796410542025,0.014529922573815307,0.8,0.0,0.014529921010129142,1.0,50.64525003344481,49.84993304347826,49.84993304347826,0.051180914571404036,0.9714960570265081,0.00027250907602099125,0.0,0.9709369388992256,1.0
dfn,cp,20.0,4,3,router,0.6666667773786319,0.3333333214678868,0.3333333214678868,0.13083109945609947,0.05767107957041128,0.6079889987401004,0.0,0.05767108454292122,1.0,25.262865050167225,25.252831605351172,25.252831605351172,0.00018580453363062057,0.9997603501292093,0.0005385849896421108,0.0,0.9996325650116911,1.0
dfn,cp,20.0,4,4,router,0.666666547201053,0.3333334043828709,0.3333334043828709,0.13589237614237612,0.05005252279234638,0.49151426428712447,0.0,0.050052542670806964,1.0,2.9833854849838197e-105,3.978532596073998e-189,3.978532596073998e-189,0.0,1.0,1.0,0.0,8.789066075143154e-85,0.6588628762541806
dfn,cp,20.0,4,5,router,0.6666666236737315,0.33333327841781135,0.33333327841781135,0.11275012025012025,0.052279597720771925,0.6400000000682886,0.0,0.052279585369490254,1.0,25.40579652173913,25.392418428093645,25.392418428093645,0.00024552969589885094,0.9996083625399045,0.0005426764127406652,0.0,0.9994770000559222,1.0
dfn,cp,20.0,4,6,attacker,9.988333299999999,0.33000003873917744,0.3333334054058441,0.9654915824915825,0.03442466501830483,0.0013333333333333335,0.0,0.033984334997832974,1.0,30.060142107023413,25.263080033444815,25.262865050167225,0.31580593319723754,0.7658698301853532,0.000868061057690406,0.0,0.7745127406820126,0.8315620276084111
dfn,cp,20.0,4,7,benign_consumer,9.988333299999999,0.33000000530612117,0.33333337197278784,0.9655656565656566,0.03422646052735956,0.0013333333333333335,0.0,0.03378613050688771,1.0,10.0,1.7197992043850463e-146,1.7197992043850463e-146,0.9982264112698896,0.0003344481605351171,0.0016722408026755853,0.0,1.7197992043850463e-147,0.862876254180602
dfn,cp,20.0,4,8,benign_consumer,9.988333299999999,0.3299999678731657,0.3333332678731657,0.9654915824915825,0.03448099340937442,0.0013333333333333335,0.0,0.03404067005557257,1.0,10.0,2.9833854849838197e-105,2.9833854849838197e-105,0.9982264112698896,0.0003344481605351171,0.0016722408026755853,0.0,2.98338548498382e-106,1.0
dfn,cp,20.0,4,9,benign_consumer,9.988333299999999,0.3299999793278873,0.3333332793278873,0.9655218855218854,0.034401663518563476,0.0013333333333333335,0.0,0.03396134016476163,1.0,10.0,3.3589849080266287e-140,3.3589849080266287e-140,0.9982264112698896,0.0003344481605351171,0.0016722408026755853,0.0,3.358984908026629e-141,0.8929765886287625
dfn,cp,20.0,4,10,benign_consumer,9.988333299999999,0.3300000117305001,0.33333334506383344,0.9654545454545455,0.03417391472129743,0.0013333333333333335,0.0,0.03410395840423259,1.0,10.0,1.408859160494607e-155,1.408859160494607e-155,0.9982264112698896,0.0003344481605351171,0.0016722408026755853,0.0,1.4088591604946069e-156,0.8193979933110368
dfn,cp,20.0,4,11,attacker,9.988333299999999,0.3299999119432314,0.3333332786098981,0.9654545454545455,0.03419089872096734,0.0013333333333333335,0.0,0.03412093907056583,1.0,30.060142107023413,25.406010769230768,25.40579652173913,0.2959676193371846,0.7658435357638641,0.000868061057690406,0.0,0.7866004619019337,0.831344162830383
dfn,cp,20.0,5,0,router,0.33333331195874366,0.33333331195874366,0.33333331195874366,0.0,1.0,0.8033333333333333,0.0,1.0,1.0,50.12160200668897,50.12160200668897,50.12160200668897,0.0,1.0,0.0009024143044161061,0.0,1.0,1.0
dfn,cp,20.0,5,1,router,0.0,0.0,0.0,0.0,0.0,0.0,0.0,1.0,0.0,0.0,0.0,0.0,0.0,0.0,0.0,0.0,1.0,0.0
dfn,cp,20.0,5,2,router,0.9999999403110832,0.33333331195874366,0.33333331195874366,0.11542750893460832,0.017482681437905448,0.8,0.0,0.017082735795569386,1.0,50.936986287625416,50.12160200668897,50.12160200668897,0.05313834418379162,0.9708658209511664,0.0002677487987544802,0.0,0.969522869949511,1.0
dfn,cp,20.0,5,3,router,0.6666667315827078,0.33333329508048815,0.33333329508048815,0.12026849022437257,0.07627470091469678,0.6166688832684428,0.0,0.07627469345290644,1.0,25.548128494983278,25.534751003344482,25.534751003344482,0.0010175010175010174,0.9995157697523285,0.0005309156175725166,0.0,0.999403763971887,1.0
dfn,cp,20.0,5,4,router,0.6666666671305648,0.3333333698424738,0.3333333698424738,0.11799104816751876,0.05086065527749478,0.436678191513161,0.0,0.05062203170946469,1.0,8.010995527587007e-125,1.210200669185577e-178,1.210200669185577e-178,0.0,0.9665551839464883,0.9665551839464883,0.0,0.033444816053511704,0.7090301003344481
dfn,cp,20.0,5,5,router,0.6666667226571608,0.3333332753881212,0.3333332753881212,0.11078872053872053,0.06668944228455195,0.45107872767778173,0.0,0.06668944465530775,1.0,25.422301939799333,25.402235284280938,25.402235284280938,0.0026813516318763696,0.998941718475697,0.0005228639650717091,0.0,0.9988906833795842,1.0
dfn,cp,20.0,5,6,attacker,9.988333299999999,0.33000009095496563,0.33333339095496567,0.9655656565656566,0.034217691400823376,0.0013333333333333335,0.0,0.03377736804702152,1.0,30.060142107023413,25.54834254180602,25.548128494983278,0.2868721857852293,0.7721921721055992,0.000868061057690406,0.0,0.791540491787471,0.8310966867178763
dfn,cp,20.0,5,7,benign_consumer,9.988333299999999,0.32999997396107555,0.3333333406277422,0.9654545454545455,0.03418758629524048,0.0013333333333333335,0.0,0.034117626644838965,1.0,10.0,3.606915517976924e-161,3.606915517976924e-161,0.9982264112698896,0.0003344481605351171,0.0016722408026755853,0.0,3.606915517976924e-162,0.7926421404682275
dfn,cp,20.0,5,8,benign_consumer,9.988333299999999,0.32999992938286193,0.3333332627161953,0.9654915824915825,0.03447216997256022,0.0013333333333333335,0.0,0.0340318432854217,1.0,10.0,8.010995527587007e-125,8.010995527587007e-125,0.9982264112698896,0.0003344481605351171,0.0016722408026755853,0.0,8.010995527587006e-126,0.9665551839464883
dfn,cp,20.0,5,9,benign_consumer,9.988333299999999,0.33000007108103613,0.3333334044143694,0.9655286195286196,0.03434410673539841,0.0013333333333333335,0.0,0.03390378004796319,1.0,10.0,8.59899652879976e-146,8.59899652879976e-146,0.9982264112698896,0.0003344481605351171,0.0016722408026755853,0.0,8.598996528799762e-147,0.8662207357859532
dfn,cp,20.0,5,10,benign_consumer,9.988333299999999,0.3300000182723777,0.33333338493904435,0.9656026936026937,0.034094332949800916,0.0013333333333333335,0.0,0.033654002929029044,1.0,10.0,3.1282992813546417e-119,3.1282992813546417e-119,0.9982264112698896,0.0003344481605351171,0.0016722408026755853,0.0,3.1282992813546416e-120,0.9933110367892977
dfn,cp,20.0,5,11,attacker,9.988333299999999,0.330000004384783,0.33333333771811635,0.9654915824915825,0.0344475769895522,0.0013333333333333335,0.0,0.03400725030241368,1.0,30.060142107023413,25.422519197324416,25.422301939799333,0.2939958592132505,0.7681173446623784,0.000868061057690406,0.0,0.7878387731047315,0.8309081521286955
dfn,cp,30.0,1,0,router,0.3333333708796625,0.3333333708796625,0.3333333708796625,0.0,1.0,0.8033333333333333,0.0,1.0,1.0,71.91625919732442,71.91625919732442,71.91625919732442,0.0,1.0,0.00041310500620648344,0.0,1.0,1.0
dfn,cp,30.0,1,1,router,0.0,0.0,0.0,0.0,0.0,0.0,0.0,1.0,0.0,0.0,0.0,0.0,0.0,0.0,0.0,0.0,1.0,0.0
dfn,cp,30.0,1,2,router,1.000000034557344,0.3333333708796625,0.3333333708796625,0.10563532907344322,0.015332161046034892,0.6866666666666666,0.0,0.0151457510444125,1.0,72.79112173913043,71.91625919732442,71.91625919732442,0.0321812232553093,0.9838276922137662,0.00018534879385671333,0.0,0.9828992252096904,1.0
dfn,cp,30.0,1,3,router,0.6666667239542999,0.3333333000123751,0.3333333000123751,0.12652811954127743,0.05589016849282635,0.6087984986062609,0.0,0.055669524525168664,1.0,36.4915381270903,36.48150501672241,36.48150501672241,0.00018254919813574447,0.9998278834256822,0.000369806036425716,0.0,0.9997475832539683,1.0
dfn,cp,30.0,1,4,router,0.6666667126708652,0.3333334231080107,0.3333334231080107,0.11692847892847893,0.08708605327868278,0.576667106153205,0.0,0.08677108417449789,1.0,3.6418198290593655e-96,1.8909405551839756e-174,1.8909405551839756e-174,0.0,1.0,1.0,0.0,3.7869018387886765e-79,0.7290969899665551
dfn,cp,30.0,1,5,router,0.6666666243578683,0.3333333114369584,0.3333333114369584,0.1221493043993044,0.07684571952371344,0.4284046933337204,0.0,0.076454151057957,1.0,36.32299464882943,36.30961672240802,36.30961672240802,0.00023788187403748042,0.999749076640135,0.0003666098773529451,0.0,0.9996710211165147,1.0
dfn,cp,30.0,1,6,attacker,9.988333299999999,0.3299999651950502,0.3333333318617169,0.9654545454545455,0.03420383870500584,0.0013333333333333335,0.0,0.034133879054547664,1.0,40.065272909699,36.4915381270903,36.4915381270903,0.1797120377840264,0.8858704296650731,0.00033708925909059923,0.0,0.8847016414181921,1.0
dfn,cp,30.0,1,7,benign_consumer,9.988333299999999,0.33000009209258313,0.33333339209258317,0.9654915824915825,0.03443217718717723,0.0013333333333333335,0.0,0.03399185383337538,1.0,10.0,3.663259602378636e-154,3.663259602378636e-154,0.9982264112698896,0.0003344481605351171,0.0016722408026755853,0.0,3.6632596023786362e-155,0.8260869565217391
dfn,cp,30.0,1,8,benign_consumer,9.988333299999999,0.3300000210726942,0.3333333544060276,0.9654545454545455,0.034173868138920364,0.0013333333333333335,0.0,0.03410391182185552,1.0,10.0,4.100320664717012e-131,4.100320664717012e-131,0.9982264112698896,0.0003344481605351171,0.0016722408026755853,0.0,4.1003206647170124e-132,0.9364548494983278
dfn,cp,30.0,1,9,benign_consumer,9.988333299999999,0.329999991598171,0.3333333582648377,0.9655286195286196,0.03430494239804996,0.0013333333333333335,0.0,0.03386461237722141,1.0,10.0,3.6418198290593655e-96,3.6418198290593655e-96,0.9982264112698896,0.0003344481605351171,0.0016722408026755853,0.0,3.6418198290593657e-97,1.0
dfn,cp,30.0,1,10,benign_consumer,9.988333299999999,0.3299999856652093,0.333333352331876,0.9654545454545455,0.03412081029804248,0.0013333333333333335,0.0,0.0340508506475843,1.0,10.0,1.909360831137492e-109,1.909360831137492e-109,0.9982264112698896,0.0003344481605351171,0.0016722408026755853,0.0,1.9093608311374923e-110,1.0
dfn,cp,30.0,1,11,attacker,9.988333299999999,0.32999993869265887,0.3333332720259922,0.9655286195286196,0.0343572956346876,0.0013333333333333335,0.0,0.033916968947252386,1.0,40.065272909699,36.32299464882943,36.32299464882943,0.1833601923142194,0.8814440332740612,0.00033708925909059923,0.0,0.8805065826189906,1.0
dfn,cp,30.0,2,0,router,0.3333333486083269,0.3333333486083269,0.3333333486083269,0.0,1.0,0.8033333333333333,0.0,1.0,1.0,72.03546856187292,72.03546856187292,72.03546856187292,0.0,1.0,0.0004072387473255388,0.0,1.0,1.0
dfn,cp,30.0,2,1,router,0.0,0.0,0.0,0.0,0.0,0.0,0.0,1.0,0.0,0.0,0.0,0.0,0.0,0.0,0.0,0.0,1.0,0.0
dfn,cp,30.0,2,2,router,1.000000104347435,0.3333333486083269,0.3333333486083269,0.10669312169312169,0.017333096703877983,0.6866666666666666,0.0,0.017161143378801605,1.0,72.92108595317725,72.03546856187292,72.03546856187292,0.03244203495250525,0.9835458923846652,0.00018411868450543526,0.0,0.9827595596056454,1.0
dfn,cp,30.0,2,3,router,0.6666665120714237,0.3333333879684622,0.3333333879684622,0.11428860028860029,0.05511574739613342,0.6600000000000323,0.0,0.05459525113376252,1.0,36.548309364548494,36.53827591973244,36.53827591973244,0.00018254919813574447,0.9998297752903884,0.0003653032816358586,0.0,0.9997497910821329,1.0
dfn,cp,30.0,2,4,router,0.6666664818332589,0.3333332672447449,0.3333332672447449,0.11170804780015307,0.06707661848256287,0.6261196718646783,0.0,0.06587916756767506,1.0,8.59899652879976e-146,7.563754515053059e-176,7.563754515053059e-176,0.0,0.8662207357859532,0.8662207357859532,0.0,0.13377926421404682,0.7224080267558528
dfn,cp,30.0,2,5,router,0.6666667541030673,0.33333344913422774,0.33333344913422774,0.12144358092887506,0.092893370562294,0.46466624644163357,0.0,0.09289339191707988,1.0,36.39284314381271,36.38281003344481,36.38281003344481,0.00018138061616322485,0.9998269180339852,0.0003658821819803089,0.0,0.9997464568575662,1.0
dfn,cp,30.0,2,6,attacker,9.988333299999999,0.33000000581679534,0.3333333058167953,0.9654915824915825,0.03448122780394101,0.0013333333333333335,0.0,0.03404090445013916,1.0,40.065272909699,36.548309364548494,36.548309364548494,0.17765052125351485,0.8871661171051648,0.00033708925909059923,0.0,0.8859973636517136,1.0
dfn,cp,30.0,2,7,benign_consumer,9.988333299999999,0.329999872921295,0.33333320625462837,0.9655286195286196,0.03429509180035645,0.0013333333333333335,0.0,0.03385476511292123,1.0,10.0,9.391759906730816e-176,9.391759906730816e-176,0.9982264112698896,0.0003344481605351171,0.0016722408026755853,0.0,9.391759906730815e-177,0.7224080267558528
dfn,cp,30.0,2,8,benign_consumer,9.988333299999999,0.3299999177627134,0.3333332177627134,0.9654915824915825,0.034471442764021344,0.0013333333333333335,0.0,0.034031119410219496,1.0,10.0,8.59899652879976e-146,8.59899652879976e-146,0.9982264112698896,0.0003344481605351171,0.0016722408026755853,0.0,8.598996528799762e-147,0.8662207357859532
dfn,cp,30.0,2,9,benign_consumer,9.988333299999999,0.3299999307372122,0.33333326407054553,0.9654545454545455,0.034135222123026075,0.0013333333333333335,0.0,0.03406526580596123,1.0,10.0,3.0018775580976967e-170,3.0018775580976967e-170,0.9982264112698896,0.0003344481605351171,0.0016722408026755853,0.0,3.001877558097696e-171,0.7491638795986622
dfn,cp,30.0,2,10,benign_consumer,9.988333299999999,0.3300000586054476,0.3333333919387809,0.9655286195286196,0.034342364769994006,0.0013333333333333335,0.0,0.033902038082558796,1.0,10.0,1.9551876303850336e-116,1.9551876303850336e-116,0.9982264112698896,0.0003344481605351171,0.0016722408026755853,0.0,1.9551876303850335e-117,1.0
dfn,cp,30.0,2,11,attacker,9.988333299999999,0.33000002883095303,0.33333336216428633,0.9654915824915825,0.034424378362579236,0.0013333333333333335,0.0,0.03398405167544072,1.0,40.065272909699,36.39284314381271,36.39284314381271,0.18333705377540016,0.8831207529260113,0.00033708925909059923,0.0,0.8819981418886733,1.0
dfn,cp,30.0,3,0,router,0.3333333637375,0.3333333637375,0.3333333637375,0.0,1.0,0.8033333333333333,0.0,1.0,1.0,71.90006120401337,71.90006120401337,71.90006120401337,0.0,1.0,0.00041822279510435567,0.0,1.0,1.0
dfn,cp,30.0,3,1,router,0.0,0.0,0.0,0.0,0.0,0.0,0.0,1.0,0.0,0.0,0.0,0.0,0.0,0.0,0.0,0.0,1.0,0.0
dfn,cp,30.0,3,2,router,1.0000000011277064,0.3333333637375,0.3333333637375,0.10360233514057043,0.013971334172528724,0.6066781812682304,0.0,0.013520589899245797,1.0,72.87796053511705,71.90006120401337,71.90006120401337,0.034199461066648215,0.9824274458473603,0.0001869017451451929,0.0,0.9813745841660897,1.0
dfn,cp,30.0,3,3,router,0.6666665557977042,0.3333333529660561,0.3333333529660561,0.11447252747252748,0.046928861167335585,0.6166709743295904,0.0,0.046928899217078095,1.0,36.36540033444816,36.358711371237455,36.358711371237455,0.00011839800169319619,0.9998189946441822,0.000372658656409555,0.0,0.9998189946441822,1.0
dfn,cp,30.0,3,4,router,0.6666665936093982,0.33333331941628447,0.33333331941628447,0.13959456235772025,0.06994725683053096,0.6040289278001503,0.0,0.06994726341347562,1.0,2.2048636648086874e-151,9.236074335271697e-167,9.236074335271697e-167,0.0,0.8394648829431438,0.8394648829431438,0.0,0.16053511705685652,0.7658862876254181
dfn,cp,30.0,3,5,router,0.6666665710334964,0.33333332874536575,0.33333332874536575,0.12280987190197716,0.06125374931040418,0.2572183669462852,0.0,0.06125374406774221,1.0,36.522593645484946,36.51924916387959,36.51924916387959,6.431695394906098e-05,0.9999278260808894,0.0003749162360725527,0.0,0.9999097836183514,1.0
dfn,cp,30.0,3,6,attacker,9.988333299999999,0.33000003359633345,0.3333333335963335,0.9654915824915825,0.03444799107862353,0.0013333333333333335,0.0,0.03400766772482168,1.0,40.065272909699,36.36540033444816,36.36540033444816,0.18821275837491092,0.8807810701752964,0.00033708925909059923,0.0,0.8796562310091521,1.0
dfn,cp,30.0,3,7,benign_consumer,9.988333299999999,0.3299999222013707,0.33333322220137074,0.9654915824915825,0.03444229486600891,0.0013333333333333335,0.0,0.03400197151220705,1.0,10.0,9.454724204418862e-174,9.454724204418862e-174,0.9982264112698896,0.0003344481605351171,0.0016722408026755853,0.0,9.454724204418862e-175,0.7324414715719063
dfn,cp,30.0,3,8,benign_consumer,9.988333299999999,0.3299999482356815,0.3333332482356815,0.9655218855218854,0.03442723930984738,0.0013333333333333335,0.0,0.03398691595604553,1.0,10.0,2.201341514678591e-151,2.201341514678591e-151,0.9982264112698896,0.0003344481605351171,0.0016722408026755853,0.0,2.2013415146785912e-152,0.8394648829431438
dfn,cp,30.0,3,9,benign_consumer,9.988333299999999,0.33000001204038326,0.3333333453737166,0.9654848484848484,0.034186444357031144,0.0013333333333333335,0.0,0.0341164880399663,1.0,10.0,3.5221501300962835e-154,3.5221501300962835e-154,0.9982264112698896,0.0003344481605351171,0.0016722408026755853,0.0,3.522150130096284e-155,0.8260869565217391
dfn,cp,30.0,3,10,benign_consumer,9.988333299999999,0.330000009860751,0.333333309860751,0.9655218855218854,0.03447662863004319,0.0013333333333333335,0.0,0.03403630527624134,1.0,10.0,1.0750124624992137e-143,1.0750124624992137e-143,0.9982264112698896,0.0003344481605351171,0.0016722408026755853,0.0,1.0750124624992136e-144,0.8762541806020067
dfn,cp,30.0,3,11,attacker,9.988333299999999,0.3299999278394121,0.3333332611727454,0.9654545454545455,0.03415694828899838,0.0013333333333333335,0.0,0.034086991971933545,1.0,40.065272909699,36.522593645484946,36.522593645484946,0.17243919361702684,0.8885365452404702,0.00033708925909059923,0.0,0.8871380163826382,1.0
dfn,cp,30.0,4,0,router,0.33333331781753334,0.33333331781753334,0.33333331781753334,0.0,1.0,0.8033333333333333,0.0,1.0,1.0,71.6826066889632,71.6826066889632,71.6826066889632,0.0,1.0,0.000441994199426614,0.0,1.0,1.0
dfn,cp,30.0,4,1,router,0.0,0.0,0.0,0.0,0.0,0.0,0.0,1.0,0.0,0.0,0.0,0.0,0.0,0.0,0.0,0.0,1.0,0.0
dfn,cp,30.0,4,2,router,1.000000004268569,0.33333331781753334,0.33333331781753334,0.09674796410542025,0.014529922573815307,0.8,0.0,0.014529921010129142,1.0,72.5613889632107,71.6826066889632,71.6826066889632,0.038339007496837545,0.982105123269016,0.00018827544288322343,0.0,0.9817827557768032,1.0
dfn,cp,30.0,4,3,router,0.6666667773786319,0.3333333214678868,0.3333333214678868,0.13083109945609947,0.05767107957041128,0.6079889987401004,0.0,0.05767108454292122,1.0,36.32099030100334,36.3143016722408,36.3143016722408,0.00012165773035338253,0.9999143203736419,0.00037581058949621857,0.0,0.9998306198656759,1.0
dfn,cp,30.0,4,4,router,0.666666547201053,0.3333334043828709,0.3333334043828709,0.13589237614237612,0.05005252279234638,0.49151426428712447,0.0,0.050052542670806964,1.0,2.9833854849838197e-105,3.978532596073998e-189,3.978532596073998e-189,0.0,1.0,1.0,0.0,8.789066075143154e-85,0.6588628762541806
dfn,cp,30.0,4,5,router,0.6666666236737315,0.33333327841781135,0.33333327841781135,0.11275012025012025,0.052279597720771925,0.6400000000682886,0.0,0.052279585369490254,1.0,36.257120066889634,36.2470872909699,36.2470872909699,0.0001824262693827911,0.9998358055028961,0.0003725302382028606,0.0,0.9997536987114493,1.0
dfn,cp,30.0,4,6,attacker,9.988333299999999,0.33000003873917744,0.3333334054058441,0.9654915824915825,0.03442466501830483,0.0013333333333333335,0.0,0.033984334997832974,1.0,40.065272909699,36.32099030100334,36.32099030100334,0.18361517313762502,0.8819395764841107,0.00033708925909059923,0.0,0.8806709786318657,1.0
dfn,cp,30.0,4,7,benign_consumer,9.988333299999999,0.33000000530612117,0.33333337197278784,0.9655656565656566,0.03422646052735956,0.0013333333333333335,0.0,0.03378613050688771,1.0,10.0,1.7197992043850463e-146,1.7197992043850463e-146,0.9982264112698896,0.0003344481605351171,0.0016722408026755853,0.0,1.7197992043850463e-147,0.862876254180602
dfn,cp,30.0,4,8,benign_consumer,9.988333299999999,0.3299999678731657,0.3333332678731657,0.9654915824915825,0.03448099340937442,0.0013333333333333335,0.0,0.03404067005557257,1.0,10.0,2.9833854849838197e-105,2.9833854849838197e-105,0.9982264112698896,0.0003344481605351171,0.0016722408026755853,0.0,2.98338548498382e-106,1.0
dfn,cp,30.0,4,9,benign_consumer,9.988333299999999,0.3299999793278873,0.3333332793278873,0.9655218855218854,0.034401663518563476,0.0013333333333333335,0.0,0.03396134016476163,1.0,10.0,3.3589849080266287e-140,3.3589849080266287e-140,0.9982264112698896,0.0003344481605351171,0.0016722408026755853,0.0,3.358984908026629e-141,0.8929765886287625
dfn,cp,30.0,4,10,benign_consumer,9.988333299999999,0.3300000117305001,0.33333334506383344,0.9654545454545455,0.03417391472129743,0.0013333333333333335,0.0,0.03410395840423259,1.0,10.0,1.408859160494607e-155,1.408859160494607e-155,0.9982264112698896,0.0003344481605351171,0.0016722408026755853,0.0,1.4088591604946069e-156,0.8193979933110368
dfn,cp,30.0,4,11,attacker,9.988333299999999,0.3299999119432314,0.3333332786098981,0.9654545454545455,0.03419089872096734,0.0013333333333333335,0.0,0.03412093907056583,1.0,40.065272909699,36.257120066889634,36.257120066889634,0.19167055028601715,0.8782140248126534,0.00033708925909059923,0.0,0.8769224890454491,1.0
dfn,cp,30.0,5,0,router,0.33333331195874366,0.33333331195874366,0.33333331195874366,0.0,1.0,0.8033333333333333,0.0,1.0,1.0,71.87398461538461,71.87398461538461,71.87398461538461,0.0,1.0,0.00042359684784499586,0.0,1.0,1.0
dfn,cp,30.0,5,1,router,0.0,0.0,0.0,0.0,0.0,0.0,0.0,1.0,0.0,0.0,0.0,0.0,0.0,0.0,0.0,0.0,1.0,0.0
dfn,cp,30.0,5,2,router,0.9999999403110832,0.33333331195874366,0.33333331195874366,0.11542750893460832,0.017482681437905448,0.8,0.0,0.017082735795569386,1.0,72.7729779264214,71.87398461538461,71.87398461538461,0.03345133329361913,0.9835960081334248,0.00018756901822770123,0.0,0.9824136033012077,1.0
dfn,cp,30.0,5,3,router,0.6666667315827078,0.33333329508048815,0.33333329508048815,0.12026849022437257,0.07627470091469678,0.6166688832684428,0.0,0.07627469345290644,1.0,36.36208595317726,36.352052842809364,36.352052842809364,0.00018138061616322485,0.999826582013735,0.00037049411884996033,0.0,0.9997460643350973,1.0
dfn,cp,30.0,5,4,router,0.6666666671305648,0.3333333698424738,0.3333333698424738,0.11799104816751876,0.05086065527749478,0.436678191513161,0.0,0.05062203170946469,1.0,8.010995527587007e-125,1.210200669185577e-178,1.210200669185577e-178,0.0,0.9665551839464883,0.9665551839464883,0.0,0.033444816053511704,0.7090301003344481
dfn,cp,30.0,5,5,router,0.6666667226571608,0.3333332753881212,0.3333332753881212,0.11078872053872053,0.06668944228455195,0.45107872767778173,0.0,0.06668944465530775,1.0,36.42761371237458,36.42092508361204,36.42092508361204,0.00012161751292186074,0.9998465222077625,0.00037716736352759683,0.0,0.9998294685305925,1.0
dfn,cp,30.0,5,6,attacker,9.988333299999999,0.33000009095496563,0.33333339095496567,0.9655656565656566,0.034217691400823376,0.0013333333333333335,0.0,0.03377736804702152,1.0,40.065272909699,36.36208595317726,36.36208595317726,0.1941490500471256,0.8793775198882001,0.00033708925909059923,0.0,0.8782548383729006,1.0
dfn,cp,30.0,5,7,benign_consumer,9.988333299999999,0.32999997396107555,0.3333333406277422,0.9654545454545455,0.03418758629524048,0.0013333333333333335,0.0,0.034117626644838965,1.0,10.0,3.606915517976924e-161,3.606915517976924e-161,0.9982264112698896,0.0003344481605351171,0.0016722408026755853,0.0,3.606915517976924e-162,0.7926421404682275
dfn,cp,30.0,5,8,benign_consumer,9.988333299999999,0.32999992938286193,0.3333332627161953,0.9654915824915825,0.03447216997256022,0.0013333333333333335,0.0,0.0340318432854217,1.0,10.0,8.010995527587007e-125,8.010995527587007e-125,0.9982264112698896,0.0003344481605351171,0.0016722408026755853,0.0,8.010995527587006e-126,0.9665551839464883
dfn,cp,30.0,5,9,benign_consumer,9.988333299999999,0.33000007108103613,0.3333334044143694,0.9655286195286196,0.03434410673539841,0.0013333333333333335,0.0,0.03390378004796319,1.0,10.0,8.59899652879976e-146,8.59899652879976e-146,0.9982264112698896,0.0003344481605351171,0.0016722408026755853,0.0,8.598996528799762e-147,0.8662207357859532
dfn,cp,30.0,5,10,benign_consumer,9.988333299999999,0.3300000182723777,0.33333338493904435,0.9656026936026937,0.034094332949800916,0.0013333333333333335,0.0,0.033654002929029044,1.0,10.0,3.1282992813546417e-119,3.1282992813546417e-119,0.9982264112698896,0.0003344481605351171,0.0016722408026755853,0.0,3.1282992813546416e-120,0.9933110367892977
dfn,cp,30.0,5,11,attacker,9.988333299999999,0.330000004384783,0.33333333771811635,0.9654915824915825,0.0344475769895522,0.0013333333333333335,0.0,0.03400725030241368,1.0,40.065272909699,36.42761371237458,36.42761371237458,0.18377782825395084,0.8834624998952674,0.00033708925909059923,0.0,0.8822604884372243,1.0
dfn,cp,50.0,1,0,router,0.3333333708796625,0.3333333708796625,0.3333333708796625,0.0,1.0,0.8033333333333333,0.0,1.0,1.0,113.60790301003344,113.60790301003344,113.60790301003344,0.0,1.0,0.0001252523631467319,0.0,1.0,1.0
dfn,cp,50.0,1,1,router,0.0,0.0,0.0,0.0,0.0,0.0,0.0,1.0,0.0,0.010033444816053512,0.010033444816053512,0.010033444816053512,0.0,0.959866220735786,0.6454849503560776,0.0,1.0,0.959866220735786
dfn,cp,50.0,1,2,router,1.000000034557344,0.3333333708796625,0.3333333708796625,0.10563532907344322,0.015332161046034892,0.6866666666666666,0.0,0.0151457510444125,1.0,114.53298561872909,113.6179364548495,113.6179364548495,0.0072696056097373936,0.992677794326677,0.00015419619817557792,0.0,0.9920345281668632,1.0
dfn,cp,50.0,1,3,router,0.6666667239542999,0.3333333000123751,0.3333333000123751,0.12652811954127743,0.05589016849282635,0.6087984986062609,0.0,0.055669524525168664,1.0,57.34065384615385,57.32393177257525,57.32393177257525,0.00029254091523804127,0.9997525483769817,0.000306684377589013,0.0,0.9996784114842933,1.0
dfn,cp,50.0,1,4,router,0.6666667126708652,0.3333334231080107,0.3333334231080107,0.11692847892847893,0.08708605327868278,0.576667106153205,0.0,0.08677108417449789,1.0,3.6418198290593655e-96,1.8909405551839756e-174,1.8909405551839756e-174,0.0,1.0,1.0,0.0,3.7869018387886765e-79,0.7290969899665551
dfn,cp,50.0,1,5,router,0.6666666243578683,0.3333333114369584,0.3333333114369584,0.1221493043993044,0.07684571952371344,0.4284046933337204,0.0,0.076454151057957,1.0,57.21574280936454,57.20905384615384,57.20236454849499,0.00011735023176670773,0.9998096529207253,0.00030535227795658456,0.0,0.9998542964003243,0.9998825054864231
dfn,cp,50.0,1,6,attacker,9.988333299999999,0.3299999651950502,0.3333333318617169,0.9654545454545455,0.03420383870500584,0.0013333333333333335,0.0,0.034133879054547664,1.0,59.958193812709034,57.34065384615385,57.34065384615385,0.043370498591453685,0.9569089536559374,0.00028794542401709613,0.0,0.9562901670273818,1.0
dfn,cp,50.0,1,7,benign_consumer,9.988333299999999,0.33000009209258313,0.33333339209258317,0.9654915824915825,0.03443217718717723,0.0013333333333333335,0.0,0.03399185383337538,1.0,10.0,3.663259602378636e-154,3.663259602378636e-154,0.9982264112698896,0.0003344481605351171,0.0016722408026755853,0.0,3.6632596023786362e-155,0.8260869565217391
dfn,cp,50.0,1,8,benign_consumer,9.988333299999999,0.3300000210726942,0.3333333544060276,0.9654545454545455,0.034173868138920364,0.0013333333333333335,0.0,0.03410391182185552,1.0,10.0,4.100320664717012e-131,4.100320664717012e-131,0.9982264112698896,0.0003344481605351171,0.0016722408026755853,0.0,4.1003206647170124e-132,0.9364548494983278
dfn,cp,50.0,1,9,benign_consumer,9.988333299999999,0.329999991598171,0.3333333582648377,0.9655286195286196,0.03430494239804996,0.0013333333333333335,0.0,0.03386461237722141,1.0,10.0,3.6418198290593655e-96,3.6418198290593655e-96,0.9982264112698896,0.0003344481605351171,0.0016722408026755853,0.0,3.6418198290593657e-97,1.0
dfn,cp,50.0,1,10,benign_consumer,9.988333299999999,0.3299999856652093,0.333333352331876,0.9654545454545455,0.03412081029804248,0.0013333333333333335,0.0,0.0340508506475843,1.0,10.0,1.909360831137492e-109,1.909360831137492e-109,0.9982264112698896,0.0003344481605351171,0.0016722408026755853,0.0,1.9093608311374923e-110,1.0
dfn,cp,50.0,1,11,attacker,9.988333299999999,0.32999993869265887,0.3333332720259922,0.9655286195286196,0.0343572956346876,0.0013333333333333335,0.0,0.033916968947252386,1.0,59.958193812709034,57.21574280936454,57.20905351170569,0.04545880883193784,0.9547846318879953,0.00028794542401709613,0.0,0.9542189547048932,0.9998825054864231
dfn,cp,50.0,2,0,router,0.3333333486083269,0.3333333486083269,0.3333333486083269,0.0,1.0,0.8033333333333333,0.0,1.0,1.0,113.70957859531772,113.70957859531772,113.70957859531772,0.0,1.0,0.0001234406332801986,0.0,1.0,1.0
dfn,cp,50.0,2,1,router,0.0,0.0,0.0,0.0,0.0,0.0,0.0,1.0,0.0,0.006688749163879599,0.006688749163879599,0.006688749163879599,0.0,0.4214046822742475,0.3779264214046823,0.0,1.0,0.4214046822742475
dfn,cp,50.0,2,2,router,1.000000104347435,0.3333333486083269,0.3333333486083269,0.10669312169312169,0.017333096703877983,0.6866666666666666,0.0,0.017161143378801605,1.0,114.66542541806021,113.7162673444816,113.7162673444816,0.0075404224785489546,0.9924247658449505,0.00015353470451963714,0.0,0.9917524463950336,1.0
dfn,cp,50.0,2,3,router,0.6666665120714237,0.3333333879684622,0.3333333879684622,0.11428860028860029,0.05511574739613342,0.6600000000000323,0.0,0.05459525113376252,1.0,57.40375919732441,57.39372608695652,57.39372608695652,0.0001771092475740152,0.9998679126088187,0.0003047683254000296,0.0,0.9997937459785775,1.0
dfn,cp,50.0,2,4,router,0.6666664818332589,0.3333332672447449,0.3333332672447449,0.11170804780015307,0.06707661848256287,0.6261196718646783,0.0,0.06587916756767506,1.0,8.59899652879976e-146,7.563754515053059e-176,7.563754515053059e-176,0.0,0.8662207357859532,0.8662207357859532,0.0,0.13377926421404682,0.7224080267558528
dfn,cp,50.0,2,5,router,0.6666667541030673,0.33333344913422774,0.33333344913422774,0.12144358092887506,0.092893370562294,0.46466624644163357,0.0,0.09289339191707988,1.0,57.28507725752508,57.271699331103676,57.26835518394649,0.0002368321333838575,0.9997491238312411,0.0003043975455840331,0.0,0.9997323467547433,0.9999427332047091
dfn,cp,50.0,2,6,attacker,9.988333299999999,0.33000000581679534,0.3333333058167953,0.9654915824915825,0.03448122780394101,0.0013333333333333335,0.0,0.03404090445013916,1.0,59.958193812709034,57.40375919732441,57.40375919732441,0.0423123265425475,0.9580718513856471,0.00028794542401709613,0.0,0.9573415864962037,1.0
dfn,cp,50.0,2,7,benign_consumer,9.988333299999999,0.329999872921295,0.33333320625462837,0.9655286195286196,0.03429509180035645,0.0013333333333333335,0.0,0.03385476511292123,1.0,10.0,9.391759906730816e-176,9.391759906730816e-176,0.9982264112698896,0.0003344481605351171,0.0016722408026755853,0.0,9.391759906730815e-177,0.7224080267558528
dfn,cp,50.0,2,8,benign_consumer,9.988333299999999,0.3299999177627134,0.3333332177627134,0.9654915824915825,0.034471442764021344,0.0013333333333333335,0.0,0.034031119410219496,1.0,10.0,8.59899652879976e-146,8.59899652879976e-146,0.9982264112698896,0.0003344481605351171,0.0016722408026755853,0.0,8.598996528799762e-147,0.8662207357859532
dfn,cp,50.0,2,9,benign_consumer,9.988333299999999,0.3299999307372122,0.33333326407054553,0.9654545454545455,0.034135222123026075,0.0013333333333333335,0.0,0.03406526580596123,1.0,10.0,3.0018775580976967e-170,3.0018775580976967e-170,0.9982264112698896,0.0003344481605351171,0.0016722408026755853,0.0,3.001877558097696e-171,0.7491638795986622
dfn,cp,50.0,2,10,benign_consumer,9.988333299999999,0.3300000586054476,0.3333333919387809,0.9655286195286196,0.034342364769994006,0.0013333333333333335,0.0,0.033902038082558796,1.0,10.0,1.9551876303850336e-116,1.9551876303850336e-116,0.9982264112698896,0.0003344481605351171,0.0016722408026755853,0.0,1.9551876303850335e-117,1.0
dfn,cp,50.0,2,11,attacker,9.988333299999999,0.33000002883095303,0.33333336216428633,0.9654915824915825,0.034424378362579236,0.0013333333333333335,0.0,0.03398405167544072,1.0,59.958193812709034,57.28507725752508,57.281733110367895,0.0443190155057582,0.955993335233134,0.00028794542401709613,0.0,0.9553648716930937,0.9999427332047091
dfn,cp,50.0,3,0,router,0.3333333637375,0.3333333637375,0.3333333637375,0.0,1.0,0.8033333333333333,0.0,1.0,1.0,113.62679264214047,113.62679264214047,113.62679264214047,0.0,1.0,0.00012618256088997088,0.0,1.0,1.0
dfn,cp,50.0,3,1,router,0.0,0.0,0.0,0.0,0.0,0.0,0.0,1.0,0.0,0.010033444816053512,0.010033444816053512,0.010033444816053512,0.0,0.8060200668896321,0.6354515050169065,0.0,1.0,0.8060200668896321
dfn,cp,50.0,3,2,router,1.0000000011277064,0.3333333637375,0.3333333637375,0.10360233514057043,0.013971334172528724,0.6066781812682304,0.0,0.013520589899245797,1.0,114.58197525083612,113.63682608695652,113.63682608695652,0.007402797953168576,0.9925334879321256,0.0001549886540009734,0.0,0.9917778861003748,1.0
dfn,cp,50.0,3,3,router,0.6666665557977042,0.3333333529660561,0.3333333529660561,0.11447252747252748,0.046928861167335585,0.6166709743295904,0.0,0.046928899217078095,1.0,57.260836789297656,57.244114381270904,57.244114381270904,0.00028842209552701765,0.9997107625161079,0.0003078699287889115,0.0,0.9997107625161079,1.0
dfn,cp,50.0,3,4,router,0.6666665936093982,0.33333331941628447,0.33333331941628447,0.13959456235772025,0.06994725683053096,0.6040289278001503,0.0,0.06994726341347562,1.0,2.2048636648086874e-151,9.236074335271697e-167,9.236074335271697e-167,0.0,0.8394648829431438,0.8394648829431438,0.0,0.16053511705685652,0.7658862876254181
dfn,cp,50.0,3,5,router,0.6666665710334964,0.33333332874536575,0.33333332874536575,0.12280987190197716,0.06125374931040418,0.2572183669462852,0.0,0.06125374406774221,1.0,57.33786086956522,57.33786086956522,57.33117224080267,0.0,0.9998849956548176,0.00031222953995759266,0.0,1.0,0.9998849956548176
dfn,cp,50.0,3,6,attacker,9.988333299999999,0.33000003359633345,0.3333333335963335,0.9654915824915825,0.03444799107862353,0.0013333333333333335,0.0,0.03400766772482168,1.0,59.958193812709034,57.260836789297656,57.260836789297656,0.04468241131640989,0.9554761992664359,0.00028794542401709613,0.0,0.9549523010971076,1.0
dfn,cp,50.0,3,7,benign_consumer,9.988333299999999,0.3299999222013707,0.33333322220137074,0.9654915824915825,0.03444229486600891,0.0013333333333333335,0.0,0.03400197151220705,1.0,10.0,9.454724204418862e-174,9.454724204418862e-174,0.9982264112698896,0.0003344481605351171,0.0016722408026755853,0.0,9.454724204418862e-175,0.7324414715719063
dfn,cp,50.0,3,8,benign_consumer,9.988333299999999,0.3299999482356815,0.3333332482356815,0.9655218855218854,0.03442723930984738,0.0013333333333333335,0.0,0.03398691595604553,1.0,10.0,2.201341514678591e-151,2.201341514678591e-151,0.9982264112698896,0.0003344481605351171,0.0016722408026755853,0.0,2.2013415146785912e-152,0.8394648829431438
dfn,cp,50.0,3,9,benign_consumer,9.988333299999999,0.33000001204038326,0.3333333453737166,0.9654848484848484,0.034186444357031144,0.0013333333333333335,0.0,0.0341164880399663,1.0,10.0,3.5221501300962835e-154,3.5221501300962835e-154,0.9982264112698896,0.0003344481605351171,0.0016722408026755853,0.0,3.522150130096284e-155,0.8260869565217391
dfn,cp,50.0,3,10,benign_consumer,9.988333299999999,0.330000009860751,0.333333309860751,0.9655218855218854,0.03447662863004319,0.0013333333333333335,0.0,0.03403630527624134,1.0,10.0,1.0750124624992137e-143,1.0750124624992137e-143,0.9982264112698896,0.0003344481605351171,0.0016722408026755853,0.0,1.0750124624992136e-144,0.8762541806020067
dfn,cp,50.0,3,11,attacker,9.988333299999999,0.3299999278394121,0.3333332611727454,0.9654545454545455,0.03415694828899838,0.0013333333333333335,0.0,0.034086991971933545,1.0,59.958193812709034,57.33786086956522,57.33117224080267,0.043344945028836686,0.9570786070430052,0.00028794542401709613,0.0,0.9562158342541339,0.9998849956548176
dfn,cp,50.0,4,0,router,0.33333331781753334,0.33333331781753334,0.33333331781753334,0.0,1.0,0.8033333333333333,0.0,1.0,1.0,113.51633110367894,113.51633110367894,113.51633110367894,0.0,1.0,0.00012636495898843186,0.0,1.0,1.0
dfn,cp,50.0,4,1,router,0.0,0.0,0.0,0.0,0.0,0.0,0.0,1.0,0.0,0.010033444816053512,0.010033444816053512,0.010033444816053512,0.0,0.4816053511705686,0.11705685618751191,0.0,1.0,0.4816053511705686
dfn,cp,50.0,4,2,router,1.000000004268569,0.33333331781753334,0.33333331781753334,0.09674796410542025,0.014529922573815307,0.8,0.0,0.014529921010129142,1.0,114.49553076923075,113.52636454849498,113.52636454849498,0.008047634843926503,0.9918936276913458,0.00015658745245152814,0.0,0.9915680532449835,1.0
dfn,cp,50.0,4,3,router,0.6666667773786319,0.3333333214678868,0.3333333214678868,0.13083109945609947,0.05767107957041128,0.6079889987401004,0.0,0.05767108454292122,1.0,57.306051170568566,57.299362207357866,57.299362207357866,0.00012060996042689406,0.9999414301312739,0.000311904332686051,0.0,0.9998644758194087,1.0
dfn,cp,50.0,4,4,router,0.666666547201053,0.3333334043828709,0.3333334043828709,0.13589237614237612,0.05005252279234638,0.49151426428712447,0.0,0.050052542670806964,1.0,2.9833854849838197e-105,3.978532596073998e-189,3.978532596073998e-189,0.0,1.0,1.0,0.0,8.789066075143154e-85,0.6588628762541806
dfn,cp,50.0,4,5,router,0.6666666236737315,0.33333327841781135,0.33333327841781135,0.11275012025012025,0.052279597720771925,0.6400000000682886,0.0,0.052279585369490254,1.0,57.20620133779264,57.19616856187291,57.18947926421404,0.0001824262693827911,0.9997337255650772,0.00030939823008771305,0.0,0.9997733435009486,0.9998848266770645
dfn,cp,50.0,4,6,attacker,9.988333299999999,0.33000003873917744,0.3333334054058441,0.9654915824915825,0.03442466501830483,0.0013333333333333335,0.0,0.033984334997832974,1.0,59.958193812709034,57.306051170568566,57.306051170568566,0.04387249718682363,0.9566390487555579,0.00028794542401709613,0.0,0.955691051041027,1.0
dfn,cp,50.0,4,7,benign_consumer,9.988333299999999,0.33000000530612117,0.33333337197278784,0.9655656565656566,0.03422646052735956,0.0013333333333333335,0.0,0.03378613050688771,1.0,10.0,1.7197992043850463e-146,1.7197992043850463e-146,0.9982264112698896,0.0003344481605351171,0.0016722408026755853,0.0,1.7197992043850463e-147,0.862876254180602
dfn,cp,50.0,4,8,benign_consumer,9.988333299999999,0.3299999678731657,0.3333332678731657,0.9654915824915825,0.03448099340937442,0.0013333333333333335,0.0,0.03404067005557257,1.0,10.0,2.9833854849838197e-105,2.9833854849838197e-105,0.9982264112698896,0.0003344481605351171,0.0016722408026755853,0.0,2.98338548498382e-106,1.0
dfn,cp,50.0,4,9,benign_consumer,9.988333299999999,0.3299999793278873,0.3333332793278873,0.9655218855218854,0.034401663518563476,0.0013333333333333335,0.0,0.03396134016476163,1.0,10.0,3.3589849080266287e-140,3.3589849080266287e-140,0.9982264112698896,0.0003344481605351171,0.0016722408026755853,0.0,3.358984908026629e-141,0.8929765886287625
dfn,cp,50.0,4,10,benign_consumer,9.988333299999999,0.3300000117305001,0.33333334506383344,0.9654545454545455,0.03417391472129743,0.0013333333333333335,0.0,0.03410395840423259,1.0,10.0,1.408859160494607e-155,1.408859160494607e-155,0.9982264112698896,0.0003344481605351171,0.0016722408026755853,0.0,1.4088591604946069e-156,0.8193979933110368
dfn,cp,50.0,4,11,attacker,9.988333299999999,0.3299999119432314,0.3333332786098981,0.9654545454545455,0.03419089872096734,0.0013333333333333335,0.0,0.03412093907056583,1.0,59.958193812709034,57.20620133779264,57.199512040133776,0.04557244549226018,0.9548211328664808,0.00028794542401709613,0.0,0.9540377267586733,0.9998848266770645
dfn,cp,50.0,5,0,router,0.33333331195874366,0.33333331195874366,0.33333331195874366,0.0,1.0,0.8033333333333333,0.0,1.0,1.0,113.61911036789299,113.61911036789299,113.61911036789299,0.0,1.0,0.00012611782520270288,0.0,1.0,1.0
dfn,cp,50.0,5,1,router,0.0,0.0,0.0,0.0,0.0,0.0,0.0,1.0,0.0,0.023411370894983404,0.020066889632107152,0.020066889632107152,0.0033444816053511705,0.6989966555183946,0.20401474783079254,0.0,0.9665551839464883,0.7324414715719063
dfn,cp,50.0,5,2,router,0.9999999403110832,0.33333331195874366,0.33333331195874366,0.11542750893460832,0.017482681437905448,0.8,0.0,0.017082735795569386,1.0,114.57827056856188,113.64252173878796,113.64252173878796,0.007388515209271095,0.9924397743467421,0.00015538182172448664,0.0,0.9918593903021038,1.0
dfn,cp,50.0,5,3,router,0.6666667315827078,0.33333329508048815,0.33333329508048815,0.12026849022437257,0.07627470091469678,0.6166688832684428,0.0,0.07627469345290644,1.0,57.19446755852842,57.177745819398,57.177745819398,0.000294529902217138,0.9997469449977465,0.0003058847021042085,0.0,0.9996726138326238,1.0
dfn,cp,50.0,5,4,router,0.6666666671305648,0.3333333698424738,0.3333333698424738,0.11799104816751876,0.05086065527749478,0.436678191513161,0.0,0.05062203170946469,1.0,8.010995527587007e-125,1.210200669185577e-178,1.210200669185577e-178,0.0,0.9665551839464883,0.9665551839464883,0.0,0.033444816053511704,0.7090301003344481
dfn,cp,50.0,5,5,router,0.6666667226571608,0.3333332753881212,0.3333332753881212,0.11078872053872053,0.06668944228455195,0.45107872767778173,0.0,0.06668944465530775,1.0,57.40386923076923,57.40052474916388,57.38045752508361,5.668612890425713e-05,0.9996059752240682,0.0003130935958247748,0.0,0.9999403971559483,0.9996536576623298
dfn,cp,50.0,5,6,attacker,9.988333299999999,0.33000009095496563,0.33333339095496567,0.9655656565656566,0.034217691400823376,0.0013333333333333335,0.0,0.03377736804702152,1.0,59.958193812709034,57.19446755852842,57.19446755852842,0.04582494602095458,0.9545723548056595,0.00028794542401709613,0.0,0.9538516759693187,1.0
dfn,cp,50.0,5,7,benign_consumer,9.988333299999999,0.32999997396107555,0.3333333406277422,0.9654545454545455,0.03418758629524048,0.0013333333333333335,0.0,0.034117626644838965,1.0,10.0,3.606915517976924e-161,3.606915517976924e-161,0.9982264112698896,0.0003344481605351171,0.0016722408026755853,0.0,3.606915517976924e-162,0.7926421404682275
dfn,cp,50.0,5,8,benign_consumer,9.988333299999999,0.32999992938286193,0.3333332627161953,0.9654915824915825,0.03447216997256022,0.0013333333333333335,0.0,0.0340318432854217,1.0,10.0,8.010995527587007e-125,8.010995527587007e-125,0.9982264112698896,0.0003344481605351171,0.0016722408026755853,0.0,8.010995527587006e-126,0.9665551839464883
dfn,cp,50.0,5,9,benign_consumer,9.988333299999999,0.33000007108103613,0.3333334044143694,0.9655286195286196,0.03434410673539841,0.0013333333333333335,0.0,0.03390378004796319,1.0,10.0,8.59899652879976e-146,8.59899652879976e-146,0.9982264112698896,0.0003344481605351171,0.0016722408026755853,0.0,8.598996528799762e-147,0.8662207357859532
dfn,cp,50.0,5,10,benign_consumer,9.988333299999999,0.3300000182723777,0.33333338493904435,0.9656026936026937,0.034094332949800916,0.0013333333333333335,0.0,0.033654002929029044,1.0,10.0,3.1282992813546417e-119,3.1282992813546417e-119,0.9982264112698896,0.0003344481605351171,0.0016722408026755853,0.0,3.1282992813546416e-120,0.9933110367892977
dfn,cp,50.0,5,11,attacker,9.988333299999999,0.330000004384783,0.33333333771811635,0.9654915824915825,0.0344475769895522,0.0013333333333333335,0.0,0.03400725030241368,1.0,59.958193812709034,57.40386923076923,57.38380200668896,0.04225417015866054,0.9577500822812669,0.00028794542401709613,0.0,0.9573290293263871,0.9996536576623298
dfn,cp,100.0,1,0,router,0.3333333708796625,0.3333333708796625,0.3333333708796625,0.0,1.0,0.8033333333333333,0.0,1.0,1.0,215.56029096989968,215.56029096989968,215.56029096989968,0.0,1.0,6.594067548193087e-05,0.0,1.0,1.0
dfn,cp,100.0,1,1,router,0.0,0.0,0.0,0.0,0.0,0.0,0.0,1.0,0.0,0.05016721951651995,0.0401337764266194,0.0401337764266194,0.010033444816053512,0.6139247656230541,0.2040141410810126,0.0,0.6406806184658634,0.9732441471571907
dfn,cp,100.0,1,2,router,1.000000034557344,0.3333333708796625,0.3333333708796625,0.10563532907344322,0.015332161046034892,0.6866666666666666,0.0,0.0151457510444125,1.0,216.4752575250836,215.6104581894162,215.6104581894162,0.0033296734658371492,0.9965637168996883,8.075382502773057e-05,0.0,0.9960111866973945,1.0
dfn,cp,100.0,1,3,router,0.6666667239542999,0.3333333000123751,0.3333333000123751,0.12652811954127743,0.05589016849282635,0.6087984986062609,0.0,0.055669524525168664,1.0,108.25857190635452,108.24184615384615,108.24184615384615,0.00015315328960487004,0.9998464267719354,0.00016123973833044098,0.0,0.9998464267719354,1.0
dfn,cp,100.0,1,4,router,0.6666667126708652,0.3333334231080107,0.3333334231080107,0.11692847892847893,0.08708605327868278,0.576667106153205,0.0,0.08677108417449789,1.0,3.6418198290593655e-96,1.8909405551839756e-174,1.8909405551839756e-174,0.0,1.0,1.0,0.0,3.7869018387886765e-79,0.7290969899665551
dfn,cp,100.0,1,5,router,0.6666666243578683,0.3333333114369584,0.3333333114369584,0.1221493043993044,0.07684571952371344,0.4284046933337204,0.0,0.076454151057957,1.0,108.23675919732442,108.23341137123747,108.21000668896322,3.09674222717701e-05,0.9997840807601588,0.00016147199318316814,0.0,0.9999620763093517,0.9997841260058025
dfn,cp,100.0,1,6,attacker,9.988333299999999,0.3299999651950502,0.3333333318617169,0.9654545454545455,0.03420383870500584,0.0013333333333333335,0.0,0.034133879054547664,1.0,109.91638628762541,108.25857190635452,108.25857190635452,0.014979355559065705,0.9850388568444655,0.00015761811057638466,0.0,0.9848914004069093,1.0
dfn,cp,100.0,1,7,benign_consumer,9.988333299999999,0.33000009209258313,0.33333339209258317,0.9654915824915825,0.03443217718717723,0.0013333333333333335,0.0,0.03399185383337538,1.0,10.0,3.663259602378636e-154,3.663259602378636e-154,0.9982264112698896,0.0003344481605351171,0.0016722408026755853,0.0,3.6632596023786362e-155,0.8260869565217391
dfn,cp,100.0,1,8,benign_consumer,9.988333299999999,0.3300000210726942,0.3333333544060276,0.9654545454545455,0.034173868138920364,0.0013333333333333335,0.0,0.03410391182185552,1.0,10.0,4.100320664717012e-131,4.100320664717012e-131,0.9982264112698896,0.0003344481605351171,0.0016722408026755853,0.0,4.1003206647170124e-132,0.9364548494983278
dfn,cp,100.0,1,9,benign_consumer,9.988333299999999,0.329999991598171,0.3333333582648377,0.9655286195286196,0.03430494239804996,0.0013333333333333335,0.0,0.03386461237722141,1.0,10.0,3.6418198290593655e-96,3.6418198290593655e-96,0.9982264112698896,0.0003344481605351171,0.0016722408026755853,0.0,3.6418198290593657e-97,1.0
dfn,cp,100.0,1,10,benign_consumer,9.988333299999999,0.3299999856652093,0.333333352331876,0.9654545454545455,0.03412081029804248,0.0013333333333333335,0.0,0.0340508506475843,1.0,10.0,1.909360831137492e-109,1.909360831137492e-109,0.9982264112698896,0.0003344481605351171,0.0016722408026755853,0.0,1.9093608311374923e-110,1.0
dfn,cp,100.0,1,11,attacker,9.988333299999999,0.32999993869265887,0.3333332720259922,0.9655286195286196,0.0343572956346876,0.0013333333333333335,0.0,0.033916968947252386,1.0,109.91638628762541,108.23675919732442,108.21335451505017,0.015161234001813712,0.9847505462393084,0.00015761811057638466,0.0,0.98469386362566,0.9997841260058025
dfn,cp,100.0,2,0,router,0.3333333486083269,0.3333333486083269,0.3333333486083269,0.0,1.0,0.8033333333333333,0.0,1.0,1.0,215.6520635451505,215.6520635451505,215.6520635451505,0.0,1.0,6.537608103619284e-05,0.0,1.0,1.0
dfn,cp,100.0,2,1,router,0.0,0.0,0.0,0.0,0.0,0.0,0.0,1.0,0.0,0.030073363557980775,0.02675563780547241,0.02675563780547241,0.0033444816053511705,0.7960662525879917,0.25741599480477206,0.0,0.9900461856983596,0.8060200668896321
dfn,cp,100.0,2,2,router,1.000000104347435,0.3333333486083269,0.3333333486083269,0.10669312169312169,0.017333096703877983,0.6866666666666666,0.0,0.017161143378801605,1.0,216.60116053511706,215.6821369087085,215.6821369087085,0.0035586219364253323,0.9963964962027431,8.060095007913993e-05,0.0,0.9957631628539619,1.0
dfn,cp,100.0,2,3,router,0.6666665120714237,0.3333333879684622,0.3333333879684622,0.11428860028860029,0.05511574739613342,0.6600000000000323,0.0,0.05459525113376252,1.0,108.40770234113712,108.38431772575251,108.38431772575251,0.0002153565974866334,0.9998088246296296,0.0001602381691713559,0.0,0.9997708927054741,1.0
dfn,cp,100.0,2,4,router,0.6666664818332589,0.3333332672447449,0.3333332672447449,0.11170804780015307,0.06707661848256287,0.6261196718646783,0.0,0.06587916756767506,1.0,8.59899652879976e-146,7.563754515053059e-176,7.563754515053059e-176,0.0,0.8662207357859532,0.8662207357859532,0.0,0.13377926421404682,0.7224080267558528
dfn,cp,100.0,2,5,router,0.6666667541030673,0.33333344913422774,0.33333344913422774,0.12144358092887506,0.092893370562294,0.46466624644163357,0.0,0.09289339191707988,1.0,108.22352508361203,108.21684280936455,108.20683277591974,6.222425970495861e-05,0.9998769599070837,0.00016124060539575674,0.0,0.9999310564380729,0.9999080087404918
dfn,cp,100.0,2,6,attacker,9.988333299999999,0.33000000581679534,0.3333333058167953,0.9654915824915825,0.03448122780394101,0.0013333333333333335,0.0,0.03404090445013916,1.0,109.91638628762541,108.40770234113712,108.40770234113712,0.013611980278646945,0.9864088579513068,0.00015761811057638466,0.0,0.9862467429770264,1.0
dfn,cp,100.0,2,7,benign_consumer,9.988333299999999,0.329999872921295,0.33333320625462837,0.9655286195286196,0.03429509180035645,0.0013333333333333335,0.0,0.03385476511292123,1.0,10.0,9.391759906730816e-176,9.391759906730816e-176,0.9982264112698896,0.0003344481605351171,0.0016722408026755853,0.0,9.391759906730815e-177,0.7224080267558528
dfn,cp,100.0,2,8,benign_consumer,9.988333299999999,0.3299999177627134,0.3333332177627134,0.9654915824915825,0.034471442764021344,0.0013333333333333335,0.0,0.034031119410219496,1.0,10.0,8.59899652879976e-146,8.59899652879976e-146,0.9982264112698896,0.0003344481605351171,0.0016722408026755853,0.0,8.598996528799762e-147,0.8662207357859532
dfn,cp,100.0,2,9,benign_consumer,9.988333299999999,0.3299999307372122,0.33333326407054553,0.9654545454545455,0.034135222123026075,0.0013333333333333335,0.0,0.03406526580596123,1.0,10.0,3.0018775580976967e-170,3.0018775580976967e-170,0.9982264112698896,0.0003344481605351171,0.0016722408026755853,0.0,3.001877558097696e-171,0.7491638795986622
dfn,cp,100.0,2,10,benign_consumer,9.988333299999999,0.3300000586054476,0.3333333919387809,0.9655286195286196,0.034342364769994006,0.0013333333333333335,0.0,0.033902038082558796,1.0,10.0,1.9551876303850336e-116,1.9551876303850336e-116,0.9982264112698896,0.0003344481605351171,0.0016722408026755853,0.0,1.9551876303850335e-117,1.0
dfn,cp,100.0,2,11,attacker,9.988333299999999,0.33000002883095303,0.33333336216428633,0.9654915824915825,0.034424378362579236,0.0013333333333333335,0.0,0.03398405167544072,1.0,109.91638628762541,108.22352508361203,108.21351505016723,0.015282851514735572,0.9847510016768029,0.00015761811057638466,0.0,0.9845727969874982,0.9999080087404918
dfn,cp,100.0,3,0,router,0.3333333637375,0.3333333637375,0.3333333637375,0.0,1.0,0.8033333333333333,0.0,1.0,1.0,215.45693311036788,215.45693311036788,215.45693311036788,0.0,1.0,6.618234053183323e-05,0.0,1.0,1.0
dfn,cp,100.0,3,1,router,0.0,0.0,0.0,0.0,0.0,0.0,0.0,1.0,0.0,0.040133777718899734,0.03678929612724756,0.03678929612724756,0.0033444816053511705,0.8093645484949833,0.26189060423383287,0.0,0.9665551839464883,0.842809364548495
dfn,cp,100.0,3,2,router,1.0000000011277064,0.3333333637375,0.3333333637375,0.10360233514057043,0.013971334172528724,0.6066781812682304,0.0,0.013520589899245797,1.0,216.40879264214047,215.4970668880868,215.4970668880868,0.0036679159104020314,0.9962525338700344,8.082501309830206e-05,0.0,0.9957898915895174,1.0
dfn,cp,100.0,3,3,router,0.6666665557977042,0.3333333529660561,0.3333333529660561,0.11447252747252748,0.046928861167335585,0.6166709743295904,0.0,0.046928899217078095,1.0,108.20147491638797,108.17136120401338,108.17136120401338,0.00027844394259940165,0.9997219249406539,0.00016086509695945446,0.0,0.9997219249406539,1.0
dfn,cp,100.0,3,4,router,0.6666665936093982,0.33333331941628447,0.33333331941628447,0.13959456235772025,0.06994725683053096,0.6040289278001503,0.0,0.06994726341347562,1.0,2.2048636648086874e-151,9.236074335271697e-167,9.236074335271697e-167,0.0,0.8394648829431438,0.8394648829431438,0.0,0.16053511705685652,0.7658862876254181
dfn,cp,100.0,3,5,router,0.6666665710334964,0.33333332874536575,0.33333332874536575,0.12280987190197716,0.06125374931040418,0.2572183669462852,0.0,0.06125374406774221,1.0,108.23743143812709,108.23743143812709,108.21738461538462,0.0,0.9998154400426928,0.00016246146256664314,0.0,1.0,0.9998154400426928
dfn,cp,100.0,3,6,attacker,9.988333299999999,0.33000003359633345,0.3333333335963335,0.9654915824915825,0.03444799107862353,0.0013333333333333335,0.0,0.03400766772482168,1.0,109.91638628762541,108.20147491638797,108.20147491638797,0.015506263332350287,0.9843434172388902,0.00015761811057638466,0.0,0.9843781125759063,1.0
dfn,cp,100.0,3,7,benign_consumer,9.988333299999999,0.3299999222013707,0.33333322220137074,0.9654915824915825,0.03444229486600891,0.0013333333333333335,0.0,0.03400197151220705,1.0,10.0,9.454724204418862e-174,9.454724204418862e-174,0.9982264112698896,0.0003344481605351171,0.0016722408026755853,0.0,9.454724204418862e-175,0.7324414715719063
dfn,cp,100.0,3,8,benign_consumer,9.988333299999999,0.3299999482356815,0.3333332482356815,0.9655218855218854,0.03442723930984738,0.0013333333333333335,0.0,0.03398691595604553,1.0,10.0,2.201341514678591e-151,2.201341514678591e-151,0.9982264112698896,0.0003344481605351171,0.0016722408026755853,0.0,2.2013415146785912e-152,0.8394648829431438
dfn,cp,100.0,3,9,benign_consumer,9.988333299999999,0.33000001204038326,0.3333333453737166,0.9654848484848484,0.034186444357031144,0.0013333333333333335,0.0,0.0341164880399663,1.0,10.0,3.5221501300962835e-154,3.5221501300962835e-154,0.9982264112698896,0.0003344481605351171,0.0016722408026755853,0.0,3.522150130096284e-155,0.8260869565217391
dfn,cp,100.0,3,10,benign_consumer,9.988333299999999,0.330000009860751,0.333333309860751,0.9655218855218854,0.03447662863004319,0.0013333333333333335,0.0,0.03403630527624134,1.0,10.0,1.0750124624992137e-143,1.0750124624992137e-143,0.9982264112698896,0.0003344481605351171,0.0016722408026755853,0.0,1.0750124624992136e-144,0.8762541806020067
dfn,cp,100.0,3,11,attacker,9.988333299999999,0.3299999278394121,0.3333332611727454,0.9654545454545455,0.03415694828899838,0.0013333333333333335,0.0,0.034086991971933545,1.0,109.91638628762541,108.23743143812709,108.21738461538462,0.015141167315080358,0.9848887547767754,0.00015761811057638466,0.0,0.9846877212957159,0.9998154400426928
dfn,cp,100.0,4,0,router,0.33333331781753334,0.33333331781753334,0.33333331781753334,0.0,1.0,0.8033333333333333,0.0,1.0,1.0,215.51067892976587,215.51067892976587,215.51067892976587,0.0,1.0,6.629130924922625e-05,0.0,1.0,1.0
dfn,cp,100.0,4,1,router,0.0,0.0,0.0,0.0,0.0,0.0,0.0,1.0,0.0,0.040133774656534,0.02675584974144013,0.02675584974144013,0.013377926421404682,0.32699836618135175,0.2141061565180942,0.0,0.410610406315131,0.9163879598662207
dfn,cp,100.0,4,2,router,1.000000004268569,0.33333331781753334,0.33333331781753334,0.09674796410542025,0.014529922573815307,0.8,0.0,0.014529921010129142,1.0,216.46714715719065,215.5508127044224,215.5508127044224,0.003823532061421638,0.9960696305552623,8.142403786745856e-05,0.0,0.9957730010459045,1.0
dfn,cp,100.0,4,3,router,0.6666667773786319,0.3333333214678868,0.3333333214678868,0.13083109945609947,0.05767107957041128,0.6079889987401004,0.0,0.05767108454292122,1.0,108.29702341137124,108.26357525083613,108.26357525083613,0.00030715402316428876,0.999723213308173,0.00016266546512601197,0.0,0.9996845947899284,1.0
dfn,cp,100.0,4,4,router,0.666666547201053,0.3333334043828709,0.3333334043828709,0.13589237614237612,0.05005252279234638,0.49151426428712447,0.0,0.050052542670806964,1.0,2.9833854849838197e-105,3.978532596073998e-189,3.978532596073998e-189,0.0,1.0,1.0,0.0,8.789066075143154e-85,0.6588628762541806
dfn,cp,100.0,4,5,router,0.6666666236737315,0.33333327841781135,0.33333327841781135,0.11275012025012025,0.052279597720771925,0.6400000000682886,0.0,0.052279585369490254,1.0,108.2102575250836,108.20357190635451,108.18016053511705,6.310342651605982e-05,0.9997458808320471,0.00016207646096447206,0.0,0.999922982935051,0.999784383719459
dfn,cp,100.0,4,6,attacker,9.988333299999999,0.33000003873917744,0.3333334054058441,0.9654915824915825,0.03442466501830483,0.0013333333333333335,0.0,0.033984334997832974,1.0,109.91638628762541,108.29702341137124,108.29702341137124,0.014593888506931984,0.9853853056826863,0.00015761811057638466,0.0,0.985227751334311,1.0
dfn,cp,100.0,4,7,benign_consumer,9.988333299999999,0.33000000530612117,0.33333337197278784,0.9655656565656566,0.03422646052735956,0.0013333333333333335,0.0,0.03378613050688771,1.0,10.0,1.7197992043850463e-146,1.7197992043850463e-146,0.9982264112698896,0.0003344481605351171,0.0016722408026755853,0.0,1.7197992043850463e-147,0.862876254180602
dfn,cp,100.0,4,8,benign_consumer,9.988333299999999,0.3299999678731657,0.3333332678731657,0.9654915824915825,0.03448099340937442,0.0013333333333333335,0.0,0.03404067005557257,1.0,10.0,2.9833854849838197e-105,2.9833854849838197e-105,0.9982264112698896,0.0003344481605351171,0.0016722408026755853,0.0,2.98338548498382e-106,1.0
dfn,cp,100.0,4,9,benign_consumer,9.988333299999999,0.3299999793278873,0.3333332793278873,0.9655218855218854,0.034401663518563476,0.0013333333333333335,0.0,0.03396134016476163,1.0,10.0,3.3589849080266287e-140,3.3589849080266287e-140,0.9982264112698896,0.0003344481605351171,0.0016722408026755853,0.0,3.358984908026629e-141,0.8929765886287625
dfn,cp,100.0,4,10,benign_consumer,9.988333299999999,0.3300000117305001,0.33333334506383344,0.9654545454545455,0.03417391472129743,0.0013333333333333335,0.0,0.03410395840423259,1.0,10.0,1.408859160494607e-155,1.408859160494607e-155,0.9982264112698896,0.0003344481605351171,0.0016722408026755853,0.0,1.4088591604946069e-156,0.8193979933110368
dfn,cp,100.0,4,11,attacker,9.988333299999999,0.3299999119432314,0.3333332786098981,0.9654545454545455,0.03419089872096734,0.0013333333333333335,0.0,0.03412093907056583,1.0,109.91638628762541,108.2102575250836,108.18684615384615,0.015385224080876255,0.9845868727740378,0.00015761811057638466,0.0,0.9844415516238949,0.999784383719459
dfn,cp,100.0,5,0,router,0.33333331195874366,0.33333331195874366,0.33333331195874366,0.0,1.0,0.8033333333333333,0.0,1.0,1.0,215.60277926421404,215.60277926421404,215.60277926421404,0.0,1.0,6.59630099144206e-05,0.0,1.0,1.0
dfn,cp,100.0,5,1,router,0.0,0.0,0.0,0.0,0.0,0.0,0.0,1.0,0.0,0.053511698462386514,0.036789293279233845,0.036789293279233845,0.016722408026755852,0.6042427539026276,0.12709042734156217,0.0,0.7614333893541326,0.842809364548495
dfn,cp,100.0,5,2,router,0.9999999403110832,0.33333331195874366,0.33333331195874366,0.11542750893460832,0.017482681437905448,0.8,0.0,0.017082735795569386,1.0,216.5591872909699,215.65629096267645,215.65629096267645,0.003575296394861265,0.9962702207210127,8.110929677204188e-05,0.0,0.9958387951715518,1.0
dfn,cp,100.0,5,3,router,0.6666667315827078,0.33333329508048815,0.33333329508048815,0.12026849022437257,0.07627470091469678,0.6166688832684428,0.0,0.07627469345290644,1.0,108.23879264214047,108.21537792642141,108.21537792642141,0.0002159461988428275,0.9998077997892139,0.0001611713390273141,0.0,0.9997700822327998,1.0
dfn,cp,100.0,5,4,router,0.6666666671305648,0.3333333698424738,0.3333333698424738,0.11799104816751876,0.05086065527749478,0.436678191513161,0.0,0.05062203170946469,1.0,8.010995527587007e-125,1.210200669185577e-178,1.210200669185577e-178,0.0,0.9665551839464883,0.9665551839464883,0.0,0.033444816053511704,0.7090301003344481
dfn,cp,100.0,5,5,router,0.6666667226571608,0.3333332753881212,0.3333332753881212,0.11078872053872053,0.06668944228455195,0.45107872767778173,0.0,0.06668944465530775,1.0,108.34380936454849,108.34380936454849,108.31034782608697,0.0,0.9996921322373552,0.00016266750059555106,0.0,1.0,0.9996921322373552
dfn,cp,100.0,5,6,attacker,9.988333299999999,0.33000009095496563,0.33333339095496567,0.9655656565656566,0.034217691400823376,0.0013333333333333335,0.0,0.03377736804702152,1.0,109.91638628762541,108.23879264214047,108.23879264214047,0.01517126734518039,0.984892017409743,0.00015761811057638466,0.0,0.9847149388973631,1.0
dfn,cp,100.0,5,7,benign_consumer,9.988333299999999,0.32999997396107555,0.3333333406277422,0.9654545454545455,0.03418758629524048,0.0013333333333333335,0.0,0.034117626644838965,1.0,10.0,3.606915517976924e-161,3.606915517976924e-161,0.9982264112698896,0.0003344481605351171,0.0016722408026755853,0.0,3.606915517976924e-162,0.7926421404682275
dfn,cp,100.0,5,8,benign_consumer,9.988333299999999,0.32999992938286193,0.3333332627161953,0.9654915824915825,0.03447216997256022,0.0013333333333333335,0.0,0.0340318432854217,1.0,10.0,8.010995527587007e-125,8.010995527587007e-125,0.9982264112698896,0.0003344481605351171,0.0016722408026755853,0.0,8.010995527587006e-126,0.9665551839464883
dfn,cp,100.0,5,9,benign_consumer,9.988333299999999,0.33000007108103613,0.3333334044143694,0.9655286195286196,0.03434410673539841,0.0013333333333333335,0.0,0.03390378004796319,1.0,10.0,8.59899652879976e-146,8.59899652879976e-146,0.9982264112698896,0.0003344481605351171,0.0016722408026755853,0.0,8.598996528799762e-147,0.8662207357859532
dfn,cp,100.0,5,10,benign_consumer,9.988333299999999,0.3300000182723777,0.33333338493904435,0.9656026936026937,0.034094332949800916,0.0013333333333333335,0.0,0.033654002929029044,1.0,10.0,3.1282992813546417e-119,3.1282992813546417e-119,0.9982264112698896,0.0003344481605351171,0.0016722408026755853,0.0,3.1282992813546416e-120,0.9933110367892977
dfn,cp,100.0,5,11,attacker,9.988333299999999,0.330000004384783,0.33333333771811635,0.9654915824915825,0.0344475769895522,0.0013333333333333335,0.0,0.03400725030241368,1.0,109.91638628762541,108.34380936454849,108.31034782608697,0.014167953298388079,0.9856681893630741,0.00015761811057638466,0.0,0.9856561158069141,0.9996921322373552
dfn,ifa,10.0,1,0,router,0.3333333708796625,0.3333333708796625,0.3333333708796625,0.0,1.0,0.8033333333333333,0.0,1.0,1.0,9.978260903010034,9.978260903010034,2.5863749594770846e-202,0.0,0.00041626896755085673,0.9927311625010604,0.0,1.0,3.219116598547611e-203
dfn,ifa,10.0,1,1,router,0.0,0.0,0.0,0.0,0.0,0.0,0.0,1.0,0.0,0.013377926421278847,0.013377926421278847,0.0,0.0,0.0020204434040162773,0.9876268658877354,0.0,1.0,0.0
dfn,ifa,10.0,1,2,router,1.000000034557344,0.3333333708796625,0.3333333708796625,0.10558315516039975,0.01570498675710152,0.6866666666666666,0.0,0.0151457510444125,1.0,9.991638762541806,9.991638829431313,2.5863749594770846e-202,0.0,0.0004036573292333082,0.9922674745252075,0.0,1.0000000066889683,3.1215876021360986e-203
dfn,ifa,10.0,1,3,router,0.6666667239542999,0.3333333000123751,0.3333333000123751,0.1264365863604994,0.05659724858681387,0.6087984986062609,0.0,0.055669524525168664,1.0,9.991638762541806,9.991638762541806,1.210200669185577e-178,0.0,0.0004036573292333082,0.9922674745252075,0.0,1.0,1.4606340461200021e-179
dfn,ifa,10.0,1,4,router,0.6666667126708652,0.3333334231080107,0.3333334231080107,0.11684796363057233,0.08766438981159315,0.576667106153205,0.0,0.08677108417449789,1.0,3.6418198290593655e-96,1.8909405551839756e-174,1.8909405551839756e-174,0.0,1.0,1.0,0.0,3.7869018387886765e-79,0.7290969899665551
dfn,ifa,10.0,1,5,router,0.6666666243578683,0.3333333114369584,0.3333333114369584,0.1220285314524445,0.07760995947331514,0.4284046933337204,0.0,0.076454151057957,1.0,1.9093608311374927e-109,8.805388926053107e-153,8.805388926053107e-153,0.0,1.0,1.0,0.0,3.8415796599692897e-44,0.8327759197324415
dfn,ifa,10.0,1,6,attacker,9.988333299999999,0.3299999651950502,0.3333333318617169,0.9654545454545455,0.034273795021958875,0.0013333333333333335,0.0,0.034133879054547664,1.0,19.99498320735786,9.994983277591974,1.312102844101965e-134,0.49924793403054274,0.0008805078060396717,0.49675652037362217,0.0,0.4998679255849763,1.4606146240947654e-135
dfn,ifa,10.0,1,7,benign_consumer,9.988333299999999,0.33000009209258313,0.33333339209258317,0.9654242424242424,0.03450213350413026,0.0013333333333333335,0.0,0.03399185383337538,1.0,10.0,3.663259602378636e-154,3.663259602378636e-154,0.9982264112698896,0.0003344481605351171,0.0016722408026755853,0.0,3.6632596023786362e-155,0.8260869565217391
dfn,ifa,10.0,1,8,benign_consumer,9.988333299999999,0.3300000210726942,0.3333333544060276,0.9654545454545455,0.034243824455873394,0.0013333333333333335,0.0,0.03410391182185552,1.0,10.0,4.100320664717012e-131,4.100320664717012e-131,0.9982264112698896,0.0003344481605351171,0.0016722408026755853,0.0,4.1003206647170124e-132,0.9364548494983278
dfn,ifa,10.0,1,9,benign_consumer,9.988333299999999,0.329999991598171,0.3333333582648377,0.9653939393939394,0.0348152254023264,0.0013333333333333335,0.0,0.03386461237722141,1.0,10.0,3.6418198290593655e-96,3.6418198290593655e-96,0.9982264112698896,0.0003344481605351171,0.0016722408026755853,0.0,3.6418198290593657e-97,1.0
dfn,ifa,10.0,1,10,benign_consumer,9.988333299999999,0.3299999856652093,0.333333352331876,0.9654545454545455,0.03419076661499551,0.0013333333333333335,0.0,0.0340508506475843,1.0,10.0,1.909360831137492e-109,1.909360831137492e-109,0.9982264112698896,0.0003344481605351171,0.0016722408026755853,0.0,1.9093608311374923e-110,1.0
dfn,ifa,10.0,1,11,benign_consumer,9.988333299999999,0.32999993869265887,0.3333332720259922,0.9653939393939394,0.03486757863896404,0.0013333333333333335,0.0,0.033916968947252386,1.0,10.0,8.008444942762137e-125,8.008444942762137e-125,0.9982264112698896,0.0003344481605351171,0.0016722408026755853,0.0,8.008444942762137e-126,0.9665551839464883
dfn,ifa,10.0,2,0,router,0.3333333486083269,0.3333333486083269,0.3333333486083269,0.0,1.0,0.8033333333333333,0.0,1.0,1.0,9.978260903010034,9.978260903010034,1.5862545973691594e-190,0.0,0.00041626896755085673,0.9927311625010604,0.0,1.0,1.9743225962610876e-191
dfn,ifa,10.0,2,1,router,0.0,0.0,0.0,0.0,0.0,0.0,0.0,1.0,0.0,0.013377926421278847,0.013377926421278847,0.0,0.0,0.0020204434040162773,0.9876268658877354,0.0,1.0,0.0
dfn,ifa,10.0,2,2,router,1.000000104347435,0.3333333486083269,0.3333333486083269,0.10664373897707231,0.01767700293382775,0.6866666666666666,0.0,0.017161143378801605,1.0,9.991638762541806,9.991638829431313,1.5862545973691594e-190,0.0,0.0004036573292333082,0.9922674745252075,0.0,1.0000000066889683,1.914506778054317e-191
dfn,ifa,10.0,2,3,router,0.6666665120714237,0.3333333879684622,0.3333333879684622,0.11428860028860029,0.055305922055786993,0.6600000000000323,0.0,0.05459525113376252,1.0,9.991638762541806,9.991638762541806,1.5492643402968146e-183,0.0,0.0004036573292333082,0.9922674745252075,0.0,1.0,1.8698619735251895e-184
dfn,ifa,10.0,2,4,router,0.6666664818332589,0.3333332672447449,0.3333332672447449,0.11163494838494839,0.06754553603755331,0.6261196718646783,0.0,0.06587916756767506,1.0,8.59899652879976e-146,7.563754515053059e-176,7.563754515053059e-176,0.0,0.8662207357859532,0.8662207357859532,0.0,0.13377926421404682,0.7224080267558528
dfn,ifa,10.0,2,5,router,0.6666667541030673,0.33333344913422774,0.33333344913422774,0.12139901764901766,0.09328356041346218,0.46466624644163357,0.0,0.09289339191707988,1.0,1.9551876303850336e-116,8.805388926053107e-153,8.805388926053107e-153,0.0,1.0,1.0,0.0,3.7515426094973082e-37,0.8327759197324415
dfn,ifa,10.0,2,6,attacker,9.988333299999999,0.33000000581679534,0.3333333058167953,0.9654545454545455,0.0344946869457528,0.0013333333333333335,0.0,0.03404090445013916,1.0,19.99498320735786,9.994983277591974,1.6401297240931937e-132,0.49924793403054274,0.0008805078060396717,0.49675652037362217,0.0,0.4998679255849763,1.825769568019164e-133
dfn,ifa,10.0,2,7,benign_consumer,9.988333299999999,0.329999872921295,0.33333320625462837,0.9653939393939394,0.03473541848767985,0.0013333333333333335,0.0,0.03385476511292123,1.0,10.0,9.391759906730816e-176,9.391759906730816e-176,0.9982264112698896,0.0003344481605351171,0.0016722408026755853,0.0,9.391759906730815e-177,0.7224080267558528
dfn,ifa,10.0,2,8,benign_consumer,9.988333299999999,0.3299999177627134,0.3333332177627134,0.9654242424242424,0.03454139908097438,0.0013333333333333335,0.0,0.034031119410219496,1.0,10.0,8.59899652879976e-146,8.59899652879976e-146,0.9982264112698896,0.0003344481605351171,0.0016722408026755853,0.0,8.598996528799762e-147,0.8662207357859532
dfn,ifa,10.0,2,9,benign_consumer,9.988333299999999,0.3299999307372122,0.33333326407054553,0.9654545454545455,0.03427513475693214,0.0013333333333333335,0.0,0.03406526580596123,1.0,10.0,3.0018775580976967e-170,3.0018775580976967e-170,0.9982264112698896,0.0003344481605351171,0.0016722408026755853,0.0,3.001877558097696e-171,0.7491638795986622
dfn,ifa,10.0,2,10,benign_consumer,9.988333299999999,0.3300000586054476,0.3333333919387809,0.9653939393939394,0.03478269145731742,0.0013333333333333335,0.0,0.033902038082558796,1.0,10.0,1.9551876303850336e-116,1.9551876303850336e-116,0.9982264112698896,0.0003344481605351171,0.0016722408026755853,0.0,1.9551876303850335e-117,1.0
dfn,ifa,10.0,2,11,benign_consumer,9.988333299999999,0.33000002883095303,0.33333336216428633,0.9654242424242424,0.03456429099648531,0.0013333333333333335,0.0,0.03398405167544072,1.0,10.0,6.56053093774745e-134,6.56053093774745e-134,0.9982264112698896,0.0003344481605351171,0.0016722408026755853,0.0,6.560530937747449e-135,0.9230769230769231
dfn,ifa,10.0,3,0,router,0.3333333637375,0.3333333637375,0.3333333637375,0.0,1.0,0.8033333333333333,0.0,1.0,1.0,9.978260903010034,9.978260903010034,1.825881608729473e-204,0.0,0.00041626896755085673,0.9927311625010604,0.0,1.0,2.2725729970733816e-205
dfn,ifa,10.0,3,1,router,0.0,0.0,0.0,0.0,0.0,0.0,0.0,1.0,0.0,0.013377926421278847,0.013377926421278847,0.0,0.0,0.0020204434040162773,0.9876268658877354,0.0,1.0,0.0
dfn,ifa,10.0,3,2,router,1.0000000011277064,0.3333333637375,0.3333333637375,0.10354307588131118,0.014314293891966784,0.6066781812682304,0.0,0.013520589899245797,1.0,9.991638762541806,9.991638829431313,1.825881608729473e-204,0.0,0.0004036573292333082,0.9922674745252075,0.0,1.0000000066889683,2.2037212641128516e-205
dfn,ifa,10.0,3,3,router,0.6666665557977042,0.3333333529660561,0.3333333529660561,0.11443885743885744,0.04729765055412417,0.6166709743295904,0.0,0.046928899217078095,1.0,9.991638762541806,9.991638762541806,3.222038879585781e-184,0.0,0.0004036573292333082,0.9922674745252075,0.0,1.0,3.888793034727688e-185
dfn,ifa,10.0,3,4,router,0.6666665936093982,0.33333331941628447,0.33333331941628447,0.13948491323491322,0.07066633598448165,0.6040289278001503,0.0,0.06994726341347562,1.0,2.2048636648086874e-151,9.236074335271697e-167,9.236074335271697e-167,0.0,0.8394648829431438,0.8394648829431438,0.0,0.16053511705685652,0.7658862876254181
dfn,ifa,10.0,3,5,router,0.6666665710334964,0.33333332874536575,0.33333332874536575,0.12273677248677248,0.06178363883628141,0.2572183669462852,0.0,0.06125374406774221,1.0,3.4731049409740004e-82,1.515171532989925e-176,1.515171532989925e-176,0.0,1.0,1.0,0.0,3.137898778738155e-95,0.7190635451505016
dfn,ifa,10.0,3,6,attacker,9.988333299999999,0.33000003359633345,0.3333333335963335,0.9654545454545455,0.034517947395576565,0.0013333333333333335,0.0,0.03400766772482168,1.0,19.99498320735786,9.994983277591974,4.801212408489544e-166,0.49924793403054274,0.0008805078060396717,0.49675652037362217,0.0,0.4998679255849763,5.344642826175294e-167
dfn,ifa,10.0,3,7,benign_consumer,9.988333299999999,0.3299999222013707,0.33333322220137074,0.9654242424242424,0.034512251182961945,0.0013333333333333335,0.0,0.03400197151220705,1.0,10.0,9.454724204418862e-174,9.454724204418862e-174,0.9982264112698896,0.0003344481605351171,0.0016722408026755853,0.0,9.454724204418862e-175,0.7324414715719063
dfn,ifa,10.0,3,8,benign_consumer,9.988333299999999,0.3299999482356815,0.3333332482356815,0.9654545454545455,0.03449719562680042,0.0013333333333333335,0.0,0.03398691595604553,1.0,10.0,2.201341514678591e-151,2.201341514678591e-151,0.9982264112698896,0.0003344481605351171,0.0016722408026755853,0.0,2.2013415146785912e-152,0.8394648829431438
dfn,ifa,10.0,3,9,benign_consumer,9.988333299999999,0.33000001204038326,0.3333333453737166,0.9654848484848484,0.03432635699093721,0.0013333333333333335,0.0,0.0341164880399663,1.0,10.0,3.5221501300962835e-154,3.5221501300962835e-154,0.9982264112698896,0.0003344481605351171,0.0016722408026755853,0.0,3.522150130096284e-155,0.8260869565217391
dfn,ifa,10.0,3,10,benign_consumer,9.988333299999999,0.330000009860751,0.333333309860751,0.9654545454545455,0.03454658494699622,0.0013333333333333335,0.0,0.03403630527624134,1.0,10.0,1.0750124624992137e-143,1.0750124624992137e-143,0.9982264112698896,0.0003344481605351171,0.0016722408026755853,0.0,1.0750124624992136e-144,0.8762541806020067
dfn,ifa,10.0,3,11,benign_consumer,9.988333299999999,0.3299999278394121,0.3333332611727454,0.9654545454545455,0.03429686092290445,0.0013333333333333335,0.0,0.034086991971933545,1.0,10.0,3.4731049409740004e-82,3.4731049409740004e-82,0.9982264112698896,0.0003344481605351171,0.0016722408026755853,0.0,3.473104940974001e-83,1.0
dfn,ifa,10.0,4,0,router,0.33333331781753334,0.33333331781753334,0.33333331781753334,0.0,1.0,0.8033333333333333,0.0,1.0,1.0,9.978260903010034,9.978260903010034,1.6243061462822033e-197,0.0,0.00041626896755085673,0.9927311625010604,0.0,1.0,2.021683232156744e-198
dfn,ifa,10.0,4,1,router,0.0,0.0,0.0,0.0,0.0,0.0,0.0,1.0,0.0,0.013377926421278847,0.013377926421278847,0.0,0.0,0.0020204434040162773,0.9876268658877354,0.0,1.0,0.0
dfn,ifa,10.0,4,2,router,1.000000004268569,0.33333331781753334,0.33333331781753334,0.0966785196609758,0.014885214569091865,0.8,0.0,0.014529921010129142,1.0,9.991638762541806,9.991638829431313,1.6243061462822033e-197,0.0,0.0004036573292333082,0.9922674745252075,0.0,1.0000000066889683,1.9604325867059913e-198
dfn,ifa,10.0,4,3,router,0.6666667773786319,0.3333333214678868,0.3333333214678868,0.13070609945609946,0.0584976845364496,0.6079889987401004,0.0,0.05767108454292122,1.0,9.991638762541806,9.991638762541806,4.727341547157194e-173,0.0,0.0004036573292333082,0.9922674745252075,0.0,1.0,5.7055958472205434e-174
dfn,ifa,10.0,4,4,router,0.666666547201053,0.3333334043828709,0.3333334043828709,0.13589237614237612,0.05024163932633903,0.49151426428712447,0.0,0.050052542670806964,1.0,2.9833854849838197e-105,3.978532596073998e-189,3.978532596073998e-189,0.0,1.0,1.0,0.0,8.789066075143154e-85,0.6588628762541806
dfn,ifa,10.0,4,5,router,0.6666666236737315,0.33333327841781135,0.33333327841781135,0.11265012025012024,0.052959507227361986,0.6400000000682886,0.0,0.052279585369490254,1.0,5.503362286882207e-150,6.051003344770861e-178,6.051003344770861e-178,0.0,0.8461538461538461,0.8461538461538461,0.0,0.15384615384615385,0.7123745819397993
dfn,ifa,10.0,4,6,attacker,9.988333299999999,0.33000003873917744,0.3333334054058441,0.9654545454545455,0.034494621335257866,0.0013333333333333335,0.0,0.033984334997832974,1.0,19.99498320735786,9.994983277591974,4.299498315087334e-145,0.49924793403054274,0.0008805078060396717,0.49675652037362217,0.0,0.4998679255849763,4.7861416854811335e-146
dfn,ifa,10.0,4,7,benign_consumer,9.988333299999999,0.33000000530612117,0.33333337197278784,0.9653636363636364,0.03466678721468296,0.0013333333333333335,0.0,0.03378613050688771,1.0,10.0,1.7197992043850463e-146,1.7197992043850463e-146,0.9982264112698896,0.0003344481605351171,0.0016722408026755853,0.0,1.7197992043850463e-147,0.862876254180602
dfn,ifa,10.0,4,8,benign_consumer,9.988333299999999,0.3299999678731657,0.3333332678731657,0.9654242424242424,0.03449445255118621,0.0013333333333333335,0.0,0.03404067005557257,1.0,10.0,2.9833854849838197e-105,2.9833854849838197e-105,0.9982264112698896,0.0003344481605351171,0.0016722408026755853,0.0,2.98338548498382e-106,1.0
dfn,ifa,10.0,4,9,benign_consumer,9.988333299999999,0.3299999793278873,0.3333332793278873,0.9654545454545455,0.03454157615246955,0.0013333333333333335,0.0,0.03396134016476163,1.0,10.0,3.3589849080266287e-140,3.3589849080266287e-140,0.9982264112698896,0.0003344481605351171,0.0016722408026755853,0.0,3.358984908026629e-141,0.8929765886287625
dfn,ifa,10.0,4,10,benign_consumer,9.988333299999999,0.3300000117305001,0.33333334506383344,0.9654545454545455,0.03424387103825046,0.0013333333333333335,0.0,0.03410395840423259,1.0,10.0,1.408859160494607e-155,1.408859160494607e-155,0.9982264112698896,0.0003344481605351171,0.0016722408026755853,0.0,1.4088591604946069e-156,0.8193979933110368
dfn,ifa,10.0,4,11,benign_consumer,9.988333299999999,0.3299999119432314,0.3333332786098981,0.9654545454545455,0.034330811354873404,0.0013333333333333335,0.0,0.03412093907056583,1.0,10.0,5.503348198290602e-150,5.503348198290602e-150,0.9982264112698896,0.0003344481605351171,0.0016722408026755853,0.0,5.503348198290602e-151,0.8461538461538461
dfn,ifa,10.0,5,0,router,0.33333331195874366,0.33333331195874366,0.33333331195874366,0.0,1.0,0.8033333333333333,0.0,1.0,1.0,9.978260903010034,9.978260903010034,5.0759611288887537e-194,0.0,0.00041626896755085673,0.9927311625010604,0.0,1.0,6.317765696672396e-195
dfn,ifa,10.0,5,1,router,0.0,0.0,0.0,0.0,0.0,0.0,0.0,1.0,0.0,0.013377926421278847,0.013377926421278847,0.0,0.0,0.0020204434040162773,0.9876268658877354,0.0,1.0,0.0
dfn,ifa,10.0,5,2,router,0.9999999403110832,0.33333331195874366,0.33333331195874366,0.11537229844461523,0.017873337693845238,0.8,0.0,0.017082735795569386,1.0,9.991638762541806,9.991638829431313,5.0759611288887537e-194,0.0,0.0004036573292333082,0.9922674745252075,0.0,1.0000000066889683,6.126357330463063e-195
dfn,ifa,10.0,5,3,router,0.6666667315827078,0.33333329508048815,0.33333329508048815,0.12015644540644539,0.07705376255031685,0.6166688832684428,0.0,0.07627469345290644,1.0,9.991638762541806,9.991638762541806,1.2291098205732104e-171,0.0,0.0004036573292333082,0.9922674745252075,0.0,1.0,1.483456124311199e-172
dfn,ifa,10.0,5,4,router,0.6666666671305648,0.3333333698424738,0.3333333698424738,0.11790192160780395,0.05142300036611399,0.436678191513161,0.0,0.05062203170946469,1.0,8.010995527587007e-125,1.210200669185577e-178,1.210200669185577e-178,0.0,0.9665551839464883,0.9665551839464883,0.0,0.033444816053511704,0.7090301003344481
dfn,ifa,10.0,5,5,router,0.6666667226571608,0.3333332753881212,0.3333332753881212,0.11073316498316499,0.06711806050489572,0.45107872767778173,0.0,0.06668944465530775,1.0,3.1282992813546417e-119,1.5490765857391721e-183,1.5490765857391721e-183,0.0,0.9933110367892977,0.9933110367892977,0.0,0.006688963210702341,0.68561872909699
dfn,ifa,10.0,5,6,attacker,9.988333299999999,0.33000009095496563,0.33333339095496567,0.9654545454545455,0.03465801808814677,0.0013333333333333335,0.0,0.03377736804702152,1.0,19.99498320735786,9.994983277591974,2.624205698544732e-135,0.49924793403054274,0.0008805078060396717,0.49675652037362217,0.0,0.4998679255849763,2.9212292585327773e-136
dfn,ifa,10.0,5,7,benign_consumer,9.988333299999999,0.32999997396107555,0.3333333406277422,0.9654545454545455,0.034257542612193506,0.0013333333333333335,0.0,0.034117626644838965,1.0,10.0,3.606915517976924e-161,3.606915517976924e-161,0.9982264112698896,0.0003344481605351171,0.0016722408026755853,0.0,3.606915517976924e-162,0.7926421404682275
dfn,ifa,10.0,5,8,benign_consumer,9.988333299999999,0.32999992938286193,0.3333332627161953,0.9654242424242424,0.034542126289513246,0.0013333333333333335,0.0,0.0340318432854217,1.0,10.0,8.010995527587007e-125,8.010995527587007e-125,0.9982264112698896,0.0003344481605351171,0.0016722408026755853,0.0,8.010995527587006e-126,0.9665551839464883
dfn,ifa,10.0,5,9,benign_consumer,9.988333299999999,0.33000007108103613,0.3333334044143694,0.9653939393939394,0.03485438973967485,0.0013333333333333335,0.0,0.03390378004796319,1.0,10.0,8.59899652879976e-146,8.59899652879976e-146,0.9982264112698896,0.0003344481605351171,0.0016722408026755853,0.0,8.598996528799762e-147,0.8662207357859532
dfn,ifa,10.0,5,10,benign_consumer,9.988333299999999,0.3300000182723777,0.33333338493904435,0.9653333333333334,0.03453465963712433,0.0013333333333333335,0.0,0.033654002929029044,1.0,10.0,3.1282992813546417e-119,3.1282992813546417e-119,0.9982264112698896,0.0003344481605351171,0.0016722408026755853,0.0,3.1282992813546416e-120,0.9933110367892977
dfn,ifa,10.0,5,11,benign_consumer,9.988333299999999,0.330000004384783,0.33333333771811635,0.9654242424242424,0.03458748962345826,0.0013333333333333335,0.0,0.03400725030241368,1.0,10.0,4.299498315087334e-145,4.299498315087334e-145,0.9982264112698896,0.0003344481605351171,0.0016722408026755853,0.0,4.299498315087335e-146,0.8695652173913043
dfn,ifa,12.0,1,0,router,0.3333333708796625,0.3333333708796625,0.3333333708796625,0.0,1.0,0.8033333333333333,0.0,1.0,1.0,11.98325016722408,11.98325016722408,2.5863749594770846e-202,0.0,0.0003073236405224796,0.9569028424912213,0.0,1.0,2.3766138592754546e-203
dfn,ifa,12.0,1,1,router,0.0,0.0,0.0,0.0,0.0,0.0,0.0,1.0,0.0,0.013377926421404762,0.013377926421404762,0.0,0.0,0.007517119850043738,0.9935340022296544,0.0,1.0,0.0
dfn,ifa,12.0,1,2,router,1.000000034557344,0.3333333708796625,0.3333333708796625,0.10558315516039975,0.01570498675710152,0.6866666666666666,0.0,0.0151457510444125,1.0,11.996627090301004,11.996628093645484,2.5863749594770846e-202,0.0,0.00029530807541793284,0.956892150664935,0.0,1.0000000842155403,2.28369447418451e-203
dfn,ifa,12.0,1,3,router,0.6666667239542999,0.3333333000123751,0.3333333000123751,0.1264365863604994,0.05659724858681387,0.6087984986062609,0.0,0.055669524525168664,1.0,11.996627090301004,11.996627090301004,1.210200669185577e-178,0.0,0.00029530807541793284,0.956892150664935,0.0,1.0,1.0685722711151612e-179
dfn,ifa,12.0,1,4,router,0.6666667126708652,0.3333334231080107,0.3333334231080107,0.11684796363057233,0.08766438981159315,0.576667106153205,0.0,0.08677108417449789,1.0,3.6418198290593655e-96,1.8909405551839756e-174,1.8909405551839756e-174,0.0,1.0,1.0,0.0,3.7869018387886765e-79,0.7290969899665551
dfn,ifa,12.0,1,5,router,0.6666666243578683,0.3333333114369584,0.3333333114369584,0.1220285314524445,0.07760995947331514,0.4284046933337204,0.0,0.076454151057957,1.0,1.9093608311374927e-109,8.805388926053107e-153,8.805388926053107e-153,0.0,1.0,1.0,0.0,3.8415796599692897e-44,0.8327759197324415
dfn,ifa,12.0,1,6,attacker,9.988333299999999,0.3299999651950502,0.3333333318617169,0.9654545454545455,0.034273795021958875,0.0013333333333333335,0.0,0.034133879054547664,1.0,21.996655551839464,11.996655183946487,1.312102844101965e-134,0.45387567693805875,0.000783984032862074,0.5420965753088213,0.0,0.5453832581471647,1.1583617216377112e-135
dfn,ifa,12.0,1,7,benign_consumer,9.988333299999999,0.33000009209258313,0.33333339209258317,0.9654242424242424,0.03450213350413026,0.0013333333333333335,0.0,0.03399185383337538,1.0,10.0,3.663259602378636e-154,3.663259602378636e-154,0.9982264112698896,0.0003344481605351171,0.0016722408026755853,0.0,3.6632596023786362e-155,0.8260869565217391
dfn,ifa,12.0,1,8,benign_consumer,9.988333299999999,0.3300000210726942,0.3333333544060276,0.9654545454545455,0.034243824455873394,0.0013333333333333335,0.0,0.03410391182185552,1.0,10.0,4.100320664717012e-131,4.100320664717012e-131,0.9982264112698896,0.0003344481605351171,0.0016722408026755853,0.0,4.1003206647170124e-132,0.9364548494983278
dfn,ifa,12.0,1,9,benign_consumer,9.988333299999999,0.329999991598171,0.3333333582648377,0.9653939393939394,0.0348152254023264,0.0013333333333333335,0.0,0.03386461237722141,1.0,10.0,3.6418198290593655e-96,3.6418198290593655e-96,0.9982264112698896,0.0003344481605351171,0.0016722408026755853,0.0,3.6418198290593657e-97,1.0
dfn,ifa,12.0,1,10,benign_consumer,9.988333299999999,0.3299999856652093,0.333333352331876,0.9654545454545455,0.03419076661499551,0.0013333333333333335,0.0,0.0340508506475843,1.0,10.0,1.909360831137492e-109,1.909360831137492e-109,0.9982264112698896,0.0003344481605351171,0.0016722408026755853,0.0,1.9093608311374923e-110,1.0
dfn,ifa,12.0,1,11,benign_consumer,9.988333299999999,0.32999993869265887,0.3333332720259922,0.9653939393939394,0.03486757863896404,0.0013333333333333335,0.0,0.033916968947252386,1.0,10.0,8.008444942762137e-125,8.008444942762137e-125,0.9982264112698896,0.0003344481605351171,0.0016722408026755853,0.0,8.008444942762137e-126,0.9665551839464883
dfn,ifa,12.0,2,0,router,0.3333333486083269,0.3333333486083269,0.3333333486083269,0.0,1.0,0.8033333333333333,0.0,1.0,1.0,11.98325016722408,11.98325016722408,1.5862545973691594e-190,0.0,0.0003073236405224796,0.9569028424912213,0.0,1.0,1.4576057213605892e-191
dfn,ifa,12.0,2,1,router,0.0,0.0,0.0,0.0,0.0,0.0,0.0,1.0,0.0,0.013377926421404762,0.013377926421404762,0.0,0.0,0.007517119850043738,0.9935340022296544,0.0,1.0,0.0
dfn,ifa,12.0,2,2,router,1.000000104347435,0.3333333486083269,0.3333333486083269,0.10664373897707231,0.01767700293382775,0.6866666666666666,0.0,0.017161143378801605,1.0,11.996627090301004,11.996628093645484,1.5862545973691594e-190,0.0,0.00029530807541793284,0.956892150664935,0.0,1.0000000842155403,1.4006170211822596e-191
dfn,ifa,12.0,2,3,router,0.6666665120714237,0.3333333879684622,0.3333333879684622,0.11428860028860029,0.055305922055786993,0.6600000000000323,0.0,0.05459525113376252,1.0,11.996627090301004,11.996627090301004,1.5492643402968146e-183,0.0,0.00029530807541793284,0.956892150664935,0.0,1.0,1.3679557030565665e-184
dfn,ifa,12.0,2,4,router,0.6666664818332589,0.3333332672447449,0.3333332672447449,0.11163494838494839,0.06754553603755331,0.6261196718646783,0.0,0.06587916756767506,1.0,8.59899652879976e-146,7.563754515053059e-176,7.563754515053059e-176,0.0,0.8662207357859532,0.8662207357859532,0.0,0.13377926421404682,0.7224080267558528
dfn,ifa,12.0,2,5,router,0.6666667541030673,0.33333344913422774,0.33333344913422774,0.12139901764901766,0.09328356041346218,0.46466624644163357,0.0,0.09289339191707988,1.0,1.9551876303850336e-116,8.805388926053107e-153,8.805388926053107e-153,0.0,1.0,1.0,0.0,3.7515426094973082e-37,0.8327759197324415
dfn,ifa,12.0,2,6,attacker,9.988333299999999,0.33000000581679534,0.3333333058167953,0.9654545454545455,0.0344946869457528,0.0013333333333333335,0.0,0.03404090445013916,1.0,21.996655551839464,11.996655183946487,1.6401297240931937e-132,0.45387567693805875,0.000783984032862074,0.5420965753088213,0.0,0.5453832581471647,1.4479531782100474e-133
dfn,ifa,12.0,2,7,benign_consumer,9.988333299999999,0.329999872921295,0.33333320625462837,0.9653939393939394,0.03473541848767985,0.0013333333333333335,0.0,0.03385476511292123,1.0,10.0,9.391759906730816e-176,9.391759906730816e-176,0.9982264112698896,0.0003344481605351171,0.0016722408026755853,0.0,9.391759906730815e-177,0.7224080267558528
dfn,ifa,12.0,2,8,benign_consumer,9.988333299999999,0.3299999177627134,0.3333332177627134,0.9654242424242424,0.03454139908097438,0.0013333333333333335,0.0,0.034031119410219496,1.0,10.0,8.59899652879976e-146,8.59899652879976e-146,0.9982264112698896,0.0003344481605351171,0.0016722408026755853,0.0,8.598996528799762e-147,0.8662207357859532
dfn,ifa,12.0,2,9,benign_consumer,9.988333299999999,0.3299999307372122,0.33333326407054553,0.9654545454545455,0.03427513475693214,0.0013333333333333335,0.0,0.03406526580596123,1.0,10.0,3.0018775580976967e-170,3.0018775580976967e-170,0.9982264112698896,0.0003344481605351171,0.0016722408026755853,0.0,3.001877558097696e-171,0.7491638795986622
dfn,ifa,12.0,2,10,benign_consumer,9.988333299999999,0.3300000586054476,0.3333333919387809,0.9653939393939394,0.03478269145731742,0.0013333333333333335,0.0,0.033902038082558796,1.0,10.0,1.9551876303850336e-116,1.9551876303850336e-116,0.9982264112698896,0.0003344481605351171,0.0016722408026755853,0.0,1.9551876303850335e-117,1.0
dfn,ifa,12.0,2,11,benign_consumer,9.988333299999999,0.33000002883095303,0.33333336216428633,0.9654242424242424,0.03456429099648531,0.0013333333333333335,0.0,0.03398405167544072,1.0,10.0,6.56053093774745e-134,6.56053093774745e-134,0.9982264112698896,0.0003344481605351171,0.0016722408026755853,0.0,6.560530937747449e-135,0.9230769230769231
dfn,ifa,12.0,3,0,router,0.3333333637375,0.3333333637375,0.3333333637375,0.0,1.0,0.8033333333333333,0.0,1.0,1.0,11.98325016722408,11.98325016722408,1.825881608729473e-204,0.0,0.0003073236405224796,0.9569028424912213,0.0,1.0,1.6777983437106964e-205
dfn,ifa,12.0,3,1,router,0.0,0.0,0.0,0.0,0.0,0.0,0.0,1.0,0.0,0.013377926421404762,0.013377926421404762,0.0,0.0,0.007517119850043738,0.9935340022296544,0.0,1.0,0.0
dfn,ifa,12.0,3,2,router,1.0000000011277064,0.3333333637375,0.3333333637375,0.10354307588131118,0.014314293891966784,0.6066781812682304,0.0,0.013520589899245797,1.0,11.996627090301004,11.996628093645484,1.825881608729473e-204,0.0,0.00029530807541793284,0.956892150664935,0.0,1.0000000842155403,1.6122007945432344e-205
dfn,ifa,12.0,3,3,router,0.6666665557977042,0.3333333529660561,0.3333333529660561,0.11443885743885744,0.04729765055412417,0.6166709743295904,0.0,0.046928899217078095,1.0,11.996627090301004,11.996627090301004,3.222038879585781e-184,0.0,0.00029530807541793284,0.956892150664935,0.0,1.0,2.8449674079959825e-185
dfn,ifa,12.0,3,4,router,0.6666665936093982,0.33333331941628447,0.33333331941628447,0.13948491323491322,0.07066633598448165,0.6040289278001503,0.0,0.06994726341347562,1.0,2.2048636648086874e-151,9.236074335271697e-167,9.236074335271697e-167,0.0,0.8394648829431438,0.8394648829431438,0.0,0.16053511705685652,0.7658862876254181
dfn,ifa,12.0,3,5,router,0.6666665710334964,0.33333332874536575,0.33333332874536575,0.12273677248677248,0.06178363883628141,0.2572183669462852,0.0,0.06125374406774221,1.0,3.4731049409740004e-82,1.515171532989925e-176,1.515171532989925e-176,0.0,1.0,1.0,0.0,3.137898778738155e-95,0.7190635451505016
dfn,ifa,12.0,3,6,attacker,9.988333299999999,0.33000003359633345,0.3333333335963335,0.9654545454545455,0.034517947395576565,0.0013333333333333335,0.0,0.03400766772482168,1.0,21.996655551839464,11.996655183946487,4.801212408489544e-166,0.45387567693805875,0.000783984032862074,0.5420965753088213,0.0,0.5453832581471647,4.238646912908147e-167
dfn,ifa,12.0,3,7,benign_consumer,9.988333299999999,0.3299999222013707,0.33333322220137074,0.9654242424242424,0.034512251182961945,0.0013333333333333335,0.0,0.03400197151220705,1.0,10.0,9.454724204418862e-174,9.454724204418862e-174,0.9982264112698896,0.0003344481605351171,0.0016722408026755853,0.0,9.454724204418862e-175,0.7324414715719063
dfn,ifa,12.0,3,8,benign_consumer,9.988333299999999,0.3299999482356815,0.3333332482356815,0.9654545454545455,0.03449719562680042,0.0013333333333333335,0.0,0.03398691595604553,1.0,10.0,2.201341514678591e-151,2.201341514678591e-151,0.9982264112698896,0.0003344481605351171,0.0016722408026755853,0.0,2.2013415146785912e-152,0.8394648829431438
dfn,ifa,12.0,3,9,benign_consumer,9.988333299999999,0.33000001204038326,0.3333333453737166,0.9654848484848484,0.03432635699093721,0.0013333333333333335,0.0,0.0341164880399663,1.0,10.0,3.5221501300962835e-154,3.5221501300962835e-154,0.9982264112698896,0.0003344481605351171,0.0016722408026755853,0.0,3.522150130096284e-155,0.8260869565217391
dfn,ifa,12.0,3,10,benign_consumer,9.988333299999999,0.330000009860751,0.333333309860751,0.9654545454545455,0.03454658494699622,0.0013333333333333335,0.0,0.03403630527624134,1.0,10.0,1.0750124624992137e-143,1.0750124624992137e-143,0.9982264112698896,0.0003344481605351171,0.0016722408026755853,0.0,1.0750124624992136e-144,0.8762541806020067
dfn,ifa,12.0,3,11,benign_consumer,9.988333299999999,0.3299999278394121,0.3333332611727454,0.9654545454545455,0.03429686092290445,0.0013333333333333335,0.0,0.034086991971933545,1.0,10.0,3.4731049409740004e-82,3.4731049409740004e-82,0.9982264112698896,0.0003344481605351171,0.0016722408026755853,0.0,3.473104940974001e-83,1.0
dfn,ifa,12.0,4,0,router,0.33333331781753334,0.33333331781753334,0.33333331781753334,0.0,1.0,0.8033333333333333,0.0,1.0,1.0,11.98325016722408,11.98325016722408,1.6243061462822033e-197,0.0,0.0003073236405224796,0.9569028424912213,0.0,1.0,1.4925711513021482e-198
dfn,ifa,12.0,4,1,router,0.0,0.0,0.0,0.0,0.0,0.0,0.0,1.0,0.0,0.013377926421404762,0.013377926421404762,0.0,0.0,0.007517119850043738,0.9935340022296544,0.0,1.0,0.0
dfn,ifa,12.0,4,2,router,1.000000004268569,0.33333331781753334,0.33333331781753334,0.0966785196609758,0.014885214569091865,0.8,0.0,0.014529921010129142,1.0,11.996627090301004,11.996628093645484,1.6243061462822033e-197,0.0,0.00029530807541793284,0.956892150664935,0.0,1.0000000842155403,1.4342154510677496e-198
dfn,ifa,12.0,4,3,router,0.6666667773786319,0.3333333214678868,0.3333333214678868,0.13070609945609946,0.0584976845364496,0.6079889987401004,0.0,0.05767108454292122,1.0,11.996627090301004,11.996627090301004,4.727341547157194e-173,0.0,0.00029530807541793284,0.956892150664935,0.0,1.0,4.1741061622236155e-174
dfn,ifa,12.0,4,4,router,0.666666547201053,0.3333334043828709,0.3333334043828709,0.13589237614237612,0.05024163932633903,0.49151426428712447,0.0,0.050052542670806964,1.0,2.9833854849838197e-105,3.978532596073998e-189,3.978532596073998e-189,0.0,1.0,1.0,0.0,8.789066075143154e-85,0.6588628762541806
dfn,ifa,12.0,4,5,router,0.6666666236737315,0.33333327841781135,0.33333327841781135,0.11265012025012024,0.052959507227361986,0.6400000000682886,0.0,0.052279585369490254,1.0,5.503362286882207e-150,6.051003344770861e-178,6.051003344770861e-178,0.0,0.8461538461538461,0.8461538461538461,0.0,0.15384615384615385,0.7123745819397993
dfn,ifa,12.0,4,6,attacker,9.988333299999999,0.33000003873917744,0.3333334054058441,0.9654545454545455,0.034494621335257866,0.0013333333333333335,0.0,0.033984334997832974,1.0,21.996655551839464,11.996655183946487,4.299498315087334e-145,0.45387567693805875,0.000783984032862074,0.5420965753088213,0.0,0.5453832581471647,3.795719439163342e-146
dfn,ifa,12.0,4,7,benign_consumer,9.988333299999999,0.33000000530612117,0.33333337197278784,0.9653636363636364,0.03466678721468296,0.0013333333333333335,0.0,0.03378613050688771,1.0,10.0,1.7197992043850463e-146,1.7197992043850463e-146,0.9982264112698896,0.0003344481605351171,0.0016722408026755853,0.0,1.7197992043850463e-147,0.862876254180602
dfn,ifa,12.0,4,8,benign_consumer,9.988333299999999,0.3299999678731657,0.3333332678731657,0.9654242424242424,0.03449445255118621,0.0013333333333333335,0.0,0.03404067005557257,1.0,10.0,2.9833854849838197e-105,2.9833854849838197e-105,0.9982264112698896,0.0003344481605351171,0.0016722408026755853,0.0,2.98338548498382e-106,1.0
dfn,ifa,12.0,4,9,benign_consumer,9.988333299999999,0.3299999793278873,0.3333332793278873,0.9654545454545455,0.03454157615246955,0.0013333333333333335,0.0,0.03396134016476163,1.0,10.0,3.3589849080266287e-140,3.3589849080266287e-140,0.9982264112698896,0.0003344481605351171,0.0016722408026755853,0.0,3.358984908026629e-141,0.8929765886287625
dfn,ifa,12.0,4,10,benign_consumer,9.988333299999999,0.3300000117305001,0.33333334506383344,0.9654545454545455,0.03424387103825046,0.0013333333333333335,0.0,0.03410395840423259,1.0,10.0,1.408859160494607e-155,1.408859160494607e-155,0.9982264112698896,0.0003344481605351171,0.0016722408026755853,0.0,1.4088591604946069e-156,0.8193979933110368
dfn,ifa,12.0,4,11,benign_consumer,9.988333299999999,0.3299999119432314,0.3333332786098981,0.9654545454545455,0.034330811354873404,0.0013333333333333335,0.0,0.03412093907056583,1.0,10.0,5.503348198290602e-150,5.503348198290602e-150,0.9982264112698896,0.0003344481605351171,0.0016722408026755853,0.0,5.503348198290602e-151,0.8461538461538461
dfn,ifa,12.0,5,0,router,0.33333331195874366,0.33333331195874366,0.33333331195874366,0.0,1.0,0.8033333333333333,0.0,1.0,1.0,11.98325016722408,11.98325016722408,5.0759611288887537e-194,0.0,0.0003073236405224796,0.9569028424912213,0.0,1.0,4.6642889485373795e-195
dfn,ifa,12.0,5,1,router,0.0,0.0,0.0,0.0,0.0,0.0,0.0,1.0,0.0,0.013377926421404762,0.013377926421404762,0.0,0.0,0.007517119850043738,0.9935340022296544,0.0,1.0,0.0
dfn,ifa,12.0,5,2,router,0.9999999403110832,0.33333331195874366,0.33333331195874366,0.11537229844461523,0.017873337693845238,0.8,0.0,0.017082735795569386,1.0,11.996627090301004,11.996628093645484,5.0759611288887537e-194,0.0,0.00029530807541793284,0.956892150664935,0.0,1.0000000842155403,4.481927226976806e-195
dfn,ifa,12.0,5,3,router,0.6666667315827078,0.33333329508048815,0.33333329508048815,0.12015644540644539,0.07705376255031685,0.6166688832684428,0.0,0.07627469345290644,1.0,11.996627090301004,11.996627090301004,1.2291098205732104e-171,0.0,0.00029530807541793284,0.956892150664935,0.0,1.0,1.0852684955550658e-172
dfn,ifa,12.0,5,4,router,0.6666666671305648,0.3333333698424738,0.3333333698424738,0.11790192160780395,0.05142300036611399,0.436678191513161,0.0,0.05062203170946469,1.0,8.010995527587007e-125,1.210200669185577e-178,1.210200669185577e-178,0.0,0.9665551839464883,0.9665551839464883,0.0,0.033444816053511704,0.7090301003344481
dfn,ifa,12.0,5,5,router,0.6666667226571608,0.3333332753881212,0.3333332753881212,0.11073316498316499,0.06711806050489572,0.45107872767778173,0.0,0.06668944465530775,1.0,3.1282992813546417e-119,1.5490765857391721e-183,1.5490765857391721e-183,0.0,0.9933110367892977,0.9933110367892977,0.0,0.006688963210702341,0.68561872909699
dfn,ifa,12.0,5,6,attacker,9.988333299999999,0.33000009095496563,0.33333339095496567,0.9654545454545455,0.03465801808814677,0.0013333333333333335,0.0,0.03377736804702152,1.0,21.996655551839464,11.996655183946487,2.624205698544732e-135,0.45387567693805875,0.000783984032862074,0.5420965753088213,0.0,0.5453832581471647,2.3167234518938984e-136
dfn,ifa,12.0,5,7,benign_consumer,9.988333299999999,0.32999997396107555,0.3333333406277422,0.9654545454545455,0.034257542612193506,0.0013333333333333335,0.0,0.034117626644838965,1.0,10.0,3.606915517976924e-161,3.606915517976924e-161,0.9982264112698896,0.0003344481605351171,0.0016722408026755853,0.0,3.606915517976924e-162,0.7926421404682275
dfn,ifa,12.0,5,8,benign_consumer,9.988333299999999,0.32999992938286193,0.3333332627161953,0.9654242424242424,0.034542126289513246,0.0013333333333333335,0.0,0.0340318432854217,1.0,10.0,8.010995527587007e-125,8.010995527587007e-125,0.9982264112698896,0.0003344481605351171,0.0016722408026755853,0.0,8.010995527587006e-126,0.9665551839464883
dfn,ifa,12.0,5,9,benign_consumer,9.988333299999999,0.33000007108103613,0.3333334044143694,0.9653939393939394,0.03485438973967485,0.0013333333333333335,0.0,0.03390378004796319,1.0,10.0,8.59899652879976e-146,8.59899652879976e-146,0.9982264112698896,0.0003344481605351171,0.0016722408026755853,0.0,8.598996528799762e-147,0.8662207357859532
dfn,ifa,12.0,5,10,benign_consumer,9.988333299999999,0.3300000182723777,0.33333338493904435,0.9653333333333334,0.03453465963712433,0.0013333333333333335,0.0,0.033654002929029044,1.0,10.0,3.1282992813546417e-119,3.1282992813546417e-119,0.9982264112698896,0.0003344481605351171,0.0016722408026755853,0.0,3.1282992813546416e-120,0.9933110367892977
dfn,ifa,12.0,5,11,benign_consumer,9.988333299999999,0.330000004384783,0.33333333771811635,0.9654242424242424,0.03458748962345826,0.0013333333333333335,0.0,0.03400725030241368,1.0,10.0,4.299498315087334e-145,4.299498315087334e-145,0.9982264112698896,0.0003344481605351171,0.0016722408026755853,0.0,4.299498315087335e-146,0.8695652173913043
dfn,ifa,15.0,1,0,router,0.3333333708796625,0.3333333708796625,0.3333333708796625,0.0,1.0,0.8033333333333333,0.0,1.0,1.0,14.976867892976587,14.976867892976587,2.5863749594770846e-202,0.0,0.00026518219661598346,0.9728561051994729,0.0,1.0,2.0507230880640905e-203
dfn,ifa,15.0,1,1,router,0.0,0.0,0.0,0.0,0.0,0.0,0.0,1.0,0.0,0.013377926421404762,0.013377926421404762,0.0,0.0,0.007517119850043738,0.9935340022296544,0.0,1.0,0.0
dfn,ifa,15.0,1,2,router,1.000000034557344,0.3333333708796625,0.3333333708796625,0.10558315516039975,0.01570498675710152,0.6866666666666666,0.0,0.0151457510444125,1.0,14.990245484949835,14.990245819397993,2.5863749594770846e-202,0.0,0.0002566437571657496,0.9722932970911516,0.0,1.0000000239961249,1.984693191561428e-203
dfn,ifa,15.0,1,3,router,0.6666667239542999,0.3333333000123751,0.3333333000123751,0.1264365863604994,0.05659724858681387,0.6087984986062609,0.0,0.055669524525168664,1.0,14.990245484949835,14.990245484949835,1.210200669185577e-178,0.0,0.0002566437571657496,0.9722932970911516,0.0,1.0,9.286654355100086e-180
dfn,ifa,15.0,1,4,router,0.6666667126708652,0.3333334231080107,0.3333334231080107,0.11684796363057233,0.08766438981159315,0.576667106153205,0.0,0.08677108417449789,1.0,3.6418198290593655e-96,1.8909405551839756e-174,1.8909405551839756e-174,0.0,1.0,1.0,0.0,3.7869018387886765e-79,0.7290969899665551
dfn,ifa,15.0,1,5,router,0.6666666243578683,0.3333333114369584,0.3333333114369584,0.1220285314524445,0.07760995947331514,0.4284046933337204,0.0,0.076454151057957,1.0,1.9093608311374927e-109,8.805388926053107e-153,8.805388926053107e-153,0.0,1.0,1.0,0.0,3.8415796599692897e-44,0.8327759197324415
dfn,ifa,15.0,1,6,attacker,9.988333299999999,0.3299999651950502,0.3333333318617169,0.9654545454545455,0.034273795021958875,0.0013333333333333335,0.0,0.034133879054547664,1.0,24.99414712374582,14.994147491638797,1.312102844101965e-134,0.39946987237957143,0.000701902845327753,0.5961718920224018,0.0,0.5999017477828532,9.495437328807938e-136
dfn,ifa,15.0,1,7,benign_consumer,9.988333299999999,0.33000009209258313,0.33333339209258317,0.9654242424242424,0.03450213350413026,0.0013333333333333335,0.0,0.03399185383337538,1.0,10.0,3.663259602378636e-154,3.663259602378636e-154,0.9982264112698896,0.0003344481605351171,0.0016722408026755853,0.0,3.6632596023786362e-155,0.8260869565217391
dfn,ifa,15.0,1,8,benign_consumer,9.988333299999999,0.3300000210726942,0.3333333544060276,0.9654545454545455,0.034243824455873394,0.0013333333333333335,0.0,0.03410391182185552,1.0,10.0,4.100320664717012e-131,4.100320664717012e-131,0.9982264112698896,0.0003344481605351171,0.0016722408026755853,0.0,4.1003206647170124e-132,0.9364548494983278
dfn,ifa,15.0,1,9,benign_consumer,9.988333299999999,0.329999991598171,0.3333333582648377,0.9653939393939394,0.0348152254023264,0.0013333333333333335,0.0,0.03386461237722141,1.0,10.0,3.6418198290593655e-96,3.6418198290593655e-96,0.9982264112698896,0.0003344481605351171,0.0016722408026755853,0.0,3.6418198290593657e-97,1.0
dfn,ifa,15.0,1,10,benign_consumer,9.988333299999999,0.3299999856652093,0.333333352331876,0.9654545454545455,0.03419076661499551,0.0013333333333333335,0.0,0.0340508506475843,1.0,10.0,1.909360831137492e-109,1.909360831137492e-109,0.9982264112698896,0.0003344481605351171,0.0016722408026755853,0.0,1.9093608311374923e-110,1.0
dfn,ifa,15.0,1,11,benign_consumer,9.988333299999999,0.32999993869265887,0.3333332720259922,0.9653939393939394,0.03486757863896404,0.0013333333333333335,0.0,0.033916968947252386,1.0,10.0,8.008444942762137e-125,8.008444942762137e-125,0.9982264112698896,0.0003344481605351171,0.0016722408026755853,0.0,8.008444942762137e-126,0.9665551839464883
dfn,ifa,15.0,2,0,router,0.3333333486083269,0.3333333486083269,0.3333333486083269,0.0,1.0,0.8033333333333333,0.0,1.0,1.0,14.976867892976587,14.976867892976587,1.5862545973691594e-190,0.0,0.00026518219661598346,0.9728561051994729,0.0,1.0,1.257732990372109e-191
dfn,ifa,15.0,2,1,router,0.0,0.0,0.0,0.0,0.0,0.0,0.0,1.0,0.0,0.013377926421404762,0.013377926421404762,0.0,0.0,0.007517119850043738,0.9935340022296544,0.0,1.0,0.0
dfn,ifa,15.0,2,2,router,1.000000104347435,0.3333333486083269,0.3333333486083269,0.10664373897707231,0.01767700293382775,0.6866666666666666,0.0,0.017161143378801605,1.0,14.990245484949835,14.990245819397993,1.5862545973691594e-190,0.0,0.0002566437571657496,0.9722932970911516,0.0,1.0000000239961249,1.2172359718291325e-191
dfn,ifa,15.0,2,3,router,0.6666665120714237,0.3333333879684622,0.3333333879684622,0.11428860028860029,0.055305922055786993,0.6600000000000323,0.0,0.05459525113376252,1.0,14.990245484949835,14.990245484949835,1.5492643402968146e-183,0.0,0.0002566437571657496,0.9722932970911516,0.0,1.0,1.188850957153506e-184
dfn,ifa,15.0,2,4,router,0.6666664818332589,0.3333332672447449,0.3333332672447449,0.11163494838494839,0.06754553603755331,0.6261196718646783,0.0,0.06587916756767506,1.0,8.59899652879976e-146,7.563754515053059e-176,7.563754515053059e-176,0.0,0.8662207357859532,0.8662207357859532,0.0,0.13377926421404682,0.7224080267558528
dfn,ifa,15.0,2,5,router,0.6666667541030673,0.33333344913422774,0.33333344913422774,0.12139901764901766,0.09328356041346218,0.46466624644163357,0.0,0.09289339191707988,1.0,1.9551876303850336e-116,8.805388926053107e-153,8.805388926053107e-153,0.0,1.0,1.0,0.0,3.7515426094973082e-37,0.8327759197324415
dfn,ifa,15.0,2,6,attacker,9.988333299999999,0.33000000581679534,0.3333333058167953,0.9654545454545455,0.0344946869457528,0.0013333333333333335,0.0,0.03404090445013916,1.0,24.99414712374582,14.994147491638797,1.6401297240931937e-132,0.39946987237957143,0.000701902845327753,0.5961718920224018,0.0,0.5999017477828532,1.1869305053306236e-133
dfn,ifa,15.0,2,7,benign_consumer,9.988333299999999,0.329999872921295,0.33333320625462837,0.9653939393939394,0.03473541848767985,0.0013333333333333335,0.0,0.03385476511292123,1.0,10.0,9.391759906730816e-176,9.391759906730816e-176,0.9982264112698896,0.0003344481605351171,0.0016722408026755853,0.0,9.391759906730815e-177,0.7224080267558528
dfn,ifa,15.0,2,8,benign_consumer,9.988333299999999,0.3299999177627134,0.3333332177627134,0.9654242424242424,0.03454139908097438,0.0013333333333333335,0.0,0.034031119410219496,1.0,10.0,8.59899652879976e-146,8.59899652879976e-146,0.9982264112698896,0.0003344481605351171,0.0016722408026755853,0.0,8.598996528799762e-147,0.8662207357859532
dfn,ifa,15.0,2,9,benign_consumer,9.988333299999999,0.3299999307372122,0.33333326407054553,0.9654545454545455,0.03427513475693214,0.0013333333333333335,0.0,0.03406526580596123,1.0,10.0,3.0018775580976967e-170,3.0018775580976967e-170,0.9982264112698896,0.0003344481605351171,0.0016722408026755853,0.0,3.001877558097696e-171,0.7491638795986622
dfn,ifa,15.0,2,10,benign_consumer,9.988333299999999,0.3300000586054476,0.3333333919387809,0.9653939393939394,0.03478269145731742,0.0013333333333333335,0.0,0.033902038082558796,1.0,10.0,1.9551876303850336e-116,1.9551876303850336e-116,0.9982264112698896,0.0003344481605351171,0.0016722408026755853,0.0,1.9551876303850335e-117,1.0
dfn,ifa,15.0,2,11,benign_consumer,9.988333299999999,0.33000002883095303,0.33333336216428633,0.9654242424242424,0.03456429099648531,0.0013333333333333335,0.0,0.03398405167544072,1.0,10.0,6.56053093774745e-134,6.56053093774745e-134,0.9982264112698896,0.0003344481605351171,0.0016722408026755853,0.0,6.560530937747449e-135,0.9230769230769231
dfn,ifa,15.0,3,0,router,0.3333333637375,0.3333333637375,0.3333333637375,0.0,1.0,0.8033333333333333,0.0,1.0,1.0,14.976867892976587,14.976867892976587,1.825881608729473e-204,0.0,0.00026518219661598346,0.9728561051994729,0.0,1.0,1.4477319641189224e-205
dfn,ifa,15.0,3,1,router,0.0,0.0,0.0,0.0,0.0,0.0,0.0,1.0,0.0,0.013377926421404762,0.013377926421404762,0.0,0.0,0.007517119850043738,0.9935340022296544,0.0,1.0,0.0
dfn,ifa,15.0,3,2,router,1.0000000011277064,0.3333333637375,0.3333333637375,0.10354307588131118,0.014314293891966784,0.6066781812682304,0.0,0.013520589899245797,1.0,14.990245484949835,14.990245819397993,1.825881608729473e-204,0.0,0.0002566437571657496,0.9722932970911516,0.0,1.0000000239961249,1.4011173690512255e-205
dfn,ifa,15.0,3,3,router,0.6666665557977042,0.3333333529660561,0.3333333529660561,0.11443885743885744,0.04729765055412417,0.6166709743295904,0.0,0.046928899217078095,1.0,14.990245484949835,14.990245484949835,3.222038879585781e-184,0.0,0.0002566437571657496,0.9722932970911516,0.0,1.0,2.4724793744450085e-185
dfn,ifa,15.0,3,4,router,0.6666665936093982,0.33333331941628447,0.33333331941628447,0.13948491323491322,0.07066633598448165,0.6040289278001503,0.0,0.06994726341347562,1.0,2.2048636648086874e-151,9.236074335271697e-167,9.236074335271697e-167,0.0,0.8394648829431438,0.8394648829431438,0.0,0.16053511705685652,0.7658862876254181
dfn,ifa,15.0,3,5,router,0.6666665710334964,0.33333332874536575,0.33333332874536575,0.12273677248677248,0.06178363883628141,0.2572183669462852,0.0,0.06125374406774221,1.0,3.4731049409740004e-82,1.515171532989925e-176,1.515171532989925e-176,0.0,1.0,1.0,0.0,3.137898778738155e-95,0.7190635451505016
dfn,ifa,15.0,3,6,attacker,9.988333299999999,0.33000003359633345,0.3333333335963335,0.9654545454545455,0.034517947395576565,0.0013333333333333335,0.0,0.03400766772482168,1.0,24.99414712374582,14.994147491638797,4.801212408489544e-166,0.39946987237957143,0.000701902845327753,0.5961718920224018,0.0,0.5999017477828532,3.47454558996099e-167
dfn,ifa,15.0,3,7,benign_consumer,9.988333299999999,0.3299999222013707,0.33333322220137074,0.9654242424242424,0.034512251182961945,0.0013333333333333335,0.0,0.03400197151220705,1.0,10.0,9.454724204418862e-174,9.454724204418862e-174,0.9982264112698896,0.0003344481605351171,0.0016722408026755853,0.0,9.454724204418862e-175,0.7324414715719063
dfn,ifa,15.0,3,8,benign_consumer,9.988333299999999,0.3299999482356815,0.3333332482356815,0.9654545454545455,0.03449719562680042,0.0013333333333333335,0.0,0.03398691595604553,1.0,10.0,2.201341514678591e-151,2.201341514678591e-151,0.9982264112698896,0.0003344481605351171,0.0016722408026755853,0.0,2.2013415146785912e-152,0.8394648829431438
dfn,ifa,15.0,3,9,benign_consumer,9.988333299999999,0.33000001204038326,0.3333333453737166,0.9654848484848484,0.03432635699093721,0.0013333333333333335,0.0,0.0341164880399663,1.0,10.0,3.5221501300962835e-154,3.5221501300962835e-154,0.9982264112698896,0.0003344481605351171,0.0016722408026755853,0.0,3.522150130096284e-155,0.8260869565217391
dfn,ifa,15.0,3,10,benign_consumer,9.988333299999999,0.330000009860751,0.333333309860751,0.9654545454545455,0.03454658494699622,0.0013333333333333335,0.0,0.03403630527624134,1.0,10.0,1.0750124624992137e-143,1.0750124624992137e-143,0.9982264112698896,0.0003344481605351171,0.0016722408026755853,0.0,1.0750124624992136e-144,0.8762541806020067
dfn,ifa,15.0,3,11,benign_consumer,9.988333299999999,0.3299999278394121,0.3333332611727454,0.9654545454545455,0.03429686092290445,0.0013333333333333335,0.0,0.034086991971933545,1.0,10.0,3.4731049409740004e-82,3.4731049409740004e-82,0.9982264112698896,0.0003344481605351171,0.0016722408026755853,0.0,3.473104940974001e-83,1.0
dfn,ifa,15.0,4,0,router,0.33333331781753334,0.33333331781753334,0.33333331781753334,0.0,1.0,0.8033333333333333,0.0,1.0,1.0,14.976867892976587,14.976867892976587,1.6243061462822033e-197,0.0,0.00026518219661598346,0.9728561051994729,0.0,1.0,1.287903827978476e-198
dfn,ifa,15.0,4,1,router,0.0,0.0,0.0,0.0,0.0,0.0,0.0,1.0,0.0,0.013377926421404762,0.013377926421404762,0.0,0.0,0.007517119850043738,0.9935340022296544,0.0,1.0,0.0
dfn,ifa,15.0,4,2,router,1.000000004268569,0.33333331781753334,0.33333331781753334,0.0966785196609758,0.014885214569091865,0.8,0.0,0.014529921010129142,1.0,14.990245484949835,14.990245819397993,1.6243061462822033e-197,0.0,0.0002566437571657496,0.9722932970911516,0.0,1.0000000239961249,1.2464353994147659e-198
dfn,ifa,15.0,4,3,router,0.6666667773786319,0.3333333214678868,0.3333333214678868,0.13070609945609946,0.0584976845364496,0.6079889987401004,0.0,0.05767108454292122,1.0,14.990245484949835,14.990245484949835,4.727341547157194e-173,0.0,0.0002566437571657496,0.9722932970911516,0.0,1.0,3.627595614026567e-174
dfn,ifa,15.0,4,4,router,0.666666547201053,0.3333334043828709,0.3333334043828709,0.13589237614237612,0.05024163932633903,0.49151426428712447,0.0,0.050052542670806964,1.0,2.9833854849838197e-105,3.978532596073998e-189,3.978532596073998e-189,0.0,1.0,1.0,0.0,8.789066075143154e-85,0.6588628762541806
dfn,ifa,15.0,4,5,router,0.6666666236737315,0.33333327841781135,0.33333327841781135,0.11265012025012024,0.052959507227361986,0.6400000000682886,0.0,0.052279585369490254,1.0,5.503362286882207e-150,6.051003344770861e-178,6.051003344770861e-178,0.0,0.8461538461538461,0.8461538461538461,0.0,0.15384615384615385,0.7123745819397993
dfn,ifa,15.0,4,6,attacker,9.988333299999999,0.33000003873917744,0.3333334054058441,0.9654545454545455,0.034494621335257866,0.0013333333333333335,0.0,0.033984334997832974,1.0,24.99414712374582,14.994147491638797,4.299498315087334e-145,0.39946987237957143,0.000701902845327753,0.5961718920224018,0.0,0.5999017477828532,3.1114646990037857e-146
dfn,ifa,15.0,4,7,benign_consumer,9.988333299999999,0.33000000530612117,0.33333337197278784,0.9653636363636364,0.03466678721468296,0.0013333333333333335,0.0,0.03378613050688771,1.0,10.0,1.7197992043850463e-146,1.7197992043850463e-146,0.9982264112698896,0.0003344481605351171,0.0016722408026755853,0.0,1.7197992043850463e-147,0.862876254180602
dfn,ifa,15.0,4,8,benign_consumer,9.988333299999999,0.3299999678731657,0.3333332678731657,0.9654242424242424,0.03449445255118621,0.0013333333333333335,0.0,0.03404067005557257,1.0,10.0,2.9833854849838197e-105,2.9833854849838197e-105,0.9982264112698896,0.0003344481605351171,0.0016722408026755853,0.0,2.98338548498382e-106,1.0
dfn,ifa,15.0,4,9,benign_consumer,9.988333299999999,0.3299999793278873,0.3333332793278873,0.9654545454545455,0.03454157615246955,0.0013333333333333335,0.0,0.03396134016476163,1.0,10.0,3.3589849080266287e-140,3.3589849080266287e-140,0.9982264112698896,0.0003344481605351171,0.0016722408026755853,0.0,3.358984908026629e-141,0.8929765886287625
dfn,ifa,15.0,4,10,benign_consumer,9.988333299999999,0.3300000117305001,0.33333334506383344,0.9654545454545455,0.03424387103825046,0.0013333333333333335,0.0,0.03410395840423259,1.0,10.0,1.408859160494607e-155,1.408859160494607e-155,0.9982264112698896,0.0003344481605351171,0.0016722408026755853,0.0,1.4088591604946069e-156,0.8193979933110368
dfn,ifa,15.0,4,11,benign_consumer,9.988333299999999,0.3299999119432314,0.3333332786098981,0.9654545454545455,0.034330811354873404,0.0013333333333333335,0.0,0.03412093907056583,1.0,10.0,5.503348198290602e-150,5.503348198290602e-150,0.9982264112698896,0.0003344481605351171,0.0016722408026755853,0.0,5.503348198290602e-151,0.8461538461538461
dfn,ifa,15.0,5,0,router,0.33333331195874366,0.33333331195874366,0.33333331195874366,0.0,1.0,0.8033333333333333,0.0,1.0,1.0,14.976867892976587,14.976867892976587,5.0759611288887537e-194,0.0,0.00026518219661598346,0.9728561051994729,0.0,1.0,4.024703068666588e-195
dfn,ifa,15.0,5,1,router,0.0,0.0,0.0,0.0,0.0,0.0,0.0,1.0,0.0,0.013377926421404762,0.013377926421404762,0.0,0.0,0.007517119850043738,0.9935340022296544,0.0,1.0,0.0
dfn,ifa,15.0,5,2,router,0.9999999403110832,0.33333331195874366,0.33333331195874366,0.11537229844461523,0.017873337693845238,0.8,0.0,0.017082735795569386,1.0,14.990245484949835,14.990245819397993,5.0759611288887537e-194,0.0,0.0002566437571657496,0.9722932970911516,0.0,1.0000000239961249,3.8951141135712605e-195
dfn,ifa,15.0,5,3,router,0.6666667315827078,0.33333329508048815,0.33333329508048815,0.12015644540644539,0.07705376255031685,0.6166688832684428,0.0,0.07627469345290644,1.0,14.990245484949835,14.990245484949835,1.2291098205732104e-171,0.0,0.0002566437571657496,0.9722932970911516,0.0,1.0,9.431756465740604e-173
dfn,ifa,15.0,5,4,router,0.6666666671305648,0.3333333698424738,0.3333333698424738,0.11790192160780395,0.05142300036611399,0.436678191513161,0.0,0.05062203170946469,1.0,8.010995527587007e-125,1.210200669185577e-178,1.210200669185577e-178,0.0,0.9665551839464883,0.9665551839464883,0.0,0.033444816053511704,0.7090301003344481
dfn,ifa,15.0,5,5,router,0.6666667226571608,0.3333332753881212,0.3333332753881212,0.11073316498316499,0.06711806050489572,0.45107872767778173,0.0,0.06668944465530775,1.0,3.1282992813546417e-119,1.5490765857391721e-183,1.5490765857391721e-183,0.0,0.9933110367892977,0.9933110367892977,0.0,0.006688963210702341,0.68561872909699
dfn,ifa,15.0,5,6,attacker,9.988333299999999,0.33000009095496563,0.33333339095496567,0.9654545454545455,0.03465801808814677,0.0013333333333333335,0.0,0.03377736804702152,1.0,24.99414712374582,14.994147491638797,2.624205698544732e-135,0.39946987237957143,0.000701902845327753,0.5961718920224018,0.0,0.5999017477828532,1.8990874726567064e-136
dfn,ifa,15.0,5,7,benign_consumer,9.988333299999999,0.32999997396107555,0.3333333406277422,0.9654545454545455,0.034257542612193506,0.0013333333333333335,0.0,0.034117626644838965,1.0,10.0,3.606915517976924e-161,3.606915517976924e-161,0.9982264112698896,0.0003344481605351171,0.0016722408026755853,0.0,3.606915517976924e-162,0.7926421404682275
dfn,ifa,15.0,5,8,benign_consumer,9.988333299999999,0.32999992938286193,0.3333332627161953,0.9654242424242424,0.034542126289513246,0.0013333333333333335,0.0,0.0340318432854217,1.0,10.0,8.010995527587007e-125,8.010995527587007e-125,0.9982264112698896,0.0003344481605351171,0.0016722408026755853,0.0,8.010995527587006e-126,0.9665551839464883
dfn,ifa,15.0,5,9,benign_consumer,9.988333299999999,0.33000007108103613,0.3333334044143694,0.9653939393939394,0.03485438973967485,0.0013333333333333335,0.0,0.03390378004796319,1.0,10.0,8.59899652879976e-146,8.59899652879976e-146,0.9982264112698896,0.0003344481605351171,0.0016722408026755853,0.0,8.598996528799762e-147,0.8662207357859532
dfn,ifa,15.0,5,10,benign_consumer,9.988333299999999,0.3300000182723777,0.33333338493904435,0.9653333333333334,0.03453465963712433,0.0013333333333333335,0.0,0.033654002929029044,1.0,10.0,3.1282992813546417e-119,3.1282992813546417e-119,0.9982264112698896,0.0003344481605351171,0.0016722408026755853,0.0,3.1282992813546416e-120,0.9933110367892977
dfn,ifa,15.0,5,11,benign_consumer,9.988333299999999,0.330000004384783,0.33333333771811635,0.9654242424242424,0.03458748962345826,0.0013333333333333335,0.0,0.03400725030241368,1.0,10.0,4.299498315087334e-145,4.299498315087334e-145,0.9982264112698896,0.0003344481605351171,0.0016722408026755853,0.0,4.299498315087335e-146,0.8695652173913043
dfn,ifa,20.0,1,0,router,0.3333333708796625,0.3333333708796625,0.3333333708796625,0.0,1.0,0.8033333333333333,0.0,1.0,1.0,19.96989966555184,19.96989966555184,2.5863749594770846e-202,0.0,0.000205996310416437,0.9927809699782655,0.0,1.0,1.5930232529731538e-203
dfn,ifa,20.0,1,1,router,0.0,0.0,0.0,0.0,0.0,0.0,0.0,1.0,0.0,0.013377926421404762,0.013377926421404762,0.0,0.0,0.007517119850043738,0.9935340022296544,0.0,1.0,0.0
dfn,ifa,20.0,1,2,router,1.000000034557344,0.3333333708796625,0.3333333708796625,0.10558315516039975,0.01570498675710152,0.6866666666666666,0.0,0.0151457510444125,1.0,19.98327725752508,19.983277591973245,2.5863749594770846e-202,0.0,0.0002018286646796755,0.9925684928208631,0.0,1.0000000167230414,1.560793800673541e-203
dfn,ifa,20.0,1,3,router,0.6666667239542999,0.3333333000123751,0.3333333000123751,0.1264365863604994,0.05659724858681387,0.6087984986062609,0.0,0.055669524525168664,1.0,19.98327725752508,19.98327725752508,1.210200669185577e-178,0.0,0.0002018286646796755,0.9925684928208631,0.0,1.0,7.303170232880443e-180
dfn,ifa,20.0,1,4,router,0.6666667126708652,0.3333334231080107,0.3333334231080107,0.11684796363057233,0.08766438981159315,0.576667106153205,0.0,0.08677108417449789,1.0,3.6418198290593655e-96,1.8909405551839756e-174,1.8909405551839756e-174,0.0,1.0,1.0,0.0,3.7869018387886765e-79,0.7290969899665551
dfn,ifa,20.0,1,5,router,0.6666666243578683,0.3333333114369584,0.3333333114369584,0.1220285314524445,0.07760995947331514,0.4284046933337204,0.0,0.076454151057957,1.0,1.9093608311374927e-109,8.805388926053107e-153,8.805388926053107e-153,0.0,1.0,1.0,0.0,3.8415796599692897e-44,0.8327759197324415
dfn,ifa,20.0,1,6,attacker,9.988333299999999,0.3299999651950502,0.3333333318617169,0.9654545454545455,0.034273795021958875,0.0013333333333333335,0.0,0.034133879054547664,1.0,29.983277591973245,19.98327725752508,1.312102844101965e-134,0.3330036801285048,0.0006285614185945925,0.6621360703162901,0.0,0.6664571350453851,7.918116950593376e-136
dfn,ifa,20.0,1,7,benign_consumer,9.988333299999999,0.33000009209258313,0.33333339209258317,0.9654242424242424,0.03450213350413026,0.0013333333333333335,0.0,0.03399185383337538,1.0,10.0,3.663259602378636e-154,3.663259602378636e-154,0.9982264112698896,0.0003344481605351171,0.0016722408026755853,0.0,3.6632596023786362e-155,0.8260869565217391
dfn,ifa,20.0,1,8,benign_consumer,9.988333299999999,0.3300000210726942,0.3333333544060276,0.9654545454545455,0.034243824455873394,0.0013333333333333335,0.0,0.03410391182185552,1.0,10.0,4.100320664717012e-131,4.100320664717012e-131,0.9982264112698896,0.0003344481605351171,0.0016722408026755853,0.0,4.1003206647170124e-132,0.9364548494983278
dfn,ifa,20.0,1,9,benign_consumer,9.988333299999999,0.329999991598171,0.3333333582648377,0.9653939393939394,0.0348152254023264,0.0013333333333333335,0.0,0.03386461237722141,1.0,10.0,3.6418198290593655e-96,3.6418198290593655e-96,0.9982264112698896,0.0003344481605351171,0.0016722408026755853,0.0,3.6418198290593657e-97,1.0
dfn,ifa,20.0,1,10,benign_consumer,9.988333299999999,0.3299999856652093,0.333333352331876,0.9654545454545455,0.03419076661499551,0.0013333333333333335,0.0,0.0340508506475843,1.0,10.0,1.909360831137492e-109,1.909360831137492e-109,0.9982264112698896,0.0003344481605351171,0.0016722408026755853,0.0,1.9093608311374923e-110,1.0
dfn,ifa,20.0,1,11,benign_consumer,9.988333299999999,0.32999993869265887,0.3333332720259922,0.9653939393939394,0.03486757863896404,0.0013333333333333335,0.0,0.033916968947252386,1.0,10.0,8.008444942762137e-125,8.008444942762137e-125,0.9982264112698896,0.0003344481605351171,0.0016722408026755853,0.0,8.008444942762137e-126,0.9665551839464883
dfn,ifa,20.0,2,0,router,0.3333333486083269,0.3333333486083269,0.3333333486083269,0.0,1.0,0.8033333333333333,0.0,1.0,1.0,19.96989966555184,19.96989966555184,1.5862545973691594e-190,0.0,0.000205996310416437,0.9927809699782655,0.0,1.0,9.77020142352802e-192
dfn,ifa,20.0,2,1,router,0.0,0.0,0.0,0.0,0.0,0.0,0.0,1.0,0.0,0.013377926421404762,0.013377926421404762,0.0,0.0,0.007517119850043738,0.9935340022296544,0.0,1.0,0.0
dfn,ifa,20.0,2,2,router,1.000000104347435,0.3333333486083269,0.3333333486083269,0.10664373897707231,0.01767700293382775,0.6866666666666666,0.0,0.017161143378801605,1.0,19.98327725752508,19.983277591973245,1.5862545973691594e-190,0.0,0.0002018286646796755,0.9925684928208631,0.0,1.0000000167230414,9.572533887852028e-192
dfn,ifa,20.0,2,3,router,0.6666665120714237,0.3333333879684622,0.3333333879684622,0.11428860028860029,0.055305922055786993,0.6600000000000323,0.0,0.05459525113376252,1.0,19.98327725752508,19.98327725752508,1.5492643402968146e-183,0.0,0.0002018286646796755,0.9925684928208631,0.0,1.0,9.349309870545291e-185
dfn,ifa,20.0,2,4,router,0.6666664818332589,0.3333332672447449,0.3333332672447449,0.11163494838494839,0.06754553603755331,0.6261196718646783,0.0,0.06587916756767506,1.0,8.59899652879976e-146,7.563754515053059e-176,7.563754515053059e-176,0.0,0.8662207357859532,0.8662207357859532,0.0,0.13377926421404682,0.7224080267558528
dfn,ifa,20.0,2,5,router,0.6666667541030673,0.33333344913422774,0.33333344913422774,0.12139901764901766,0.09328356041346218,0.46466624644163357,0.0,0.09289339191707988,1.0,1.9551876303850336e-116,8.805388926053107e-153,8.805388926053107e-153,0.0,1.0,1.0,0.0,3.7515426094973082e-37,0.8327759197324415
dfn,ifa,20.0,2,6,attacker,9.988333299999999,0.33000000581679534,0.3333333058167953,0.9654545454545455,0.0344946869457528,0.0013333333333333335,0.0,0.03404090445013916,1.0,29.983277591973245,19.98327725752508,1.6401297240931937e-132,0.3330036801285048,0.0006285614185945925,0.6621360703162901,0.0,0.6664571350453851,9.897653119801628e-134
dfn,ifa,20.0,2,7,benign_consumer,9.988333299999999,0.329999872921295,0.33333320625462837,0.9653939393939394,0.03473541848767985,0.0013333333333333335,0.0,0.03385476511292123,1.0,10.0,9.391759906730816e-176,9.391759906730816e-176,0.9982264112698896,0.0003344481605351171,0.0016722408026755853,0.0,9.391759906730815e-177,0.7224080267558528
dfn,ifa,20.0,2,8,benign_consumer,9.988333299999999,0.3299999177627134,0.3333332177627134,0.9654242424242424,0.03454139908097438,0.0013333333333333335,0.0,0.034031119410219496,1.0,10.0,8.59899652879976e-146,8.59899652879976e-146,0.9982264112698896,0.0003344481605351171,0.0016722408026755853,0.0,8.598996528799762e-147,0.8662207357859532
dfn,ifa,20.0,2,9,benign_consumer,9.988333299999999,0.3299999307372122,0.33333326407054553,0.9654545454545455,0.03427513475693214,0.0013333333333333335,0.0,0.03406526580596123,1.0,10.0,3.0018775580976967e-170,3.0018775580976967e-170,0.9982264112698896,0.0003344481605351171,0.0016722408026755853,0.0,3.001877558097696e-171,0.7491638795986622
dfn,ifa,20.0,2,10,benign_consumer,9.988333299999999,0.3300000586054476,0.3333333919387809,0.9653939393939394,0.03478269145731742,0.0013333333333333335,0.0,0.033902038082558796,1.0,10.0,1.9551876303850336e-116,1.9551876303850336e-116,0.9982264112698896,0.0003344481605351171,0.0016722408026755853,0.0,1.9551876303850335e-117,1.0
dfn,ifa,20.0,2,11,benign_consumer,9.988333299999999,0.33000002883095303,0.33333336216428633,0.9654242424242424,0.03456429099648531,0.0013333333333333335,0.0,0.03398405167544072,1.0,10.0,6.56053093774745e-134,6.56053093774745e-134,0.9982264112698896,0.0003344481605351171,0.0016722408026755853,0.0,6.560530937747449e-135,0.9230769230769231
dfn,ifa,20.0,3,0,router,0.3333333637375,0.3333333637375,0.3333333637375,0.0,1.0,0.8033333333333333,0.0,1.0,1.0,19.96989966555184,19.96989966555184,1.825881608729473e-204,0.0,0.000205996310416437,0.9927809699782655,0.0,1.0,1.1246133982618413e-205
dfn,ifa,20.0,3,1,router,0.0,0.0,0.0,0.0,0.0,0.0,0.0,1.0,0.0,0.013377926421404762,0.013377926421404762,0.0,0.0,0.007517119850043738,0.9935340022296544,0.0,1.0,0.0
dfn,ifa,20.0,3,2,router,1.0000000011277064,0.3333333637375,0.3333333637375,0.10354307588131118,0.014314293891966784,0.6066781812682304,0.0,0.013520589899245797,1.0,19.98327725752508,19.983277591973245,1.825881608729473e-204,0.0,0.0002018286646796755,0.9925684928208631,0.0,1.0000000167230414,1.1018606317779193e-205
dfn,ifa,20.0,3,3,router,0.6666665557977042,0.3333333529660561,0.3333333529660561,0.11443885743885744,0.04729765055412417,0.6166709743295904,0.0,0.046928899217078095,1.0,19.98327725752508,19.98327725752508,3.222038879585781e-184,0.0,0.0002018286646796755,0.9925684928208631,0.0,1.0,1.9443965179709865e-185
dfn,ifa,20.0,3,4,router,0.6666665936093982,0.33333331941628447,0.33333331941628447,0.13948491323491322,0.07066633598448165,0.6040289278001503,0.0,0.06994726341347562,1.0,2.2048636648086874e-151,9.236074335271697e-167,9.236074335271697e-167,0.0,0.8394648829431438,0.8394648829431438,0.0,0.16053511705685652,0.7658862876254181
dfn,ifa,20.0,3,5,router,0.6666665710334964,0.33333332874536575,0.33333332874536575,0.12273677248677248,0.06178363883628141,0.2572183669462852,0.0,0.06125374406774221,1.0,3.4731049409740004e-82,1.515171532989925e-176,1.515171532989925e-176,0.0,1.0,1.0,0.0,3.137898778738155e-95,0.7190635451505016
dfn,ifa,20.0,3,6,attacker,9.988333299999999,0.33000003359633345,0.3333333335963335,0.9654545454545455,0.034517947395576565,0.0013333333333333335,0.0,0.03400766772482168,1.0,29.983277591973245,19.98327725752508,4.801212408489544e-166,0.3330036801285048,0.0006285614185945925,0.6621360703162901,0.0,0.6664571350453851,2.8973766413727706e-167
dfn,ifa,20.0,3,7,benign_consumer,9.988333299999999,0.3299999222013707,0.33333322220137074,0.9654242424242424,0.034512251182961945,0.0013333333333333335,0.0,0.03400197151220705,1.0,10.0,9.454724204418862e-174,9.454724204418862e-174,0.9982264112698896,0.0003344481605351171,0.0016722408026755853,0.0,9.454724204418862e-175,0.7324414715719063
dfn,ifa,20.0,3,8,benign_consumer,9.988333299999999,0.3299999482356815,0.3333332482356815,0.9654545454545455,0.03449719562680042,0.0013333333333333335,0.0,0.03398691595604553,1.0,10.0,2.201341514678591e-151,2.201341514678591e-151,0.9982264112698896,0.0003344481605351171,0.0016722408026755853,0.0,2.2013415146785912e-152,0.8394648829431438
dfn,ifa,20.0,3,9,benign_consumer,9.988333299999999,0.33000001204038326,0.3333333453737166,0.9654848484848484,0.03432635699093721,0.0013333333333333335,0.0,0.0341164880399663,1.0,10.0,3.5221501300962835e-154,3.5221501300962835e-154,0.9982264112698896,0.0003344481605351171,0.0016722408026755853,0.0,3.522150130096284e-155,0.8260869565217391
dfn,ifa,20.0,3,10,benign_consumer,9.988333299999999,0.330000009860751,0.333333309860751,0.9654545454545455,0.03454658494699622,0.0013333333333333335,0.0,0.03403630527624134,1.0,10.0,1.0750124624992137e-143,1.0750124624992137e-143,0.9982264112698896,0.0003344481605351171,0.0016722408026755853,0.0,1.0750124624992136e-144,0.8762541806020067
dfn,ifa,20.0,3,11,benign_consumer,9.988333299999999,0.3299999278394121,0.3333332611727454,0.9654545454545455,0.03429686092290445,0.0013333333333333335,0.0,0.034086991971933545,1.0,10.0,3.4731049409740004e-82,3.4731049409740004e-82,0.9982264112698896,0.0003344481605351171,0.0016722408026755853,0.0,3.473104940974001e-83,1.0
dfn,ifa,20.0,4,0,router,0.33333331781753334,0.33333331781753334,0.33333331781753334,0.0,1.0,0.8033333333333333,0.0,1.0,1.0,19.96989966555184,19.96989966555184,1.6243061462822033e-197,0.0,0.000205996310416437,0.9927809699782655,0.0,1.0,1.0004571960420202e-198
dfn,ifa,20.0,4,1,router,0.0,0.0,0.0,0.0,0.0,0.0,0.0,1.0,0.0,0.013377926421404762,0.013377926421404762,0.0,0.0,0.007517119850043738,0.9935340022296544,0.0,1.0,0.0
dfn,ifa,20.0,4,2,router,1.000000004268569,0.33333331781753334,0.33333331781753334,0.0966785196609758,0.014885214569091865,0.8,0.0,0.014529921010129142,1.0,19.98327725752508,19.983277591973245,1.6243061462822033e-197,0.0,0.0002018286646796755,0.9925684928208631,0.0,1.0000000167230414,9.802162931052351e-199
dfn,ifa,20.0,4,3,router,0.6666667773786319,0.3333333214678868,0.3333333214678868,0.13070609945609946,0.0584976845364496,0.6079889987401004,0.0,0.05767108454292122,1.0,19.98327725752508,19.98327725752508,4.727341547157194e-173,0.0,0.0002018286646796755,0.9925684928208631,0.0,1.0,2.852797924501065e-174
dfn,ifa,20.0,4,4,router,0.666666547201053,0.3333334043828709,0.3333334043828709,0.13589237614237612,0.05024163932633903,0.49151426428712447,0.0,0.050052542670806964,1.0,2.9833854849838197e-105,3.978532596073998e-189,3.978532596073998e-189,0.0,1.0,1.0,0.0,8.789066075143154e-85,0.6588628762541806
dfn,ifa,20.0,4,5,router,0.6666666236737315,0.33333327841781135,0.33333327841781135,0.11265012025012024,0.052959507227361986,0.6400000000682886,0.0,0.052279585369490254,1.0,5.503362286882207e-150,6.051003344770861e-178,6.051003344770861e-178,0.0,0.8461538461538461,0.8461538461538461,0.0,0.15384615384615385,0.7123745819397993
dfn,ifa,20.0,4,6,attacker,9.988333299999999,0.33000003873917744,0.3333334054058441,0.9654545454545455,0.034494621335257866,0.0013333333333333335,0.0,0.033984334997832974,1.0,29.983277591973245,19.98327725752508,4.299498315087334e-145,0.3330036801285048,0.0006285614185945925,0.6621360703162901,0.0,0.6664571350453851,2.594608392451518e-146
dfn,ifa,20.0,4,7,benign_consumer,9.988333299999999,0.33000000530612117,0.33333337197278784,0.9653636363636364,0.03466678721468296,0.0013333333333333335,0.0,0.03378613050688771,1.0,10.0,1.7197992043850463e-146,1.7197992043850463e-146,0.9982264112698896,0.0003344481605351171,0.0016722408026755853,0.0,1.7197992043850463e-147,0.862876254180602
dfn,ifa,20.0,4,8,benign_consumer,9.988333299999999,0.3299999678731657,0.3333332678731657,0.9654242424242424,0.03449445255118621,0.0013333333333333335,0.0,0.03404067005557257,1.0,10.0,2.9833854849838197e-105,2.9833854849838197e-105,0.9982264112698896,0.0003344481605351171,0.0016722408026755853,0.0,2.98338548498382e-106,1.0
dfn,ifa,20.0,4,9,benign_consumer,9.988333299999999,0.3299999793278873,0.3333332793278873,0.9654545454545455,0.03454157615246955,0.0013333333333333335,0.0,0.03396134016476163,1.0,10.0,3.3589849080266287e-140,3.3589849080266287e-140,0.9982264112698896,0.0003344481605351171,0.0016722408026755853,0.0,3.358984908026629e-141,0.8929765886287625
dfn,ifa,20.0,4,10,benign_consumer,9.988333299999999,0.3300000117305001,0.33333334506383344,0.9654545454545455,0.03424387103825046,0.0013333333333333335,0.0,0.03410395840423259,1.0,10.0,1.408859160494607e-155,1.408859160494607e-155,0.9982264112698896,0.0003344481605351171,0.0016722408026755853,0.0,1.4088591604946069e-156,0.8193979933110368
dfn,ifa,20.0,4,11,benign_consumer,9.988333299999999,0.3299999119432314,0.3333332786098981,0.9654545454545455,0.034330811354873404,0.0013333333333333335,0.0,0.03412093907056583,1.0,10.0,5.503348198290602e-150,5.503348198290602e-150,0.9982264112698896,0.0003344481605351171,0.0016722408026755853,0.0,5.503348198290602e-151,0.8461538461538461
dfn,ifa,20.0,5,0,router,0.33333331195874366,0.33333331195874366,0.33333331195874366,0.0,1.0,0.8033333333333333,0.0,1.0,1.0,19.96989966555184,19.96989966555184,5.0759611288887537e-194,0.0,0.000205996310416437,0.9927809699782655,0.0,1.0,3.12643154075464e-195
dfn,ifa,20.0,5,1,router,0.0,0.0,0.0,0.0,0.0,0.0,0.0,1.0,0.0,0.013377926421404762,0.013377926421404762,0.0,0.0,0.007517119850043738,0.9935340022296544,0.0,1.0,0.0
dfn,ifa,20.0,5,2,router,0.9999999403110832,0.33333331195874366,0.33333331195874366,0.11537229844461523,0.017873337693845238,0.8,0.0,0.017082735795569386,1.0,19.98327725752508,19.983277591973245,5.0759611288887537e-194,0.0,0.0002018286646796755,0.9925684928208631,0.0,1.0000000167230414,3.0631786644572817e-195
dfn,ifa,20.0,5,3,router,0.6666667315827078,0.33333329508048815,0.33333329508048815,0.12015644540644539,0.07705376255031685,0.6166688832684428,0.0,0.07627469345290644,1.0,19.98327725752508,19.98327725752508,1.2291098205732104e-171,0.0,0.0002018286646796755,0.9925684928208631,0.0,1.0,7.41728062387206e-173
dfn,ifa,20.0,5,4,router,0.6666666671305648,0.3333333698424738,0.3333333698424738,0.11790192160780395,0.05142300036611399,0.436678191513161,0.0,0.05062203170946469,1.0,8.010995527587007e-125,1.210200669185577e-178,1.210200669185577e-178,0.0,0.9665551839464883,0.9665551839464883,0.0,0.033444816053511704,0.7090301003344481
dfn,ifa,20.0,5,5,router,0.6666667226571608,0.3333332753881212,0.3333332753881212,0.11073316498316499,0.06711806050489572,0.45107872767778173,0.0,0.06668944465530775,1.0,3.1282992813546417e-119,1.5490765857391721e-183,1.5490765857391721e-183,0.0,0.9933110367892977,0.9933110367892977,0.0,0.006688963210702341,0.68561872909699
dfn,ifa,20.0,5,6,attacker,9.988333299999999,0.33000009095496563,0.33333339095496567,0.9654545454545455,0.03465801808814677,0.0013333333333333335,0.0,0.03377736804702152,1.0,29.983277591973245,19.98327725752508,2.624205698544732e-135,0.3330036801285048,0.0006285614185945925,0.6621360703162901,0.0,0.6664571350453851,1.5836233952911113e-136
dfn,ifa,20.0,5,7,benign_consumer,9.988333299999999,0.32999997396107555,0.3333333406277422,0.9654545454545455,0.034257542612193506,0.0013333333333333335,0.0,0.034117626644838965,1.0,10.0,3.606915517976924e-161,3.606915517976924e-161,0.9982264112698896,0.0003344481605351171,0.0016722408026755853,0.0,3.606915517976924e-162,0.7926421404682275
dfn,ifa,20.0,5,8,benign_consumer,9.988333299999999,0.32999992938286193,0.3333332627161953,0.9654242424242424,0.034542126289513246,0.0013333333333333335,0.0,0.0340318432854217,1.0,10.0,8.010995527587007e-125,8.010995527587007e-125,0.9982264112698896,0.0003344481605351171,0.0016722408026755853,0.0,8.010995527587006e-126,0.9665551839464883
dfn,ifa,20.0,5,9,benign_consumer,9.988333299999999,0.33000007108103613,0.3333334044143694,0.9653939393939394,0.03485438973967485,0.0013333333333333335,0.0,0.03390378004796319,1.0,10.0,8.59899652879976e-146,8.59899652879976e-146,0.9982264112698896,0.0003344481605351171,0.0016722408026755853,0.0,8.598996528799762e-147,0.8662207357859532
dfn,ifa,20.0,5,10,benign_consumer,9.988333299999999,0.3300000182723777,0.33333338493904435,0.9653333333333334,0.03453465963712433,0.0013333333333333335,0.0,0.033654002929029044,1.0,10.0,3.1282992813546417e-119,3.1282992813546417e-119,0.9982264112698896,0.0003344481605351171,0.0016722408026755853,0.0,3.1282992813546416e-120,0.9933110367892977
dfn,ifa,20.0,5,11,benign_consumer,9.988333299999999,0.330000004384783,0.33333333771811635,0.9654242424242424,0.03458748962345826,0.0013333333333333335,0.0,0.03400725030241368,1.0,10.0,4.299498315087334e-145,4.299498315087334e-145,0.9982264112698896,0.0003344481605351171,0.0016722408026755853,0.0,4.299498315087335e-146,0.8695652173913043
dfn,ifa,30.0,1,0,router,0.3333333708796625,0.3333333708796625,0.3333333708796625,0.0,1.0,0.8033333333333333,0.0,1.0,1.0,29.96153846153846,29.96153846153846,2.5863749594770846e-202,0.0,0.00013640961784307676,0.9929187986678494,0.0,1.0,1.05489120263368e-203
dfn,ifa,30.0,1,1,router,0.0,0.0,0.0,0.0,0.0,0.0,0.0,1.0,0.0,0.013377926421404694,0.013377926421404694,0.0,0.0,0.025055741337664295,0.9923634336677815,0.0,1.0,0.0
dfn,ifa,30.0,1,2,router,1.000000034557344,0.3333333708796625,0.3333333708796625,0.10558315516039975,0.01570498675710152,0.6866666666666666,0.0,0.0151457510444125,1.0,29.974916387959865,29.974916387959865,2.5863749594770846e-202,0.0,0.00013455244306079549,0.9927841490858478,0.0,0.9999999999996514,1.0405292009662289e-203
dfn,ifa,30.0,1,3,router,0.6666667239542999,0.3333333000123751,0.3333333000123751,0.1264365863604994,0.05659724858681387,0.6087984986062609,0.0,0.055669524525168664,1.0,29.974916387959865,29.974916387959865,1.210200669185577e-178,0.0,0.00013455244306079549,0.9927841490858478,0.0,1.0,4.868780153119139e-180
dfn,ifa,30.0,1,4,router,0.6666667126708652,0.3333334231080107,0.3333334231080107,0.11684796363057233,0.08766438981159315,0.576667106153205,0.0,0.08677108417449789,1.0,3.6418198290593655e-96,1.8909405551839756e-174,1.8909405551839756e-174,0.0,1.0,1.0,0.0,3.7869018387886765e-79,0.7290969899665551
dfn,ifa,30.0,1,5,router,0.6666666243578683,0.3333333114369584,0.3333333114369584,0.1220285314524445,0.07760995947331514,0.4284046933337204,0.0,0.076454151057957,1.0,1.9093608311374927e-109,8.805388926053107e-153,8.805388926053107e-153,0.0,1.0,1.0,0.0,3.8415796599692897e-44,0.8327759197324415
dfn,ifa,30.0,1,6,attacker,9.988333299999999,0.3299999651950502,0.3333333318617169,0.9654545454545455,0.034273795021958875,0.0013333333333333335,0.0,0.034133879054547664,1.0,39.98494983277592,29.98494983277592,1.312102844101965e-134,0.2497648541429787,0.0004524139172695041,0.7450532373029364,0.0,0.7498982068683738,4.868715422967855e-136
dfn,ifa,30.0,1,7,benign_consumer,9.988333299999999,0.33000009209258313,0.33333339209258317,0.9654242424242424,0.03450213350413026,0.0013333333333333335,0.0,0.03399185383337538,1.0,10.0,3.663259602378636e-154,3.663259602378636e-154,0.9982264112698896,0.0003344481605351171,0.0016722408026755853,0.0,3.6632596023786362e-155,0.8260869565217391
dfn,ifa,30.0,1,8,benign_consumer,9.988333299999999,0.3300000210726942,0.3333333544060276,0.9654545454545455,0.034243824455873394,0.0013333333333333335,0.0,0.03410391182185552,1.0,10.0,4.100320664717012e-131,4.100320664717012e-131,0.9982264112698896,0.0003344481605351171,0.0016722408026755853,0.0,4.1003206647170124e-132,0.9364548494983278
dfn,ifa,30.0,1,9,benign_consumer,9.988333299999999,0.329999991598171,0.3333333582648377,0.9653939393939394,0.0348152254023264,0.0013333333333333335,0.0,0.03386461237722141,1.0,10.0,3.6418198290593655e-96,3.6418198290593655e-96,0.9982264112698896,0.0003344481605351171,0.0016722408026755853,0.0,3.6418198290593657e-97,1.0
dfn,ifa,30.0,1,10,benign_consumer,9.988333299999999,0.3299999856652093,0.333333352331876,0.9654545454545455,0.03419076661499551,0.0013333333333333335,0.0,0.0340508506475843,1.0,10.0,1.909360831137492e-109,1.909360831137492e-109,0.9982264112698896,0.0003344481605351171,0.0016722408026755853,0.0,1.9093608311374923e-110,1.0
dfn,ifa,30.0,1,11,benign_consumer,9.988333299999999,0.32999993869265887,0.3333332720259922,0.9653939393939394,0.03486757863896404,0.0013333333333333335,0.0,0.033916968947252386,1.0,10.0,8.008444942762137e-125,8.008444942762137e-125,0.9982264112698896,0.0003344481605351171,0.0016722408026755853,0.0,8.008444942762137e-126,0.9665551839464883
dfn,ifa,30.0,2,0,router,0.3333333486083269,0.3333333486083269,0.3333333486083269,0.0,1.0,0.8033333333333333,0.0,1.0,1.0,29.96153846153846,29.96153846153846,1.5862545973691594e-190,0.0,0.00013640961784307676,0.9929187986678494,0.0,1.0,6.4697733182984345e-192
dfn,ifa,30.0,2,1,router,0.0,0.0,0.0,0.0,0.0,0.0,0.0,1.0,0.0,0.013377926421404694,0.013377926421404694,0.0,0.0,0.025055741337664295,0.9923634336677815,0.0,1.0,0.0
dfn,ifa,30.0,2,2,router,1.000000104347435,0.3333333486083269,0.3333333486083269,0.10664373897707231,0.01767700293382775,0.6866666666666666,0.0,0.017161143378801605,1.0,29.974916387959865,29.974916387959865,1.5862545973691594e-190,0.0,0.00013455244306079549,0.9927841490858478,0.0,0.9999999999996514,6.381689261740063e-192
dfn,ifa,30.0,2,3,router,0.6666665120714237,0.3333333879684622,0.3333333879684622,0.11428860028860029,0.055305922055786993,0.6600000000000323,0.0,0.05459525113376252,1.0,29.974916387959865,29.974916387959865,1.5492643402968146e-183,0.0,0.00013455244306079549,0.9927841490858478,0.0,1.0,6.232873244297683e-185
dfn,ifa,30.0,2,4,router,0.6666664818332589,0.3333332672447449,0.3333332672447449,0.11163494838494839,0.06754553603755331,0.6261196718646783,0.0,0.06587916756767506,1.0,8.59899652879976e-146,7.563754515053059e-176,7.563754515053059e-176,0.0,0.8662207357859532,0.8662207357859532,0.0,0.13377926421404682,0.7224080267558528
dfn,ifa,30.0,2,5,router,0.6666667541030673,0.33333344913422774,0.33333344913422774,0.12139901764901766,0.09328356041346218,0.46466624644163357,0.0,0.09289339191707988,1.0,1.9551876303850336e-116,8.805388926053107e-153,8.805388926053107e-153,0.0,1.0,1.0,0.0,3.7515426094973082e-37,0.8327759197324415
dfn,ifa,30.0,2,6,attacker,9.988333299999999,0.33000000581679534,0.3333333058167953,0.9654545454545455,0.0344946869457528,0.0013333333333333335,0.0,0.03404090445013916,1.0,39.98494983277592,29.98494983277592,1.6401297240931937e-132,0.2497648541429787,0.0004524139172695041,0.7450532373029364,0.0,0.7498982068683738,6.085898571712165e-134
dfn,ifa,30.0,2,7,benign_consumer,9.988333299999999,0.329999872921295,0.33333320625462837,0.9653939393939394,0.03473541848767985,0.0013333333333333335,0.0,0.03385476511292123,1.0,10.0,9.391759906730816e-176,9.391759906730816e-176,0.9982264112698896,0.0003344481605351171,0.0016722408026755853,0.0,9.391759906730815e-177,0.7224080267558528
dfn,ifa,30.0,2,8,benign_consumer,9.988333299999999,0.3299999177627134,0.3333332177627134,0.9654242424242424,0.03454139908097438,0.0013333333333333335,0.0,0.034031119410219496,1.0,10.0,8.59899652879976e-146,8.59899652879976e-146,0.9982264112698896,0.0003344481605351171,0.0016722408026755853,0.0,8.598996528799762e-147,0.8662207357859532
dfn,ifa,30.0,2,9,benign_consumer,9.988333299999999,0.3299999307372122,0.33333326407054553,0.9654545454545455,0.03427513475693214,0.0013333333333333335,0.0,0.03406526580596123,1.0,10.0,3.0018775580976967e-170,3.0018775580976967e-170,0.9982264112698896,0.0003344481605351171,0.0016722408026755853,0.0,3.001877558097696e-171,0.7491638795986622
dfn,ifa,30.0,2,10,benign_consumer,9.988333299999999,0.3300000586054476,0.3333333919387809,0.9653939393939394,0.03478269145731742,0.0013333333333333335,0.0,0.033902038082558796,1.0,10.0,1.9551876303850336e-116,1.9551876303850336e-116,0.9982264112698896,0.0003344481605351171,0.0016722408026755853,0.0,1.9551876303850335e-117,1.0
dfn,ifa,30.0,2,11,benign_consumer,9.988333299999999,0.33000002883095303,0.33333336216428633,0.9654242424242424,0.03456429099648531,0.0013333333333333335,0.0,0.03398405167544072,1.0,10.0,6.56053093774745e-134,6.56053093774745e-134,0.9982264112698896,0.0003344481605351171,0.0016722408026755853,0.0,6.560530937747449e-135,0.9230769230769231
dfn,ifa,30.0,3,0,router,0.3333333637375,0.3333333637375,0.3333333637375,0.0,1.0,0.8033333333333333,0.0,1.0,1.0,29.96153846153846,29.96153846153846,1.825881608729473e-204,0.0,0.00013640961784307676,0.9929187986678494,0.0,1.0,7.447127787593238e-206
dfn,ifa,30.0,3,1,router,0.0,0.0,0.0,0.0,0.0,0.0,0.0,1.0,0.0,0.013377926421404694,0.013377926421404694,0.0,0.0,0.025055741337664295,0.9923634336677815,0.0,1.0,0.0
dfn,ifa,30.0,3,2,router,1.0000000011277064,0.3333333637375,0.3333333637375,0.10354307588131118,0.014314293891966784,0.6066781812682304,0.0,0.013520589899245797,1.0,29.974916387959865,29.974916387959865,1.825881608729473e-204,0.0,0.00013455244306079549,0.9927841490858478,0.0,0.9999999999996514,7.345737548837356e-206
dfn,ifa,30.0,3,3,router,0.6666665557977042,0.3333333529660561,0.3333333529660561,0.11443885743885744,0.04729765055412417,0.6166709743295904,0.0,0.046928899217078095,1.0,29.974916387959865,29.974916387959865,3.222038879585781e-184,0.0,0.00013455244306079549,0.9927841490858478,0.0,1.0,1.2962643447457043e-185
dfn,ifa,30.0,3,4,router,0.6666665936093982,0.33333331941628447,0.33333331941628447,0.13948491323491322,0.07066633598448165,0.6040289278001503,0.0,0.06994726341347562,1.0,2.2048636648086874e-151,9.236074335271697e-167,9.236074335271697e-167,0.0,0.8394648829431438,0.8394648829431438,0.0,0.16053511705685652,0.7658862876254181
dfn,ifa,30.0,3,5,router,0.6666665710334964,0.33333332874536575,0.33333332874536575,0.12273677248677248,0.06178363883628141,0.2572183669462852,0.0,0.06125374406774221,1.0,3.4731049409740004e-82,1.515171532989925e-176,1.515171532989925e-176,0.0,1.0,1.0,0.0,3.137898778738155e-95,0.7190635451505016
dfn,ifa,30.0,3,6,attacker,9.988333299999999,0.33000003359633345,0.3333333335963335,0.9654545454545455,0.034517947395576565,0.0013333333333333335,0.0,0.03400766772482168,1.0,39.98494983277592,29.98494983277592,4.801212408489544e-166,0.2497648541429787,0.0004524139172695041,0.7450532373029364,0.0,0.7498982068683738,1.7815476121349458e-167
dfn,ifa,30.0,3,7,benign_consumer,9.988333299999999,0.3299999222013707,0.33333322220137074,0.9654242424242424,0.034512251182961945,0.0013333333333333335,0.0,0.03400197151220705,1.0,10.0,9.454724204418862e-174,9.454724204418862e-174,0.9982264112698896,0.0003344481605351171,0.0016722408026755853,0.0,9.454724204418862e-175,0.7324414715719063
dfn,ifa,30.0,3,8,benign_consumer,9.988333299999999,0.3299999482356815,0.3333332482356815,0.9654545454545455,0.03449719562680042,0.0013333333333333335,0.0,0.03398691595604553,1.0,10.0,2.201341514678591e-151,2.201341514678591e-151,0.9982264112698896,0.0003344481605351171,0.0016722408026755853,0.0,2.2013415146785912e-152,0.8394648829431438
dfn,ifa,30.0,3,9,benign_consumer,9.988333299999999,0.33000001204038326,0.3333333453737166,0.9654848484848484,0.03432635699093721,0.0013333333333333335,0.0,0.0341164880399663,1.0,10.0,3.5221501300962835e-154,3.5221501300962835e-154,0.9982264112698896,0.0003344481605351171,0.0016722408026755853,0.0,3.522150130096284e-155,0.8260869565217391
dfn,ifa,30.0,3,10,benign_consumer,9.988333299999999,0.330000009860751,0.333333309860751,0.9654545454545455,0.03454658494699622,0.0013333333333333335,0.0,0.03403630527624134,1.0,10.0,1.0750124624992137e-143,1.0750124624992137e-143,0.9982264112698896,0.0003344481605351171,0.0016722408026755853,0.0,1.0750124624992136e-144,0.8762541806020067
dfn,ifa,30.0,3,11,benign_consumer,9.988333299999999,0.3299999278394121,0.3333332611727454,0.9654545454545455,0.03429686092290445,0.0013333333333333335,0.0,0.034086991971933545,1.0,10.0,3.4731049409740004e-82,3.4731049409740004e-82,0.9982264112698896,0.0003344481605351171,0.0016722408026755853,0.0,3.473104940974001e-83,1.0
dfn,ifa,30.0,4,0,router,0.33333331781753334,0.33333331781753334,0.33333331781753334,0.0,1.0,0.8033333333333333,0.0,1.0,1.0,29.96153846153846,29.96153846153846,1.6243061462822033e-197,0.0,0.00013640961784307676,0.9929187986678494,0.0,1.0,6.624972251660901e-199
dfn,ifa,30.0,4,1,router,0.0,0.0,0.0,0.0,0.0,0.0,0.0,1.0,0.0,0.013377926421404694,0.013377926421404694,0.0,0.0,0.025055741337664295,0.9923634336677815,0.0,1.0,0.0
dfn,ifa,30.0,4,2,router,1.000000004268569,0.33333331781753334,0.33333331781753334,0.0966785196609758,0.014885214569091865,0.8,0.0,0.014529921010129142,1.0,29.974916387959865,29.974916387959865,1.6243061462822033e-197,0.0,0.00013455244306079549,0.9927841490858478,0.0,0.9999999999996514,6.53477529061638e-199
dfn,ifa,30.0,4,3,router,0.6666667773786319,0.3333333214678868,0.3333333214678868,0.13070609945609946,0.0584976845364496,0.6079889987401004,0.0,0.05767108454292122,1.0,29.974916387959865,29.974916387959865,4.727341547157194e-173,0.0,0.00013455244306079549,0.9927841490858478,0.0,1.0,1.9018652821669256e-174
dfn,ifa,30.0,4,4,router,0.666666547201053,0.3333334043828709,0.3333334043828709,0.13589237614237612,0.05024163932633903,0.49151426428712447,0.0,0.050052542670806964,1.0,2.9833854849838197e-105,3.978532596073998e-189,3.978532596073998e-189,0.0,1.0,1.0,0.0,8.789066075143154e-85,0.6588628762541806
dfn,ifa,30.0,4,5,router,0.6666666236737315,0.33333327841781135,0.33333327841781135,0.11265012025012024,0.052959507227361986,0.6400000000682886,0.0,0.052279585369490254,1.0,5.503362286882207e-150,6.051003344770861e-178,6.051003344770861e-178,0.0,0.8461538461538461,0.8461538461538461,0.0,0.15384615384615385,0.7123745819397993
dfn,ifa,30.0,4,6,attacker,9.988333299999999,0.33000003873917744,0.3333334054058441,0.9654545454545455,0.034494621335257866,0.0013333333333333335,0.0,0.033984334997832974,1.0,39.98494983277592,29.98494983277592,4.299498315087334e-145,0.2497648541429787,0.0004524139172695041,0.7450532373029364,0.0,0.7498982068683738,1.5953805648805666e-146
dfn,ifa,30.0,4,7,benign_consumer,9.988333299999999,0.33000000530612117,0.33333337197278784,0.9653636363636364,0.03466678721468296,0.0013333333333333335,0.0,0.03378613050688771,1.0,10.0,1.7197992043850463e-146,1.7197992043850463e-146,0.9982264112698896,0.0003344481605351171,0.0016722408026755853,0.0,1.7197992043850463e-147,0.862876254180602
dfn,ifa,30.0,4,8,benign_consumer,9.988333299999999,0.3299999678731657,0.3333332678731657,0.9654242424242424,0.03449445255118621,0.0013333333333333335,0.0,0.03404067005557257,1.0,10.0,2.9833854849838197e-105,2.9833854849838197e-105,0.9982264112698896,0.0003344481605351171,0.0016722408026755853,0.0,2.98338548498382e-106,1.0
dfn,ifa,30.0,4,9,benign_consumer,9.988333299999999,0.3299999793278873,0.3333332793278873,0.9654545454545455,0.03454157615246955,0.0013333333333333335,0.0,0.03396134016476163,1.0,10.0,3.3589849080266287e-140,3.3589849080266287e-140,0.9982264112698896,0.0003344481605351171,0.0016722408026755853,0.0,3.358984908026629e-141,0.8929765886287625
dfn,ifa,30.0,4,10,benign_consumer,9.988333299999999,0.3300000117305001,0.33333334506383344,0.9654545454545455,0.03424387103825046,0.0013333333333333335,0.0,0.03410395840423259,1.0,10.0,1.408859160494607e-155,1.408859160494607e-155,0.9982264112698896,0.0003344481605351171,0.0016722408026755853,0.0,1.4088591604946069e-156,0.8193979933110368
dfn,ifa,30.0,4,11,benign_consumer,9.988333299999999,0.3299999119432314,0.3333332786098981,0.9654545454545455,0.034330811354873404,0.0013333333333333335,0.0,0.03412093907056583,1.0,10.0,5.503348198290602e-150,5.503348198290602e-150,0.9982264112698896,0.0003344481605351171,0.0016722408026755853,0.0,5.503348198290602e-151,0.8461538461538461
dfn,ifa,30.0,5,0,router,0.33333331195874366,0.33333331195874366,0.33333331195874366,0.0,1.0,0.8033333333333333,0.0,1.0,1.0,29.96153846153846,29.96153846153846,5.0759611288887537e-194,0.0,0.00013640961784307676,0.9929187986678494,0.0,1.0,2.070305678499457e-195
dfn,ifa,30.0,5,1,router,0.0,0.0,0.0,0.0,0.0,0.0,0.0,1.0,0.0,0.013377926421404694,0.013377926421404694,0.0,0.0,0.025055741337664295,0.9923634336677815,0.0,1.0,0.0
dfn,ifa,30.0,5,2,router,0.9999999403110832,0.33333331195874366,0.33333331195874366,0.11537229844461523,0.017873337693845238,0.8,0.0,0.017082735795569386,1.0,29.974916387959865,29.974916387959865,5.0759611288887537e-194,0.0,0.00013455244306079549,0.9927841490858478,0.0,0.9999999999996514,2.042119110653232e-195
dfn,ifa,30.0,5,3,router,0.6666667315827078,0.33333329508048815,0.33333329508048815,0.12015644540644539,0.07705376255031685,0.6166688832684428,0.0,0.07627469345290644,1.0,29.974916387959865,29.974916387959865,1.2291098205732104e-171,0.0,0.00013455244306079549,0.9927841490858478,0.0,1.0,4.9448537470801995e-173
dfn,ifa,30.0,5,4,router,0.6666666671305648,0.3333333698424738,0.3333333698424738,0.11790192160780395,0.05142300036611399,0.436678191513161,0.0,0.05062203170946469,1.0,8.010995527587007e-125,1.210200669185577e-178,1.210200669185577e-178,0.0,0.9665551839464883,0.9665551839464883,0.0,0.033444816053511704,0.7090301003344481
dfn,ifa,30.0,5,5,router,0.6666667226571608,0.3333332753881212,0.3333332753881212,0.11073316498316499,0.06711806050489572,0.45107872767778173,0.0,0.06668944465530775,1.0,3.1282992813546417e-119,1.5490765857391721e-183,1.5490765857391721e-183,0.0,0.9933110367892977,0.9933110367892977,0.0,0.006688963210702341,0.68561872909699
dfn,ifa,30.0,5,6,attacker,9.988333299999999,0.33000009095496563,0.33333339095496567,0.9654545454545455,0.03465801808814677,0.0013333333333333335,0.0,0.03377736804702152,1.0,39.98494983277592,29.98494983277592,2.624205698544732e-135,0.2497648541429787,0.0004524139172695041,0.7450532373029364,0.0,0.7498982068683738,9.737430880413233e-137
dfn,ifa,30.0,5,7,benign_consumer,9.988333299999999,0.32999997396107555,0.3333333406277422,0.9654545454545455,0.034257542612193506,0.0013333333333333335,0.0,0.034117626644838965,1.0,10.0,3.606915517976924e-161,3.606915517976924e-161,0.9982264112698896,0.0003344481605351171,0.0016722408026755853,0.0,3.606915517976924e-162,0.7926421404682275
dfn,ifa,30.0,5,8,benign_consumer,9.988333299999999,0.32999992938286193,0.3333332627161953,0.9654242424242424,0.034542126289513246,0.0013333333333333335,0.0,0.0340318432854217,1.0,10.0,8.010995527587007e-125,8.010995527587007e-125,0.9982264112698896,0.0003344481605351171,0.0016722408026755853,0.0,8.010995527587006e-126,0.9665551839464883
dfn,ifa,30.0,5,9,benign_consumer,9.988333299999999,0.33000007108103613,0.3333334044143694,0.9653939393939394,0.03485438973967485,0.0013333333333333335,0.0,0.03390378004796319,1.0,10.0,8.59899652879976e-146,8.59899652879976e-146,0.9982264112698896,0.0003344481605351171,0.0016722408026755853,0.0,8.598996528799762e-147,0.8662207357859532
dfn,ifa,30.0,5,10,benign_consumer,9.988333299999999,0.3300000182723777,0.33333338493904435,0.9653333333333334,0.03453465963712433,0.0013333333333333335,0.0,0.033654002929029044,1.0,10.0,3.1282992813546417e-119,3.1282992813546417e-119,0.9982264112698896,0.0003344481605351171,0.0016722408026755853,0.0,3.1282992813546416e-120,0.9933110367892977
dfn,ifa,30.0,5,11,benign_consumer,9.988333299999999,0.330000004384783,0.33333333771811635,0.9654242424242424,0.03458748962345826,0.0013333333333333335,0.0,0.03400725030241368,1.0,10.0,4.299498315087334e-145,4.299498315087334e-145,0.9982264112698896,0.0003344481605351171,0.0016722408026755853,0.0,4.299498315087335e-146,0.8695652173913043
dfn,ifa,50.0,1,0,router,0.3333333708796625,0.3333333708796625,0.3333333708796625,0.0,1.0,0.8033333333333333,0.0,1.0,1.0,49.94481638795986,49.94481638795986,2.5863749594770846e-202,0.0,8.137767708192757e-05,0.9928981222191383,0.0,1.0,6.2931483529450785e-204
dfn,ifa,50.0,1,1,router,0.0,0.0,0.0,0.0,0.0,0.0,0.0,1.0,0.0,0.013377926421404694,0.013377926421404694,0.0,0.0,0.025055741337664295,0.9923634336677815,0.0,1.0,0.0
dfn,ifa,50.0,1,2,router,1.000000034557344,0.3333333708796625,0.3333333708796625,0.10558315516039975,0.01570498675710152,0.6866666666666666,0.0,0.0151457510444125,1.0,49.95819431438127,49.95819431438127,2.5863749594770846e-202,0.0,8.073146584241486e-05,0.9928201725788539,0.0,1.0000000000001308,6.243175203252147e-204
dfn,ifa,50.0,1,3,router,0.6666667239542999,0.3333333000123751,0.3333333000123751,0.1264365863604994,0.05659724858681387,0.6087984986062609,0.0,0.055669524525168664,1.0,49.95819431438127,49.95819431438127,1.210200669185577e-178,0.0,8.073146584241486e-05,0.9928201725788539,0.0,1.0,2.9212680920863347e-180
dfn,ifa,50.0,1,4,router,0.6666667126708652,0.3333334231080107,0.3333334231080107,0.11684796363057233,0.08766438981159315,0.576667106153205,0.0,0.08677108417449789,1.0,3.6418198290593655e-96,1.8909405551839756e-174,1.8909405551839756e-174,0.0,1.0,1.0,0.0,3.7869018387886765e-79,0.7290969899665551
dfn,ifa,50.0,1,5,router,0.6666666243578683,0.3333333114369584,0.3333333114369584,0.1220285314524445,0.07760995947331514,0.4284046933337204,0.0,0.076454151057957,1.0,1.9093608311374927e-109,8.805388926053107e-153,8.805388926053107e-153,0.0,1.0,1.0,0.0,3.8415796599692897e-44,0.8327759197324415
dfn,ifa,50.0,1,6,attacker,9.988333299999999,0.3299999651950502,0.3333333318617169,0.9654545454545455,0.034273795021958875,0.0013333333333333335,0.0,0.034133879054547664,1.0,59.95819364548495,49.95819431438127,1.312102844101965e-134,0.1665794409914153,0.0003248999183817708,0.8275617470987436,0.0,0.8331979685867992,3.16724677908176e-136
dfn,ifa,50.0,1,7,benign_consumer,9.988333299999999,0.33000009209258313,0.33333339209258317,0.9654242424242424,0.03450213350413026,0.0013333333333333335,0.0,0.03399185383337538,1.0,10.0,3.663259602378636e-154,3.663259602378636e-154,0.9982264112698896,0.0003344481605351171,0.0016722408026755853,0.0,3.6632596023786362e-155,0.8260869565217391
dfn,ifa,50.0,1,8,benign_consumer,9.988333299999999,0.3300000210726942,0.3333333544060276,0.9654545454545455,0.034243824455873394,0.0013333333333333335,0.0,0.03410391182185552,1.0,10.0,4.100320664717012e-131,4.100320664717012e-131,0.9982264112698896,0.0003344481605351171,0.0016722408026755853,0.0,4.1003206647170124e-132,0.9364548494983278
dfn,ifa,50.0,1,9,benign_consumer,9.988333299999999,0.329999991598171,0.3333333582648377,0.9653939393939394,0.0348152254023264,0.0013333333333333335,0.0,0.03386461237722141,1.0,10.0,3.6418198290593655e-96,3.6418198290593655e-96,0.9982264112698896,0.0003344481605351171,0.0016722408026755853,0.0,3.6418198290593657e-97,1.0
dfn,ifa,50.0,1,10,benign_consumer,9.988333299999999,0.3299999856652093,0.333333352331876,0.9654545454545455,0.03419076661499551,0.0013333333333333335,0.0,0.0340508506475843,1.0,10.0,1.909360831137492e-109,1.909360831137492e-109,0.9982264112698896,0.0003344481605351171,0.0016722408026755853,0.0,1.9093608311374923e-110,1.0
dfn,ifa,50.0,1,11,benign_consumer,9.988333299999999,0.32999993869265887,0.3333332720259922,0.9653939393939394,0.03486757863896404,0.0013333333333333335,0.0,0.033916968947252386,1.0,10.0,8.008444942762137e-125,8.008444942762137e-125,0.9982264112698896,0.0003344481605351171,0.0016722408026755853,0.0,8.008444942762137e-126,0.9665551839464883
dfn,ifa,50.0,2,0,router,0.3333333486083269,0.3333333486083269,0.3333333486083269,0.0,1.0,0.8033333333333333,0.0,1.0,1.0,49.94481638795986,49.94481638795986,1.5862545973691594e-190,0.0,8.137767708192757e-05,0.9928981222191383,0.0,1.0,3.8596627492347474e-192
dfn,ifa,50.0,2,1,router,0.0,0.0,0.0,0.0,0.0,0.0,0.0,1.0,0.0,0.013377926421404694,0.013377926421404694,0.0,0.0,0.025055741337664295,0.9923634336677815,0.0,1.0,0.0
dfn,ifa,50.0,2,2,router,1.000000104347435,0.3333333486083269,0.3333333486083269,0.10664373897707231,0.01767700293382775,0.6866666666666666,0.0,0.017161143378801605,1.0,49.95819431438127,49.95819431438127,1.5862545973691594e-190,0.0,8.073146584241486e-05,0.9928201725788539,0.0,1.0000000000001308,3.8290135554830296e-192
dfn,ifa,50.0,2,3,router,0.6666665120714237,0.3333333879684622,0.3333333879684622,0.11428860028860029,0.055305922055786993,0.6600000000000323,0.0,0.05459525113376252,1.0,49.95819431438127,49.95819431438127,1.5492643402968146e-183,0.0,8.073146584241486e-05,0.9928201725788539,0.0,1.0,3.7397239468536555e-185
dfn,ifa,50.0,2,4,router,0.6666664818332589,0.3333332672447449,0.3333332672447449,0.11163494838494839,0.06754553603755331,0.6261196718646783,0.0,0.06587916756767506,1.0,8.59899652879976e-146,7.563754515053059e-176,7.563754515053059e-176,0.0,0.8662207357859532,0.8662207357859532,0.0,0.13377926421404682,0.7224080267558528
dfn,ifa,50.0,2,5,router,0.6666667541030673,0.33333344913422774,0.33333344913422774,0.12139901764901766,0.09328356041346218,0.46466624644163357,0.0,0.09289339191707988,1.0,1.9551876303850336e-116,8.805388926053107e-153,8.805388926053107e-153,0.0,1.0,1.0,0.0,3.7515426094973082e-37,0.8327759197324415
dfn,ifa,50.0,2,6,attacker,9.988333299999999,0.33000000581679534,0.3333333058167953,0.9654545454545455,0.0344946869457528,0.0013333333333333335,0.0,0.03404090445013916,1.0,59.95819364548495,49.95819431438127,1.6401297240931937e-132,0.1665794409914153,0.0003248999183817708,0.8275617470987436,0.0,0.8331979685867992,3.959061246476166e-134
dfn,ifa,50.0,2,7,benign_consumer,9.988333299999999,0.329999872921295,0.33333320625462837,0.9653939393939394,0.03473541848767985,0.0013333333333333335,0.0,0.03385476511292123,1.0,10.0,9.391759906730816e-176,9.391759906730816e-176,0.9982264112698896,0.0003344481605351171,0.0016722408026755853,0.0,9.391759906730815e-177,0.7224080267558528
dfn,ifa,50.0,2,8,benign_consumer,9.988333299999999,0.3299999177627134,0.3333332177627134,0.9654242424242424,0.03454139908097438,0.0013333333333333335,0.0,0.034031119410219496,1.0,10.0,8.59899652879976e-146,8.59899652879976e-146,0.9982264112698896,0.0003344481605351171,0.0016722408026755853,0.0,8.598996528799762e-147,0.8662207357859532
dfn,ifa,50.0,2,9,benign_consumer,9.988333299999999,0.3299999307372122,0.33333326407054553,0.9654545454545455,0.03427513475693214,0.0013333333333333335,0.0,0.03406526580596123,1.0,10.0,3.0018775580976967e-170,3.0018775580976967e-170,0.9982264112698896,0.0003344481605351171,0.0016722408026755853,0.0,3.001877558097696e-171,0.7491638795986622
dfn,ifa,50.0,2,10,benign_consumer,9.988333299999999,0.3300000586054476,0.3333333919387809,0.9653939393939394,0.03478269145731742,0.0013333333333333335,0.0,0.033902038082558796,1.0,10.0,1.9551876303850336e-116,1.9551876303850336e-116,0.9982264112698896,0.0003344481605351171,0.0016722408026755853,0.0,1.9551876303850335e-117,1.0
dfn,ifa,50.0,2,11,benign_consumer,9.988333299999999,0.33000002883095303,0.33333336216428633,0.9654242424242424,0.03456429099648531,0.0013333333333333335,0.0,0.03398405167544072,1.0,10.0,6.56053093774745e-134,6.56053093774745e-134,0.9982264112698896,0.0003344481605351171,0.0016722408026755853,0.0,6.560530937747449e-135,0.9230769230769231
dfn,ifa,50.0,3,0,router,0.3333333637375,0.3333333637375,0.3333333637375,0.0,1.0,0.8033333333333333,0.0,1.0,1.0,49.94481638795986,49.94481638795986,1.825881608729473e-204,0.0,8.137767708192757e-05,0.9928981222191383,0.0,1.0,4.4427216596000524e-206
dfn,ifa,50.0,3,1,router,0.0,0.0,0.0,0.0,0.0,0.0,0.0,1.0,0.0,0.013377926421404694,0.013377926421404694,0.0,0.0,0.025055741337664295,0.9923634336677815,0.0,1.0,0.0
dfn,ifa,50.0,3,2,router,1.0000000011277064,0.3333333637375,0.3333333637375,0.10354307588131118,0.014314293891966784,0.6066781812682304,0.0,0.013520589899245797,1.0,49.95819431438127,49.95819431438127,1.825881608729473e-204,0.0,8.073146584241486e-05,0.9928201725788539,0.0,1.0000000000001308,4.4074425275055904e-206
dfn,ifa,50.0,3,3,router,0.6666665557977042,0.3333333529660561,0.3333333529660561,0.11443885743885744,0.04729765055412417,0.6166709743295904,0.0,0.046928899217078095,1.0,49.95819431438127,49.95819431438127,3.222038879585781e-184,0.0,8.073146584241486e-05,0.9928201725788539,0.0,1.0,7.777586069046247e-186
dfn,ifa,50.0,3,4,router,0.6666665936093982,0.33333331941628447,0.33333331941628447,0.13948491323491322,0.07066633598448165,0.6040289278001503,0.0,0.06994726341347562,1.0,2.2048636648086874e-151,9.236074335271697e-167,9.236074335271697e-167,0.0,0.8394648829431438,0.8394648829431438,0.0,0.16053511705685652,0.7658862876254181
dfn,ifa,50.0,3,5,router,0.6666665710334964,0.33333332874536575,0.33333332874536575,0.12273677248677248,0.06178363883628141,0.2572183669462852,0.0,0.06125374406774221,1.0,3.4731049409740004e-82,1.515171532989925e-176,1.515171532989925e-176,0.0,1.0,1.0,0.0,3.137898778738155e-95,0.7190635451505016
dfn,ifa,50.0,3,6,attacker,9.988333299999999,0.33000003359633345,0.3333333335963335,0.9654545454545455,0.034517947395576565,0.0013333333333333335,0.0,0.03400766772482168,1.0,59.95819364548495,49.95819431438127,4.801212408489544e-166,0.1665794409914153,0.0003248999183817708,0.8275617470987436,0.0,0.8331979685867992,1.1589506561262581e-167
dfn,ifa,50.0,3,7,benign_consumer,9.988333299999999,0.3299999222013707,0.33333322220137074,0.9654242424242424,0.034512251182961945,0.0013333333333333335,0.0,0.03400197151220705,1.0,10.0,9.454724204418862e-174,9.454724204418862e-174,0.9982264112698896,0.0003344481605351171,0.0016722408026755853,0.0,9.454724204418862e-175,0.7324414715719063
dfn,ifa,50.0,3,8,benign_consumer,9.988333299999999,0.3299999482356815,0.3333332482356815,0.9654545454545455,0.03449719562680042,0.0013333333333333335,0.0,0.03398691595604553,1.0,10.0,2.201341514678591e-151,2.201341514678591e-151,0.9982264112698896,0.0003344481605351171,0.0016722408026755853,0.0,2.2013415146785912e-152,0.8394648829431438
dfn,ifa,50.0,3,9,benign_consumer,9.988333299999999,0.33000001204038326,0.3333333453737166,0.9654848484848484,0.03432635699093721,0.0013333333333333335,0.0,0.0341164880399663,1.0,10.0,3.5221501300962835e-154,3.5221501300962835e-154,0.9982264112698896,0.0003344481605351171,0.0016722408026755853,0.0,3.522150130096284e-155,0.8260869565217391
dfn,ifa,50.0,3,10,benign_consumer,9.988333299999999,0.330000009860751,0.333333309860751,0.9654545454545455,0.03454658494699622,0.0013333333333333335,0.0,0.03403630527624134,1.0,10.0,1.0750124624992137e-143,1.0750124624992137e-143,0.9982264112698896,0.0003344481605351171,0.0016722408026755853,0.0,1.0750124624992136e-144,0.8762541806020067
dfn,ifa,50.0,3,11,benign_consumer,9.988333299999999,0.3299999278394121,0.3333332611727454,0.9654545454545455,0.03429686092290445,0.0013333333333333335,0.0,0.034086991971933545,1.0,10.0,3.4731049409740004e-82,3.4731049409740004e-82,0.9982264112698896,0.0003344481605351171,0.0016722408026755853,0.0,3.473104940974001e-83,1.0
dfn,ifa,50.0,4,0,router,0.33333331781753334,0.33333331781753334,0.33333331781753334,0.0,1.0,0.8033333333333333,0.0,1.0,1.0,49.94481638795986,49.94481638795986,1.6243061462822033e-197,0.0,8.137767708192757e-05,0.9928981222191383,0.0,1.0,3.95224956005798e-199
dfn,ifa,50.0,4,1,router,0.0,0.0,0.0,0.0,0.0,0.0,0.0,1.0,0.0,0.013377926421404694,0.013377926421404694,0.0,0.0,0.025055741337664295,0.9923634336677815,0.0,1.0,0.0
dfn,ifa,50.0,4,2,router,1.000000004268569,0.33333331781753334,0.33333331781753334,0.0966785196609758,0.014885214569091865,0.8,0.0,0.014529921010129142,1.0,49.95819431438127,49.95819431438127,1.6243061462822033e-197,0.0,8.073146584241486e-05,0.9928201725788539,0.0,1.0000000000001308,3.920865172771367e-199
dfn,ifa,50.0,4,3,router,0.6666667773786319,0.3333333214678868,0.3333333214678868,0.13070609945609946,0.0584976845364496,0.6079889987401004,0.0,0.05767108454292122,1.0,49.95819431438127,49.95819431438127,4.727341547157194e-173,0.0,8.073146584241486e-05,0.9928201725788539,0.0,1.0,1.1411191693840813e-174
dfn,ifa,50.0,4,4,router,0.666666547201053,0.3333334043828709,0.3333334043828709,0.13589237614237612,0.05024163932633903,0.49151426428712447,0.0,0.050052542670806964,1.0,2.9833854849838197e-105,3.978532596073998e-189,3.978532596073998e-189,0.0,1.0,1.0,0.0,8.789066075143154e-85,0.6588628762541806
dfn,ifa,50.0,4,5,router,0.6666666236737315,0.33333327841781135,0.33333327841781135,0.11265012025012024,0.052959507227361986,0.6400000000682886,0.0,0.052279585369490254,1.0,5.503362286882207e-150,6.051003344770861e-178,6.051003344770861e-178,0.0,0.8461538461538461,0.8461538461538461,0.0,0.15384615384615385,0.7123745819397993
dfn,ifa,50.0,4,6,attacker,9.988333299999999,0.33000003873917744,0.3333334054058441,0.9654545454545455,0.034494621335257866,0.0013333333333333335,0.0,0.033984334997832974,1.0,59.95819364548495,49.95819431438127,4.299498315087334e-145,0.1665794409914153,0.0003248999183817708,0.8275617470987436,0.0,0.8331979685867992,1.037843356601944e-146
dfn,ifa,50.0,4,7,benign_consumer,9.988333299999999,0.33000000530612117,0.33333337197278784,0.9653636363636364,0.03466678721468296,0.0013333333333333335,0.0,0.03378613050688771,1.0,10.0,1.7197992043850463e-146,1.7197992043850463e-146,0.9982264112698896,0.0003344481605351171,0.0016722408026755853,0.0,1.7197992043850463e-147,0.862876254180602
dfn,ifa,50.0,4,8,benign_consumer,9.988333299999999,0.3299999678731657,0.3333332678731657,0.9654242424242424,0.03449445255118621,0.0013333333333333335,0.0,0.03404067005557257,1.0,10.0,2.9833854849838197e-105,2.9833854849838197e-105,0.9982264112698896,0.0003344481605351171,0.0016722408026755853,0.0,2.98338548498382e-106,1.0
dfn,ifa,50.0,4,9,benign_consumer,9.988333299999999,0.3299999793278873,0.3333332793278873,0.9654545454545455,0.03454157615246955,0.0013333333333333335,0.0,0.03396134016476163,1.0,10.0,3.3589849080266287e-140,3.3589849080266287e-140,0.9982264112698896,0.0003344481605351171,0.0016722408026755853,0.0,3.358984908026629e-141,0.8929765886287625
dfn,ifa,50.0,4,10,benign_consumer,9.988333299999999,0.3300000117305001,0.33333334506383344,0.9654545454545455,0.03424387103825046,0.0013333333333333335,0.0,0.03410395840423259,1.0,10.0,1.408859160494607e-155,1.408859160494607e-155,0.9982264112698896,0.0003344481605351171,0.0016722408026755853,0.0,1.4088591604946069e-156,0.8193979933110368
dfn,ifa,50.0,4,11,benign_consumer,9.988333299999999,0.3299999119432314,0.3333332786098981,0.9654545454545455,0.034330811354873404,0.0013333333333333335,0.0,0.03412093907056583,1.0,10.0,5.503348198290602e-150,5.503348198290602e-150,0.9982264112698896,0.0003344481605351171,0.0016722408026755853,0.0,5.503348198290602e-151,0.8461538461538461
dfn,ifa,50.0,5,0,router,0.33333331195874366,0.33333331195874366,0.33333331195874366,0.0,1.0,0.8033333333333333,0.0,1.0,1.0,49.94481638795986,49.94481638795986,5.0759611288887537e-194,0.0,8.137767708192757e-05,0.9928981222191383,0.0,1.0,1.2350790929494773e-195
dfn,ifa,50.0,5,1,router,0.0,0.0,0.0,0.0,0.0,0.0,0.0,1.0,0.0,0.013377926421404694,0.013377926421404694,0.0,0.0,0.025055741337664295,0.9923634336677815,0.0,1.0,0.0
dfn,ifa,50.0,5,2,router,0.9999999403110832,0.33333331195874366,0.33333331195874366,0.11537229844461523,0.017873337693845238,0.8,0.0,0.017082735795569386,1.0,49.95819431438127,49.95819431438127,5.0759611288887537e-194,0.0,8.073146584241486e-05,0.9928201725788539,0.0,1.0000000000001308,1.2252714658924208e-195
dfn,ifa,50.0,5,3,router,0.6666667315827078,0.33333329508048815,0.33333329508048815,0.12015644540644539,0.07705376255031685,0.6166688832684428,0.0,0.07627469345290644,1.0,49.95819431438127,49.95819431438127,1.2291098205732104e-171,0.0,8.073146584241486e-05,0.9928201725788539,0.0,1.0,2.966912248466328e-173
dfn,ifa,50.0,5,4,router,0.6666666671305648,0.3333333698424738,0.3333333698424738,0.11790192160780395,0.05142300036611399,0.436678191513161,0.0,0.05062203170946469,1.0,8.010995527587007e-125,1.210200669185577e-178,1.210200669185577e-178,0.0,0.9665551839464883,0.9665551839464883,0.0,0.033444816053511704,0.7090301003344481
dfn,ifa,50.0,5,5,router,0.6666667226571608,0.3333332753881212,0.3333332753881212,0.11073316498316499,0.06711806050489572,0.45107872767778173,0.0,0.06668944465530775,1.0,3.1282992813546417e-119,1.5490765857391721e-183,1.5490765857391721e-183,0.0,0.9933110367892977,0.9933110367892977,0.0,0.006688963210702341,0.68561872909699
dfn,ifa,50.0,5,6,attacker,9.988333299999999,0.33000009095496563,0.33333339095496567,0.9654545454545455,0.03465801808814677,0.0013333333333333335,0.0,0.03377736804702152,1.0,59.95819364548495,49.95819431438127,2.624205698544732e-135,0.1665794409914153,0.0003248999183817708,0.8275617470987436,0.0,0.8331979685867992,6.334493578853269e-137
dfn,ifa,50.0,5,7,benign_consumer,9.988333299999999,0.32999997396107555,0.3333333406277422,0.9654545454545455,0.034257542612193506,0.0013333333333333335,0.0,0.034117626644838965,1.0,10.0,3.606915517976924e-161,3.606915517976924e-161,0.9982264112698896,0.0003344481605351171,0.0016722408026755853,0.0,3.606915517976924e-162,0.7926421404682275
dfn,ifa,50.0,5,8,benign_consumer,9.988333299999999,0.32999992938286193,0.3333332627161953,0.9654242424242424,0.034542126289513246,0.0013333333333333335,0.0,0.0340318432854217,1.0,10.0,8.010995527587007e-125,8.010995527587007e-125,0.9982264112698896,0.0003344481605351171,0.0016722408026755853,0.0,8.010995527587006e-126,0.9665551839464883
dfn,ifa,50.0,5,9,benign_consumer,9.988333299999999,0.33000007108103613,0.3333334044143694,0.9653939393939394,0.03485438973967485,0.0013333333333333335,0.0,0.03390378004796319,1.0,10.0,8.59899652879976e-146,8.59899652879976e-146,0.9982264112698896,0.0003344481605351171,0.0016722408026755853,0.0,8.598996528799762e-147,0.8662207357859532
dfn,ifa,50.0,5,10,benign_consumer,9.988333299999999,0.3300000182723777,0.33333338493904435,0.9653333333333334,0.03453465963712433,0.0013333333333333335,0.0,0.033654002929029044,1.0,10.0,3.1282992813546417e-119,3.1282992813546417e-119,0.9982264112698896,0.0003344481605351171,0.0016722408026755853,0.0,3.1282992813546416e-120,0.9933110367892977
dfn,ifa,50.0,5,11,benign_consumer,9.988333299999999,0.330000004384783,0.33333333771811635,0.9654242424242424,0.03458748962345826,0.0013333333333333335,0.0,0.03400725030241368,1.0,10.0,4.299498315087334e-145,4.299498315087334e-145,0.9982264112698896,0.0003344481605351171,0.0016722408026755853,0.0,4.299498315087335e-146,0.8695652173913043
dfn,ifa,100.0,1,0,router,0.3333333708796625,0.3333333708796625,0.3333333708796625,0.0,1.0,0.8033333333333333,0.0,1.0,1.0,99.89632140468228,99.89632140468228,2.5863749594770846e-202,0.0,4.0922640521506974e-05,0.9929338450432869,0.0,1.0,3.1646547064315977e-204
dfn,ifa,100.0,1,1,router,0.0,0.0,0.0,0.0,0.0,0.0,0.0,1.0,0.0,0.016722408026755863,0.016722408026755863,0.0,0.0,0.022240802557903967,0.9934782608695653,0.0,1.0,0.0
dfn,ifa,100.0,1,2,router,1.000000034557344,0.3333333708796625,0.3333333708796625,0.10558315516039975,0.01570498675710152,0.6866666666666666,0.0,0.0151457510444125,1.0,99.91638762541805,99.91638829431439,2.5863749594770846e-202,0.0,4.036573292333082e-05,0.9929131216375748,0.0,1.000000006689017,3.1215876020269235e-204
dfn,ifa,100.0,1,3,router,0.6666667239542999,0.3333333000123751,0.3333333000123751,0.1264365863604994,0.05659724858681387,0.6087984986062609,0.0,0.055669524525168664,1.0,99.91638762541805,99.91638762541805,1.210200669185577e-178,0.0,4.036573292333082e-05,0.9929131216375748,0.0,1.0,1.4606340461200022e-180
dfn,ifa,100.0,1,4,router,0.6666667126708652,0.3333334231080107,0.3333334231080107,0.11684796363057233,0.08766438981159315,0.576667106153205,0.0,0.08677108417449789,1.0,3.6418198290593655e-96,1.8909405551839756e-174,1.8909405551839756e-174,0.0,1.0,1.0,0.0,3.7869018387886765e-79,0.7290969899665551
dfn,ifa,100.0,1,5,router,0.6666666243578683,0.3333333114369584,0.3333333114369584,0.1220285314524445,0.07760995947331514,0.4284046933337204,0.0,0.076454151057957,1.0,1.9093608311374927e-109,8.805388926053107e-153,8.805388926053107e-153,0.0,1.0,1.0,0.0,3.8415796599692897e-44,0.8327759197324415
dfn,ifa,100.0,1,6,attacker,9.988333299999999,0.3299999651950502,0.3333333318617169,0.9654545454545455,0.034273795021958875,0.0013333333333333335,0.0,0.034133879054547664,1.0,109.91973207357859,99.91973311036789,1.312102844101965e-134,0.0908799437227531,0.00017865381527445146,0.9028240754700508,0.0,0.9090129601840025,1.570254194623522e-136
dfn,ifa,100.0,1,7,benign_consumer,9.988333299999999,0.33000009209258313,0.33333339209258317,0.9654242424242424,0.03450213350413026,0.0013333333333333335,0.0,0.03399185383337538,1.0,10.0,3.663259602378636e-154,3.663259602378636e-154,0.9982264112698896,0.0003344481605351171,0.0016722408026755853,0.0,3.6632596023786362e-155,0.8260869565217391
dfn,ifa,100.0,1,8,benign_consumer,9.988333299999999,0.3300000210726942,0.3333333544060276,0.9654545454545455,0.034243824455873394,0.0013333333333333335,0.0,0.03410391182185552,1.0,10.0,4.100320664717012e-131,4.100320664717012e-131,0.9982264112698896,0.0003344481605351171,0.0016722408026755853,0.0,4.1003206647170124e-132,0.9364548494983278
dfn,ifa,100.0,1,9,benign_consumer,9.988333299999999,0.329999991598171,0.3333333582648377,0.9653939393939394,0.0348152254023264,0.0013333333333333335,0.0,0.03386461237722141,1.0,10.0,3.6418198290593655e-96,3.6418198290593655e-96,0.9982264112698896,0.0003344481605351171,0.0016722408026755853,0.0,3.6418198290593657e-97,1.0
dfn,ifa,100.0,1,10,benign_consumer,9.988333299999999,0.3299999856652093,0.333333352331876,0.9654545454545455,0.03419076661499551,0.0013333333333333335,0.0,0.0340508506475843,1.0,10.0,1.909360831137492e-109,1.909360831137492e-109,0.9982264112698896,0.0003344481605351171,0.0016722408026755853,0.0,1.9093608311374923e-110,1.0
dfn,ifa,100.0,1,11,benign_consumer,9.988333299999999,0.32999993869265887,0.3333332720259922,0.9653939393939394,0.03486757863896404,0.0013333333333333335,0.0,0.033916968947252386,1.0,10.0,8.008444942762137e-125,8.008444942762137e-125,0.9982264112698896,0.0003344481605351171,0.0016722408026755853,0.0,8.008444942762137e-126,0.9665551839464883
dfn,ifa,100.0,2,0,router,0.3333333486083269,0.3333333486083269,0.3333333486083269,0.0,1.0,0.8033333333333333,0.0,1.0,1.0,99.89632140468228,99.89632140468228,1.5862545973691594e-190,0.0,4.0922640521506974e-05,0.9929338450432869,0.0,1.0,1.9409203622511423e-192
dfn,ifa,100.0,2,1,router,0.0,0.0,0.0,0.0,0.0,0.0,0.0,1.0,0.0,0.016722408026755863,0.016722408026755863,0.0,0.0,0.022240802557903967,0.9934782608695653,0.0,1.0,0.0
dfn,ifa,100.0,2,2,router,1.000000104347435,0.3333333486083269,0.3333333486083269,0.10664373897707231,0.01767700293382775,0.6866666666666666,0.0,0.017161143378801605,1.0,99.91638762541805,99.91638829431439,1.5862545973691594e-190,0.0,4.036573292333082e-05,0.9929131216375748,0.0,1.000000006689017,1.914506777987359e-192
dfn,ifa,100.0,2,3,router,0.6666665120714237,0.3333333879684622,0.3333333879684622,0.11428860028860029,0.055305922055786993,0.6600000000000323,0.0,0.05459525113376252,1.0,99.91638762541805,99.91638762541805,1.5492643402968146e-183,0.0,4.036573292333082e-05,0.9929131216375748,0.0,1.0,1.8698619735251898e-185
dfn,ifa,100.0,2,4,router,0.6666664818332589,0.3333332672447449,0.3333332672447449,0.11163494838494839,0.06754553603755331,0.6261196718646783,0.0,0.06587916756767506,1.0,8.59899652879976e-146,7.563754515053059e-176,7.563754515053059e-176,0.0,0.8662207357859532,0.8662207357859532,0.0,0.13377926421404682,0.7224080267558528
dfn,ifa,100.0,2,5,router,0.6666667541030673,0.33333344913422774,0.33333344913422774,0.12139901764901766,0.09328356041346218,0.46466624644163357,0.0,0.09289339191707988,1.0,1.9551876303850336e-116,8.805388926053107e-153,8.805388926053107e-153,0.0,1.0,1.0,0.0,3.7515426094973082e-37,0.8327759197324415
dfn,ifa,100.0,2,6,attacker,9.988333299999999,0.33000000581679534,0.3333333058167953,0.9654545454545455,0.0344946869457528,0.0013333333333333335,0.0,0.03404090445013916,1.0,109.91973207357859,99.91973311036789,1.6401297240931937e-132,0.0908799437227531,0.00017865381527445146,0.9028240754700508,0.0,0.9090129601840025,1.9628191188991686e-134
dfn,ifa,100.0,2,7,benign_consumer,9.988333299999999,0.329999872921295,0.33333320625462837,0.9653939393939394,0.03473541848767985,0.0013333333333333335,0.0,0.03385476511292123,1.0,10.0,9.391759906730816e-176,9.391759906730816e-176,0.9982264112698896,0.0003344481605351171,0.0016722408026755853,0.0,9.391759906730815e-177,0.7224080267558528
dfn,ifa,100.0,2,8,benign_consumer,9.988333299999999,0.3299999177627134,0.3333332177627134,0.9654242424242424,0.03454139908097438,0.0013333333333333335,0.0,0.034031119410219496,1.0,10.0,8.59899652879976e-146,8.59899652879976e-146,0.9982264112698896,0.0003344481605351171,0.0016722408026755853,0.0,8.598996528799762e-147,0.8662207357859532
dfn,ifa,100.0,2,9,benign_consumer,9.988333299999999,0.3299999307372122,0.33333326407054553,0.9654545454545455,0.03427513475693214,0.0013333333333333335,0.0,0.03406526580596123,1.0,10.0,3.0018775580976967e-170,3.0018775580976967e-170,0.9982264112698896,0.0003344481605351171,0.0016722408026755853,0.0,3.001877558097696e-171,0.7491638795986622
dfn,ifa,100.0,2,10,benign_consumer,9.988333299999999,0.3300000586054476,0.3333333919387809,0.9653939393939394,0.03478269145731742,0.0013333333333333335,0.0,0.033902038082558796,1.0,10.0,1.9551876303850336e-116,1.9551876303850336e-116,0.9982264112698896,0.0003344481605351171,0.0016722408026755853,0.0,1.9551876303850335e-117,1.0
dfn,ifa,100.0,2,11,benign_consumer,9.988333299999999,0.33000002883095303,0.33333336216428633,0.9654242424242424,0.03456429099648531,0.0013333333333333335,0.0,0.03398405167544072,1.0,10.0,6.56053093774745e-134,6.56053093774745e-134,0.9982264112698896,0.0003344481605351171,0.0016722408026755853,0.0,6.560530937747449e-135,0.9230769230769231
dfn,ifa,100.0,3,0,router,0.3333333637375,0.3333333637375,0.3333333637375,0.0,1.0,0.8033333333333333,0.0,1.0,1.0,99.89632140468228,99.89632140468228,1.825881608729473e-204,0.0,4.0922640521506974e-05,0.9929338450432869,0.0,1.0,2.234124993201848e-206
dfn,ifa,100.0,3,1,router,0.0,0.0,0.0,0.0,0.0,0.0,0.0,1.0,0.0,0.016722408026755863,0.016722408026755863,0.0,0.0,0.022240802557903967,0.9934782608695653,0.0,1.0,0.0
dfn,ifa,100.0,3,2,router,1.0000000011277064,0.3333333637375,0.3333333637375,0.10354307588131118,0.014314293891966784,0.6066781812682304,0.0,0.013520589899245797,1.0,99.91638762541805,99.91638829431439,1.825881608729473e-204,0.0,4.036573292333082e-05,0.9929131216375748,0.0,1.000000006689017,2.203721264035778e-206
dfn,ifa,100.0,3,3,router,0.6666665557977042,0.3333333529660561,0.3333333529660561,0.11443885743885744,0.04729765055412417,0.6166709743295904,0.0,0.046928899217078095,1.0,99.91638762541805,99.91638762541805,3.222038879585781e-184,0.0,4.036573292333082e-05,0.9929131216375748,0.0,1.0,3.8887930347276884e-186
dfn,ifa,100.0,3,4,router,0.6666665936093982,0.33333331941628447,0.33333331941628447,0.13948491323491322,0.07066633598448165,0.6040289278001503,0.0,0.06994726341347562,1.0,2.2048636648086874e-151,9.236074335271697e-167,9.236074335271697e-167,0.0,0.8394648829431438,0.8394648829431438,0.0,0.16053511705685652,0.7658862876254181
dfn,ifa,100.0,3,5,router,0.6666665710334964,0.33333332874536575,0.33333332874536575,0.12273677248677248,0.06178363883628141,0.2572183669462852,0.0,0.06125374406774221,1.0,3.4731049409740004e-82,1.515171532989925e-176,1.515171532989925e-176,0.0,1.0,1.0,0.0,3.137898778738155e-95,0.7190635451505016
dfn,ifa,100.0,3,6,attacker,9.988333299999999,0.33000003359633345,0.3333333335963335,0.9654545454545455,0.034517947395576565,0.0013333333333333335,0.0,0.03400766772482168,1.0,109.91973207357859,99.91973311036789,4.801212408489544e-166,0.0908799437227531,0.00017865381527445146,0.9028240754700508,0.0,0.9090129601840025,5.745833072562249e-168
dfn,ifa,100.0,3,7,benign_consumer,9.988333299999999,0.3299999222013707,0.33333322220137074,0.9654242424242424,0.034512251182961945,0.0013333333333333335,0.0,0.03400197151220705,1.0,10.0,9.454724204418862e-174,9.454724204418862e-174,0.9982264112698896,0.0003344481605351171,0.0016722408026755853,0.0,9.454724204418862e-175,0.7324414715719063
dfn,ifa,100.0,3,8,benign_consumer,9.988333299999999,0.3299999482356815,0.3333332482356815,0.9654545454545455,0.03449719562680042,0.0013333333333333335,0.0,0.03398691595604553,1.0,10.0,2.201341514678591e-151,2.201341514678591e-151,0.9982264112698896,0.0003344481605351171,0.0016722408026755853,0.0,2.2013415146785912e-152,0.8394648829431438
dfn,ifa,100.0,3,9,benign_consumer,9.988333299999999,0.33000001204038326,0.3333333453737166,0.9654848484848484,0.03432635699093721,0.0013333333333333335,0.0,0.0341164880399663,1.0,10.0,3.5221501300962835e-154,3.5221501300962835e-154,0.9982264112698896,0.0003344481605351171,0.0016722408026755853,0.0,3.522150130096284e-155,0.8260869565217391
dfn,ifa,100.0,3,10,benign_consumer,9.988333299999999,0.330000009860751,0.333333309860751,0.9654545454545455,0.03454658494699622,0.0013333333333333335,0.0,0.03403630527624134,1.0,10.0,1.0750124624992137e-143,1.0750124624992137e-143,0.9982264112698896,0.0003344481605351171,0.0016722408026755853,0.0,1.0750124624992136e-144,0.8762541806020067
dfn,ifa,100.0,3,11,benign_consumer,9.988333299999999,0.3299999278394121,0.3333332611727454,0.9654545454545455,0.03429686092290445,0.0013333333333333335,0.0,0.034086991971933545,1.0,10.0,3.4731049409740004e-82,3.4731049409740004e-82,0.9982264112698896,0.0003344481605351171,0.0016722408026755853,0.0,3.473104940974001e-83,1.0
dfn,ifa,100.0,4,0,router,0.33333331781753334,0.33333331781753334,0.33333331781753334,0.0,1.0,0.8033333333333333,0.0,1.0,1.0,99.89632140468228,99.89632140468228,1.6243061462822033e-197,0.0,4.0922640521506974e-05,0.9929338450432869,0.0,1.0,1.9874797808416646e-199
dfn,ifa,100.0,4,1,router,0.0,0.0,0.0,0.0,0.0,0.0,0.0,1.0,0.0,0.016722408026755863,0.016722408026755863,0.0,0.0,0.022240802557903967,0.9934782608695653,0.0,1.0,0.0
dfn,ifa,100.0,4,2,router,1.000000004268569,0.33333331781753334,0.33333331781753334,0.0966785196609758,0.014885214569091865,0.8,0.0,0.014529921010129142,1.0,99.91638762541805,99.91638829431439,1.6243061462822033e-197,0.0,4.036573292333082e-05,0.9929131216375748,0.0,1.000000006689017,1.960432586637427e-199
dfn,ifa,100.0,4,3,router,0.6666667773786319,0.3333333214678868,0.3333333214678868,0.13070609945609946,0.0584976845364496,0.6079889987401004,0.0,0.05767108454292122,1.0,99.91638762541805,99.91638762541805,4.727341547157194e-173,0.0,4.036573292333082e-05,0.9929131216375748,0.0,1.0,5.705595847220544e-175
dfn,ifa,100.0,4,4,router,0.666666547201053,0.3333334043828709,0.3333334043828709,0.13589237614237612,0.05024163932633903,0.49151426428712447,0.0,0.050052542670806964,1.0,2.9833854849838197e-105,3.978532596073998e-189,3.978532596073998e-189,0.0,1.0,1.0,0.0,8.789066075143154e-85,0.6588628762541806
dfn,ifa,100.0,4,5,router,0.6666666236737315,0.33333327841781135,0.33333327841781135,0.11265012025012024,0.052959507227361986,0.6400000000682886,0.0,0.052279585369490254,1.0,5.503362286882207e-150,6.051003344770861e-178,6.051003344770861e-178,0.0,0.8461538461538461,0.8461538461538461,0.0,0.15384615384615385,0.7123745819397993
dfn,ifa,100.0,4,6,attacker,9.988333299999999,0.33000003873917744,0.3333334054058441,0.9654545454545455,0.034494621335257866,0.0013333333333333335,0.0,0.033984334997832974,1.0,109.91973207357859,99.91973311036789,4.299498315087334e-145,0.0908799437227531,0.00017865381527445146,0.9028240754700508,0.0,0.9090129601840025,5.145408607830898e-147
dfn,ifa,100.0,4,7,benign_consumer,9.988333299999999,0.33000000530612117,0.33333337197278784,0.9653636363636364,0.03466678721468296,0.0013333333333333335,0.0,0.03378613050688771,1.0,10.0,1.7197992043850463e-146,1.7197992043850463e-146,0.9982264112698896,0.0003344481605351171,0.0016722408026755853,0.0,1.7197992043850463e-147,0.862876254180602
dfn,ifa,100.0,4,8,benign_consumer,9.988333299999999,0.3299999678731657,0.3333332678731657,0.9654242424242424,0.03449445255118621,0.0013333333333333335,0.0,0.03404067005557257,1.0,10.0,2.9833854849838197e-105,2.9833854849838197e-105,0.9982264112698896,0.0003344481605351171,0.0016722408026755853,0.0,2.98338548498382e-106,1.0
dfn,ifa,100.0,4,9,benign_consumer,9.988333299999999,0.3299999793278873,0.3333332793278873,0.9654545454545455,0.03454157615246955,0.0013333333333333335,0.0,0.03396134016476163,1.0,10.0,3.3589849080266287e-140,3.3589849080266287e-140,0.9982264112698896,0.0003344481605351171,0.0016722408026755853,0.0,3.358984908026629e-141,0.8929765886287625
dfn,ifa,100.0,4,10,benign_consumer,9.988333299999999,0.3300000117305001,0.33333334506383344,0.9654545454545455,0.03424387103825046,0.0013333333333333335,0.0,0.03410395840423259,1.0,10.0,1.408859160494607e-155,1.408859160494607e-155,0.9982264112698896,0.0003344481605351171,0.0016722408026755853,0.0,1.4088591604946069e-156,0.8193979933110368
dfn,ifa,100.0,4,11,benign_consumer,9.988333299999999,0.3299999119432314,0.3333332786098981,0.9654545454545455,0.034330811354873404,0.0013333333333333335,0.0,0.03412093907056583,1.0,10.0,5.503348198290602e-150,5.503348198290602e-150,0.9982264112698896,0.0003344481605351171,0.0016722408026755853,0.0,5.503348198290602e-151,0.8461538461538461
dfn,ifa,100.0,5,0,router,0.33333331195874366,0.33333331195874366,0.33333331195874366,0.0,1.0,0.8033333333333333,0.0,1.0,1.0,99.89632140468228,99.89632140468228,5.0759611288887537e-194,0.0,4.0922640521506974e-05,0.9929338450432869,0.0,1.0,6.2108798875899895e-196
dfn,ifa,100.0,5,1,router,0.0,0.0,0.0,0.0,0.0,0.0,0.0,1.0,0.0,0.016722408026755863,0.016722408026755863,0.0,0.0,0.022240802557903967,0.9934782608695653,0.0,1.0,0.0
dfn,ifa,100.0,5,2,router,0.9999999403110832,0.33333331195874366,0.33333331195874366,0.11537229844461523,0.017873337693845238,0.8,0.0,0.017082735795569386,1.0,99.91638762541805,99.91638829431439,5.0759611288887537e-194,0.0,4.036573292333082e-05,0.9929131216375748,0.0,1.000000006689017,6.126357330248799e-196
dfn,ifa,100.0,5,3,router,0.6666667315827078,0.33333329508048815,0.33333329508048815,0.12015644540644539,0.07705376255031685,0.6166688832684428,0.0,0.07627469345290644,1.0,99.91638762541805,99.91638762541805,1.2291098205732104e-171,0.0,4.036573292333082e-05,0.9929131216375748,0.0,1.0,1.4834561243111994e-173
dfn,ifa,100.0,5,4,router,0.6666666671305648,0.3333333698424738,0.3333333698424738,0.11790192160780395,0.05142300036611399,0.436678191513161,0.0,0.05062203170946469,1.0,8.010995527587007e-125,1.210200669185577e-178,1.210200669185577e-178,0.0,0.9665551839464883,0.9665551839464883,0.0,0.033444816053511704,0.7090301003344481
dfn,ifa,100.0,5,5,router,0.6666667226571608,0.3333332753881212,0.3333332753881212,0.11073316498316499,0.06711806050489572,0.45107872767778173,0.0,0.06668944465530775,1.0,3.1282992813546417e-119,1.5490765857391721e-183,1.5490765857391721e-183,0.0,0.9933110367892977,0.9933110367892977,0.0,0.006688963210702341,0.68561872909699
dfn,ifa,100.0,5,6,attacker,9.988333299999999,0.33000009095496563,0.33333339095496567,0.9654545454545455,0.03465801808814677,0.0013333333333333335,0.0,0.03377736804702152,1.0,109.91973207357859,99.91973311036789,2.624205698544732e-135,0.0908799437227531,0.00017865381527445146,0.9028240754700508,0.0,0.9090129601840025,3.140508399591755e-137
dfn,ifa,100.0,5,7,benign_consumer,9.988333299999999,0.32999997396107555,0.3333333406277422,0.9654545454545455,0.034257542612193506,0.0013333333333333335,0.0,0.034117626644838965,1.0,10.0,3.606915517976924e-161,3.606915517976924e-161,0.9982264112698896,0.0003344481605351171,0.0016722408026755853,0.0,3.606915517976924e-162,0.7926421404682275
dfn,ifa,100.0,5,8,benign_consumer,9.988333299999999,0.32999992938286193,0.3333332627161953,0.9654242424242424,0.034542126289513246,0.0013333333333333335,0.0,0.0340318432854217,1.0,10.0,8.010995527587007e-125,8.010995527587007e-125,0.9982264112698896,0.0003344481605351171,0.0016722408026755853,0.0,8.010995527587006e-126,0.9665551839464883
dfn,ifa,100.0,5,9,benign_consumer,9.988333299999999,0.33000007108103613,0.3333334044143694,0.9653939393939394,0.03485438973967485,0.0013333333333333335,0.0,0.03390378004796319,1.0,10.0,8.59899652879976e-146,8.59899652879976e-146,0.9982264112698896,0.0003344481605351171,0.0016722408026755853,0.0,8.598996528799762e-147,0.8662207357859532
dfn,ifa,100.0,5,10,benign_consumer,9.988333299999999,0.3300000182723777,0.33333338493904435,0.9653333333333334,0.03453465963712433,0.0013333333333333335,0.0,0.033654002929029044,1.0,10.0,3.1282992813546417e-119,3.1282992813546417e-119,0.9982264112698896,0.0003344481605351171,0.0016722408026755853,0.0,3.1282992813546416e-120,0.9933110367892977
dfn,ifa,100.0,5,11,benign_consumer,9.988333299999999,0.330000004384783,0.33333333771811635,0.9654242424242424,0.03458748962345826,0.0013333333333333335,0.0,0.03400725030241368,1.0,10.0,4.299498315087334e-145,4.299498315087334e-145,0.9982264112698896,0.0003344481605351171,0.0016722408026755853,0.0,4.299498315087335e-146,0.8695652173913043
dumbbell,cp,10.0,1,0,attacker,9.988333299999999,0.3299999651950502,0.3333332420550502,0.9651515151515152,0.034467954774832436,0.0016,0.0,0.034133879054547664,0.9969265436268702,20.03338793812709,13.926881571906355,13.926125250836119,0.5014966444046985,0.6051640394101957,0.0003988509666353414,0.0,0.5681239274006072,0.8144777704255304
dumbbell,cp,10.0,1,1,benign_consumer,9.988333299999999,0.33000009209258313,0.33333335875924985,0.9654915824915825,0.03441887081440279,0.0013333333333333335,0.0,0.03399185383337538,0.9996899224806203,10.0,3.663259602378636e-154,3.663259602378636e-154,0.9982264112698896,0.0003344481605351171,0.0016722408026755853,0.0,3.6632596023786362e-155,0.8260869565217391
dumbbell,cp,10.0,1,2,attacker,9.988333299999999,0.3300000210726942,0.33333338773936094,0.9654545454545455,0.03445357724245636,0.0013333333333333335,0.0,0.03410391182185552,0.9986058485370822,20.03338793812709,13.81792127424749,13.81714889632107,0.5050838654099524,0.5959681261016542,0.0009242946292765307,0.0,0.5617794966629104,0.8123640025518296
dumbbell,cp,10.0,1,3,router,0.3333333559883337,0.3333333559883337,0.3333333559883337,0.0,1.0,0.8,0.0,1.0,1.0,26.91243591973244,26.91243591973244,26.91243591973244,0.0,1.0,0.00036108968778787444,0.0,1.0,1.0
dumbbell,cp,10.0,1,4,router,0.0,0.0,0.0,0.0,0.0,0.0,0.0,1.0,0.0,0.0,0.0,0.0,0.0,0.0,0.0,0.0,1.0,0.0
dumbbell,cp,10.0,1,5,router,1.0000000783603278,0.3333333559883337,0.3333333559883337,0.17960970479739424,0.0246704188190211,0.607200075393592,0.0,0.024524993069368433,1.0,27.744373043478262,26.91243591973244,26.91243591973244,0.09854123365476863,0.9242323409258802,0.00035125993308293235,0.0,0.9228421484989304,1.0
dumbbell,cp,10.0,1,6,router,0.3333333559883337,0.3333333559883337,0.3333333559883337,0.0,1.0,0.8,0.0,1.0,1.0,26.91243591973244,26.91243591973244,26.91243591973244,0.0,1.0,0.00036108968778787444,0.0,1.0,1.0
dumbbell,cp,10.0,1,7,router,0.3333333559883337,0.3333333559883337,0.3333333559883337,0.0,1.0,0.8,0.0,1.0,1.0,26.91243591973244,26.91243591973244,26.91243591973244,0.0,1.0,0.00036108968778787444,0.0,1.0,1.0
dumbbell,cp,10.0,1,8,router,0.3333333559883337,0.3333333559883337,0.3333333559883337,0.0,1.0,0.8,0.0,1.0,1.0,26.91243591973244,26.91243591973244,26.91243591973244,0.0,1.0,0.00036108968778787444,0.0,1.0,1.0
dumbbell,cp,10.0,1,9,router,0.0,0.0,0.0,0.0,0.0,0.0,0.0,1.0,0.0,0.0,0.0,0.0,0.0,0.0,0.0,0.0,1.0,0.0
dumbbell,cp,10.0,2,0,attacker,9.988333299999999,0.33000000581679534,0.3333333791501287,0.9651885521885523,0.03443136800104168,0.0016,0.0,0.03404090445013916,0.9992984154713421,20.03338793812709,13.867377157190635,13.866623344481606,0.5027503434132088,0.5967388613601363,0.0003988509666353414,0.0,0.5634675805442261,0.8139637182083462
dumbbell,cp,10.0,2,1,benign_consumer,9.988333299999999,0.329999872921295,0.33333327292129505,0.9655286195286196,0.0342020317310457,0.0013333333333333335,0.0,0.03385476511292123,0.9996336996336996,10.0,9.391759906730816e-176,9.391759906730816e-176,0.9982264112698896,0.0003344481605351171,0.0016722408026755853,0.0,9.391759906730815e-177,0.7224080267558528
dumbbell,cp,10.0,2,2,attacker,9.988333299999999,0.3333332177627134,0.33666661809604675,0.9651212121212122,0.03436707837813311,0.0013333333333333335,0.0,0.034471442764021344,0.9991112783091538,20.03338793812709,13.835153913043477,13.832244615384614,0.5021746369572456,0.5959520840604157,0.0009242946292765307,0.0,0.5620466457010355,0.8127299604723275
dumbbell,cp,10.0,2,3,router,0.3333333048998725,0.3333333048998725,0.3333333048998725,0.0,1.0,0.8,0.0,1.0,1.0,26.81247424749164,26.81247424749164,26.81247424749164,0.0,1.0,0.00034040179030097,0.0,1.0,1.0
dumbbell,cp,10.0,2,4,router,0.0,0.0,0.0,0.0,0.0,0.0,0.0,1.0,0.0,0.0,0.0,0.0,0.0,0.0,0.0,0.0,1.0,0.0
dumbbell,cp,10.0,2,5,router,1.003333129834137,0.3333333048998725,0.3333333048998725,0.15464009139009138,0.02682324612658259,0.6600000000000157,0.0,0.025535690861140374,1.0,27.70210506354515,26.81247424749164,26.81247424749164,0.11169188461979214,0.9160335402114858,0.0003255754411963637,0.0,0.915147279348578,1.0
dumbbell,cp,10.0,2,6,router,0.3333333048998725,0.3333333048998725,0.3333333048998725,0.0,1.0,0.8,0.0,1.0,1.0,26.81247424749164,26.81247424749164,26.81247424749164,0.0,1.0,0.00034040179030097,0.0,1.0,1.0
dumbbell,cp,10.0,2,7,router,0.3333333048998725,0.3333333048998725,0.3333333048998725,0.0,1.0,0.8,0.0,1.0,1.0,26.81247424749164,26.81247424749164,26.81247424749164,0.0,1.0,0.00034040179030097,0.0,1.0,1.0
dumbbell,cp,10.0,2,8,router,0.3333333048998725,0.3333333048998725,0.3333333048998725,0.0,1.0,0.8,0.0,1.0,1.0,26.81247424749164,26.81247424749164,26.81247424749164,0.0,1.0,0.00034040179030097,0.0,1.0,1.0
dumbbell,cp,10.0,2,9,router,0.0,0.0,0.0,0.0,0.0,0.0,0.0,1.0,0.0,0.0,0.0,0.0,0.0,0.0,0.0,0.0,1.0,0.0
dumbbell,cp,10.0,3,0,attacker,9.988333299999999,0.33000003359633345,0.3333333335963335,0.9651885521885523,0.034714657745290194,0.0016,0.0,0.03400766772482168,1.0,20.03338793812709,13.766503010033444,13.765753842809364,0.5094082129720048,0.5937853956543825,0.0003988509666353414,0.0,0.5582199015469232,0.8124636237393796
dumbbell,cp,10.0,3,1,benign_consumer,9.988333299999999,0.33666655553470404,0.3399998888680374,0.9647878787878787,0.034348632892002476,0.0013333333333333335,0.0,0.0347920764507964,0.998385218512495,10.0,9.454724204418862e-174,9.454724204418862e-174,0.9982264112698896,0.0003344481605351171,0.0016722408026755853,0.0,9.454724204418862e-175,0.7324414715719063
dumbbell,cp,10.0,3,2,attacker,9.988333299999999,0.3299999482356815,0.3333333819023482,0.9655218855218854,0.034336208517100245,0.0013333333333333335,0.0,0.03398691595604553,0.9983382073577102,20.03338793812709,13.8494945819398,13.848722886287627,0.5001228843620148,0.5986463317353248,0.0009242946292765307,0.0,0.5645326789039296,0.8131658270580874
dumbbell,cp,10.0,3,3,router,0.33333330749987444,0.33333330749987444,0.33333330749987444,0.0,1.0,0.8,0.0,1.0,1.0,26.67994618729097,26.67994618729097,26.67994618729097,0.0,1.0,0.0003496303856058993,0.0,1.0,1.0
dumbbell,cp,10.0,3,4,router,0.0,0.0,0.0,0.0,0.0,0.0,0.0,1.0,0.0,0.0,0.0,0.0,0.0,0.0,0.0,0.0,1.0,0.0
dumbbell,cp,10.0,3,5,router,1.0066664707000523,0.33333330749987444,0.33333330749987444,0.17277109236316396,0.02669070020891159,0.6158706079617438,0.0,0.02654091085075908,1.0,27.61557136789298,26.67994618729097,26.67994618729097,0.11811746455308789,0.9092277695247971,0.00033658396720392285,0.0,0.9082841767414457,1.0
dumbbell,cp,10.0,3,6,router,0.33333330749987444,0.33333330749987444,0.33333330749987444,0.0,1.0,0.8,0.0,1.0,1.0,26.67994618729097,26.67994618729097,26.67994618729097,0.0,1.0,0.0003496303856058993,0.0,1.0,1.0
dumbbell,cp,10.0,3,7,router,0.33333330749987444,0.33333330749987444,0.33333330749987444,0.0,1.0,0.8,0.0,1.0,1.0,26.67994618729097,26.67994618729097,26.67994618729097,0.0,1.0,0.0003496303856058993,0.0,1.0,1.0
dumbbell,cp,10.0,3,8,router,0.33333330749987444,0.33333330749987444,0.33333330749987444,0.0,1.0,0.8,0.0,1.0,1.0,26.67994618729097,26.67994618729097,26.67994618729097,0.0,1.0,0.0003496303856058993,0.0,1.0,1.0
dumbbell,cp,10.0,3,9,router,0.0,0.0,0.0,0.0,0.0,0.0,0.0,1.0,0.0,0.0,0.0,0.0,0.0,0.0,0.0,0.0,1.0,0.0
dumbbell,cp,10.0,4,0,attacker,9.988333299999999,0.33000003873917744,0.33333329873917744,0.9652188552188553,0.03458747202311531,0.0016,0.0,0.033984334997832974,0.9981873426475231,20.03338793812709,13.69238983277592,13.692171193979933,0.5242966388725476,0.5863047947147503,0.0003988509666353414,0.0,0.5479899521533418,0.8135753996146864
dumbbell,cp,10.0,4,1,benign_consumer,9.988333299999999,0.3366667053061212,0.3400001386394545,0.964861952861953,0.03421054243587621,0.0013333333333333335,0.0,0.034559918382300145,0.9982455106547824,10.0,1.7197992043850463e-146,1.7197992043850463e-146,0.9982264112698896,0.0003344481605351171,0.0016722408026755853,0.0,1.7197992043850463e-147,0.862876254180602
dumbbell,cp,10.0,4,2,attacker,9.988333299999999,0.3299999678731657,0.33333330120649907,0.9654915824915825,0.034377148600872286,0.0013333333333333335,0.0,0.03404067005557257,1.0,20.03338793812709,13.758719311036788,13.754519535117055,0.5102678118982467,0.5964820330767847,0.0009242946292765307,0.0,0.5568705167815801,0.8141030367924255
dumbbell,cp,10.0,4,3,router,0.3333333175404124,0.3333333175404124,0.3333333175404124,0.0,1.0,0.8,0.0,1.0,1.0,26.625410066889632,26.625410066889632,26.625410066889632,0.0,1.0,0.0003603961671775579,0.0,1.0,1.0
dumbbell,cp,10.0,4,4,router,0.0,0.0,0.0,0.0,0.0,0.0,0.0,1.0,0.0,0.0033444816053511705,0.0033444816053511705,0.0033444816053511705,0.0,0.38127090301003347,0.19738327758916707,0.0,1.0,0.38127090301003347
dumbbell,cp,10.0,4,5,router,1.0066667119184642,0.3333333175404124,0.3333333175404124,0.18224898484105648,0.03327513780170272,0.4915228102067699,0.0,0.03327513216825718,1.0,27.450684521739127,26.628754548494985,26.625410066889632,0.09837643171111704,0.9238087165022163,0.0003442708166507076,0.0,0.9229568788912026,0.9999299430062368
dumbbell,cp,10.0,4,6,router,0.3333333175404124,0.3333333175404124,0.3333333175404124,0.0,1.0,0.8,0.0,1.0,1.0,26.628754548494985,26.628754548494985,26.625410066889632,0.0,0.9999299430062368,0.00036039600521557837,0.0,1.0,0.9999299430062368
dumbbell,cp,10.0,4,7,router,0.3333333175404124,0.3333333175404124,0.3333333175404124,0.0,1.0,0.8,0.0,1.0,1.0,26.628754548494985,26.628754548494985,26.625410066889632,0.0,0.9999299430062368,0.00036039600521557837,0.0,1.0,0.9999299430062368
dumbbell,cp,10.0,4,8,router,0.3333333175404124,0.3333333175404124,0.3333333175404124,0.0,1.0,0.8,0.0,1.0,1.0,26.628754548494985,26.628754548494985,26.628754548494985,0.0,0.9999299430062368,0.00036039600521557837,0.0,0.9999999923231989,1.0
dumbbell,cp,10.0,4,9,router,0.0,0.0,0.0,0.0,0.0,0.0,0.0,1.0,0.0,0.0033444816053511705,0.0033444816053511705,0.0033444816053511705,0.0,0.38127090301003347,0.19738327758916707,0.0,1.0,0.38127090301003347
dumbbell,cp,10.0,5,0,attacker,9.988333299999999,0.33333342428829893,0.3366667279549656,0.964929292929293,0.03448435843415671,0.0016,0.0,0.03412714963180902,0.9993111720149854,20.03338793812709,13.780902240802677,13.778007625418061,0.5111947272674285,0.5918809851702801,0.0003988509666353414,0.0,0.5565481086111922,0.8120619545038279
dumbbell,cp,10.0,5,1,benign_consumer,9.988333299999999,0.32999997396107555,0.33333327396107554,0.9654545454545455,0.03445410185679201,0.0013333333333333335,0.0,0.034117626644838965,1.0,10.0,3.606915517976924e-161,3.606915517976924e-161,0.9982264112698896,0.0003344481605351171,0.0016722408026755853,0.0,3.606915517976924e-162,0.7926421404682275
dumbbell,cp,10.0,5,2,attacker,9.988333299999999,0.32999992938286193,0.33333322871619525,0.9654915824915825,0.03445583893869036,0.0013333333333333335,0.0,0.0340318432854217,0.9973194242593396,20.03338793812709,13.866884147157192,13.866650769230768,0.5034369615891355,0.5878322920444159,0.0009242946292765307,0.0,0.561778236605353,0.8113517414947414
dumbbell,cp,10.0,5,3,router,0.33333336714929207,0.33333336714929207,0.33333336714929207,0.0,1.0,0.8,0.0,1.0,1.0,26.888166822742477,26.888166822742477,26.888166822742477,0.0,1.0,0.00035036256637031616,0.0,1.0,1.0
dumbbell,cp,10.0,5,4,router,0.0,0.0,0.0,0.0,0.0,0.0,0.0,1.0,0.0,0.0,0.0,0.0,0.0,0.0,0.0,0.0,1.0,0.0
dumbbell,cp,10.0,5,5,router,1.0033333276322365,0.33333336714929207,0.33333336714929207,0.16688007733007731,0.02935814819064341,0.42334706589927645,0.0,0.029358155330550393,1.0,27.647359397993313,26.888166822742477,26.888166822742477,0.09405255655481722,0.9283350826842222,0.00034094891560012446,0.0,0.9279128452703272,1.0
dumbbell,cp,10.0,5,6,router,0.33333336714929207,0.33333336714929207,0.33333336714929207,0.0,1.0,0.8,0.0,1.0,1.0,26.888166822742477,26.888166822742477,26.888166822742477,0.0,1.0,0.00035036256637031616,0.0,1.0,1.0
dumbbell,cp,10.0,5,7,router,0.33333336714929207,0.33333336714929207,0.33333336714929207,0.0,1.0,0.8,0.0,1.0,1.0,26.888166822742477,26.888166822742477,26.888166822742477,0.0,1.0,0.00035036256637031616,0.0,1.0,1.0
dumbbell,cp,10.0,5,8,router,0.33333336714929207,0.33333336714929207,0.33333336714929207,0.0,1.0,0.8,0.0,1.0,1.0,26.888166822742477,26.888166822742477,26.888166822742477,0.0,1.0,0.00035036256637031616,0.0,1.0,1.0
dumbbell,cp,10.0,5,9,router,0.0,0.0,0.0,0.0,0.0,0.0,0.0,1.0,0.0,0.0,0.0,0.0,0.0,0.0,0.0,0.0,1.0,0.0
dumbbell,cp,12.0,1,0,attacker,9.988333299999999,0.3299999651950502,0.3333332420550502,0.9651515151515152,0.034467954774832436,0.0016,0.0,0.034133879054547664,0.9969265436268702,22.0398601270903,16.284370568561872,16.28355060200669,0.4576091705100971,0.6311568866337615,0.0008837910960514229,0.0,0.619291292776305,0.9712145912761861
dumbbell,cp,12.0,1,1,benign_consumer,9.988333299999999,0.33000009209258313,0.33333335875924985,0.9654915824915825,0.03441887081440279,0.0013333333333333335,0.0,0.03399185383337538,0.9996899224806203,10.0,3.663259602378636e-154,3.663259602378636e-154,0.9982264112698896,0.0003344481605351171,0.0016722408026755853,0.0,3.6632596023786362e-155,0.8260869565217391
dumbbell,cp,12.0,1,2,attacker,9.988333299999999,0.3300000210726942,0.33333338773936094,0.9654545454545455,0.03445357724245636,0.0013333333333333335,0.0,0.03410391182185552,0.9986058485370822,22.0398601270903,16.297795284280937,16.29426297658863,0.45668200592470015,0.6326489037509598,0.0009597881615639414,0.0,0.6205833696418006,0.9692526026451624
dumbbell,cp,12.0,1,3,router,0.3333333559883337,0.3333333559883337,0.3333333559883337,0.0,1.0,0.8,0.0,1.0,1.0,31.740862976588627,31.740862976588627,31.740862976588627,0.0,1.0,0.0009686649639341333,0.0,1.0,1.0
dumbbell,cp,12.0,1,4,router,0.0,0.0,0.0,0.0,0.0,0.0,0.0,1.0,0.0,0.0,0.0,0.0,0.0,0.0,0.0,0.0,1.0,0.0
dumbbell,cp,12.0,1,5,router,1.0000000783603278,0.3333333559883337,0.3333333559883337,0.17960970479739424,0.0246704188190211,0.607200075393592,0.0,0.024524993069368433,1.0,32.58216585284281,31.740862976588627,31.740520468227423,0.07055501868103911,0.9459197361702373,0.0008700997581685155,0.0,0.9459494228948946,0.994110321411629
dumbbell,cp,12.0,1,6,router,0.3333333559883337,0.3333333559883337,0.3333333559883337,0.0,1.0,0.8,0.0,1.0,1.0,31.740862976588627,31.740862976588627,31.740799331103677,0.0,0.9989981326189785,0.0009686649639341333,0.0,1.0,0.9989981326189785
dumbbell,cp,12.0,1,7,router,0.3333333559883337,0.3333333559883337,0.3333333559883337,0.0,1.0,0.8,0.0,1.0,1.0,31.740862976588627,31.740862976588627,31.740862976588627,0.0,1.0,0.0009686649639341333,0.0,1.0,1.0
dumbbell,cp,12.0,1,8,router,0.3333333559883337,0.3333333559883337,0.3333333559883337,0.0,1.0,0.8,0.0,1.0,1.0,31.740862976588627,31.740862976588627,31.740862976588627,0.0,1.0,0.0009686649639341333,0.0,1.0,1.0
dumbbell,cp,12.0,1,9,router,0.0,0.0,0.0,0.0,0.0,0.0,0.0,1.0,0.0,0.0,0.0,0.0,0.0,0.0,0.0,0.0,1.0,0.0
dumbbell,cp,12.0,2,0,attacker,9.988333299999999,0.33000000581679534,0.3333333791501287,0.9651885521885523,0.03443136800104168,0.0016,0.0,0.03404090445013916,0.9992984154713421,22.0398601270903,16.304622575250836,16.303804080267557,0.4560126667396803,0.631094125956783,0.0008837910960514229,0.0,0.6197367707766505,0.971985685735695
dumbbell,cp,12.0,2,1,benign_consumer,9.988333299999999,0.329999872921295,0.33333327292129505,0.9655286195286196,0.0342020317310457,0.0013333333333333335,0.0,0.03385476511292123,0.9996336996336996,10.0,9.391759906730816e-176,9.391759906730816e-176,0.9982264112698896,0.0003344481605351171,0.0016722408026755853,0.0,9.391759906730815e-177,0.7224080267558528
dumbbell,cp,12.0,2,2,attacker,9.988333299999999,0.3333332177627134,0.33666661809604675,0.9651212121212122,0.03436707837813311,0.0013333333333333335,0.0,0.034471442764021344,0.9991112783091538,22.0398601270903,16.27290642140468,16.269910033444816,0.4591174684189652,0.6303332931078772,0.0009597881615639414,0.0,0.6178579681604042,0.9719693858485924
dumbbell,cp,12.0,2,3,router,0.3333333048998725,0.3333333048998725,0.3333333048998725,0.0,1.0,0.8,0.0,1.0,1.0,31.69138471571906,31.69138471571906,31.69138471571906,0.0,1.0,0.0008227438795745142,0.0,1.0,1.0
dumbbell,cp,12.0,2,4,router,0.0,0.0,0.0,0.0,0.0,0.0,0.0,1.0,0.0,0.0,0.0,0.0,0.0,0.0,0.0,0.0,1.0,0.0
dumbbell,cp,12.0,2,5,router,1.003333129834137,0.3333333048998725,0.3333333048998725,0.15464009139009138,0.02682324612658259,0.6600000000000157,0.0,0.025535690861140374,1.0,32.577528996655516,31.69138471571906,31.691042307692303,0.08310583203350295,0.938564135523157,0.0007716673243701226,0.0,0.9386196437568414,0.9941813614922511
dumbbell,cp,12.0,2,6,router,0.3333333048998725,0.3333333048998725,0.3333333048998725,0.0,1.0,0.8,0.0,1.0,1.0,31.69138471571906,31.69138471571906,31.691320133779264,0.0,0.9989575953580995,0.0008227438795745142,0.0,1.0,0.9989575953580995
dumbbell,cp,12.0,2,7,router,0.3333333048998725,0.3333333048998725,0.3333333048998725,0.0,1.0,0.8,0.0,1.0,1.0,31.69138471571906,31.69138471571906,31.69138471571906,0.0,1.0,0.0008227438795745142,0.0,1.0,1.0
dumbbell,cp,12.0,2,8,router,0.3333333048998725,0.3333333048998725,0.3333333048998725,0.0,1.0,0.8,0.0,1.0,1.0,31.69138471571906,31.69138471571906,31.69138471571906,0.0,1.0,0.0008227438795745142,0.0,1.0,1.0
dumbbell,cp,12.0,2,9,router,0.0,0.0,0.0,0.0,0.0,0.0,0.0,1.0,0.0,0.0,0.0,0.0,0.0,0.0,0.0,0.0,1.0,0.0
dumbbell,cp,12.0,3,0,attacker,9.988333299999999,0.33000003359633345,0.3333333335963335,0.9651885521885523,0.034714657745290194,0.0016,0.0,0.03400766772482168,1.0,22.0398601270903,16.240400735785954,16.233566755852845,0.4589049623618404,0.6283458359882681,0.0008837910960514229,0.0,0.6154702770187107,0.972184131410445
dumbbell,cp,12.0,3,1,benign_consumer,9.988333299999999,0.33666655553470404,0.3399998888680374,0.9647878787878787,0.034348632892002476,0.0013333333333333335,0.0,0.0347920764507964,0.998385218512495,10.0,9.454724204418862e-174,9.454724204418862e-174,0.9982264112698896,0.0003344481605351171,0.0016722408026755853,0.0,9.454724204418862e-175,0.7324414715719063
dumbbell,cp,12.0,3,2,attacker,9.988333299999999,0.3299999482356815,0.3333333819023482,0.9655218855218854,0.034336208517100245,0.0013333333333333335,0.0,0.03398691595604553,0.9983382073577102,22.0398601270903,16.317377826086954,16.31652247491639,0.44711841674600045,0.6375541238677661,0.0009597881615639414,0.0,0.6251632922037018,0.9712507775583152
dumbbell,cp,12.0,3,3,router,0.33333330749987444,0.33333330749987444,0.33333330749987444,0.0,1.0,0.8,0.0,1.0,1.0,31.572127625418062,31.572127625418062,31.572127625418062,0.0,1.0,0.0013595880866262022,0.0,1.0,1.0
dumbbell,cp,12.0,3,4,router,0.0,0.0,0.0,0.0,0.0,0.0,0.0,1.0,0.0,0.0,0.0,0.0,0.0,0.0,0.0,0.0,1.0,0.0
dumbbell,cp,12.0,3,5,router,1.0066664707000523,0.33333330749987444,0.33333330749987444,0.17277109236316396,0.02669070020891159,0.6158706079617438,0.0,0.02654091085075908,1.0,32.55777856187291,31.575472474916385,31.571785284280935,0.09100233058135838,0.9322692804935665,0.001091061427561878,0.0,0.9320690134617713,0.9941475345375087
dumbbell,cp,12.0,3,6,router,0.33333330749987444,0.33333330749987444,0.33333330749987444,0.0,1.0,0.8,0.0,1.0,1.0,31.575472474916385,31.575472474916385,31.575408695652175,0.0,0.999002990816376,0.0013595873351177842,0.0,1.0,0.9990666521830329
dumbbell,cp,12.0,3,7,router,0.33333330749987444,0.33333330749987444,0.33333330749987444,0.0,1.0,0.8,0.0,1.0,1.0,31.575472474916385,31.572127625418062,31.572127625418062,3.125683743318851e-05,0.999936269162565,0.0013595873351177842,0.0,0.999936269162565,1.0
dumbbell,cp,12.0,3,8,router,0.33333330749987444,0.33333330749987444,0.33333330749987444,0.0,1.0,0.8,0.0,1.0,1.0,31.572127625418062,31.572127625418062,31.572127625418062,0.0,1.0,0.0013595880866262022,0.0,1.0,1.0
dumbbell,cp,12.0,3,9,router,0.0,0.0,0.0,0.0,0.0,0.0,0.0,1.0,0.0,0.0,0.0,0.0,0.0,0.0,0.0,0.0,1.0,0.0
dumbbell,cp,12.0,4,0,attacker,9.988333299999999,0.33000003873917744,0.33333329873917744,0.9652188552188553,0.03458747202311531,0.0016,0.0,0.033984334997832974,0.9981873426475231,22.0398601270903,16.12281357859532,16.119854381270905,0.46481770013487755,0.6240650333776527,0.0008837910960514229,0.0,0.61285425406116,0.9683193827351056
dumbbell,cp,12.0,4,1,benign_consumer,9.988333299999999,0.3366667053061212,0.3400001386394545,0.964861952861953,0.03421054243587621,0.0013333333333333335,0.0,0.034559918382300145,0.9982455106547824,10.0,1.7197992043850463e-146,1.7197992043850463e-146,0.9982264112698896,0.0003344481605351171,0.0016722408026755853,0.0,1.7197992043850463e-147,0.862876254180602
dumbbell,cp,12.0,4,2,attacker,9.988333299999999,0.3299999678731657,0.33333330120649907,0.9654915824915825,0.034377148600872286,0.0013333333333333335,0.0,0.03404067005557257,1.0,22.0398601270903,16.179908695652173,16.17562127090301,0.4673009427018693,0.6247603323227229,0.0009597881615639414,0.0,0.6105680118358425,0.9714616289031153
dumbbell,cp,12.0,4,3,router,0.3333333175404124,0.3333333175404124,0.3333333175404124,0.0,1.0,0.8,0.0,1.0,1.0,31.423264080267558,31.423264080267558,31.423264080267558,0.0,1.0,0.000964733514545315,0.0,1.0,1.0
dumbbell,cp,12.0,4,4,router,0.0,0.0,0.0,0.0,0.0,0.0,0.0,1.0,0.0,0.0,0.0,0.0,0.0,0.0,0.0,0.0,1.0,0.0
dumbbell,cp,12.0,4,5,router,1.0066667119184642,0.3333333175404124,0.3333333175404124,0.18224898484105648,0.03327513780170272,0.4915228102067699,0.0,0.03327513216825718,1.0,32.30272227424749,31.42995347826087,31.426287324414716,0.08042092643589148,0.9403845083772655,0.0008991628903982449,0.0,0.9387470213161045,0.9941557929262569
dumbbell,cp,12.0,4,6,router,0.3333333175404124,0.3333333175404124,0.3333333175404124,0.0,1.0,0.8,0.0,1.0,1.0,31.42995347826087,31.426608963210704,31.42656655518395,0.0002572678157962439,0.9990040966811929,0.0009647328220754692,0.0,0.9998462894195711,0.9990670675208543
dumbbell,cp,12.0,4,7,router,0.3333333175404124,0.3333333175404124,0.3333333175404124,0.0,1.0,0.8,0.0,1.0,1.0,31.426608963210704,31.423264080267558,31.423264080267558,3.068331748028597e-05,0.9999370291603389,0.0009647328221448733,0.0,0.9999369282848897,1.0
dumbbell,cp,12.0,4,8,router,0.3333333175404124,0.3333333175404124,0.3333333175404124,0.0,1.0,0.8,0.0,1.0,1.0,31.423264080267558,31.423264080267558,31.423264080267558,0.0,1.0,0.000964733514545315,0.0,1.0,1.0
dumbbell,cp,12.0,4,9,router,0.0,0.0,0.0,0.0,0.0,0.0,0.0,1.0,0.0,0.0,0.0,0.0,0.0,0.0,0.0,0.0,1.0,0.0
dumbbell,cp,12.0,5,0,attacker,9.988333299999999,0.33333342428829893,0.3366667279549656,0.964929292929293,0.03448435843415671,0.0016,0.0,0.03412714963180902,0.9993111720149854,22.0398601270903,16.244103244147155,16.241143010033444,0.45669612537039483,0.6339035615863868,0.0008837910960514229,0.0,0.6190345092911179,0.9739270876313619
dumbbell,cp,12.0,5,1,benign_consumer,9.988333299999999,0.32999997396107555,0.33333327396107554,0.9654545454545455,0.03445410185679201,0.0013333333333333335,0.0,0.034117626644838965,1.0,10.0,3.606915517976924e-161,3.606915517976924e-161,0.9982264112698896,0.0003344481605351171,0.0016722408026755853,0.0,3.606915517976924e-162,0.7926421404682275
dumbbell,cp,12.0,5,2,attacker,9.988333299999999,0.32999992938286193,0.33333322871619525,0.9654915824915825,0.03445583893869036,0.0013333333333333335,0.0,0.0340318432854217,0.9973194242593396,22.0398601270903,16.24767515050167,16.24681464882943,0.4581017907015768,0.6295087390593963,0.0009597881615639414,0.0,0.6174644338080176,0.972410814374271
dumbbell,cp,12.0,5,3,router,0.33333336714929207,0.33333336714929207,0.33333336714929207,0.0,1.0,0.8,0.0,1.0,1.0,31.689776722408027,31.689776722408027,31.689776722408027,0.0,1.0,0.001010392323590558,0.0,1.0,1.0
dumbbell,cp,12.0,5,4,router,0.0,0.0,0.0,0.0,0.0,0.0,0.0,1.0,0.0,0.0,0.0,0.0,0.0,0.0,0.0,0.0,1.0,0.0
dumbbell,cp,12.0,5,5,router,1.0033333276322365,0.33333336714929207,0.33333336714929207,0.16688007733007731,0.02935814819064341,0.42334706589927645,0.0,0.029358155330550393,1.0,32.49177839464883,31.689776722408027,31.6894356187291,0.07258164651813964,0.9442080800351429,0.000939073043613399,0.0,0.9446010884063437,0.9942415620748526
dumbbell,cp,12.0,5,6,router,0.33333336714929207,0.33333336714929207,0.33333336714929207,0.0,1.0,0.8,0.0,1.0,1.0,31.689776722408027,31.689776722408027,31.68971371237458,0.0,0.9990720272668835,0.001010392323590558,0.0,1.0,0.9990720272668835
dumbbell,cp,12.0,5,7,router,0.33333336714929207,0.33333336714929207,0.33333336714929207,0.0,1.0,0.8,0.0,1.0,1.0,31.689776722408027,31.689776722408027,31.689776722408027,0.0,1.0,0.001010392323590558,0.0,1.0,1.0
dumbbell,cp,12.0,5,8,router,0.33333336714929207,0.33333336714929207,0.33333336714929207,0.0,1.0,0.8,0.0,1.0,1.0,31.689776722408027,31.689776722408027,31.689776722408027,0.0,1.0,0.001010392323590558,0.0,1.0,1.0
dumbbell,cp,12.0,5,9,router,0.0,0.0,0.0,0.0,0.0,0.0,0.0,1.0,0.0,0.0,0.0,0.0,0.0,0.0,0.0,0.0,1.0,0.0
dumbbell,cp,15.0,1,0,attacker,9.988333299999999,0.3299999651950502,0.3333332420550502,0.9651515151515152,0.034467954774832436,0.0016,0.0,0.034133879054547664,0.9969265436268702,25.048812473244148,19.925450869565218,19.921567692307693,0.3778102215379478,0.7047133725405017,0.0003955607639320679,0.0,0.7034604892541004,0.904055631626837
dumbbell,cp,15.0,1,1,benign_consumer,9.988333299999999,0.33000009209258313,0.33333335875924985,0.9654915824915825,0.03441887081440279,0.0013333333333333335,0.0,0.03399185383337538,0.9996899224806203,10.0,3.663259602378636e-154,3.663259602378636e-154,0.9982264112698896,0.0003344481605351171,0.0016722408026755853,0.0,3.6632596023786362e-155,0.8260869565217391
dumbbell,cp,15.0,1,2,attacker,9.988333299999999,0.3300000210726942,0.33333338773936094,0.9654545454545455,0.03445357724245636,0.0013333333333333335,0.0,0.03410391182185552,0.9986058485370822,25.048812473244148,19.855259832775918,19.851918729096987,0.37663550217898045,0.7077345118546651,0.0009144295334681904,0.0,0.7028643194834592,0.9026001097277551
dumbbell,cp,15.0,1,3,router,0.3333333559883337,0.3333333559883337,0.3333333559883337,0.0,1.0,0.8,0.0,1.0,1.0,38.81153806020067,38.81153806020067,38.81153806020067,0.0,1.0,0.0003279262764479161,0.0,1.0,1.0
dumbbell,cp,15.0,1,4,router,0.0,0.0,0.0,0.0,0.0,0.0,0.0,1.0,0.0,0.0,0.0,0.0,0.0,0.0,0.0,0.0,1.0,0.0
dumbbell,cp,15.0,1,5,router,1.0000000783603278,0.3333333559883337,0.3333333559883337,0.17960970479739424,0.0246704188190211,0.607200075393592,0.0,0.024524993069368433,1.0,39.78071016722408,38.81488237458194,38.81488237458194,0.07826562547931006,0.9483180907702595,0.0003196164931991068,0.0,0.9468432960818376,1.0
dumbbell,cp,15.0,1,6,router,0.3333333559883337,0.3333333559883337,0.3333333559883337,0.0,1.0,0.8,0.0,1.0,1.0,38.81488237458194,38.81153806020067,38.81153806020067,3.0404378230465186e-05,0.9999407154210178,0.0003279262764479161,0.0,0.9999407154210178,1.0
dumbbell,cp,15.0,1,7,router,0.3333333559883337,0.3333333559883337,0.3333333559883337,0.0,1.0,0.8,0.0,1.0,1.0,38.81153806020067,38.81153806020067,38.81153806020067,0.0,1.0,0.0003279262764479161,0.0,1.0,1.0
dumbbell,cp,15.0,1,8,router,0.3333333559883337,0.3333333559883337,0.3333333559883337,0.0,1.0,0.8,0.0,1.0,1.0,38.81153806020067,38.81153806020067,38.81153806020067,0.0,1.0,0.0003279262764479161,0.0,1.0,1.0
dumbbell,cp,15.0,1,9,router,0.0,0.0,0.0,0.0,0.0,0.0,0.0,1.0,0.0,0.0,0.0,0.0,0.0,0.0,0.0,0.0,1.0,0.0
dumbbell,cp,15.0,2,0,attacker,9.988333299999999,0.33000000581679534,0.3333333791501287,0.9651885521885523,0.03443136800104168,0.0016,0.0,0.03404090445013916,0.9992984154713421,25.048812473244148,19.82177160535117,19.82112177257525,0.38759326243289177,0.7020135953723812,0.0003955607639320679,0.0,0.6982376623928986,0.9052060983392735
dumbbell,cp,15.0,2,1,benign_consumer,9.988333299999999,0.329999872921295,0.33333327292129505,0.9655286195286196,0.0342020317310457,0.0013333333333333335,0.0,0.03385476511292123,0.9996336996336996,10.0,9.391759906730816e-176,9.391759906730816e-176,0.9982264112698896,0.0003344481605351171,0.0016722408026755853,0.0,9.391759906730815e-177,0.7224080267558528
dumbbell,cp,15.0,2,2,attacker,9.988333299999999,0.3333332177627134,0.33666661809604675,0.9651212121212122,0.03436707837813311,0.0013333333333333335,0.0,0.034471442764021344,0.9991112783091538,25.048812473244148,19.82622762541806,19.820186755852845,0.38534581360668313,0.7030004488335774,0.0009144295334681904,0.0,0.6987041602298925,0.9045026471889326
dumbbell,cp,15.0,2,3,router,0.3333333048998725,0.3333333048998725,0.3333333048998725,0.0,1.0,0.8,0.0,1.0,1.0,38.721609632107025,38.721609632107025,38.721609632107025,0.0,1.0,0.0003118409380765509,0.0,1.0,1.0
dumbbell,cp,15.0,2,4,router,0.0,0.0,0.0,0.0,0.0,0.0,0.0,1.0,0.0,0.0,0.0,0.0,0.0,0.0,0.0,0.0,1.0,0.0
dumbbell,cp,15.0,2,5,router,1.003333129834137,0.3333333048998725,0.3333333048998725,0.15464009139009138,0.02682324612658259,0.6600000000000157,0.0,0.025535690861140374,1.0,39.64799906354515,38.72495377926421,38.721609632107025,0.06783605495889995,0.9545919328306454,0.00030105071712861124,0.0,0.9537163550121677,0.9999377281153258
dumbbell,cp,15.0,2,6,router,0.3333333048998725,0.3333333048998725,0.3333333048998725,0.0,1.0,0.8,0.0,1.0,1.0,38.72495377926421,38.72495377926421,38.72495377926421,0.0,0.9999377281153262,0.0003118409380765481,0.0,1.0,1.0
dumbbell,cp,15.0,2,7,router,0.3333333048998725,0.3333333048998725,0.3333333048998725,0.0,1.0,0.8,0.0,1.0,1.0,38.72495377926421,38.721609632107025,38.721609632107025,3.155171325802991e-05,0.9999377281153262,0.0003118409380765481,0.0,0.9999377281153258,1.0
dumbbell,cp,15.0,2,8,router,0.3333333048998725,0.3333333048998725,0.3333333048998725,0.0,1.0,0.8,0.0,1.0,1.0,38.721609632107025,38.721609632107025,38.721609632107025,0.0,1.0,0.0003118409380765509,0.0,1.0,1.0
dumbbell,cp,15.0,2,9,router,0.0,0.0,0.0,0.0,0.0,0.0,0.0,1.0,0.0,0.0,0.0,0.0,0.0,0.0,0.0,0.0,1.0,0.0
dumbbell,cp,15.0,3,0,attacker,9.988333299999999,0.33000003359633345,0.3333333335963335,0.9651885521885523,0.034714657745290194,0.0016,0.0,0.03400766772482168,1.0,25.048812473244148,19.75434220735786,19.747681772575252,0.38449456639050367,0.7022709483202145,0.0003955607639320679,0.0,0.6975437068112911,0.9040309637185778
dumbbell,cp,15.0,3,1,benign_consumer,9.988333299999999,0.33666655553470404,0.3399998888680374,0.9647878787878787,0.034348632892002476,0.0013333333333333335,0.0,0.0347920764507964,0.998385218512495,10.0,9.454724204418862e-174,9.454724204418862e-174,0.9982264112698896,0.0003344481605351171,0.0016722408026755853,0.0,9.454724204418862e-175,0.7324414715719063
dumbbell,cp,15.0,3,2,attacker,9.988333299999999,0.3299999482356815,0.3333333819023482,0.9655218855218854,0.034336208517100245,0.0013333333333333335,0.0,0.03398691595604553,0.9983382073577102,25.048812473244148,19.914017591973245,19.91346066889632,0.3764936150805716,0.7076769959602618,0.0009144295334681904,0.0,0.7045007887363084,0.9043810420615399
dumbbell,cp,15.0,3,3,router,0.33333330749987444,0.33333330749987444,0.33333330749987444,0.0,1.0,0.8,0.0,1.0,1.0,38.681790267558526,38.681790267558526,38.681790267558526,0.0,1.0,0.00032086473548261385,0.0,1.0,1.0
dumbbell,cp,15.0,3,4,router,0.0,0.0,0.0,0.0,0.0,0.0,0.0,1.0,0.0,0.0,0.0,0.0,0.0,0.0,0.0,0.0,1.0,0.0
dumbbell,cp,15.0,3,5,router,1.0066664707000523,0.33333330749987444,0.33333330749987444,0.17277109236316396,0.02669070020891159,0.6158706079617438,0.0,0.02654091085075908,1.0,39.66836140468227,38.68847923076923,38.68513508361204,0.07210483943508444,0.9522406168330606,0.00031277405535103125,0.0,0.9514444951783391,0.9999372693201304
dumbbell,cp,15.0,3,6,router,0.33333330749987444,0.33333330749987444,0.33333330749987444,0.0,1.0,0.8,0.0,1.0,1.0,38.68847923076923,38.68513441471572,38.68513441471572,3.068331748028597e-05,0.999875771607742,0.00032086415143855774,0.0,0.9999385022875612,1.0
dumbbell,cp,15.0,3,7,router,0.33333330749987444,0.33333330749987444,0.33333330749987444,0.0,1.0,0.8,0.0,1.0,1.0,38.68513441471572,38.681790267558526,38.681790267558526,3.125683743318851e-05,0.9999372693201304,0.0003208641514389201,0.0,0.9999372693201304,1.0
dumbbell,cp,15.0,3,8,router,0.33333330749987444,0.33333330749987444,0.33333330749987444,0.0,1.0,0.8,0.0,1.0,1.0,38.681790267558526,38.681790267558526,38.681790267558526,0.0,1.0,0.00032086473548261385,0.0,1.0,1.0
dumbbell,cp,15.0,3,9,router,0.0,0.0,0.0,0.0,0.0,0.0,0.0,1.0,0.0,0.0,0.0,0.0,0.0,0.0,0.0,0.0,1.0,0.0
dumbbell,cp,15.0,4,0,attacker,9.988333299999999,0.33000003873917744,0.33333329873917744,0.9652188552188553,0.03458747202311531,0.0016,0.0,0.033984334997832974,0.9981873426475231,25.048812473244148,19.63985769230769,19.637179364548494,0.4011648882283237,0.6968130076118371,0.0003955607639320679,0.0,0.6858383263149006,0.9040431424410079
dumbbell,cp,15.0,4,1,benign_consumer,9.988333299999999,0.3366667053061212,0.3400001386394545,0.964861952861953,0.03421054243587621,0.0013333333333333335,0.0,0.034559918382300145,0.9982455106547824,10.0,1.7197992043850463e-146,1.7197992043850463e-146,0.9982264112698896,0.0003344481605351171,0.0016722408026755853,0.0,1.7197992043850463e-147,0.862876254180602
dumbbell,cp,15.0,4,2,attacker,9.988333299999999,0.3299999678731657,0.33333330120649907,0.9654915824915825,0.034377148600872286,0.0013333333333333335,0.0,0.03404067005557257,1.0,25.048812473244148,19.740567692307692,19.73992220735786,0.382488344988345,0.7051386422956111,0.0009144295334681904,0.0,0.6971613692533454,0.9027411284432773
dumbbell,cp,15.0,4,3,router,0.3333333175404124,0.3333333175404124,0.3333333175404124,0.0,1.0,0.8,0.0,1.0,1.0,38.45735260869565,38.45735260869565,38.45735260869565,0.0,1.0,0.0003227152078579442,0.0,1.0,1.0
dumbbell,cp,15.0,4,4,router,0.0,0.0,0.0,0.0,0.0,0.0,0.0,1.0,0.0,0.0,0.0,0.0,0.0,0.0,0.0,0.0,1.0,0.0
dumbbell,cp,15.0,4,5,router,1.0066667119184642,0.3333333175404124,0.3333333175404124,0.18224898484105648,0.03327513780170272,0.4915228102067699,0.0,0.03327513216825718,1.0,39.38042548494983,38.45735260869565,38.45735260869565,0.07394080539760252,0.9516699799076779,0.00031198827610502114,0.0,0.949779693425583,1.0
dumbbell,cp,15.0,4,6,router,0.3333333175404124,0.3333333175404124,0.3333333175404124,0.0,1.0,0.8,0.0,1.0,1.0,38.45735260869565,38.45735260869565,38.45735260869565,0.0,1.0,0.0003227152078579442,0.0,1.0,1.0
dumbbell,cp,15.0,4,7,router,0.3333333175404124,0.3333333175404124,0.3333333175404124,0.0,1.0,0.8,0.0,1.0,1.0,38.45735260869565,38.45735260869565,38.45735260869565,0.0,1.0,0.0003227152078579442,0.0,1.0,1.0
dumbbell,cp,15.0,4,8,router,0.3333333175404124,0.3333333175404124,0.3333333175404124,0.0,1.0,0.8,0.0,1.0,1.0,38.45735260869565,38.45735260869565,38.45735260869565,0.0,1.0,0.0003227152078579442,0.0,1.0,1.0
dumbbell,cp,15.0,4,9,router,0.0,0.0,0.0,0.0,0.0,0.0,0.0,1.0,0.0,0.0,0.0,0.0,0.0,0.0,0.0,0.0,1.0,0.0
dumbbell,cp,15.0,5,0,attacker,9.988333299999999,0.33333342428829893,0.3366667279549656,0.964929292929293,0.03448435843415671,0.0016,0.0,0.03412714963180902,0.9993111720149854,25.048812473244148,19.76459133779264,19.761911070234113,0.3874562182117421,0.7047746028808507,0.0003955607639320679,0.0,0.6958702187595559,0.9033319115254629
dumbbell,cp,15.0,5,1,benign_consumer,9.988333299999999,0.32999997396107555,0.33333327396107554,0.9654545454545455,0.03445410185679201,0.0013333333333333335,0.0,0.034117626644838965,1.0,10.0,3.606915517976924e-161,3.606915517976924e-161,0.9982264112698896,0.0003344481605351171,0.0016722408026755853,0.0,3.606915517976924e-162,0.7926421404682275
dumbbell,cp,15.0,5,2,attacker,9.988333299999999,0.32999992938286193,0.33333322871619525,0.9654915824915825,0.03445583893869036,0.0013333333333333335,0.0,0.0340318432854217,0.9973194242593396,25.048812473244148,19.84860033444816,19.844699431438126,0.3776388466605858,0.7052071816608507,0.0009144295334681904,0.0,0.7032733018366487,0.9047015464225192
dumbbell,cp,15.0,5,3,router,0.33333336714929207,0.33333336714929207,0.33333336714929207,0.0,1.0,0.8,0.0,1.0,1.0,38.77108752508361,38.77108752508361,38.77108752508361,0.0,1.0,0.00031880123438128176,0.0,1.0,1.0
dumbbell,cp,15.0,5,4,router,0.0,0.0,0.0,0.0,0.0,0.0,0.0,1.0,0.0,0.0,0.0,0.0,0.0,0.0,0.0,0.0,1.0,0.0
dumbbell,cp,15.0,5,5,router,1.0033333276322365,0.33333336714929207,0.33333336714929207,0.16688007733007731,0.02935814819064341,0.42334706589927645,0.0,0.029358155330550393,1.0,39.61319127090301,38.77443217391304,38.77443217391304,0.06294765352628777,0.9590266070396561,0.0003079585867247773,0.0,0.958340432384819,1.0
dumbbell,cp,15.0,5,6,router,0.33333336714929207,0.33333336714929207,0.33333336714929207,0.0,1.0,0.8,0.0,1.0,1.0,38.77443217391304,38.77108752508361,38.77108752508361,3.0404378230465186e-05,0.9999383923555122,0.00031880123438128176,0.0,0.9999383923555122,1.0
dumbbell,cp,15.0,5,7,router,0.33333336714929207,0.33333336714929207,0.33333336714929207,0.0,1.0,0.8,0.0,1.0,1.0,38.77108752508361,38.77108752508361,38.77108752508361,0.0,1.0,0.00031880123438128176,0.0,1.0,1.0
dumbbell,cp,15.0,5,8,router,0.33333336714929207,0.33333336714929207,0.33333336714929207,0.0,1.0,0.8,0.0,1.0,1.0,38.77108752508361,38.77108752508361,38.77108752508361,0.0,1.0,0.00031880123438128176,0.0,1.0,1.0
dumbbell,cp,15.0,5,9,router,0.0,0.0,0.0,0.0,0.0,0.0,0.0,1.0,0.0,0.0,0.0,0.0,0.0,0.0,0.0,0.0,1.0,0.0
dumbbell,cp,20.0,1,0,attacker,9.988333299999999,0.3299999651950502,0.3333332420550502,0.9651515151515152,0.034467954774832436,0.0016,0.0,0.034133879054547664,0.9969265436268702,30.060142107023413,25.56012765886288,25.55937789297659,0.287121770051207,0.7708577380109115,0.00038096847701856297,0.0,0.7934825773863097,0.8301006310781833
dumbbell,cp,20.0,1,1,benign_consumer,9.988333299999999,0.33000009209258313,0.33333335875924985,0.9654915824915825,0.03441887081440279,0.0013333333333333335,0.0,0.03399185383337538,0.9996899224806203,10.0,3.663259602378636e-154,3.663259602378636e-154,0.9982264112698896,0.0003344481605351171,0.0016722408026755853,0.0,3.6632596023786362e-155,0.8260869565217391
dumbbell,cp,20.0,1,2,attacker,9.988333299999999,0.3300000210726942,0.33333338773936094,0.9654545454545455,0.03445357724245636,0.0013333333333333335,0.0,0.03410391182185552,0.9986058485370822,30.060142107023413,25.628962709030098,25.625516421404683,0.2837501266849093,0.7726549545316245,0.000868061057690406,0.0,0.7950797663980591,0.8306304509685176
dumbbell,cp,20.0,1,3,router,0.3333333559883337,0.3333333559883337,0.3333333559883337,0.0,1.0,0.8,0.0,1.0,1.0,50.12019765886288,50.12019765886288,50.12019765886288,0.0,1.0,0.0002700319463473342,0.0,1.0,1.0
dumbbell,cp,20.0,1,4,router,0.0,0.0,0.0,0.0,0.0,0.0,0.0,1.0,0.0,0.0,0.0,0.0,0.0,0.0,0.0,0.0,1.0,0.0
dumbbell,cp,20.0,1,5,router,1.0000000783603278,0.3333333559883337,0.3333333559883337,0.17960970479739424,0.0246704188190211,0.607200075393592,0.0,0.024524993069368433,1.0,51.188658896321066,50.12019765886288,50.12019765886288,0.06316096759965285,0.9642868171913753,0.00026487130890233944,0.0,0.9630730396874004,1.0
dumbbell,cp,20.0,1,6,router,0.3333333559883337,0.3333333559883337,0.3333333559883337,0.0,1.0,0.8,0.0,1.0,1.0,50.12019765886288,50.12019765886288,50.12019765886288,0.0,1.0,0.0002700319463473342,0.0,1.0,1.0
dumbbell,cp,20.0,1,7,router,0.3333333559883337,0.3333333559883337,0.3333333559883337,0.0,1.0,0.8,0.0,1.0,1.0,50.12019765886288,50.12019765886288,50.12019765886288,0.0,1.0,0.0002700319463473342,0.0,1.0,1.0
dumbbell,cp,20.0,1,8,router,0.3333333559883337,0.3333333559883337,0.3333333559883337,0.0,1.0,0.8,0.0,1.0,1.0,50.12019765886288,50.12019765886288,50.12019765886288,0.0,1.0,0.0002700319463473342,0.0,1.0,1.0
dumbbell,cp,20.0,1,9,router,0.0,0.0,0.0,0.0,0.0,0.0,0.0,1.0,0.0,0.0,0.0,0.0,0.0,0.0,0.0,0.0,1.0,0.0
dumbbell,cp,20.0,2,0,attacker,9.988333299999999,0.33000000581679534,0.3333333791501287,0.9651885521885523,0.03443136800104168,0.0016,0.0,0.03404090445013916,0.9992984154713421,30.060142107023413,25.5468218729097,25.546043846153847,0.28815433120493705,0.7684288338216737,0.00038096847701856297,0.0,0.7932368450315758,0.8303756047243817
dumbbell,cp,20.0,2,1,benign_consumer,9.988333299999999,0.329999872921295,0.33333327292129505,0.9655286195286196,0.0342020317310457,0.0013333333333333335,0.0,0.03385476511292123,0.9996336996336996,10.0,9.391759906730816e-176,9.391759906730816e-176,0.9982264112698896,0.0003344481605351171,0.0016722408026755853,0.0,9.391759906730815e-177,0.7224080267558528
dumbbell,cp,20.0,2,2,attacker,9.988333299999999,0.3333332177627134,0.33666661809604675,0.9651212121212122,0.03436707837813311,0.0013333333333333335,0.0,0.034471442764021344,0.9991112783091538,30.060142107023413,25.586014849498326,25.58310331103679,0.27788153875110394,0.7705436277661343,0.000868061057690406,0.0,0.7969710773233409,0.8289375426944313
dumbbell,cp,20.0,2,3,router,0.3333333048998725,0.3333333048998725,0.3333333048998725,0.0,1.0,0.8,0.0,1.0,1.0,50.073676588628764,50.073676588628764,50.073676588628764,0.0,1.0,0.00026279606285546783,0.0,1.0,1.0
dumbbell,cp,20.0,2,4,router,0.0,0.0,0.0,0.0,0.0,0.0,0.0,1.0,0.0,0.0,0.0,0.0,0.0,0.0,0.0,0.0,1.0,0.0
dumbbell,cp,20.0,2,5,router,1.003333129834137,0.3333333048998725,0.3333333048998725,0.15464009139009138,0.02682324612658259,0.6600000000000157,0.0,0.025535690861140374,1.0,51.13240762541806,50.073676588628764,50.073676588628764,0.06780199412227252,0.9630026846685681,0.00025656949366513845,0.0,0.9620329033882469,1.0
dumbbell,cp,20.0,2,6,router,0.3333333048998725,0.3333333048998725,0.3333333048998725,0.0,1.0,0.8,0.0,1.0,1.0,50.073676588628764,50.073676588628764,50.073676588628764,0.0,1.0,0.00026279606285546783,0.0,1.0,1.0
dumbbell,cp,20.0,2,7,router,0.3333333048998725,0.3333333048998725,0.3333333048998725,0.0,1.0,0.8,0.0,1.0,1.0,50.073676588628764,50.073676588628764,50.073676588628764,0.0,1.0,0.00026279606285546783,0.0,1.0,1.0
dumbbell,cp,20.0,2,8,router,0.3333333048998725,0.3333333048998725,0.3333333048998725,0.0,1.0,0.8,0.0,1.0,1.0,50.073676588628764,50.073676588628764,50.073676588628764,0.0,1.0,0.00026279606285546783,0.0,1.0,1.0
dumbbell,cp,20.0,2,9,router,0.0,0.0,0.0,0.0,0.0,0.0,0.0,1.0,0.0,0.0,0.0,0.0,0.0,0.0,0.0,0.0,1.0,0.0
dumbbell,cp,20.0,3,0,attacker,9.988333299999999,0.33000003359633345,0.3333333335963335,0.9651885521885523,0.034714657745290194,0.0016,0.0,0.03400766772482168,1.0,30.060142107023413,25.490769531772575,25.487343177257525,0.2926922014947674,0.7667545033739852,0.00038096847701856297,0.0,0.7902424253941708,0.829556346498132
dumbbell,cp,20.0,3,1,benign_consumer,9.988333299999999,0.33666655553470404,0.3399998888680374,0.9647878787878787,0.034348632892002476,0.0013333333333333335,0.0,0.0347920764507964,0.998385218512495,10.0,9.454724204418862e-174,9.454724204418862e-174,0.9982264112698896,0.0003344481605351171,0.0016722408026755853,0.0,9.454724204418862e-175,0.7324414715719063
dumbbell,cp,20.0,3,2,attacker,9.988333299999999,0.3299999482356815,0.3333333819023482,0.9655218855218854,0.034336208517100245,0.0013333333333333335,0.0,0.03398691595604553,0.9983382073577102,30.060142107023413,25.59971939799331,25.598945719063547,0.28257955812303637,0.7706812868353223,0.000868061057690406,0.0,0.7952269441163929,0.8298431470239445
dumbbell,cp,20.0,3,3,router,0.33333330749987444,0.33333330749987444,0.33333330749987444,0.0,1.0,0.8,0.0,1.0,1.0,49.979991070234114,49.979991070234114,49.979991070234114,0.0,1.0,0.00027457653026658055,0.0,1.0,1.0
dumbbell,cp,20.0,3,4,router,0.0,0.0,0.0,0.0,0.0,0.0,0.0,1.0,0.0,0.0,0.0,0.0,0.0,0.0,0.0,0.0,1.0,0.0
dumbbell,cp,20.0,3,5,router,1.0066664707000523,0.33333330749987444,0.33333330749987444,0.17277109236316396,0.02669070020891159,0.6158706079617438,0.0,0.02654091085075908,1.0,51.09005789297659,49.979991070234114,49.979991070234114,0.066222963312878,0.9620309560817784,0.00026858863305667067,0.0,0.960988744002602,1.0
dumbbell,cp,20.0,3,6,router,0.33333330749987444,0.33333330749987444,0.33333330749987444,0.0,1.0,0.8,0.0,1.0,1.0,49.979991070234114,49.979991070234114,49.979991070234114,0.0,1.0,0.00027457653026658055,0.0,1.0,1.0
dumbbell,cp,20.0,3,7,router,0.33333330749987444,0.33333330749987444,0.33333330749987444,0.0,1.0,0.8,0.0,1.0,1.0,49.979991070234114,49.979991070234114,49.979991070234114,0.0,1.0,0.00027457653026658055,0.0,1.0,1.0
dumbbell,cp,20.0,3,8,router,0.33333330749987444,0.33333330749987444,0.33333330749987444,0.0,1.0,0.8,0.0,1.0,1.0,49.979991070234114,49.979991070234114,49.979991070234114,0.0,1.0,0.00027457653026658055,0.0,1.0,1.0
dumbbell,cp,20.0,3,9,router,0.0,0.0,0.0,0.0,0.0,0.0,0.0,1.0,0.0,0.0,0.0,0.0,0.0,0.0,0.0,0.0,1.0,0.0
dumbbell,cp,20.0,4,0,attacker,9.988333299999999,0.33000003873917744,0.33333329873917744,0.9652188552188553,0.03458747202311531,0.0016,0.0,0.033984334997832974,0.9981873426475231,30.060142107023413,25.316057759197324,25.312606722408027,0.31008624722095857,0.7656248221356307,0.00038096847701856297,0.0,0.7780143721842244,0.8297192677856998
dumbbell,cp,20.0,4,1,benign_consumer,9.988333299999999,0.3366667053061212,0.3400001386394545,0.964861952861953,0.03421054243587621,0.0013333333333333335,0.0,0.034559918382300145,0.9982455106547824,10.0,1.7197992043850463e-146,1.7197992043850463e-146,0.9982264112698896,0.0003344481605351171,0.0016722408026755853,0.0,1.7197992043850463e-147,0.862876254180602
dumbbell,cp,20.0,4,2,attacker,9.988333299999999,0.3299999678731657,0.33333330120649907,0.9654915824915825,0.034377148600872286,0.0013333333333333335,0.0,0.03404067005557257,1.0,30.060142107023413,25.40605518394649,25.40183712374582,0.30058401743184354,0.7694617579295553,0.000868061057690406,0.0,0.7830079007497261,0.8296690694020897
dumbbell,cp,20.0,4,3,router,0.3333333175404124,0.3333333175404124,0.3333333175404124,0.0,1.0,0.8,0.0,1.0,1.0,49.655740033444815,49.655740033444815,49.655740033444815,0.0,1.0,0.0002727703635610732,0.0,1.0,1.0
dumbbell,cp,20.0,4,4,router,0.0,0.0,0.0,0.0,0.0,0.0,0.0,1.0,0.0,0.0033444816053511705,0.0033444816053511705,0.0033444816053511705,0.0,0.38127090301003347,0.19738327758916707,0.0,1.0,0.38127090301003347
dumbbell,cp,20.0,4,5,router,1.0066667119184642,0.3333333175404124,0.3333333175404124,0.18224898484105648,0.03327513780170272,0.4915228102067699,0.0,0.03327513216825718,1.0,50.72168220735786,49.65908418060201,49.655740033444815,0.06593323661417891,0.9633613492436985,0.00026638077198045144,0.0,0.9621088958789785,0.9999437327836405
dumbbell,cp,20.0,4,6,router,0.3333333175404124,0.3333333175404124,0.3333333175404124,0.0,1.0,0.8,0.0,1.0,1.0,49.65908418060201,49.65908418060201,49.655740033444815,0.0,0.9999437327836405,0.000272770220764184,0.0,1.0,0.9999437327836405
dumbbell,cp,20.0,4,7,router,0.3333333175404124,0.3333333175404124,0.3333333175404124,0.0,1.0,0.8,0.0,1.0,1.0,49.65908418060201,49.65908418060201,49.655740033444815,0.0,0.9999437327836405,0.000272770220764184,0.0,1.0,0.9999437327836405
dumbbell,cp,20.0,4,8,router,0.3333333175404124,0.3333333175404124,0.3333333175404124,0.0,1.0,0.8,0.0,1.0,1.0,49.65908418060201,49.65908451505017,49.65908451505017,0.0,0.9999437327836405,0.000272770220764184,0.0,1.0000000042963864,1.0
dumbbell,cp,20.0,4,9,router,0.0,0.0,0.0,0.0,0.0,0.0,0.0,1.0,0.0,0.0033444816053511705,0.0033444816053511705,0.0033444816053511705,0.0,0.38127090301003347,0.19738327758916707,0.0,1.0,0.38127090301003347
dumbbell,cp,20.0,5,0,attacker,9.988333299999999,0.33333342428829893,0.3366667279549656,0.964929292929293,0.03448435843415671,0.0016,0.0,0.03412714963180902,0.9993111720149854,30.060142107023413,25.558379966555183,25.55212066889632,0.28467006400007117,0.7723357674309637,0.00038096847701856297,0.0,0.7929648230021394,0.8299955406067658
dumbbell,cp,20.0,5,1,benign_consumer,9.988333299999999,0.32999997396107555,0.33333327396107554,0.9654545454545455,0.03445410185679201,0.0013333333333333335,0.0,0.034117626644838965,1.0,10.0,3.606915517976924e-161,3.606915517976924e-161,0.9982264112698896,0.0003344481605351171,0.0016722408026755853,0.0,3.606915517976924e-162,0.7926421404682275
dumbbell,cp,20.0,5,2,attacker,9.988333299999999,0.32999992938286193,0.33333322871619525,0.9654915824915825,0.03445583893869036,0.0013333333333333335,0.0,0.0340318432854217,0.9973194242593396,30.060142107023413,25.56493341137124,25.564157157190635,0.28402883348535524,0.766194870899083,0.000868061057690406,0.0,0.7958982408595833,0.8300119665001172
dumbbell,cp,20.0,5,3,router,0.33333336714929207,0.33333336714929207,0.33333336714929207,0.0,1.0,0.8,0.0,1.0,1.0,50.14028591973244,50.14028591973244,50.14028591973244,0.0,1.0,0.0002634367891403644,0.0,1.0,1.0
dumbbell,cp,20.0,5,4,router,0.0,0.0,0.0,0.0,0.0,0.0,0.0,1.0,0.0,0.0033444816053511705,0.0033444816053511705,0.0033444816053511705,0.0,0.6989966555183946,0.5986622073578596,0.0,1.0,0.6989966555183946
dumbbell,cp,20.0,5,5,router,1.0033333276322365,0.33333336714929207,0.33333336714929207,0.16688007733007731,0.02935814819064341,0.42334706589927645,0.0,0.029358155330550393,1.0,51.122885518394654,50.14362973244147,50.14028591973244,0.060011171477141315,0.9656168429159565,0.00025789839784809665,0.0,0.9650613222590971,0.9999465702159226
dumbbell,cp,20.0,5,6,router,0.33333336714929207,0.33333336714929207,0.33333336714929207,0.0,1.0,0.8,0.0,1.0,1.0,50.14362973244147,50.14362973244147,50.14028591973244,0.0,0.9999465702159226,0.0002634367891403644,0.0,1.0,0.9999465702159226
dumbbell,cp,20.0,5,7,router,0.33333336714929207,0.33333336714929207,0.33333336714929207,0.0,1.0,0.8,0.0,1.0,1.0,50.14362973244147,50.14362973244147,50.14028591973244,0.0,0.9999465702159226,0.0002634367891403644,0.0,1.0,0.9999465702159226
dumbbell,cp,20.0,5,8,router,0.33333336714929207,0.33333336714929207,0.33333336714929207,0.0,1.0,0.8,0.0,1.0,1.0,50.14362973244147,50.143630401337795,50.143630401337795,0.0,0.9999465702159226,0.0002634367891403644,0.0,1.000000034294957,1.0
dumbbell,cp,20.0,5,9,router,0.0,0.0,0.0,0.0,0.0,0.0,0.0,1.0,0.0,0.0033444816053511705,0.0033444816053511705,0.0033444816053511705,0.0,0.6989966555183946,0.5986622073578596,0.0,1.0,0.6989966555183946
dumbbell,cp,30.0,1,0,attacker,9.988333299999999,0.3299999651950502,0.3333332420550502,0.9651515151515152,0.034467954774832436,0.0016,0.0,0.034133879054547664,0.9969265436268702,40.065272909699,36.51093545150502,36.504378260869565,0.1761461217982957,0.8859525221811491,0.0006494875618326273,0.0,0.8860236555308638,0.9932611750803986
dumbbell,cp,30.0,1,1,benign_consumer,9.988333299999999,0.33000009209258313,0.33333335875924985,0.9654915824915825,0.03441887081440279,0.0013333333333333335,0.0,0.03399185383337538,0.9996899224806203,10.0,3.663259602378636e-154,3.663259602378636e-154,0.9982264112698896,0.0003344481605351171,0.0016722408026755853,0.0,3.6632596023786362e-155,0.8260869565217391
dumbbell,cp,30.0,1,2,attacker,9.988333299999999,0.3300000210726942,0.33333338773936094,0.9654545454545455,0.03445357724245636,0.0013333333333333335,0.0,0.03410391182185552,0.9986058485370822,40.065272909699,36.52702976588628,36.52369464882943,0.17266274649560465,0.8878084272628666,0.00033708925909059923,0.0,0.886937082721719,0.9936502624518335
dumbbell,cp,30.0,1,3,router,0.3333333559883337,0.3333333559883337,0.3333333559883337,0.0,1.0,0.8,0.0,1.0,1.0,71.99938093645486,71.99938093645486,71.99938093645486,0.0,1.0,0.00018748981083194078,0.0,1.0,1.0
dumbbell,cp,30.0,1,4,router,0.0,0.0,0.0,0.0,0.0,0.0,0.0,1.0,0.0,0.0,0.0,0.0,0.0,0.0,0.0,0.0,1.0,0.0
dumbbell,cp,30.0,1,5,router,1.0000000783603278,0.3333333559883337,0.3333333559883337,0.17960970479739424,0.0246704188190211,0.607200075393592,0.0,0.024524993069368433,1.0,73.03796521739132,72.00607023411371,72.00607023411371,0.032140748915785194,0.9822126111651562,0.00018484449815448422,0.0,0.9811603216081956,1.0
dumbbell,cp,30.0,1,6,router,0.3333333559883337,0.3333333559883337,0.3333333559883337,0.0,1.0,0.8,0.0,1.0,1.0,72.00607023411371,71.99938093645486,71.99938093645486,5.9199000846598094e-05,0.9999052125592331,0.00018748981083194078,0.0,0.9999052125592331,1.0
dumbbell,cp,30.0,1,7,router,0.3333333559883337,0.3333333559883337,0.3333333559883337,0.0,1.0,0.8,0.0,1.0,1.0,71.99938093645486,71.99938093645486,71.99938093645486,0.0,1.0,0.00018748981083194078,0.0,1.0,1.0
dumbbell,cp,30.0,1,8,router,0.3333333559883337,0.3333333559883337,0.3333333559883337,0.0,1.0,0.8,0.0,1.0,1.0,71.99938093645486,71.99938093645486,71.99938093645486,0.0,1.0,0.00018748981083194078,0.0,1.0,1.0
dumbbell,cp,30.0,1,9,router,0.0,0.0,0.0,0.0,0.0,0.0,0.0,1.0,0.0,0.0,0.0,0.0,0.0,0.0,0.0,0.0,1.0,0.0
dumbbell,cp,30.0,2,0,attacker,9.988333299999999,0.33000000581679534,0.3333333791501287,0.9651885521885523,0.03443136800104168,0.0016,0.0,0.03404090445013916,0.9992984154713421,40.065272909699,36.57171605351171,36.56837491638796,0.17236050279528542,0.8875470963932522,0.0006494875618326273,0.0,0.8878788795842172,0.9935865308029376
dumbbell,cp,30.0,2,1,benign_consumer,9.988333299999999,0.329999872921295,0.33333327292129505,0.9655286195286196,0.0342020317310457,0.0013333333333333335,0.0,0.03385476511292123,0.9996336996336996,10.0,9.391759906730816e-176,9.391759906730816e-176,0.9982264112698896,0.0003344481605351171,0.0016722408026755853,0.0,9.391759906730815e-177,0.7224080267558528
dumbbell,cp,30.0,2,2,attacker,9.988333299999999,0.3333332177627134,0.33666661809604675,0.9651212121212122,0.03436707837813311,0.0013333333333333335,0.0,0.034471442764021344,0.9991112783091538,40.065272909699,36.580415384615385,36.57437391304348,0.1789913816285876,0.8865732609003585,0.00033708925909059923,0.0,0.8860083801171794,0.9929223351610617
dumbbell,cp,30.0,2,3,router,0.3333333048998725,0.3333333048998725,0.3333333048998725,0.0,1.0,0.8,0.0,1.0,1.0,72.02906722408026,72.02906722408026,72.02906722408026,0.0,1.0,0.0001867974175874995,0.0,1.0,1.0
dumbbell,cp,30.0,2,4,router,0.0,0.0,0.0,0.0,0.0,0.0,0.0,1.0,0.0,0.0,0.0,0.0,0.0,0.0,0.0,0.0,1.0,0.0
dumbbell,cp,30.0,2,5,router,1.003333129834137,0.3333333048998725,0.3333333048998725,0.15464009139009138,0.02682324612658259,0.6600000000000157,0.0,0.025535690861140374,1.0,73.15213143812709,72.03241371237458,72.02906722408026,0.039138147419406084,0.9795266867834411,0.00018430368803064906,0.0,0.9787457831813449,0.9999571588246868
dumbbell,cp,30.0,2,6,router,0.3333333048998725,0.3333333048998725,0.3333333048998725,0.0,1.0,0.8,0.0,1.0,1.0,72.03241371237458,72.03241371237458,72.03241371237458,0.0,0.9999571588246872,0.0001867974175874978,0.0,1.0,1.0
dumbbell,cp,30.0,2,7,router,0.3333333048998725,0.3333333048998725,0.3333333048998725,0.0,1.0,0.8,0.0,1.0,1.0,72.03241371237458,72.02906722408026,72.02906722408026,2.9597182348240448e-05,0.9999571588246872,0.0001867974175874978,0.0,0.9999571588246868,1.0
dumbbell,cp,30.0,2,8,router,0.3333333048998725,0.3333333048998725,0.3333333048998725,0.0,1.0,0.8,0.0,1.0,1.0,72.02906722408026,72.02906722408026,72.02906722408026,0.0,1.0,0.0001867974175874995,0.0,1.0,1.0
dumbbell,cp,30.0,2,9,router,0.0,0.0,0.0,0.0,0.0,0.0,0.0,1.0,0.0,0.0,0.0,0.0,0.0,0.0,0.0,0.0,1.0,0.0
dumbbell,cp,30.0,3,0,attacker,9.988333299999999,0.33000003359633345,0.3333333335963335,0.9651885521885523,0.034714657745290194,0.0016,0.0,0.03400766772482168,1.0,40.065272909699,36.40890869565217,36.39890301003345,0.18076703946269165,0.8822460635416969,0.0006494875618326273,0.0,0.8824979022494956,0.9929134742844619
dumbbell,cp,30.0,3,1,benign_consumer,9.988333299999999,0.33666655553470404,0.3399998888680374,0.9647878787878787,0.034348632892002476,0.0013333333333333335,0.0,0.0347920764507964,0.998385218512495,10.0,9.454724204418862e-174,9.454724204418862e-174,0.9982264112698896,0.0003344481605351171,0.0016722408026755853,0.0,9.454724204418862e-175,0.7324414715719063
dumbbell,cp,30.0,3,2,attacker,9.988333299999999,0.3299999482356815,0.3333333819023482,0.9655218855218854,0.034336208517100245,0.0013333333333333335,0.0,0.03398691595604553,0.9983382073577102,40.065272909699,36.611266220735786,36.6040220735786,0.16847757552497397,0.8886777941019154,0.00033708925909059923,0.0,0.8897785683549687,0.9935014278949443
dumbbell,cp,30.0,3,3,router,0.33333330749987444,0.33333330749987444,0.33333330749987444,0.0,1.0,0.8,0.0,1.0,1.0,71.86033678929765,71.86033678929765,71.86033678929765,0.0,1.0,0.0001890915971034024,0.0,1.0,1.0
dumbbell,cp,30.0,3,4,router,0.0,0.0,0.0,0.0,0.0,0.0,0.0,1.0,0.0,0.0,0.0,0.0,0.0,0.0,0.0,0.0,1.0,0.0
dumbbell,cp,30.0,3,5,router,1.0066664707000523,0.33333330749987444,0.33333330749987444,0.17277109236316396,0.02669070020891159,0.6158706079617438,0.0,0.02654091085075908,1.0,73.02017491638796,71.88709297658863,71.86702709030101,0.04219452300035149,0.9786317752867217,0.00018676211363009956,0.0,0.9778888162453288,0.9997380348369732
dumbbell,cp,30.0,3,6,router,0.33333330749987444,0.33333330749987444,0.33333330749987444,0.0,1.0,0.8,0.0,1.0,1.0,71.88709297658863,71.88040267558527,71.88040267558527,5.9468022854750536e-05,0.9996429886869236,0.0001890908267748593,0.0,0.9999049538499124,1.0
dumbbell,cp,30.0,3,7,router,0.33333330749987444,0.33333330749987444,0.33333330749987444,0.0,1.0,0.8,0.0,1.0,1.0,71.88040267558527,71.86033678929765,71.86033678929765,0.000178687388397953,0.9997380348369732,0.0001890908267754053,0.0,0.9997380348369732,1.0
dumbbell,cp,30.0,3,8,router,0.33333330749987444,0.33333330749987444,0.33333330749987444,0.0,1.0,0.8,0.0,1.0,1.0,71.86033678929765,71.86033678929765,71.86033678929765,0.0,1.0,0.0001890915971034024,0.0,1.0,1.0
dumbbell,cp,30.0,3,9,router,0.0,0.0,0.0,0.0,0.0,0.0,0.0,1.0,0.0,0.0,0.0,0.0,0.0,0.0,0.0,0.0,1.0,0.0
dumbbell,cp,30.0,4,0,attacker,9.988333299999999,0.33000003873917744,0.33333329873917744,0.9652188552188553,0.03458747202311531,0.0016,0.0,0.033984334997832974,0.9981873426475231,40.065272909699,36.35379331103679,36.34710234113712,0.17837522837522837,0.8831274599397001,0.0006494875618326273,0.0,0.8827143367408924,0.9924667331968368
dumbbell,cp,30.0,4,1,benign_consumer,9.988333299999999,0.3366667053061212,0.3400001386394545,0.964861952861953,0.03421054243587621,0.0013333333333333335,0.0,0.034559918382300145,0.9982455106547824,10.0,1.7197992043850463e-146,1.7197992043850463e-146,0.9982264112698896,0.0003344481605351171,0.0016722408026755853,0.0,1.7197992043850463e-147,0.862876254180602
dumbbell,cp,30.0,4,2,attacker,9.988333299999999,0.3299999678731657,0.33333330120649907,0.9654915824915825,0.034377148600872286,0.0013333333333333335,0.0,0.03404067005557257,1.0,40.065272909699,36.336772240802674,36.336112374581944,0.1786234168539942,0.8820675806475492,0.00033708925909059923,0.0,0.8820109722332742,0.9936031162415138
dumbbell,cp,30.0,4,3,router,0.3333333175404124,0.3333333175404124,0.3333333175404124,0.0,1.0,0.8,0.0,1.0,1.0,71.580881270903,71.580881270903,71.580881270903,0.0,1.0,0.0001891950248708188,0.0,1.0,1.0
dumbbell,cp,30.0,4,4,router,0.0,0.0,0.0,0.0,0.0,0.0,0.0,1.0,0.0,0.0,0.0,0.0,0.0,0.0,0.0,0.0,1.0,0.0
dumbbell,cp,30.0,4,5,router,1.0066667119184642,0.3333333175404124,0.3333333175404124,0.18224898484105648,0.03327513780170272,0.4915228102067699,0.0,0.03327513216825718,1.0,72.69056555183947,71.59091170568561,71.58756789297658,0.03716495838806332,0.980326481794033,0.0001871652780757279,0.0,0.9791977204281559,0.9999569960440777
dumbbell,cp,30.0,4,6,router,0.3333333175404124,0.3333333175404124,0.3333333175404124,0.0,1.0,0.8,0.0,1.0,1.0,71.59091170568561,71.58422508361204,71.58422508361204,5.893474028991738e-05,0.9998630122436322,0.0001891950248708188,0.0,0.9999060161995544,1.0
dumbbell,cp,30.0,4,7,router,0.3333333175404124,0.3333333175404124,0.3333333175404124,0.0,1.0,0.8,0.0,1.0,1.0,71.58422508361204,71.580881270903,71.580881270903,2.9597182348240448e-05,0.9999569960440777,0.0001891950248708188,0.0,0.9999569960440777,1.0
dumbbell,cp,30.0,4,8,router,0.3333333175404124,0.3333333175404124,0.3333333175404124,0.0,1.0,0.8,0.0,1.0,1.0,71.580881270903,71.580881270903,71.580881270903,0.0,1.0,0.0001891950248708188,0.0,1.0,1.0
dumbbell,cp,30.0,4,9,router,0.0,0.0,0.0,0.0,0.0,0.0,0.0,1.0,0.0,0.0,0.0,0.0,0.0,0.0,0.0,0.0,1.0,0.0
dumbbell,cp,30.0,5,0,attacker,9.988333299999999,0.33333342428829893,0.3366667279549656,0.964929292929293,0.03448435843415671,0.0016,0.0,0.03412714963180902,0.9993111720149854,40.065272909699,36.39555518394649,36.39285551839465,0.18911865650996088,0.882010090118346,0.0006494875618326273,0.0,0.8802787066081768,0.99435809947381
dumbbell,cp,30.0,5,1,benign_consumer,9.988333299999999,0.32999997396107555,0.33333327396107554,0.9654545454545455,0.03445410185679201,0.0013333333333333335,0.0,0.034117626644838965,1.0,10.0,3.606915517976924e-161,3.606915517976924e-161,0.9982264112698896,0.0003344481605351171,0.0016722408026755853,0.0,3.606915517976924e-162,0.7926421404682275
dumbbell,cp,30.0,5,2,attacker,9.988333299999999,0.32999992938286193,0.33333322871619525,0.9654915824915825,0.03445583893869036,0.0013333333333333335,0.0,0.0340318432854217,0.9973194242593396,40.065272909699,36.54262173913043,36.53603979933111,0.1752241076813422,0.8859649767288478,0.00033708925909059923,0.0,0.886546003644133,0.9933757247787248
dumbbell,cp,30.0,5,3,router,0.33333336714929207,0.33333336714929207,0.33333336714929207,0.0,1.0,0.8,0.0,1.0,1.0,71.9917110367893,71.9917110367893,71.9917110367893,0.0,1.0,0.00018722745079535584,0.0,1.0,1.0
dumbbell,cp,30.0,5,4,router,0.0,0.0,0.0,0.0,0.0,0.0,0.0,1.0,0.0,0.0,0.0,0.0,0.0,0.0,0.0,0.0,1.0,0.0
dumbbell,cp,30.0,5,5,router,1.0033333276322365,0.33333336714929207,0.33333336714929207,0.16688007733007731,0.02935814819064341,0.42334706589927645,0.0,0.029358155330550393,1.0,72.93817692307692,71.99505451505017,71.99505451505017,0.033167306319952815,0.9828200779583608,0.00018504005827443996,0.0,0.9820525883880078,1.0
dumbbell,cp,30.0,5,6,router,0.33333336714929207,0.33333336714929207,0.33333336714929207,0.0,1.0,0.8,0.0,1.0,1.0,71.99505451505017,71.9917110367893,71.9917110367893,2.908244874218409e-05,0.9999524313005393,0.00018722745079535584,0.0,0.9999524313005393,1.0
dumbbell,cp,30.0,5,7,router,0.33333336714929207,0.33333336714929207,0.33333336714929207,0.0,1.0,0.8,0.0,1.0,1.0,71.9917110367893,71.9917110367893,71.9917110367893,0.0,1.0,0.00018722745079535584,0.0,1.0,1.0
dumbbell,cp,30.0,5,8,router,0.33333336714929207,0.33333336714929207,0.33333336714929207,0.0,1.0,0.8,0.0,1.0,1.0,71.9917110367893,71.9917110367893,71.9917110367893,0.0,1.0,0.00018722745079535584,0.0,1.0,1.0
dumbbell,cp,30.0,5,9,router,0.0,0.0,0.0,0.0,0.0,0.0,0.0,1.0,0.0,0.0,0.0,0.0,0.0,0.0,0.0,0.0,1.0,0.0
dumbbell,cp,50.0,1,0,attacker,9.988333299999999,0.3299999651950502,0.3333332420550502,0.9651515151515152,0.034467954774832436,0.0016,0.0,0.034133879054547664,0.9969265436268702,59.958193812709034,57.36674214046823,57.35614414715719,0.04292344046442407,0.9560947553573964,0.00023596143708881498,0.0,0.9567230601801757,0.9965483602783343
dumbbell,cp,50.0,1,1,benign_consumer,9.988333299999999,0.33000009209258313,0.33333335875924985,0.9654915824915825,0.03441887081440279,0.0013333333333333335,0.0,0.03399185383337538,0.9996899224806203,10.0,3.663259602378636e-154,3.663259602378636e-154,0.9982264112698896,0.0003344481605351171,0.0016722408026755853,0.0,3.6632596023786362e-155,0.8260869565217391
dumbbell,cp,50.0,1,2,attacker,9.988333299999999,0.3300000210726942,0.33333338773936094,0.9654545454545455,0.03445357724245636,0.0013333333333333335,0.0,0.03410391182185552,0.9986058485370822,59.958193812709034,57.45266956521739,57.44264280936455,0.04145124001681379,0.957531333425,0.00028794542401709613,0.0,0.9581472377036914,0.996600091171732
dumbbell,cp,50.0,1,3,router,0.3333333559883337,0.3333333559883337,0.3333333559883337,0.0,1.0,0.8,0.0,1.0,1.0,113.56007357859532,113.56007357859532,113.56007357859532,0.0,1.0,0.00015470735472374554,0.0,1.0,1.0
dumbbell,cp,50.0,1,4,router,0.0,0.0,0.0,0.0,0.0,0.0,0.0,1.0,0.0,0.02675585406394595,0.02675585406394595,0.02675585406394595,0.0,0.842809364548495,0.45150544481601373,0.0,1.0,0.842809364548495
dumbbell,cp,50.0,1,5,router,1.0000000783603278,0.3333333559883337,0.3333333559883337,0.17960970479739424,0.0246704188190211,0.607200075393592,0.0,0.024524993069368433,1.0,114.81941170568561,113.58682943143812,113.56007357859532,0.009912752790498604,0.9899436443771812,0.0001530232060853937,0.0,0.9893049927022162,0.9997674915067148
dumbbell,cp,50.0,1,6,router,0.3333333559883337,0.3333333559883337,0.3333333559883337,0.0,1.0,0.8,0.0,1.0,1.0,113.58682943143812,113.58682943143812,113.56007357859532,0.0,0.9997674915067148,0.00015470032891340104,0.0,1.0,0.9997674915067148
dumbbell,cp,50.0,1,7,router,0.3333333559883337,0.3333333559883337,0.3333333559883337,0.0,1.0,0.8,0.0,1.0,1.0,113.58682943143812,113.58682943143812,113.56007357859532,0.0,0.9997674915067148,0.00015470032891340104,0.0,1.0,0.9997674915067148
dumbbell,cp,50.0,1,8,router,0.3333333559883337,0.3333333559883337,0.3333333559883337,0.0,1.0,0.8,0.0,1.0,1.0,113.58682943143812,113.58682943265927,113.58682943265927,0.0,0.9997674915067148,0.00015470032891340104,0.0,0.999999998504945,1.0
dumbbell,cp,50.0,1,9,router,0.0,0.0,0.0,0.0,0.0,0.0,0.0,1.0,0.0,0.02675585406394595,0.02675585406394595,0.02675585406394595,0.0,0.842809364548495,0.45150544481601373,0.0,1.0,0.842809364548495
dumbbell,cp,50.0,2,0,attacker,9.988333299999999,0.33000000581679534,0.3333333791501287,0.9651885521885523,0.03443136800104168,0.0016,0.0,0.03404090445013916,0.9992984154713421,59.958193812709034,57.41045317725753,57.40376287625418,0.04217593326645358,0.9569306993556409,0.00023596143708881498,0.0,0.9574423136677123,0.9967960835361287
dumbbell,cp,50.0,2,1,benign_consumer,9.988333299999999,0.329999872921295,0.33333327292129505,0.9655286195286196,0.0342020317310457,0.0013333333333333335,0.0,0.03385476511292123,0.9996336996336996,10.0,9.391759906730816e-176,9.391759906730816e-176,0.9982264112698896,0.0003344481605351171,0.0016722408026755853,0.0,9.391759906730815e-177,0.7224080267558528
dumbbell,cp,50.0,2,2,attacker,9.988333299999999,0.3333332177627134,0.33666661809604675,0.9651212121212122,0.03436707837813311,0.0013333333333333335,0.0,0.034471442764021344,0.9991112783091538,59.958193812709034,57.54267491638796,57.529947157190634,0.03992125717000984,0.9587819999532076,0.00028794542401709613,0.0,0.9596402337505178,0.9962748496197336
dumbbell,cp,50.0,2,3,router,0.3333333048998725,0.3333333048998725,0.3333333048998725,0.0,1.0,0.8,0.0,1.0,1.0,113.72238461538463,113.72238461538463,113.72238461538463,0.0,1.0,0.00015470448889898112,0.0,1.0,1.0
dumbbell,cp,50.0,2,4,router,0.0,0.0,0.0,0.0,0.0,0.0,0.0,1.0,0.0,0.020066846822742474,0.020066846822742474,0.020066846822742474,0.0,0.9531772575250836,0.4548494983726919,0.0,1.0,0.9531772575250836
dumbbell,cp,50.0,2,5,router,1.003333129834137,0.3333333048998725,0.3333333048998725,0.15464009139009138,0.02682324612658259,0.6600000000000157,0.0,0.025535690861140374,1.0,114.95312809364549,113.75249498327759,113.72238461538463,0.009884060833770844,0.9899919738021424,0.00015326079668161822,0.0,0.9895856007992977,0.9997378293027708
dumbbell,cp,50.0,2,6,router,0.3333333048998725,0.3333333048998725,0.3333333048998725,0.0,1.0,0.8,0.0,1.0,1.0,113.75249498327759,113.75249498327759,113.72238461538463,0.0,0.9997378293027755,0.000154704488898926,0.0,1.0,0.9997378293027708
dumbbell,cp,50.0,2,7,router,0.3333333048998725,0.3333333048998725,0.3333333048998725,0.0,1.0,0.8,0.0,1.0,1.0,113.75249498327759,113.75249498327759,113.72238461538463,0.0,0.9997378293027755,0.000154704488898926,0.0,1.0,0.9997378293027708
dumbbell,cp,50.0,2,8,router,0.3333333048998725,0.3333333048998725,0.3333333048998725,0.0,1.0,0.8,0.0,1.0,1.0,113.75249498327759,113.75248490443028,113.75248490443028,0.0,0.9997378293027755,0.000154704488898926,0.0,0.9999999107549107,1.0
dumbbell,cp,50.0,2,9,router,0.0,0.0,0.0,0.0,0.0,0.0,0.0,1.0,0.0,0.03010028904565271,0.020066846822742474,0.020066846822742474,0.010033444816053512,0.7920353508568683,0.45484949837159605,0.0,0.8388580933317846,0.9531772575250836
dumbbell,cp,50.0,3,0,attacker,9.988333299999999,0.33000003359633345,0.3333333335963335,0.9651885521885523,0.034714657745290194,0.0016,0.0,0.03400766772482168,1.0,59.958193812709034,57.28478327759197,57.26150535117057,0.044263925090724805,0.9546944328507696,0.00023596143708881498,0.0,0.955340570583282,0.9961279973371202
dumbbell,cp,50.0,3,1,benign_consumer,9.988333299999999,0.33666655553470404,0.3399998888680374,0.9647878787878787,0.034348632892002476,0.0013333333333333335,0.0,0.0347920764507964,0.998385218512495,10.0,9.454724204418862e-174,9.454724204418862e-174,0.9982264112698896,0.0003344481605351171,0.0016722408026755853,0.0,9.454724204418862e-175,0.7324414715719063
dumbbell,cp,50.0,3,2,attacker,9.988333299999999,0.3299999482356815,0.3333333819023482,0.9655218855218854,0.034336208517100245,0.0013333333333333335,0.0,0.03398691595604553,0.9983382073577102,59.958193812709034,57.500551170568556,57.48995886287626,0.04066446442604675,0.9580032845765839,0.00028794542401709613,0.0,0.9589442686731444,0.9970851157129658
dumbbell,cp,50.0,3,3,router,0.33333330749987444,0.33333330749987444,0.33333330749987444,0.0,1.0,0.8,0.0,1.0,1.0,113.50138127090301,113.50138127090301,113.50138127090301,0.0,1.0,0.00015642342464853125,0.0,1.0,1.0
dumbbell,cp,50.0,3,4,router,0.0,0.0,0.0,0.0,0.0,0.0,0.0,1.0,0.0,0.030100332393209556,0.030100332393209556,0.030100332393209556,0.0,0.9364548494983278,0.47157190637918045,0.0,1.0,0.9364548494983278
dumbbell,cp,50.0,3,5,router,1.0066664707000523,0.33333330749987444,0.33333330749987444,0.17277109236316396,0.02669070020891159,0.6158706079617438,0.0,0.02654091085075908,1.0,114.78533444816054,113.53481605351172,113.50138127090301,0.010124853417860328,0.9896380672135087,0.00015521432334540165,0.0,0.9891349388049531,0.9997080408865457
dumbbell,cp,50.0,3,6,router,0.33333330749987444,0.33333330749987444,0.33333330749987444,0.0,1.0,0.8,0.0,1.0,1.0,113.53481605351172,113.53481605351172,113.50138127090301,0.0,0.9997080408865457,0.00015642298765455759,0.0,1.0,0.9997080408865457
dumbbell,cp,50.0,3,7,router,0.33333330749987444,0.33333330749987444,0.33333330749987444,0.0,1.0,0.8,0.0,1.0,1.0,113.53481605351172,113.53481605351172,113.50138127090301,0.0,0.9997080408865457,0.00015642298765455759,0.0,1.0,0.9997080408865457
dumbbell,cp,50.0,3,8,router,0.33333330749987444,0.33333330749987444,0.33333330749987444,0.0,1.0,0.8,0.0,1.0,1.0,113.53481605351172,113.5348260849096,113.5348260849096,0.0,0.9997080408865457,0.00015642298765455759,0.0,1.0000000861518572,1.0
dumbbell,cp,50.0,3,9,router,0.0,0.0,0.0,0.0,0.0,0.0,0.0,1.0,0.0,0.03344481400658365,0.030100332393209556,0.030100332393209556,0.0033444816053511705,0.7594804833774784,0.47157190637918045,0.0,0.8230256338791506,0.9364548494983278
dumbbell,cp,50.0,4,0,attacker,9.988333299999999,0.33000003873917744,0.33333329873917744,0.9652188552188553,0.03458747202311531,0.0016,0.0,0.033984334997832974,0.9981873426475231,59.958193812709034,57.30271137123746,57.29601772575251,0.04393221830855473,0.9550627428659599,0.00023596143708881498,0.0,0.9556353882257219,0.9965636915356679
dumbbell,cp,50.0,4,1,benign_consumer,9.988333299999999,0.3366667053061212,0.3400001386394545,0.964861952861953,0.03421054243587621,0.0013333333333333335,0.0,0.034559918382300145,0.9982455106547824,10.0,1.7197992043850463e-146,1.7197992043850463e-146,0.9982264112698896,0.0003344481605351171,0.0016722408026755853,0.0,1.7197992043850463e-147,0.862876254180602
dumbbell,cp,50.0,4,2,attacker,9.988333299999999,0.3299999678731657,0.33333330120649907,0.9654915824915825,0.034377148600872286,0.0013333333333333335,0.0,0.03404067005557257,1.0,59.958193812709034,57.31976722408027,57.30907023411371,0.04367541166365115,0.9548623695421392,0.00028794542401709613,0.0,0.9559328646755454,0.9968335397372882
dumbbell,cp,50.0,4,3,router,0.3333333175404124,0.3333333175404124,0.3333333175404124,0.0,1.0,0.8,0.0,1.0,1.0,113.31953177257526,113.31953177257526,113.31953177257526,0.0,1.0,0.00015659758548376425,0.0,1.0,1.0
dumbbell,cp,50.0,4,4,router,0.0,0.0,0.0,0.0,0.0,0.0,0.0,1.0,0.0,0.026755852850612216,0.026755852850612216,0.026755852850612216,0.0,0.8093645484949833,0.1919230191840226,0.0,1.0,0.8093645484949833
dumbbell,cp,50.0,4,5,router,1.0066667119184642,0.3333333175404124,0.3333333175404124,0.18224898484105648,0.03327513780170272,0.4915228102067699,0.0,0.03327513216825718,1.0,114.62247859531772,113.35295317725753,113.31953177257526,0.01026562445242434,0.9896138066332092,0.00015573839652096422,0.0,0.9889774295523502,0.9997047901402001
dumbbell,cp,50.0,4,6,router,0.3333333175404124,0.3333333175404124,0.3333333175404124,0.0,1.0,0.8,0.0,1.0,1.0,113.35295317725753,113.35295317725753,113.31953177257526,0.0,0.9997047901402001,0.00015652706789131768,0.0,1.0,0.9997047901402001
dumbbell,cp,50.0,4,7,router,0.3333333175404124,0.3333333175404124,0.3333333175404124,0.0,1.0,0.8,0.0,1.0,1.0,113.35295317725753,113.35295317725753,113.31953177257526,0.0,0.9997047901402001,0.00015652706789131768,0.0,1.0,0.9997047901402001
dumbbell,cp,50.0,4,8,router,0.3333333175404124,0.3333333175404124,0.3333333175404124,0.0,1.0,0.8,0.0,1.0,1.0,113.35295317725753,113.35297658857608,113.35297658857608,0.0,0.9997047901402001,0.00015652706789131768,0.0,1.000000206036258,1.0
dumbbell,cp,50.0,4,9,router,0.0,0.0,0.0,0.0,0.0,0.0,0.0,1.0,0.0,0.03344481600084255,0.026755852850612216,0.026755852850612216,0.006688963210702341,0.6421992370451358,0.1845769134155073,0.0,0.8328346885501525,0.8093645484949833
dumbbell,cp,50.0,5,0,attacker,9.988333299999999,0.33333342428829893,0.3366667279549656,0.964929292929293,0.03448435843415671,0.0016,0.0,0.03412714963180902,0.9993111720149854,59.958193812709034,57.25466923076924,57.24527792642141,0.044821388085821444,0.954291359525382,0.00023596143708881498,0.0,0.9548534341567882,0.9967716313957509
dumbbell,cp,50.0,5,1,benign_consumer,9.988333299999999,0.32999997396107555,0.33333327396107554,0.9654545454545455,0.03445410185679201,0.0013333333333333335,0.0,0.034117626644838965,1.0,10.0,3.606915517976924e-161,3.606915517976924e-161,0.9982264112698896,0.0003344481605351171,0.0016722408026755853,0.0,3.606915517976924e-162,0.7926421404682275
dumbbell,cp,50.0,5,2,attacker,9.988333299999999,0.32999992938286193,0.33333322871619525,0.9654915824915825,0.03445583893869036,0.0013333333333333335,0.0,0.0340318432854217,0.9973194242593396,59.958193812709034,57.446851505016724,57.4302347826087,0.041557239980262076,0.9570057862405388,0.00028794542401709613,0.0,0.9580543869304634,0.9962941118905646
dumbbell,cp,50.0,5,3,router,0.33333336714929207,0.33333336714929207,0.33333336714929207,0.0,1.0,0.8,0.0,1.0,1.0,113.5283177257525,113.5283177257525,113.5283177257525,0.0,1.0,0.00015543815227948347,0.0,1.0,1.0
dumbbell,cp,50.0,5,4,router,0.0,0.0,0.0,0.0,0.0,0.0,0.0,1.0,0.0,0.030100322705910475,0.030100322705910475,0.030100322705910475,0.0,0.9732441471571907,0.4314382555183967,0.0,1.0,0.9732441471571907
dumbbell,cp,50.0,5,5,router,1.0033333276322365,0.33333336714929207,0.33333336714929207,0.16688007733007731,0.02935814819064341,0.42334706589927645,0.0,0.029358155330550393,1.0,114.70152073578595,113.56175250836121,113.5283177257525,0.009285358848143467,0.9905352636713095,0.0001535508023814145,0.0,0.9900987833291844,0.9997058044659393
dumbbell,cp,50.0,5,6,router,0.33333336714929207,0.33333336714929207,0.33333336714929207,0.0,1.0,0.8,0.0,1.0,1.0,113.56175250836121,113.56175250836121,113.5283177257525,0.0,0.999705804540909,0.0001554381513932019,0.0,1.0,0.9997058044659393
dumbbell,cp,50.0,5,7,router,0.33333336714929207,0.33333336714929207,0.33333336714929207,0.0,1.0,0.8,0.0,1.0,1.0,113.56175250836121,113.56175250836121,113.5283177257525,0.0,0.999705804540909,0.0001554381513932019,0.0,1.0,0.9997058044659393
dumbbell,cp,50.0,5,8,router,0.33333336714929207,0.33333336714929207,0.33333336714929207,0.0,1.0,0.8,0.0,1.0,1.0,113.56175250836121,113.56176253006103,113.56176253006103,0.0,0.999705804540909,0.0001554381513932019,0.0,1.0000000885801574,1.0
dumbbell,cp,50.0,5,9,router,0.0,0.0,0.0,0.0,0.0,0.0,0.0,1.0,0.0,0.03344480430852184,0.030100322705910475,0.030100322705910475,0.0033444816053511705,0.9297658862876255,0.38796010595319774,0.0,0.9565217391304348,0.9732441471571907
dumbbell,cp,100.0,1,0,attacker,9.988333299999999,0.3299999651950502,0.3333332420550502,0.9651515151515152,0.034467954774832436,0.0016,0.0,0.034133879054547664,0.9969265436268702,109.91638628762541,108.28135117056856,108.2580066889632,0.014756310975592638,0.9843872158997397,0.00012881763245276552,0.0,0.9850928884282883,0.9984203347599797
dumbbell,cp,100.0,1,1,benign_consumer,9.988333299999999,0.33000009209258313,0.33333335875924985,0.9654915824915825,0.03441887081440279,0.0013333333333333335,0.0,0.03399185383337538,0.9996899224806203,10.0,3.663259602378636e-154,3.663259602378636e-154,0.9982264112698896,0.0003344481605351171,0.0016722408026755853,0.0,3.6632596023786362e-155,0.8260869565217391
dumbbell,cp,100.0,1,2,attacker,9.988333299999999,0.3300000210726942,0.33333338773936094,0.9654545454545455,0.03445357724245636,0.0013333333333333335,0.0,0.03410391182185552,0.9986058485370822,109.91638628762541,108.42757525083613,108.40075250836121,0.013409213409213408,0.9856898921071586,0.00015761811057638466,0.0,0.9864161982726835,0.9985928567442958
dumbbell,cp,100.0,1,3,router,0.3333333559883337,0.3333333559883337,0.3333333559883337,0.0,1.0,0.8,0.0,1.0,1.0,215.46205685618727,215.46205685618727,215.46205685618727,0.0,1.0,8.130454874550346e-05,0.0,1.0,1.0
dumbbell,cp,100.0,1,4,router,0.0,0.0,0.0,0.0,0.0,0.0,0.0,1.0,0.0,0.053511702231242686,0.053511702231242686,0.053511702231242686,0.0,0.9832775919732442,0.26421620973881915,0.0,1.0,0.9832775919732442
dumbbell,cp,100.0,1,5,router,1.0000000783603278,0.3333333559883337,0.3333333559883337,0.17960970479739424,0.0246704188190211,0.607200075393592,0.0,0.024524993069368433,1.0,216.70892642140467,215.53896655518395,215.46205685618727,0.004880593486347708,0.9949210956990149,8.072058008223236e-05,0.0,0.9946103443183207,0.999644289348817
dumbbell,cp,100.0,1,6,router,0.3333333559883337,0.3333333559883337,0.3333333559883337,0.0,1.0,0.8,0.0,1.0,1.0,215.53896655518395,215.53896655518395,215.46205685618727,0.0,0.9996442943583159,8.125630289193101e-05,0.0,1.0,0.999644289348817
dumbbell,cp,100.0,1,7,router,0.3333333559883337,0.3333333559883337,0.3333333559883337,0.0,1.0,0.8,0.0,1.0,1.0,215.53896655518395,215.53896655518395,215.46205685618727,0.0,0.9996442943583159,8.125630289193101e-05,0.0,1.0,0.999644289348817
dumbbell,cp,100.0,1,8,router,0.3333333559883337,0.3333333559883337,0.3333333559883337,0.0,1.0,0.8,0.0,1.0,1.0,215.53896655518395,215.5389799197983,215.5389799197983,0.0,0.9996442943583159,8.125630289193101e-05,0.0,1.0000000615467761,1.0
dumbbell,cp,100.0,1,9,router,0.0,0.0,0.0,0.0,0.0,0.0,0.0,1.0,0.0,0.07692306361099331,0.053511702231242686,0.053511702231242686,0.020066889632107024,0.6769648401212722,0.13713735399284574,0.0,0.6936872481480281,0.9832775919732442
dumbbell,cp,100.0,2,0,attacker,9.988333299999999,0.33000000581679534,0.3333333791501287,0.9651885521885523,0.03443136800104168,0.0016,0.0,0.03404090445013916,0.9992984154713421,109.91638628762541,108.43784615384615,108.41711705685618,0.013328400852030341,0.9856803671151527,0.00012881763245276552,0.0,0.9865161367720525,0.9986388345174623
dumbbell,cp,100.0,2,1,benign_consumer,9.988333299999999,0.329999872921295,0.33333327292129505,0.9655286195286196,0.0342020317310457,0.0013333333333333335,0.0,0.03385476511292123,0.9996336996336996,10.0,9.391759906730816e-176,9.391759906730816e-176,0.9982264112698896,0.0003344481605351171,0.0016722408026755853,0.0,9.391759906730815e-177,0.7224080267558528
dumbbell,cp,100.0,2,2,attacker,9.988333299999999,0.3333332177627134,0.33666661809604675,0.9651212121212122,0.03436707837813311,0.0013333333333333335,0.0,0.034471442764021344,0.9991112783091538,109.91638628762541,108.3998762541806,108.3670602006689,0.01364351074496002,0.9854983180841244,0.00015761811057638466,0.0,0.9861589568830751,0.99835730762244
dumbbell,cp,100.0,2,3,router,0.3333333048998725,0.3333333048998725,0.3333333048998725,0.0,1.0,0.8,0.0,1.0,1.0,215.59763210702343,215.59763210702343,215.59763210702343,0.0,1.0,8.099856597997902e-05,0.0,1.0,1.0
dumbbell,cp,100.0,2,4,router,0.0,0.0,0.0,0.0,0.0,0.0,0.0,1.0,0.0,0.05014046558640624,0.05014046558640624,0.05014046558640624,0.0,0.9665551839464883,0.21571906404708027,0.0,1.0,0.9665551839464883
dumbbell,cp,100.0,2,5,router,1.003333129834137,0.3333333048998725,0.3333333048998725,0.15464009139009138,0.02682324612658259,0.6600000000000157,0.0,0.025535690861140374,1.0,216.83772240802676,215.69123076923077,215.59763210702343,0.004863369920365045,0.9949209812441927,8.047394578578487e-05,0.0,0.9947162588234134,0.9995670507219504
dumbbell,cp,100.0,2,6,router,0.3333333048998725,0.3333333048998725,0.3333333048998725,0.0,1.0,0.8,0.0,1.0,1.0,215.69123076923077,215.69123076923077,215.59763210702343,0.0,0.9995670507235452,8.090385933797381e-05,0.0,1.0,0.9995670507219504
dumbbell,cp,100.0,2,7,router,0.3333333048998725,0.3333333048998725,0.3333333048998725,0.0,1.0,0.8,0.0,1.0,1.0,215.69123076923077,215.69123076923077,215.59763210702343,0.0,0.9995670507235452,8.090385933797381e-05,0.0,1.0,0.9995670507219504
dumbbell,cp,100.0,2,8,router,0.3333333048998725,0.3333333048998725,0.3333333048998725,0.0,1.0,0.8,0.0,1.0,1.0,215.69123076923077,215.6912507428522,215.6912507428522,0.0,0.9995670507235452,8.090385933797381e-05,0.0,1.0000000919655563,1.0
dumbbell,cp,100.0,2,9,router,0.0,0.0,0.0,0.0,0.0,0.0,0.0,1.0,0.0,0.09361863582878942,0.05014046558640624,0.05014046558640624,0.04013377926421405,0.725360575182979,0.17725679398726893,0.0,0.7588053912364907,0.9665551839464883
dumbbell,cp,100.0,3,0,attacker,9.988333299999999,0.33000003359633345,0.3333333335963335,0.9651885521885523,0.034714657745290194,0.0016,0.0,0.03400766772482168,1.0,109.91638628762541,108.23474581939799,108.19810033444816,0.015181150530866976,0.9838182859022192,0.00012881763245276552,0.0,0.9846691975462293,0.9982650082733843
dumbbell,cp,100.0,3,1,benign_consumer,9.988333299999999,0.33666655553470404,0.3399998888680374,0.9647878787878787,0.034348632892002476,0.0013333333333333335,0.0,0.0347920764507964,0.998385218512495,10.0,9.454724204418862e-174,9.454724204418862e-174,0.9982264112698896,0.0003344481605351171,0.0016722408026755853,0.0,9.454724204418862e-175,0.7324414715719063
dumbbell,cp,100.0,3,2,attacker,9.988333299999999,0.3299999482356815,0.3333333819023482,0.9655218855218854,0.034336208517100245,0.0013333333333333335,0.0,0.03398691595604553,0.9983382073577102,109.91638628762541,108.44803344481605,108.41459197324414,0.013235177003292945,0.9854343892547361,0.00015761811057638466,0.0,0.9866083205067603,0.9987396998208502
dumbbell,cp,100.0,3,3,router,0.33333330749987444,0.33333330749987444,0.33333330749987444,0.0,1.0,0.8,0.0,1.0,1.0,215.31586622073578,215.31586622073578,215.31586622073578,0.0,1.0,8.135550696465691e-05,0.0,1.0,1.0
dumbbell,cp,100.0,3,4,router,0.0,0.0,0.0,0.0,0.0,0.0,0.0,1.0,0.0,0.043478259722530124,0.043478259722530124,0.043478259722530124,0.0,0.9364548494983278,0.5250836120401347,0.0,1.0,0.9364548494983278
dumbbell,cp,100.0,3,5,router,1.0066664707000523,0.33333330749987444,0.33333330749987444,0.17277109236316396,0.02669070020891159,0.6158706079617438,0.0,0.02654091085075908,1.0,216.68277926421405,215.40283612040133,215.31586622073578,0.005362841705685804,0.9943616583120737,8.104572863690105e-05,0.0,0.9940956361915111,0.999597283376704
dumbbell,cp,100.0,3,6,router,0.33333330749987444,0.33333330749987444,0.33333330749987444,0.0,1.0,0.8,0.0,1.0,1.0,215.40283612040133,215.40283612040133,215.31586622073578,0.0,0.999597283376704,8.135539023120612e-05,0.0,1.0,0.999597283376704
dumbbell,cp,100.0,3,7,router,0.33333330749987444,0.33333330749987444,0.33333330749987444,0.0,1.0,0.8,0.0,1.0,1.0,215.40283612040133,215.40283612040133,215.31586622073578,0.0,0.999597283376704,8.135539023120612e-05,0.0,1.0,0.999597283376704
dumbbell,cp,100.0,3,8,router,0.33333330749987444,0.33333330749987444,0.33333330749987444,0.0,1.0,0.8,0.0,1.0,1.0,215.40283612040133,215.40282272620905,215.40282272620905,0.0,0.999597283376704,8.135539023120612e-05,0.0,0.9999999383655733,1.0
dumbbell,cp,100.0,3,9,router,0.0,0.0,0.0,0.0,0.0,0.0,0.0,1.0,0.0,0.08695650547326184,0.043478259722530124,0.043478259722530124,0.04180602006688963,0.40175823785807546,0.34113712377234157,0.0,0.46530338835974777,0.9364548494983278
dumbbell,cp,100.0,4,0,attacker,9.988333299999999,0.33000003873917744,0.33333329873917744,0.9652188552188553,0.03458747202311531,0.0016,0.0,0.033984334997832974,0.9981873426475231,109.91638628762541,108.33380602006689,108.30035117056856,0.014250578522790243,0.9848239940695187,0.00012881763245276552,0.0,0.9855565797037482,0.9983956325180486
dumbbell,cp,100.0,4,1,benign_consumer,9.988333299999999,0.3366667053061212,0.3400001386394545,0.964861952861953,0.03421054243587621,0.0013333333333333335,0.0,0.034559918382300145,0.9982455106547824,10.0,1.7197992043850463e-146,1.7197992043850463e-146,0.9982264112698896,0.0003344481605351171,0.0016722408026755853,0.0,1.7197992043850463e-147,0.862876254180602
dumbbell,cp,100.0,4,2,attacker,9.988333299999999,0.3299999678731657,0.33333330120649907,0.9654915824915825,0.034377148600872286,0.0013333333333333335,0.0,0.03404067005557257,1.0,109.91638628762541,108.26363545150502,108.23627424749164,0.01489711054928446,0.9840142990044415,0.00015761811057638466,0.0,0.9849271778462987,0.9983847640868299
dumbbell,cp,100.0,4,3,router,0.3333333175404124,0.3333333175404124,0.3333333175404124,0.0,1.0,0.8,0.0,1.0,1.0,215.3011806020067,215.3011806020067,215.3011806020067,0.0,1.0,8.178573761955374e-05,0.0,1.0,1.0
dumbbell,cp,100.0,4,4,router,0.0,0.0,0.0,0.0,0.0,0.0,0.0,1.0,0.0,0.06688962152873268,0.06688962152873268,0.06688962152873268,0.0,0.9665551839464883,0.22135185524392725,0.0,1.0,0.9665551839464883
dumbbell,cp,100.0,4,5,router,1.0066667119184642,0.3333333175404124,0.3333333175404124,0.18224898484105648,0.03327513780170272,0.4915228102067699,0.0,0.03327513216825718,1.0,216.59744147157193,215.40482274247492,215.3011806020067,0.004974955872763192,0.9947657744459597,8.151679151852807e-05,0.0,0.9945039702863967,0.9995194860922568
dumbbell,cp,100.0,4,6,router,0.3333333175404124,0.3333333175404124,0.3333333175404124,0.0,1.0,0.8,0.0,1.0,1.0,215.40482274247492,215.40482274247492,215.3011806020067,0.0,0.9995194860938417,8.171795106278261e-05,0.0,1.0,0.9995194860922568
dumbbell,cp,100.0,4,7,router,0.3333333175404124,0.3333333175404124,0.3333333175404124,0.0,1.0,0.8,0.0,1.0,1.0,215.40482274247492,215.40482274247492,215.3011806020067,0.0,0.9995194860938417,8.171795106278261e-05,0.0,1.0,0.9995194860922568
dumbbell,cp,100.0,4,8,router,0.3333333175404124,0.3333333175404124,0.3333333175404124,0.0,1.0,0.8,0.0,1.0,1.0,215.40482274247492,215.4048327745441,215.4048327745441,0.0,0.9995194860938417,8.171795106278261e-05,0.0,1.0000000464059255,1.0
dumbbell,cp,100.0,4,9,router,0.0,0.0,0.0,0.0,0.0,0.0,0.0,1.0,0.0,0.10365217253741257,0.06688962152873268,0.06688962152873268,0.03511705685618729,0.5486357318478519,0.129119287849725,0.0,0.5820805479013637,0.9665551839464883
dumbbell,cp,100.0,5,0,attacker,9.988333299999999,0.33333342428829893,0.3366667279549656,0.964929292929293,0.03448435843415671,0.0016,0.0,0.03412714963180902,0.9993111720149854,109.91638628762541,108.29147491638797,108.2688127090301,0.014675550781410893,0.9843974158227755,0.00012881763245276552,0.0,0.9851882739177107,0.9985330488986401
dumbbell,cp,100.0,5,1,benign_consumer,9.988333299999999,0.32999997396107555,0.33333327396107554,0.9654545454545455,0.03445410185679201,0.0013333333333333335,0.0,0.034117626644838965,1.0,10.0,3.606915517976924e-161,3.606915517976924e-161,0.9982264112698896,0.0003344481605351171,0.0016722408026755853,0.0,3.606915517976924e-162,0.7926421404682275
dumbbell,cp,100.0,5,2,attacker,9.988333299999999,0.32999992938286193,0.33333322871619525,0.9654915824915825,0.03445583893869036,0.0013333333333333335,0.0,0.0340318432854217,0.9973194242593396,109.91638628762541,108.4040602006689,108.38409698996657,0.013631255660241167,0.9853678103174878,0.00015761811057638466,0.0,0.9862085344355753,0.998421650525794
dumbbell,cp,100.0,5,3,router,0.33333336714929207,0.33333336714929207,0.33333336714929207,0.0,1.0,0.8,0.0,1.0,1.0,215.51241137123748,215.51241137123748,215.51241137123748,0.0,1.0,8.12132339540813e-05,0.0,1.0,1.0
dumbbell,cp,100.0,5,4,router,0.0,0.0,0.0,0.0,0.0,0.0,0.0,1.0,0.0,0.04347824817414691,0.04347824817414691,0.04347824817414691,0.0,0.9866220735785953,0.5083826941776048,0.0,1.0,0.9866220735785953
dumbbell,cp,100.0,5,5,router,1.0033333276322365,0.33333336714929207,0.33333336714929207,0.16688007733007731,0.02935814819064341,0.42334706589927645,0.0,0.029358155330550393,1.0,216.69553511705683,215.57916387959867,215.51241137123748,0.004682998464017414,0.99516468000174,8.072056148316897e-05,0.0,0.9948522759798433,0.9996903415850276
dumbbell,cp,100.0,5,6,router,0.33333336714929207,0.33333336714929207,0.33333336714929207,0.0,1.0,0.8,0.0,1.0,1.0,215.57916387959867,215.57916387959867,215.51241137123748,0.0,0.9996903664122002,8.121280000131364e-05,0.0,1.0,0.9996903415850276
dumbbell,cp,100.0,5,7,router,0.33333336714929207,0.33333336714929207,0.33333336714929207,0.0,1.0,0.8,0.0,1.0,1.0,215.57916387959867,215.57916387959867,215.51241137123748,0.0,0.9996903664122002,8.121280000131364e-05,0.0,1.0,0.9996903415850276
dumbbell,cp,100.0,5,8,router,0.33333336714929207,0.33333336714929207,0.33333336714929207,0.0,1.0,0.8,0.0,1.0,1.0,215.57916387959867,215.57916720986316,215.57916720986316,0.0,0.9996903664122002,8.121280000131364e-05,0.0,1.000000015224085,1.0
dumbbell,cp,100.0,5,9,router,0.0,0.0,0.0,0.0,0.0,0.0,0.0,1.0,0.0,0.06675583862568715,0.04347824817414691,0.04347824817414691,0.021739130434782608,0.570234569184526,0.3110583907788549,0.0,0.5836124956059306,0.9866220735785953
dumbbell,ifa,10.0,1,0,attacker,9.988333299999999,0.3299999651950502,0.3333332420550502,0.9651515151515152,0.034467954774832436,0.0016,0.0,0.034133879054547664,0.9969265436268702,19.99498320735786,9.994983277591974,1.312102844101965e-134,0.4992955762186531,0.0007396265570733305,0.49661563912465584,0.0,0.4998679255849763,1.4606146240947654e-135
dumbbell,ifa,10.0,1,1,benign_consumer,9.988333299999999,0.33000009209258313,0.33333335875924985,0.9654545454545455,0.03469869608221493,0.0013333333333333335,0.0,0.03399185383337538,0.9996899224806203,10.0,3.663259602378636e-154,3.663259602378636e-154,0.9982264112698896,0.0003344481605351171,0.0016722408026755853,0.0,3.6632596023786362e-155,0.8260869565217391
dumbbell,ifa,10.0,1,2,benign_consumer,9.988333299999999,0.3300000210726942,0.33333338773936094,0.9654545454545455,0.034523533559409396,0.0013333333333333335,0.0,0.03410391182185552,0.9986058485370822,10.0,4.100320664717012e-131,4.100320664717012e-131,0.9982264112698896,0.0003344481605351171,0.0016722408026755853,0.0,4.1003206647170124e-132,0.9364548494983278
dumbbell,ifa,10.0,1,3,router,0.3333333559883337,0.3333333559883337,0.3333333559883337,0.0,1.0,0.8,0.0,1.0,1.0,9.978260903010034,9.978260903010034,4.872910104098281e-196,0.0,0.00041626896755085673,0.9930637337906671,0.0,1.0,6.065039309627889e-197
dumbbell,ifa,10.0,1,4,router,0.0,0.0,0.0,0.0,0.0,0.0,0.0,1.0,0.0,0.013377926421278847,0.013377926421278847,0.0,0.0,0.0020204434040162773,0.9876268658877354,0.0,1.0,0.0
dumbbell,ifa,10.0,1,5,router,1.0000000783603278,0.3333333559883337,0.3333333559883337,0.17954004265876658,0.025106686662035013,0.607200075393592,0.0,0.024524993069368433,1.0,9.991638762541806,9.991638762541806,4.872910104098281e-196,0.0,0.0004036573292333082,0.9922674745252075,0.0,1.0,5.881287694835502e-197
dumbbell,ifa,10.0,1,6,router,0.3333333559883337,0.3333333559883337,0.3333333559883337,0.0,1.0,0.8,0.0,1.0,1.0,9.991638762541806,9.991638762541806,4.872910104098281e-196,0.0,0.0004036573292333082,0.9922674745252075,0.0,1.0,5.881287694835502e-197
dumbbell,ifa,10.0,1,7,router,0.3333333559883337,0.3333333559883337,0.3333333559883337,0.0,1.0,0.8,0.0,1.0,1.0,9.991638762541806,9.991638762541806,4.872910104098281e-196,0.0,0.0004036573292333082,0.9922674745252075,0.0,1.0,5.881287694835502e-197
dumbbell,ifa,10.0,1,8,router,0.3333333559883337,0.3333333559883337,0.3333333559883337,0.0,1.0,0.8,0.0,1.0,1.0,9.991638762541806,9.991638829431313,4.872910104098281e-196,0.0,0.0004036573292333082,0.9922674745252075,0.0,1.0000000066889683,5.881287694741771e-197
dumbbell,ifa,10.0,1,9,router,0.0,0.0,0.0,0.0,0.0,0.0,0.0,1.0,0.0,0.013377926421278847,0.013377926421278847,0.0,0.0,0.0020204434040162773,0.9876268658877354,0.0,1.0,0.0
dumbbell,ifa,10.0,2,0,attacker,9.988333299999999,0.33000000581679534,0.3333333791501287,0.9651515151515152,0.03443136800104168,0.0016,0.0,0.03404090445013916,0.9992984154713421,19.99498320735786,9.994983277591974,1.6401297240931937e-132,0.4992955762186531,0.0007396265570733305,0.49661563912465584,0.0,0.4998679255849763,1.825769568019164e-133
dumbbell,ifa,10.0,2,1,benign_consumer,9.988333299999999,0.329999872921295,0.33333327292129505,0.9654545454545455,0.03522259773959858,0.0013333333333333335,0.0,0.03385476511292123,0.9996336996336996,10.0,9.391759906730816e-176,9.391759906730816e-176,0.9982264112698896,0.0003344481605351171,0.0016722408026755853,0.0,9.391759906730815e-177,0.7224080267558528
dumbbell,ifa,10.0,2,2,benign_consumer,9.988333299999999,0.3333332177627134,0.33666661809604675,0.9651212121212122,0.03480740506545652,0.0013333333333333335,0.0,0.034471442764021344,0.9991112783091538,10.0,8.59899652879976e-146,8.59899652879976e-146,0.9982264112698896,0.0003344481605351171,0.0016722408026755853,0.0,8.598996528799762e-147,0.8662207357859532
dumbbell,ifa,10.0,2,3,router,0.3333333048998725,0.3333333048998725,0.3333333048998725,0.0,1.0,0.8,0.0,1.0,1.0,9.978260903010034,9.978260903010034,5.988043394942718e-187,0.0,0.00041626896755085673,0.9930637337906671,0.0,1.0,7.452983576022922e-188
dumbbell,ifa,10.0,2,4,router,0.0,0.0,0.0,0.0,0.0,0.0,0.0,1.0,0.0,0.013377926421278847,0.013377926421278847,0.0,0.0,0.0020204434040162773,0.9876268658877354,0.0,1.0,0.0
dumbbell,ifa,10.0,2,5,router,1.003333129834137,0.3333333048998725,0.3333333048998725,0.1545923016648823,0.027282676279270834,0.6600000000000157,0.0,0.025535690861140374,1.0,9.991638762541806,9.991638762541806,5.988043394942718e-187,0.0,0.0004036573292333082,0.9922674745252075,0.0,1.0,7.227181653495654e-188
dumbbell,ifa,10.0,2,6,router,0.3333333048998725,0.3333333048998725,0.3333333048998725,0.0,1.0,0.8,0.0,1.0,1.0,9.991638762541806,9.991638762541806,5.988043394942718e-187,0.0,0.0004036573292333082,0.9922674745252075,0.0,1.0,7.227181653495654e-188
dumbbell,ifa,10.0,2,7,router,0.3333333048998725,0.3333333048998725,0.3333333048998725,0.0,1.0,0.8,0.0,1.0,1.0,9.991638762541806,9.991638762541806,5.988043394942718e-187,0.0,0.0004036573292333082,0.9922674745252075,0.0,1.0,7.227181653495654e-188
dumbbell,ifa,10.0,2,8,router,0.3333333048998725,0.3333333048998725,0.3333333048998725,0.0,1.0,0.8,0.0,1.0,1.0,9.991638762541806,9.991638829431313,5.988043394942718e-187,0.0,0.0004036573292333082,0.9922674745252075,0.0,1.0000000066889683,7.227181653380474e-188
dumbbell,ifa,10.0,2,9,router,0.0,0.0,0.0,0.0,0.0,0.0,0.0,1.0,0.0,0.013377926421278847,0.013377926421278847,0.0,0.0,0.0020204434040162773,0.9876268658877354,0.0,1.0,0.0
dumbbell,ifa,10.0,3,0,attacker,9.988333299999999,0.33000003359633345,0.3333333335963335,0.9651515151515152,0.034714657745290194,0.0016,0.0,0.03400766772482168,1.0,19.99498320735786,9.994983277591974,4.801212408489544e-166,0.4992955762186531,0.0007396265570733305,0.49661563912465584,0.0,0.4998679255849763,5.344642826175294e-167
dumbbell,ifa,10.0,3,1,benign_consumer,9.988333299999999,0.33666655553470404,0.3399998888680374,0.9647878787878787,0.03499882853018499,0.0013333333333333335,0.0,0.0347920764507964,0.998385218512495,10.0,9.454724204418862e-174,9.454724204418862e-174,0.9982264112698896,0.0003344481605351171,0.0016722408026755853,0.0,9.454724204418862e-175,0.7324414715719063
dumbbell,ifa,10.0,3,2,benign_consumer,9.988333299999999,0.3299999482356815,0.3333333819023482,0.9654545454545455,0.034776535204423656,0.0013333333333333335,0.0,0.03398691595604553,0.9983382073577102,10.0,2.201341514678591e-151,2.201341514678591e-151,0.9982264112698896,0.0003344481605351171,0.0016722408026755853,0.0,2.2013415146785912e-152,0.8394648829431438
dumbbell,ifa,10.0,3,3,router,0.33333330749987444,0.33333330749987444,0.33333330749987444,0.0,1.0,0.8,0.0,1.0,1.0,9.978260903010034,9.978260903010034,1.768310696914285e-197,0.0,0.00041626896755085673,0.9930637337906671,0.0,1.0,2.2009176748514664e-198
dumbbell,ifa,10.0,3,4,router,0.0,0.0,0.0,0.0,0.0,0.0,0.0,1.0,0.0,0.013377926421278847,0.013377926421278847,0.0,0.0,0.0020204434040162773,0.9876268658877354,0.0,1.0,0.0
dumbbell,ifa,10.0,3,5,router,1.0066664707000523,0.33333330749987444,0.33333330749987444,0.17271156855364017,0.02714002505562729,0.6158706079617438,0.0,0.02654091085075908,1.0,9.991638762541806,9.991638762541806,1.768310696914285e-197,0.0,0.0004036573292333082,0.9922674745252075,0.0,1.0,2.1342368601772562e-198
dumbbell,ifa,10.0,3,6,router,0.33333330749987444,0.33333330749987444,0.33333330749987444,0.0,1.0,0.8,0.0,1.0,1.0,9.991638762541806,9.991638762541806,1.768310696914285e-197,0.0,0.0004036573292333082,0.9922674745252075,0.0,1.0,2.1342368601772562e-198
dumbbell,ifa,10.0,3,7,router,0.33333330749987444,0.33333330749987444,0.33333330749987444,0.0,1.0,0.8,0.0,1.0,1.0,9.991638762541806,9.991638762541806,1.768310696914285e-197,0.0,0.0004036573292333082,0.9922674745252075,0.0,1.0,2.1342368601772562e-198
dumbbell,ifa,10.0,3,8,router,0.33333330749987444,0.33333330749987444,0.33333330749987444,0.0,1.0,0.8,0.0,1.0,1.0,9.991638762541806,9.991638829431313,1.768310696914285e-197,0.0,0.0004036573292333082,0.9922674745252075,0.0,1.0000000066889683,2.1342368601432423e-198
dumbbell,ifa,10.0,3,9,router,0.0,0.0,0.0,0.0,0.0,0.0,0.0,1.0,0.0,0.013377926421278847,0.013377926421278847,0.0,0.0,0.0020204434040162773,0.9876268658877354,0.0,1.0,0.0
dumbbell,ifa,10.0,4,0,attacker,9.988333299999999,0.33000003873917744,0.33333329873917744,0.9651818181818183,0.03458747202311531,0.0016,0.0,0.033984334997832974,0.9981873426475231,19.99498320735786,9.994983277591974,4.299498315087334e-145,0.4992955762186531,0.0007396265570733305,0.49661563912465584,0.0,0.4998679255849763,4.7861416854811335e-146
dumbbell,ifa,10.0,4,1,benign_consumer,9.988333299999999,0.3366667053061212,0.3400001386394545,0.9647878787878787,0.03523110844442909,0.0013333333333333335,0.0,0.034559918382300145,0.9982455106547824,10.0,1.7197992043850463e-146,1.7197992043850463e-146,0.9982264112698896,0.0003344481605351171,0.0016722408026755853,0.0,1.7197992043850463e-147,0.862876254180602
dumbbell,ifa,10.0,4,2,benign_consumer,9.988333299999999,0.3299999678731657,0.33333330120649907,0.9654242424242424,0.03481747528819568,0.0013333333333333335,0.0,0.03404067005557257,1.0,10.0,2.9833854849838197e-105,2.9833854849838197e-105,0.9982264112698896,0.0003344481605351171,0.0016722408026755853,0.0,2.98338548498382e-106,1.0
dumbbell,ifa,10.0,4,3,router,0.3333333175404124,0.3333333175404124,0.3333333175404124,0.0,1.0,0.8,0.0,1.0,1.0,9.978260903010034,9.978260903010034,1.549552964045581e-183,0.0,0.00041626896755085673,0.9930637337906671,0.0,1.0,1.9286421338791987e-184
dumbbell,ifa,10.0,4,4,router,0.0,0.0,0.0,0.0,0.0,0.0,0.0,1.0,0.0,0.013377926421278847,0.013377926421278847,0.0,0.0,0.0020204434040162773,0.9876268658877354,0.0,1.0,0.0
dumbbell,ifa,10.0,4,5,router,1.0066667119184642,0.3333333175404124,0.3333333175404124,0.18212932672139834,0.033750274606517756,0.4915228102067699,0.0,0.03327513216825718,1.0,9.991638762541806,9.991638762541806,1.549552964045581e-183,0.0,0.0004036573292333082,0.9922674745252075,0.0,1.0,1.8702103025425032e-184
dumbbell,ifa,10.0,4,6,router,0.3333333175404124,0.3333333175404124,0.3333333175404124,0.0,1.0,0.8,0.0,1.0,1.0,9.991638762541806,9.991638762541806,1.549552964045581e-183,0.0,0.0004036573292333082,0.9922674745252075,0.0,1.0,1.8702103025425032e-184
dumbbell,ifa,10.0,4,7,router,0.3333333175404124,0.3333333175404124,0.3333333175404124,0.0,1.0,0.8,0.0,1.0,1.0,9.991638762541806,9.991638762541806,1.549552964045581e-183,0.0,0.0004036573292333082,0.9922674745252075,0.0,1.0,1.8702103025425032e-184
dumbbell,ifa,10.0,4,8,router,0.3333333175404124,0.3333333175404124,0.3333333175404124,0.0,1.0,0.8,0.0,1.0,1.0,9.991638762541806,9.991638829431313,1.549552964045581e-183,0.0,0.0004036573292333082,0.9922674745252075,0.0,1.0000000066889683,1.8702103025126975e-184
dumbbell,ifa,10.0,4,9,router,0.0,0.0,0.0,0.0,0.0,0.0,0.0,1.0,0.0,0.013377926421278847,0.013377926421278847,0.0,0.0,0.0020204434040162773,0.9876268658877354,0.0,1.0,0.0
dumbbell,ifa,10.0,5,0,attacker,9.988333299999999,0.33333342428829893,0.3366667279549656,0.9648181818181818,0.03448435843415671,0.0016,0.0,0.03412714963180902,0.9993111720149854,19.99498320735786,9.994983277591974,2.624205698544732e-135,0.4992955762186531,0.0007396265570733305,0.49661563912465584,0.0,0.4998679255849763,2.9212292585327773e-136
dumbbell,ifa,10.0,5,1,benign_consumer,9.988333299999999,0.32999997396107555,0.33333327396107554,0.9654545454545455,0.03473392712460415,0.0013333333333333335,0.0,0.034117626644838965,1.0,10.0,3.606915517976924e-161,3.606915517976924e-161,0.9982264112698896,0.0003344481605351171,0.0016722408026755853,0.0,3.606915517976924e-162,0.7926421404682275
dumbbell,ifa,10.0,5,2,benign_consumer,9.988333299999999,0.32999992938286193,0.33333322871619525,0.9654242424242424,0.03452579525564339,0.0013333333333333335,0.0,0.0340318432854217,0.9973194242593396,10.0,8.010995527587007e-125,8.010995527587007e-125,0.9982264112698896,0.0003344481605351171,0.0016722408026755853,0.0,8.010995527587006e-126,0.9665551839464883
dumbbell,ifa,10.0,5,3,router,0.33333336714929207,0.33333336714929207,0.33333336714929207,0.0,1.0,0.8,0.0,1.0,1.0,9.978260903010034,9.978260903010034,1.2198828171835415e-178,0.0,0.00041626896755085673,0.9930637337906671,0.0,1.0,1.5183201017772611e-179
dumbbell,ifa,10.0,5,4,router,0.0,0.0,0.0,0.0,0.0,0.0,0.0,1.0,0.0,0.013377926421278847,0.013377926421278847,0.0,0.0,0.0020204434040162773,0.9876268658877354,0.0,1.0,0.0
dumbbell,ifa,10.0,5,5,router,1.0033333276322365,0.33333336714929207,0.33333336714929207,0.16677751322751322,0.029829946825235213,0.42334706589927645,0.0,0.029358155330550393,1.0,9.991638762541806,9.991638762541806,1.2198828171835415e-178,0.0,0.0004036573292333082,0.9922674745252075,0.0,1.0,1.472319798484035e-179
dumbbell,ifa,10.0,5,6,router,0.33333336714929207,0.33333336714929207,0.33333336714929207,0.0,1.0,0.8,0.0,1.0,1.0,9.991638762541806,9.991638762541806,1.2198828171835415e-178,0.0,0.0004036573292333082,0.9922674745252075,0.0,1.0,1.472319798484035e-179
dumbbell,ifa,10.0,5,7,router,0.33333336714929207,0.33333336714929207,0.33333336714929207,0.0,1.0,0.8,0.0,1.0,1.0,9.991638762541806,9.991638762541806,1.2198828171835415e-178,0.0,0.0004036573292333082,0.9922674745252075,0.0,1.0,1.472319798484035e-179
dumbbell,ifa,10.0,5,8,router,0.33333336714929207,0.33333336714929207,0.33333336714929207,0.0,1.0,0.8,0.0,1.0,1.0,9.991638762541806,9.991638829431313,1.2198828171835415e-178,0.0,0.0004036573292333082,0.9922674745252075,0.0,1.0000000066889683,1.4723197984605705e-179
dumbbell,ifa,10.0,5,9,router,0.0,0.0,0.0,0.0,0.0,0.0,0.0,1.0,0.0,0.013377926421278847,0.013377926421278847,0.0,0.0,0.0020204434040162773,0.9876268658877354,0.0,1.0,0.0
dumbbell,ifa,12.0,1,0,attacker,9.988333299999999,0.3299999651950502,0.3333332420550502,0.9651515151515152,0.034467954774832436,0.0016,0.0,0.034133879054547664,0.9969265436268702,21.996655551839464,11.996655183946487,1.312102844101965e-134,0.4539141192553617,0.0006585465876041477,0.5419711378635633,0.0,0.5453832581471647,1.1583617216377112e-135
dumbbell,ifa,12.0,1,1,benign_consumer,9.988333299999999,0.33000009209258313,0.33333335875924985,0.9654545454545455,0.03469869608221493,0.0013333333333333335,0.0,0.03399185383337538,0.9996899224806203,10.0,3.663259602378636e-154,3.663259602378636e-154,0.9982264112698896,0.0003344481605351171,0.0016722408026755853,0.0,3.6632596023786362e-155,0.8260869565217391
dumbbell,ifa,12.0,1,2,benign_consumer,9.988333299999999,0.3300000210726942,0.33333338773936094,0.9654545454545455,0.034523533559409396,0.0013333333333333335,0.0,0.03410391182185552,0.9986058485370822,10.0,4.100320664717012e-131,4.100320664717012e-131,0.9982264112698896,0.0003344481605351171,0.0016722408026755853,0.0,4.1003206647170124e-132,0.9364548494983278
dumbbell,ifa,12.0,1,3,router,0.3333333559883337,0.3333333559883337,0.3333333559883337,0.0,1.0,0.8,0.0,1.0,1.0,11.980611705685618,11.980611705685618,4.872910104098281e-196,0.0,0.0003074481785702588,0.95651924015434,0.0,1.0,4.4795203206983846e-197
dumbbell,ifa,12.0,1,4,router,0.0,0.0,0.0,0.0,0.0,0.0,0.0,1.0,0.0,0.013377926421404762,0.013377926421404762,0.0,0.0,0.007517119850043738,0.9935340022296544,0.0,1.0,0.0
dumbbell,ifa,12.0,1,5,router,1.0000000783603278,0.3333333559883337,0.3333333559883337,0.17954004265876658,0.025106686662035013,0.607200075393592,0.0,0.024524993069368433,1.0,11.996627090301004,11.996627090301004,4.872910104098281e-196,0.0,0.00029530807541793284,0.956892150664935,0.0,1.0,4.3026389969244684e-197
dumbbell,ifa,12.0,1,6,router,0.3333333559883337,0.3333333559883337,0.3333333559883337,0.0,1.0,0.8,0.0,1.0,1.0,11.996627090301004,11.996627090301004,4.872910104098281e-196,0.0,0.00029530807541793284,0.956892150664935,0.0,1.0,4.3026389969244684e-197
dumbbell,ifa,12.0,1,7,router,0.3333333559883337,0.3333333559883337,0.3333333559883337,0.0,1.0,0.8,0.0,1.0,1.0,11.996627090301004,11.996627090301004,4.872910104098281e-196,0.0,0.00029530807541793284,0.956892150664935,0.0,1.0,4.3026389969244684e-197
dumbbell,ifa,12.0,1,8,router,0.3333333559883337,0.3333333559883337,0.3333333559883337,0.0,1.0,0.8,0.0,1.0,1.0,11.996627090301004,11.996628093645484,4.872910104098281e-196,0.0,0.00029530807541793284,0.956892150664935,0.0,1.0000000842155403,4.3026389927791947e-197
dumbbell,ifa,12.0,1,9,router,0.0,0.0,0.0,0.0,0.0,0.0,0.0,1.0,0.0,0.013377926421404762,0.013377926421404762,0.0,0.0,0.007517119850043738,0.9935340022296544,0.0,1.0,0.0
dumbbell,ifa,12.0,2,0,attacker,9.988333299999999,0.33000000581679534,0.3333333791501287,0.9651515151515152,0.03443136800104168,0.0016,0.0,0.03404090445013916,0.9992984154713421,21.996655551839464,11.996655183946487,1.6401297240931937e-132,0.4539141192553617,0.0006585465876041477,0.5419711378635633,0.0,0.5453832581471647,1.4479531782100474e-133
dumbbell,ifa,12.0,2,1,benign_consumer,9.988333299999999,0.329999872921295,0.33333327292129505,0.9654545454545455,0.03522259773959858,0.0013333333333333335,0.0,0.03385476511292123,0.9996336996336996,10.0,9.391759906730816e-176,9.391759906730816e-176,0.9982264112698896,0.0003344481605351171,0.0016722408026755853,0.0,9.391759906730815e-177,0.7224080267558528
dumbbell,ifa,12.0,2,2,benign_consumer,9.988333299999999,0.3333332177627134,0.33666661809604675,0.9651212121212122,0.03480740506545652,0.0013333333333333335,0.0,0.034471442764021344,0.9991112783091538,10.0,8.59899652879976e-146,8.59899652879976e-146,0.9982264112698896,0.0003344481605351171,0.0016722408026755853,0.0,8.598996528799762e-147,0.8662207357859532
dumbbell,ifa,12.0,2,3,router,0.3333333048998725,0.3333333048998725,0.3333333048998725,0.0,1.0,0.8,0.0,1.0,1.0,11.980611705685618,11.980611705685618,5.988043394942718e-187,0.0,0.0003074481785702588,0.95651924015434,0.0,1.0,5.5046289715817103e-188
dumbbell,ifa,12.0,2,4,router,0.0,0.0,0.0,0.0,0.0,0.0,0.0,1.0,0.0,0.013377926421404762,0.013377926421404762,0.0,0.0,0.007517119850043738,0.9935340022296544,0.0,1.0,0.0
dumbbell,ifa,12.0,2,5,router,1.003333129834137,0.3333333048998725,0.3333333048998725,0.1545923016648823,0.027282676279270834,0.6600000000000157,0.0,0.025535690861140374,1.0,11.996627090301004,11.996627090301004,5.988043394942718e-187,0.0,0.00029530807541793284,0.956892150664935,0.0,1.0,5.287269538342091e-188
dumbbell,ifa,12.0,2,6,router,0.3333333048998725,0.3333333048998725,0.3333333048998725,0.0,1.0,0.8,0.0,1.0,1.0,11.996627090301004,11.996627090301004,5.988043394942718e-187,0.0,0.00029530807541793284,0.956892150664935,0.0,1.0,5.287269538342091e-188
dumbbell,ifa,12.0,2,7,router,0.3333333048998725,0.3333333048998725,0.3333333048998725,0.0,1.0,0.8,0.0,1.0,1.0,11.996627090301004,11.996627090301004,5.988043394942718e-187,0.0,0.00029530807541793284,0.956892150664935,0.0,1.0,5.287269538342091e-188
dumbbell,ifa,12.0,2,8,router,0.3333333048998725,0.3333333048998725,0.3333333048998725,0.0,1.0,0.8,0.0,1.0,1.0,11.996627090301004,11.996628093645484,5.988043394942718e-187,0.0,0.00029530807541793284,0.956892150664935,0.0,1.0000000842155403,5.287269533248217e-188
dumbbell,ifa,12.0,2,9,router,0.0,0.0,0.0,0.0,0.0,0.0,0.0,1.0,0.0,0.013377926421404762,0.013377926421404762,0.0,0.0,0.007517119850043738,0.9935340022296544,0.0,1.0,0.0
dumbbell,ifa,12.0,3,0,attacker,9.988333299999999,0.33000003359633345,0.3333333335963335,0.9651515151515152,0.034714657745290194,0.0016,0.0,0.03400766772482168,1.0,21.996655551839464,11.996655183946487,4.801212408489544e-166,0.4539141192553617,0.0006585465876041477,0.5419711378635633,0.0,0.5453832581471647,4.238646912908147e-167
dumbbell,ifa,12.0,3,1,benign_consumer,9.988333299999999,0.33666655553470404,0.3399998888680374,0.9647878787878787,0.03499882853018499,0.0013333333333333335,0.0,0.0347920764507964,0.998385218512495,10.0,9.454724204418862e-174,9.454724204418862e-174,0.9982264112698896,0.0003344481605351171,0.0016722408026755853,0.0,9.454724204418862e-175,0.7324414715719063
dumbbell,ifa,12.0,3,2,benign_consumer,9.988333299999999,0.3299999482356815,0.3333333819023482,0.9654545454545455,0.034776535204423656,0.0013333333333333335,0.0,0.03398691595604553,0.9983382073577102,10.0,2.201341514678591e-151,2.201341514678591e-151,0.9982264112698896,0.0003344481605351171,0.0016722408026755853,0.0,2.2013415146785912e-152,0.8394648829431438
dumbbell,ifa,12.0,3,3,router,0.33333330749987444,0.33333330749987444,0.33333330749987444,0.0,1.0,0.8,0.0,1.0,1.0,11.980611705685618,11.980611705685618,1.768310696914285e-197,0.0,0.0003074481785702588,0.95651924015434,0.0,1.0,1.6255550232153823e-198
dumbbell,ifa,12.0,3,4,router,0.0,0.0,0.0,0.0,0.0,0.0,0.0,1.0,0.0,0.013377926421404762,0.013377926421404762,0.0,0.0,0.007517119850043738,0.9935340022296544,0.0,1.0,0.0
dumbbell,ifa,12.0,3,5,router,1.0066664707000523,0.33333330749987444,0.33333330749987444,0.17271156855364017,0.02714002505562729,0.6158706079617438,0.0,0.02654091085075908,1.0,11.996627090301004,11.996627090301004,1.768310696914285e-197,0.0,0.00029530807541793284,0.956892150664935,0.0,1.0,1.5613673344912697e-198
dumbbell,ifa,12.0,3,6,router,0.33333330749987444,0.33333330749987444,0.33333330749987444,0.0,1.0,0.8,0.0,1.0,1.0,11.996627090301004,11.996627090301004,1.768310696914285e-197,0.0,0.00029530807541793284,0.956892150664935,0.0,1.0,1.5613673344912697e-198
dumbbell,ifa,12.0,3,7,router,0.33333330749987444,0.33333330749987444,0.33333330749987444,0.0,1.0,0.8,0.0,1.0,1.0,11.996627090301004,11.996627090301004,1.768310696914285e-197,0.0,0.00029530807541793284,0.956892150664935,0.0,1.0,1.5613673344912697e-198
dumbbell,ifa,12.0,3,8,router,0.33333330749987444,0.33333330749987444,0.33333330749987444,0.0,1.0,0.8,0.0,1.0,1.0,11.996627090301004,11.996628093645484,1.768310696914285e-197,0.0,0.00029530807541793284,0.956892150664935,0.0,1.0000000842155403,1.5613673329870158e-198
dumbbell,ifa,12.0,3,9,router,0.0,0.0,0.0,0.0,0.0,0.0,0.0,1.0,0.0,0.013377926421404762,0.013377926421404762,0.0,0.0,0.007517119850043738,0.9935340022296544,0.0,1.0,0.0
dumbbell,ifa,12.0,4,0,attacker,9.988333299999999,0.33000003873917744,0.33333329873917744,0.9651818181818183,0.03458747202311531,0.0016,0.0,0.033984334997832974,0.9981873426475231,21.996655551839464,11.996655183946487,4.299498315087334e-145,0.4539141192553617,0.0006585465876041477,0.5419711378635633,0.0,0.5453832581471647,3.795719439163342e-146
dumbbell,ifa,12.0,4,1,benign_consumer,9.988333299999999,0.3366667053061212,0.3400001386394545,0.9647878787878787,0.03523110844442909,0.0013333333333333335,0.0,0.034559918382300145,0.9982455106547824,10.0,1.7197992043850463e-146,1.7197992043850463e-146,0.9982264112698896,0.0003344481605351171,0.0016722408026755853,0.0,1.7197992043850463e-147,0.862876254180602
dumbbell,ifa,12.0,4,2,benign_consumer,9.988333299999999,0.3299999678731657,0.33333330120649907,0.9654242424242424,0.03481747528819568,0.0013333333333333335,0.0,0.03404067005557257,1.0,10.0,2.9833854849838197e-105,2.9833854849838197e-105,0.9982264112698896,0.0003344481605351171,0.0016722408026755853,0.0,2.98338548498382e-106,1.0
dumbbell,ifa,12.0,4,3,router,0.3333333175404124,0.3333333175404124,0.3333333175404124,0.0,1.0,0.8,0.0,1.0,1.0,11.980611705685618,11.980611705685618,1.549552964045581e-183,0.0,0.0003074481785702588,0.95651924015434,0.0,1.0,1.4244576879369242e-184
dumbbell,ifa,12.0,4,4,router,0.0,0.0,0.0,0.0,0.0,0.0,0.0,1.0,0.0,0.013377926421404762,0.013377926421404762,0.0,0.0,0.007517119850043738,0.9935340022296544,0.0,1.0,0.0
dumbbell,ifa,12.0,4,5,router,1.0066667119184642,0.3333333175404124,0.3333333175404124,0.18212932672139834,0.033750274606517756,0.4915228102067699,0.0,0.03327513216825718,1.0,11.996627090301004,11.996627090301004,1.549552964045581e-183,0.0,0.00029530807541793284,0.956892150664935,0.0,1.0,1.3682105450577644e-184
dumbbell,ifa,12.0,4,6,router,0.3333333175404124,0.3333333175404124,0.3333333175404124,0.0,1.0,0.8,0.0,1.0,1.0,11.996627090301004,11.996627090301004,1.549552964045581e-183,0.0,0.00029530807541793284,0.956892150664935,0.0,1.0,1.3682105450577644e-184
dumbbell,ifa,12.0,4,7,router,0.3333333175404124,0.3333333175404124,0.3333333175404124,0.0,1.0,0.8,0.0,1.0,1.0,11.996627090301004,11.996627090301004,1.549552964045581e-183,0.0,0.00029530807541793284,0.956892150664935,0.0,1.0,1.3682105450577644e-184
dumbbell,ifa,12.0,4,8,router,0.3333333175404124,0.3333333175404124,0.3333333175404124,0.0,1.0,0.8,0.0,1.0,1.0,11.996627090301004,11.996628093645484,1.549552964045581e-183,0.0,0.00029530807541793284,0.956892150664935,0.0,1.0000000842155403,1.3682105437395974e-184
dumbbell,ifa,12.0,4,9,router,0.0,0.0,0.0,0.0,0.0,0.0,0.0,1.0,0.0,0.013377926421404762,0.013377926421404762,0.0,0.0,0.007517119850043738,0.9935340022296544,0.0,1.0,0.0
dumbbell,ifa,12.0,5,0,attacker,9.988333299999999,0.33333342428829893,0.3366667279549656,0.9648181818181818,0.03448435843415671,0.0016,0.0,0.03412714963180902,0.9993111720149854,21.996655551839464,11.996655183946487,2.624205698544732e-135,0.4539141192553617,0.0006585465876041477,0.5419711378635633,0.0,0.5453832581471647,2.3167234518938984e-136
dumbbell,ifa,12.0,5,1,benign_consumer,9.988333299999999,0.32999997396107555,0.33333327396107554,0.9654545454545455,0.03473392712460415,0.0013333333333333335,0.0,0.034117626644838965,1.0,10.0,3.606915517976924e-161,3.606915517976924e-161,0.9982264112698896,0.0003344481605351171,0.0016722408026755853,0.0,3.606915517976924e-162,0.7926421404682275
dumbbell,ifa,12.0,5,2,benign_consumer,9.988333299999999,0.32999992938286193,0.33333322871619525,0.9654242424242424,0.03452579525564339,0.0013333333333333335,0.0,0.0340318432854217,0.9973194242593396,10.0,8.010995527587007e-125,8.010995527587007e-125,0.9982264112698896,0.0003344481605351171,0.0016722408026755853,0.0,8.010995527587006e-126,0.9665551839464883
dumbbell,ifa,12.0,5,3,router,0.33333336714929207,0.33333336714929207,0.33333336714929207,0.0,1.0,0.8,0.0,1.0,1.0,11.980611705685618,11.980611705685618,1.2198828171835415e-178,0.0,0.0003074481785702588,0.95651924015434,0.0,1.0,1.1214017500378114e-179
dumbbell,ifa,12.0,5,4,router,0.0,0.0,0.0,0.0,0.0,0.0,0.0,1.0,0.0,0.013377926421404762,0.013377926421404762,0.0,0.0,0.007517119850043738,0.9935340022296544,0.0,1.0,0.0
dumbbell,ifa,12.0,5,5,router,1.0033333276322365,0.33333336714929207,0.33333336714929207,0.16677751322751322,0.029829946825235213,0.42334706589927645,0.0,0.029358155330550393,1.0,11.996627090301004,11.996627090301004,1.2198828171835415e-178,0.0,0.00029530807541793284,0.956892150664935,0.0,1.0,1.0771213346009233e-179
dumbbell,ifa,12.0,5,6,router,0.33333336714929207,0.33333336714929207,0.33333336714929207,0.0,1.0,0.8,0.0,1.0,1.0,11.996627090301004,11.996627090301004,1.2198828171835415e-178,0.0,0.00029530807541793284,0.956892150664935,0.0,1.0,1.0771213346009233e-179
dumbbell,ifa,12.0,5,7,router,0.33333336714929207,0.33333336714929207,0.33333336714929207,0.0,1.0,0.8,0.0,1.0,1.0,11.996627090301004,11.996627090301004,1.2198828171835415e-178,0.0,0.00029530807541793284,0.956892150664935,0.0,1.0,1.0771213346009233e-179
dumbbell,ifa,12.0,5,8,router,0.33333336714929207,0.33333336714929207,0.33333336714929207,0.0,1.0,0.8,0.0,1.0,1.0,11.996627090301004,11.996628093645484,1.2198828171835415e-178,0.0,0.00029530807541793284,0.956892150664935,0.0,1.0000000842155403,1.0771213335631997e-179
dumbbell,ifa,12.0,5,9,router,0.0,0.0,0.0,0.0,0.0,0.0,0.0,1.0,0.0,0.013377926421404762,0.013377926421404762,0.0,0.0,0.007517119850043738,0.9935340022296544,0.0,1.0,0.0
dumbbell,ifa,15.0,1,0,attacker,9.988333299999999,0.3299999651950502,0.3333332420550502,0.9651515151515152,0.034467954774832436,0.0016,0.0,0.034133879054547664,0.9969265436268702,24.99414712374582,14.994147491638797,1.312102844101965e-134,0.39950154360689477,0.0005895983900753174,0.5960595875671494,0.0,0.5999017477828532,9.495437328807938e-136
dumbbell,ifa,15.0,1,1,benign_consumer,9.988333299999999,0.33000009209258313,0.33333335875924985,0.9654545454545455,0.03469869608221493,0.0013333333333333335,0.0,0.03399185383337538,0.9996899224806203,10.0,3.663259602378636e-154,3.663259602378636e-154,0.9982264112698896,0.0003344481605351171,0.0016722408026755853,0.0,3.6632596023786362e-155,0.8260869565217391
dumbbell,ifa,15.0,1,2,benign_consumer,9.988333299999999,0.3300000210726942,0.33333338773936094,0.9654545454545455,0.034523533559409396,0.0013333333333333335,0.0,0.03410391182185552,0.9986058485370822,10.0,4.100320664717012e-131,4.100320664717012e-131,0.9982264112698896,0.0003344481605351171,0.0016722408026755853,0.0,4.1003206647170124e-132,0.9364548494983278
dumbbell,ifa,15.0,1,3,router,0.3333333559883337,0.3333333559883337,0.3333333559883337,0.0,1.0,0.8,0.0,1.0,1.0,14.976867892976587,14.976867892976587,4.872910104098281e-196,0.0,0.00026518219661598346,0.9730682508771201,0.0,1.0,3.8637048790705135e-197
dumbbell,ifa,15.0,1,4,router,0.0,0.0,0.0,0.0,0.0,0.0,0.0,1.0,0.0,0.013377926421404762,0.013377926421404762,0.0,0.0,0.007517119850043738,0.9935340022296544,0.0,1.0,0.0
dumbbell,ifa,15.0,1,5,router,1.0000000783603278,0.3333333559883337,0.3333333559883337,0.17954004265876658,0.025106686662035013,0.607200075393592,0.0,0.024524993069368433,1.0,14.990245484949835,14.990245484949835,4.872910104098281e-196,0.0,0.0002566437571657496,0.9722932970911516,0.0,1.0,3.739299806303806e-197
dumbbell,ifa,15.0,1,6,router,0.3333333559883337,0.3333333559883337,0.3333333559883337,0.0,1.0,0.8,0.0,1.0,1.0,14.990245484949835,14.990245484949835,4.872910104098281e-196,0.0,0.0002566437571657496,0.9722932970911516,0.0,1.0,3.739299806303806e-197
dumbbell,ifa,15.0,1,7,router,0.3333333559883337,0.3333333559883337,0.3333333559883337,0.0,1.0,0.8,0.0,1.0,1.0,14.990245484949835,14.990245484949835,4.872910104098281e-196,0.0,0.0002566437571657496,0.9722932970911516,0.0,1.0,3.739299806303806e-197
dumbbell,ifa,15.0,1,8,router,0.3333333559883337,0.3333333559883337,0.3333333559883337,0.0,1.0,0.8,0.0,1.0,1.0,14.990245484949835,14.990245819397993,4.872910104098281e-196,0.0,0.0002566437571657496,0.9722932970911516,0.0,1.0000000239961249,3.7392998041179884e-197
dumbbell,ifa,15.0,1,9,router,0.0,0.0,0.0,0.0,0.0,0.0,0.0,1.0,0.0,0.013377926421404762,0.013377926421404762,0.0,0.0,0.007517119850043738,0.9935340022296544,0.0,1.0,0.0
dumbbell,ifa,15.0,2,0,attacker,9.988333299999999,0.33000000581679534,0.3333333791501287,0.9651515151515152,0.03443136800104168,0.0016,0.0,0.03404090445013916,0.9992984154713421,24.99414712374582,14.994147491638797,1.6401297240931937e-132,0.39950154360689477,0.0005895983900753174,0.5960595875671494,0.0,0.5999017477828532,1.1869305053306236e-133
dumbbell,ifa,15.0,2,1,benign_consumer,9.988333299999999,0.329999872921295,0.33333327292129505,0.9654545454545455,0.03522259773959858,0.0013333333333333335,0.0,0.03385476511292123,0.9996336996336996,10.0,9.391759906730816e-176,9.391759906730816e-176,0.9982264112698896,0.0003344481605351171,0.0016722408026755853,0.0,9.391759906730815e-177,0.7224080267558528
dumbbell,ifa,15.0,2,2,benign_consumer,9.988333299999999,0.3333332177627134,0.33666661809604675,0.9651212121212122,0.03480740506545652,0.0013333333333333335,0.0,0.034471442764021344,0.9991112783091538,10.0,8.59899652879976e-146,8.59899652879976e-146,0.9982264112698896,0.0003344481605351171,0.0016722408026755853,0.0,8.598996528799762e-147,0.8662207357859532
dumbbell,ifa,15.0,2,3,router,0.3333333048998725,0.3333333048998725,0.3333333048998725,0.0,1.0,0.8,0.0,1.0,1.0,14.976867892976587,14.976867892976587,5.988043394942718e-187,0.0,0.00026518219661598346,0.9730682508771201,0.0,1.0,4.7478882831359484e-188
dumbbell,ifa,15.0,2,4,router,0.0,0.0,0.0,0.0,0.0,0.0,0.0,1.0,0.0,0.013377926421404762,0.013377926421404762,0.0,0.0,0.007517119850043738,0.9935340022296544,0.0,1.0,0.0
dumbbell,ifa,15.0,2,5,router,1.003333129834137,0.3333333048998725,0.3333333048998725,0.1545923016648823,0.027282676279270834,0.6600000000000157,0.0,0.025535690861140374,1.0,14.990245484949835,14.990245484949835,5.988043394942718e-187,0.0,0.0002566437571657496,0.9722932970911516,0.0,1.0,4.5950139318347836e-188
dumbbell,ifa,15.0,2,6,router,0.3333333048998725,0.3333333048998725,0.3333333048998725,0.0,1.0,0.8,0.0,1.0,1.0,14.990245484949835,14.990245484949835,5.988043394942718e-187,0.0,0.0002566437571657496,0.9722932970911516,0.0,1.0,4.5950139318347836e-188
dumbbell,ifa,15.0,2,7,router,0.3333333048998725,0.3333333048998725,0.3333333048998725,0.0,1.0,0.8,0.0,1.0,1.0,14.990245484949835,14.990245484949835,5.988043394942718e-187,0.0,0.0002566437571657496,0.9722932970911516,0.0,1.0,4.5950139318347836e-188
dumbbell,ifa,15.0,2,8,router,0.3333333048998725,0.3333333048998725,0.3333333048998725,0.0,1.0,0.8,0.0,1.0,1.0,14.990245484949835,14.990245819397993,5.988043394942718e-187,0.0,0.0002566437571657496,0.9722932970911516,0.0,1.0000000239961249,4.5950139291487684e-188
dumbbell,ifa,15.0,2,9,router,0.0,0.0,0.0,0.0,0.0,0.0,0.0,1.0,0.0,0.013377926421404762,0.013377926421404762,0.0,0.0,0.007517119850043738,0.9935340022296544,0.0,1.0,0.0
dumbbell,ifa,15.0,3,0,attacker,9.988333299999999,0.33000003359633345,0.3333333335963335,0.9651515151515152,0.034714657745290194,0.0016,0.0,0.03400766772482168,1.0,24.99414712374582,14.994147491638797,4.801212408489544e-166,0.39950154360689477,0.0005895983900753174,0.5960595875671494,0.0,0.5999017477828532,3.47454558996099e-167
dumbbell,ifa,15.0,3,1,benign_consumer,9.988333299999999,0.33666655553470404,0.3399998888680374,0.9647878787878787,0.03499882853018499,0.0013333333333333335,0.0,0.0347920764507964,0.998385218512495,10.0,9.454724204418862e-174,9.454724204418862e-174,0.9982264112698896,0.0003344481605351171,0.0016722408026755853,0.0,9.454724204418862e-175,0.7324414715719063
dumbbell,ifa,15.0,3,2,benign_consumer,9.988333299999999,0.3299999482356815,0.3333333819023482,0.9654545454545455,0.034776535204423656,0.0013333333333333335,0.0,0.03398691595604553,0.9983382073577102,10.0,2.201341514678591e-151,2.201341514678591e-151,0.9982264112698896,0.0003344481605351171,0.0016722408026755853,0.0,2.2013415146785912e-152,0.8394648829431438
dumbbell,ifa,15.0,3,3,router,0.33333330749987444,0.33333330749987444,0.33333330749987444,0.0,1.0,0.8,0.0,1.0,1.0,14.976867892976587,14.976867892976587,1.768310696914285e-197,0.0,0.00026518219661598346,0.9730682508771201,0.0,1.0,1.4020842710364636e-198
dumbbell,ifa,15.0,3,4,router,0.0,0.0,0.0,0.0,0.0,0.0,0.0,1.0,0.0,0.013377926421404762,0.013377926421404762,0.0,0.0,0.007517119850043738,0.9935340022296544,0.0,1.0,0.0
dumbbell,ifa,15.0,3,5,router,1.0066664707000523,0.33333330749987444,0.33333330749987444,0.17271156855364017,0.02714002505562729,0.6158706079617438,0.0,0.02654091085075908,1.0,14.990245484949835,14.990245484949835,1.768310696914285e-197,0.0,0.0002566437571657496,0.9722932970911516,0.0,1.0,1.356939458431792e-198
dumbbell,ifa,15.0,3,6,router,0.33333330749987444,0.33333330749987444,0.33333330749987444,0.0,1.0,0.8,0.0,1.0,1.0,14.990245484949835,14.990245484949835,1.768310696914285e-197,0.0,0.0002566437571657496,0.9722932970911516,0.0,1.0,1.356939458431792e-198
dumbbell,ifa,15.0,3,7,router,0.33333330749987444,0.33333330749987444,0.33333330749987444,0.0,1.0,0.8,0.0,1.0,1.0,14.990245484949835,14.990245484949835,1.768310696914285e-197,0.0,0.0002566437571657496,0.9722932970911516,0.0,1.0,1.356939458431792e-198
dumbbell,ifa,15.0,3,8,router,0.33333330749987444,0.33333330749987444,0.33333330749987444,0.0,1.0,0.8,0.0,1.0,1.0,14.990245484949835,14.990245819397993,1.768310696914285e-197,0.0,0.0002566437571657496,0.9722932970911516,0.0,1.0000000239961249,1.3569394576385953e-198
dumbbell,ifa,15.0,3,9,router,0.0,0.0,0.0,0.0,0.0,0.0,0.0,1.0,0.0,0.013377926421404762,0.013377926421404762,0.0,0.0,0.007517119850043738,0.9935340022296544,0.0,1.0,0.0
dumbbell,ifa,15.0,4,0,attacker,9.988333299999999,0.33000003873917744,0.33333329873917744,0.9651818181818183,0.03458747202311531,0.0016,0.0,0.033984334997832974,0.9981873426475231,24.99414712374582,14.994147491638797,4.299498315087334e-145,0.39950154360689477,0.0005895983900753174,0.5960595875671494,0.0,0.5999017477828532,3.1114646990037857e-146
dumbbell,ifa,15.0,4,1,benign_consumer,9.988333299999999,0.3366667053061212,0.3400001386394545,0.9647878787878787,0.03523110844442909,0.0013333333333333335,0.0,0.034559918382300145,0.9982455106547824,10.0,1.7197992043850463e-146,1.7197992043850463e-146,0.9982264112698896,0.0003344481605351171,0.0016722408026755853,0.0,1.7197992043850463e-147,0.862876254180602
dumbbell,ifa,15.0,4,2,benign_consumer,9.988333299999999,0.3299999678731657,0.33333330120649907,0.9654242424242424,0.03481747528819568,0.0013333333333333335,0.0,0.03404067005557257,1.0,10.0,2.9833854849838197e-105,2.9833854849838197e-105,0.9982264112698896,0.0003344481605351171,0.0016722408026755853,0.0,2.98338548498382e-106,1.0
dumbbell,ifa,15.0,4,3,router,0.3333333175404124,0.3333333175404124,0.3333333175404124,0.0,1.0,0.8,0.0,1.0,1.0,14.976867892976587,14.976867892976587,1.549552964045581e-183,0.0,0.00026518219661598346,0.9730682508771201,0.0,1.0,1.228632474562958e-184
dumbbell,ifa,15.0,4,4,router,0.0,0.0,0.0,0.0,0.0,0.0,0.0,1.0,0.0,0.013377926421404762,0.013377926421404762,0.0,0.0,0.007517119850043738,0.9935340022296544,0.0,1.0,0.0
dumbbell,ifa,15.0,4,5,router,1.0066667119184642,0.3333333175404124,0.3333333175404124,0.18212932672139834,0.033750274606517756,0.4915228102067699,0.0,0.03327513216825718,1.0,14.990245484949835,14.990245484949835,1.549552964045581e-183,0.0,0.0002566437571657496,0.9722932970911516,0.0,1.0,1.1890724461712244e-184
dumbbell,ifa,15.0,4,6,router,0.3333333175404124,0.3333333175404124,0.3333333175404124,0.0,1.0,0.8,0.0,1.0,1.0,14.990245484949835,14.990245484949835,1.549552964045581e-183,0.0,0.0002566437571657496,0.9722932970911516,0.0,1.0,1.1890724461712244e-184
dumbbell,ifa,15.0,4,7,router,0.3333333175404124,0.3333333175404124,0.3333333175404124,0.0,1.0,0.8,0.0,1.0,1.0,14.990245484949835,14.990245484949835,1.549552964045581e-183,0.0,0.0002566437571657496,0.9722932970911516,0.0,1.0,1.1890724461712244e-184
dumbbell,ifa,15.0,4,8,router,0.3333333175404124,0.3333333175404124,0.3333333175404124,0.0,1.0,0.8,0.0,1.0,1.0,14.990245484949835,14.990245819397993,1.549552964045581e-183,0.0,0.0002566437571657496,0.9722932970911516,0.0,1.0000000239961249,1.189072445476151e-184
dumbbell,ifa,15.0,4,9,router,0.0,0.0,0.0,0.0,0.0,0.0,0.0,1.0,0.0,0.013377926421404762,0.013377926421404762,0.0,0.0,0.007517119850043738,0.9935340022296544,0.0,1.0,0.0
dumbbell,ifa,15.0,5,0,attacker,9.988333299999999,0.33333342428829893,0.3366667279549656,0.9648181818181818,0.03448435843415671,0.0016,0.0,0.03412714963180902,0.9993111720149854,24.99414712374582,14.994147491638797,2.624205698544732e-135,0.39950154360689477,0.0005895983900753174,0.5960595875671494,0.0,0.5999017477828532,1.8990874726567064e-136
dumbbell,ifa,15.0,5,1,benign_consumer,9.988333299999999,0.32999997396107555,0.33333327396107554,0.9654545454545455,0.03473392712460415,0.0013333333333333335,0.0,0.034117626644838965,1.0,10.0,3.606915517976924e-161,3.606915517976924e-161,0.9982264112698896,0.0003344481605351171,0.0016722408026755853,0.0,3.606915517976924e-162,0.7926421404682275
dumbbell,ifa,15.0,5,2,benign_consumer,9.988333299999999,0.32999992938286193,0.33333322871619525,0.9654242424242424,0.03452579525564339,0.0013333333333333335,0.0,0.0340318432854217,0.9973194242593396,10.0,8.010995527587007e-125,8.010995527587007e-125,0.9982264112698896,0.0003344481605351171,0.0016722408026755853,0.0,8.010995527587006e-126,0.9665551839464883
dumbbell,ifa,15.0,5,3,router,0.33333336714929207,0.33333336714929207,0.33333336714929207,0.0,1.0,0.8,0.0,1.0,1.0,14.976867892976587,14.976867892976587,1.2198828171835415e-178,0.0,0.00026518219661598346,0.9730682508771201,0.0,1.0,9.672387200008685e-180
dumbbell,ifa,15.0,5,4,router,0.0,0.0,0.0,0.0,0.0,0.0,0.0,1.0,0.0,0.013377926421404762,0.013377926421404762,0.0,0.0,0.007517119850043738,0.9935340022296544,0.0,1.0,0.0
dumbbell,ifa,15.0,5,5,router,1.0033333276322365,0.33333336714929207,0.33333336714929207,0.16677751322751322,0.029829946825235213,0.42334706589927645,0.0,0.029358155330550393,1.0,14.990245484949835,14.990245484949835,1.2198828171835415e-178,0.0,0.0002566437571657496,0.9722932970911516,0.0,1.0,9.360951914456887e-180
dumbbell,ifa,15.0,5,6,router,0.33333336714929207,0.33333336714929207,0.33333336714929207,0.0,1.0,0.8,0.0,1.0,1.0,14.990245484949835,14.990245484949835,1.2198828171835415e-178,0.0,0.0002566437571657496,0.9722932970911516,0.0,1.0,9.360951914456887e-180
dumbbell,ifa,15.0,5,7,router,0.33333336714929207,0.33333336714929207,0.33333336714929207,0.0,1.0,0.8,0.0,1.0,1.0,14.990245484949835,14.990245484949835,1.2198828171835415e-178,0.0,0.0002566437571657496,0.9722932970911516,0.0,1.0,9.360951914456887e-180
dumbbell,ifa,15.0,5,8,router,0.33333336714929207,0.33333336714929207,0.33333336714929207,0.0,1.0,0.8,0.0,1.0,1.0,14.990245484949835,14.990245819397993,1.2198828171835415e-178,0.0,0.0002566437571657496,0.9722932970911516,0.0,1.0000000239961249,9.360951908984934e-180
dumbbell,ifa,15.0,5,9,router,0.0,0.0,0.0,0.0,0.0,0.0,0.0,1.0,0.0,0.013377926421404762,0.013377926421404762,0.0,0.0,0.007517119850043738,0.9935340022296544,0.0,1.0,0.0
dumbbell,ifa,20.0,1,0,attacker,9.988333299999999,0.3299999651950502,0.3333332420550502,0.9651515151515152,0.034467954774832436,0.0016,0.0,0.034133879054547664,0.9969265436268702,29.983277591973245,19.98327725752508,1.312102844101965e-134,0.3330302236333092,0.0005279915916194619,0.6620355004893149,0.0,0.6664571350453851,7.918116950593376e-136
dumbbell,ifa,20.0,1,1,benign_consumer,9.988333299999999,0.33000009209258313,0.33333335875924985,0.9654545454545455,0.03469869608221493,0.0013333333333333335,0.0,0.03399185383337538,0.9996899224806203,10.0,3.663259602378636e-154,3.663259602378636e-154,0.9982264112698896,0.0003344481605351171,0.0016722408026755853,0.0,3.6632596023786362e-155,0.8260869565217391
dumbbell,ifa,20.0,1,2,benign_consumer,9.988333299999999,0.3300000210726942,0.33333338773936094,0.9654545454545455,0.034523533559409396,0.0013333333333333335,0.0,0.03410391182185552,0.9986058485370822,10.0,4.100320664717012e-131,4.100320664717012e-131,0.9982264112698896,0.0003344481605351171,0.0016722408026755853,0.0,4.1003206647170124e-132,0.9364548494983278
dumbbell,ifa,20.0,1,3,router,0.3333333559883337,0.3333333559883337,0.3333333559883337,0.0,1.0,0.8,0.0,1.0,1.0,19.96989966555184,19.96989966555184,4.872910104098281e-196,0.0,0.000205996310416437,0.9929457670265767,0.0,1.0,3.0013664524768893e-197
dumbbell,ifa,20.0,1,4,router,0.0,0.0,0.0,0.0,0.0,0.0,0.0,1.0,0.0,0.013377926421404762,0.013377926421404762,0.0,0.0,0.007517119850043738,0.9935340022296544,0.0,1.0,0.0
dumbbell,ifa,20.0,1,5,router,1.0000000783603278,0.3333333559883337,0.3333333559883337,0.17954004265876658,0.025106686662035013,0.607200075393592,0.0,0.024524993069368433,1.0,19.98327725752508,19.98327725752508,4.872910104098281e-196,0.0,0.0002018286646796755,0.9925684928208631,0.0,1.0,2.940643848335975e-197
dumbbell,ifa,20.0,1,6,router,0.3333333559883337,0.3333333559883337,0.3333333559883337,0.0,1.0,0.8,0.0,1.0,1.0,19.98327725752508,19.98327725752508,4.872910104098281e-196,0.0,0.0002018286646796755,0.9925684928208631,0.0,1.0,2.940643848335975e-197
dumbbell,ifa,20.0,1,7,router,0.3333333559883337,0.3333333559883337,0.3333333559883337,0.0,1.0,0.8,0.0,1.0,1.0,19.98327725752508,19.98327725752508,4.872910104098281e-196,0.0,0.0002018286646796755,0.9925684928208631,0.0,1.0,2.940643848335975e-197
dumbbell,ifa,20.0,1,8,router,0.3333333559883337,0.3333333559883337,0.3333333559883337,0.0,1.0,0.8,0.0,1.0,1.0,19.98327725752508,19.983277591973245,4.872910104098281e-196,0.0,0.0002018286646796755,0.9925684928208631,0.0,1.0000000167230414,2.9406438466276046e-197
dumbbell,ifa,20.0,1,9,router,0.0,0.0,0.0,0.0,0.0,0.0,0.0,1.0,0.0,0.013377926421404762,0.013377926421404762,0.0,0.0,0.007517119850043738,0.9935340022296544,0.0,1.0,0.0
dumbbell,ifa,20.0,2,0,attacker,9.988333299999999,0.33000000581679534,0.3333333791501287,0.9651515151515152,0.03443136800104168,0.0016,0.0,0.03404090445013916,0.9992984154713421,29.983277591973245,19.98327725752508,1.6401297240931937e-132,0.3330302236333092,0.0005279915916194619,0.6620355004893149,0.0,0.6664571350453851,9.897653119801628e-134
dumbbell,ifa,20.0,2,1,benign_consumer,9.988333299999999,0.329999872921295,0.33333327292129505,0.9654545454545455,0.03522259773959858,0.0013333333333333335,0.0,0.03385476511292123,0.9996336996336996,10.0,9.391759906730816e-176,9.391759906730816e-176,0.9982264112698896,0.0003344481605351171,0.0016722408026755853,0.0,9.391759906730815e-177,0.7224080267558528
dumbbell,ifa,20.0,2,2,benign_consumer,9.988333299999999,0.3333332177627134,0.33666661809604675,0.9651212121212122,0.03480740506545652,0.0013333333333333335,0.0,0.034471442764021344,0.9991112783091538,10.0,8.59899652879976e-146,8.59899652879976e-146,0.9982264112698896,0.0003344481605351171,0.0016722408026755853,0.0,8.598996528799762e-147,0.8662207357859532
dumbbell,ifa,20.0,2,3,router,0.3333333048998725,0.3333333048998725,0.3333333048998725,0.0,1.0,0.8,0.0,1.0,1.0,19.96989966555184,19.96989966555184,5.988043394942718e-187,0.0,0.000205996310416437,0.9929457670265767,0.0,1.0,3.6882093974218826e-188
dumbbell,ifa,20.0,2,4,router,0.0,0.0,0.0,0.0,0.0,0.0,0.0,1.0,0.0,0.013377926421404762,0.013377926421404762,0.0,0.0,0.007517119850043738,0.9935340022296544,0.0,1.0,0.0
dumbbell,ifa,20.0,2,5,router,1.003333129834137,0.3333333048998725,0.3333333048998725,0.1545923016648823,0.027282676279270834,0.6600000000000157,0.0,0.025535690861140374,1.0,19.98327725752508,19.98327725752508,5.988043394942718e-187,0.0,0.0002018286646796755,0.9925684928208631,0.0,1.0,3.6135908278761764e-188
dumbbell,ifa,20.0,2,6,router,0.3333333048998725,0.3333333048998725,0.3333333048998725,0.0,1.0,0.8,0.0,1.0,1.0,19.98327725752508,19.98327725752508,5.988043394942718e-187,0.0,0.0002018286646796755,0.9925684928208631,0.0,1.0,3.6135908278761764e-188
dumbbell,ifa,20.0,2,7,router,0.3333333048998725,0.3333333048998725,0.3333333048998725,0.0,1.0,0.8,0.0,1.0,1.0,19.98327725752508,19.98327725752508,5.988043394942718e-187,0.0,0.0002018286646796755,0.9925684928208631,0.0,1.0,3.6135908278761764e-188
dumbbell,ifa,20.0,2,8,router,0.3333333048998725,0.3333333048998725,0.3333333048998725,0.0,1.0,0.8,0.0,1.0,1.0,19.98327725752508,19.983277591973245,5.988043394942718e-187,0.0,0.0002018286646796755,0.9925684928208631,0.0,1.0000000167230414,3.6135908257768644e-188
dumbbell,ifa,20.0,2,9,router,0.0,0.0,0.0,0.0,0.0,0.0,0.0,1.0,0.0,0.013377926421404762,0.013377926421404762,0.0,0.0,0.007517119850043738,0.9935340022296544,0.0,1.0,0.0
dumbbell,ifa,20.0,3,0,attacker,9.988333299999999,0.33000003359633345,0.3333333335963335,0.9651515151515152,0.034714657745290194,0.0016,0.0,0.03400766772482168,1.0,29.983277591973245,19.98327725752508,4.801212408489544e-166,0.3330302236333092,0.0005279915916194619,0.6620355004893149,0.0,0.6664571350453851,2.8973766413727706e-167
dumbbell,ifa,20.0,3,1,benign_consumer,9.988333299999999,0.33666655553470404,0.3399998888680374,0.9647878787878787,0.03499882853018499,0.0013333333333333335,0.0,0.0347920764507964,0.998385218512495,10.0,9.454724204418862e-174,9.454724204418862e-174,0.9982264112698896,0.0003344481605351171,0.0016722408026755853,0.0,9.454724204418862e-175,0.7324414715719063
dumbbell,ifa,20.0,3,2,benign_consumer,9.988333299999999,0.3299999482356815,0.3333333819023482,0.9654545454545455,0.034776535204423656,0.0013333333333333335,0.0,0.03398691595604553,0.9983382073577102,10.0,2.201341514678591e-151,2.201341514678591e-151,0.9982264112698896,0.0003344481605351171,0.0016722408026755853,0.0,2.2013415146785912e-152,0.8394648829431438
dumbbell,ifa,20.0,3,3,router,0.33333330749987444,0.33333330749987444,0.33333330749987444,0.0,1.0,0.8,0.0,1.0,1.0,19.96989966555184,19.96989966555184,1.768310696914285e-197,0.0,0.000205996310416437,0.9929457670265767,0.0,1.0,1.0891537904420531e-198
dumbbell,ifa,20.0,3,4,router,0.0,0.0,0.0,0.0,0.0,0.0,0.0,1.0,0.0,0.013377926421404762,0.013377926421404762,0.0,0.0,0.007517119850043738,0.9935340022296544,0.0,1.0,0.0
dumbbell,ifa,20.0,3,5,router,1.0066664707000523,0.33333330749987444,0.33333330749987444,0.17271156855364017,0.02714002505562729,0.6158706079617438,0.0,0.02654091085075908,1.0,19.98327725752508,19.98327725752508,1.768310696914285e-197,0.0,0.0002018286646796755,0.9925684928208631,0.0,1.0,1.067118430421837e-198
dumbbell,ifa,20.0,3,6,router,0.33333330749987444,0.33333330749987444,0.33333330749987444,0.0,1.0,0.8,0.0,1.0,1.0,19.98327725752508,19.98327725752508,1.768310696914285e-197,0.0,0.0002018286646796755,0.9925684928208631,0.0,1.0,1.067118430421837e-198
dumbbell,ifa,20.0,3,7,router,0.33333330749987444,0.33333330749987444,0.33333330749987444,0.0,1.0,0.8,0.0,1.0,1.0,19.98327725752508,19.98327725752508,1.768310696914285e-197,0.0,0.0002018286646796755,0.9925684928208631,0.0,1.0,1.067118430421837e-198
dumbbell,ifa,20.0,3,8,router,0.33333330749987444,0.33333330749987444,0.33333330749987444,0.0,1.0,0.8,0.0,1.0,1.0,19.98327725752508,19.983277591973245,1.768310696914285e-197,0.0,0.0002018286646796755,0.9925684928208631,0.0,1.0000000167230414,1.0671184298018965e-198
dumbbell,ifa,20.0,3,9,router,0.0,0.0,0.0,0.0,0.0,0.0,0.0,1.0,0.0,0.013377926421404762,0.013377926421404762,0.0,0.0,0.007517119850043738,0.9935340022296544,0.0,1.0,0.0
dumbbell,ifa,20.0,4,0,attacker,9.988333299999999,0.33000003873917744,0.33333329873917744,0.9651818181818183,0.03458747202311531,0.0016,0.0,0.033984334997832974,0.9981873426475231,29.983277591973245,19.98327725752508,4.299498315087334e-145,0.3330302236333092,0.0005279915916194619,0.6620355004893149,0.0,0.6664571350453851,2.594608392451518e-146
dumbbell,ifa,20.0,4,1,benign_consumer,9.988333299999999,0.3366667053061212,0.3400001386394545,0.9647878787878787,0.03523110844442909,0.0013333333333333335,0.0,0.034559918382300145,0.9982455106547824,10.0,1.7197992043850463e-146,1.7197992043850463e-146,0.9982264112698896,0.0003344481605351171,0.0016722408026755853,0.0,1.7197992043850463e-147,0.862876254180602
dumbbell,ifa,20.0,4,2,benign_consumer,9.988333299999999,0.3299999678731657,0.33333330120649907,0.9654242424242424,0.03481747528819568,0.0013333333333333335,0.0,0.03404067005557257,1.0,10.0,2.9833854849838197e-105,2.9833854849838197e-105,0.9982264112698896,0.0003344481605351171,0.0016722408026755853,0.0,2.98338548498382e-106,1.0
dumbbell,ifa,20.0,4,3,router,0.3333333175404124,0.3333333175404124,0.3333333175404124,0.0,1.0,0.8,0.0,1.0,1.0,19.96989966555184,19.96989966555184,1.549552964045581e-183,0.0,0.000205996310416437,0.9929457670265767,0.0,1.0,9.544145560280025e-185
dumbbell,ifa,20.0,4,4,router,0.0,0.0,0.0,0.0,0.0,0.0,0.0,1.0,0.0,0.013377926421404762,0.013377926421404762,0.0,0.0,0.007517119850043738,0.9935340022296544,0.0,1.0,0.0
dumbbell,ifa,20.0,4,5,router,1.0066667119184642,0.3333333175404124,0.3333333175404124,0.18212932672139834,0.033750274606517756,0.4915228102067699,0.0,0.03327513216825718,1.0,19.98327725752508,19.98327725752508,1.549552964045581e-183,0.0,0.0002018286646796755,0.9925684928208631,0.0,1.0,9.351051515632402e-185
dumbbell,ifa,20.0,4,6,router,0.3333333175404124,0.3333333175404124,0.3333333175404124,0.0,1.0,0.8,0.0,1.0,1.0,19.98327725752508,19.98327725752508,1.549552964045581e-183,0.0,0.0002018286646796755,0.9925684928208631,0.0,1.0,9.351051515632402e-185
dumbbell,ifa,20.0,4,7,router,0.3333333175404124,0.3333333175404124,0.3333333175404124,0.0,1.0,0.8,0.0,1.0,1.0,19.98327725752508,19.98327725752508,1.549552964045581e-183,0.0,0.0002018286646796755,0.9925684928208631,0.0,1.0,9.351051515632402e-185
dumbbell,ifa,20.0,4,8,router,0.3333333175404124,0.3333333175404124,0.3333333175404124,0.0,1.0,0.8,0.0,1.0,1.0,19.98327725752508,19.983277591973245,1.549552964045581e-183,0.0,0.0002018286646796755,0.9925684928208631,0.0,1.0000000167230414,9.351051510199908e-185
dumbbell,ifa,20.0,4,9,router,0.0,0.0,0.0,0.0,0.0,0.0,0.0,1.0,0.0,0.013377926421404762,0.013377926421404762,0.0,0.0,0.007517119850043738,0.9935340022296544,0.0,1.0,0.0
dumbbell,ifa,20.0,5,0,attacker,9.988333299999999,0.33333342428829893,0.3366667279549656,0.9648181818181818,0.03448435843415671,0.0016,0.0,0.03412714963180902,0.9993111720149854,29.983277591973245,19.98327725752508,2.624205698544732e-135,0.3330302236333092,0.0005279915916194619,0.6620355004893149,0.0,0.6664571350453851,1.5836233952911113e-136
dumbbell,ifa,20.0,5,1,benign_consumer,9.988333299999999,0.32999997396107555,0.33333327396107554,0.9654545454545455,0.03473392712460415,0.0013333333333333335,0.0,0.034117626644838965,1.0,10.0,3.606915517976924e-161,3.606915517976924e-161,0.9982264112698896,0.0003344481605351171,0.0016722408026755853,0.0,3.606915517976924e-162,0.7926421404682275
dumbbell,ifa,20.0,5,2,benign_consumer,9.988333299999999,0.32999992938286193,0.33333322871619525,0.9654242424242424,0.03452579525564339,0.0013333333333333335,0.0,0.0340318432854217,0.9973194242593396,10.0,8.010995527587007e-125,8.010995527587007e-125,0.9982264112698896,0.0003344481605351171,0.0016722408026755853,0.0,8.010995527587006e-126,0.9665551839464883
dumbbell,ifa,20.0,5,3,router,0.33333336714929207,0.33333336714929207,0.33333336714929207,0.0,1.0,0.8,0.0,1.0,1.0,19.96989966555184,19.96989966555184,1.2198828171835415e-178,0.0,0.000205996310416437,0.9929457670265767,0.0,1.0,7.513611774059811e-180
dumbbell,ifa,20.0,5,4,router,0.0,0.0,0.0,0.0,0.0,0.0,0.0,1.0,0.0,0.013377926421404762,0.013377926421404762,0.0,0.0,0.007517119850043738,0.9935340022296544,0.0,1.0,0.0
dumbbell,ifa,20.0,5,5,router,1.0033333276322365,0.33333336714929207,0.33333336714929207,0.16677751322751322,0.029829946825235213,0.42334706589927645,0.0,0.029358155330550393,1.0,19.98327725752508,19.98327725752508,1.2198828171835415e-178,0.0,0.0002018286646796755,0.9925684928208631,0.0,1.0,7.361598994718848e-180
dumbbell,ifa,20.0,5,6,router,0.33333336714929207,0.33333336714929207,0.33333336714929207,0.0,1.0,0.8,0.0,1.0,1.0,19.98327725752508,19.98327725752508,1.2198828171835415e-178,0.0,0.0002018286646796755,0.9925684928208631,0.0,1.0,7.361598994718848e-180
dumbbell,ifa,20.0,5,7,router,0.33333336714929207,0.33333336714929207,0.33333336714929207,0.0,1.0,0.8,0.0,1.0,1.0,19.98327725752508,19.98327725752508,1.2198828171835415e-178,0.0,0.0002018286646796755,0.9925684928208631,0.0,1.0,7.361598994718848e-180
dumbbell,ifa,20.0,5,8,router,0.33333336714929207,0.33333336714929207,0.33333336714929207,0.0,1.0,0.8,0.0,1.0,1.0,19.98327725752508,19.983277591973245,1.2198828171835415e-178,0.0,0.0002018286646796755,0.9925684928208631,0.0,1.0000000167230414,7.361598990442131e-180
dumbbell,ifa,20.0,5,9,router,0.0,0.0,0.0,0.0,0.0,0.0,0.0,1.0,0.0,0.013377926421404762,0.013377926421404762,0.0,0.0,0.007517119850043738,0.9935340022296544,0.0,1.0,0.0
dumbbell,ifa,30.0,1,0,attacker,9.988333299999999,0.3299999651950502,0.3333332420550502,0.9651515151515152,0.034467954774832436,0.0016,0.0,0.034133879054547664,0.9969265436268702,39.98494983277592,29.98494983277592,1.312102844101965e-134,0.2497790738776953,0.0003800276905063866,0.7449808510761732,0.0,0.7498982068683738,4.868715422967855e-136
dumbbell,ifa,30.0,1,1,benign_consumer,9.988333299999999,0.33000009209258313,0.33333335875924985,0.9654545454545455,0.03469869608221493,0.0013333333333333335,0.0,0.03399185383337538,0.9996899224806203,10.0,3.663259602378636e-154,3.663259602378636e-154,0.9982264112698896,0.0003344481605351171,0.0016722408026755853,0.0,3.6632596023786362e-155,0.8260869565217391
dumbbell,ifa,30.0,1,2,benign_consumer,9.988333299999999,0.3300000210726942,0.33333338773936094,0.9654545454545455,0.034523533559409396,0.0013333333333333335,0.0,0.03410391182185552,0.9986058485370822,10.0,4.100320664717012e-131,4.100320664717012e-131,0.9982264112698896,0.0003344481605351171,0.0016722408026755853,0.0,4.1003206647170124e-132,0.9364548494983278
dumbbell,ifa,30.0,1,3,router,0.3333333559883337,0.3333333559883337,0.3333333559883337,0.0,1.0,0.8,0.0,1.0,1.0,29.96153846153846,29.96153846153846,4.872910104098281e-196,0.0,0.00013640961784307676,0.9930279263620508,0.0,1.0,1.9874882731861383e-197
dumbbell,ifa,30.0,1,4,router,0.0,0.0,0.0,0.0,0.0,0.0,0.0,1.0,0.0,0.013377926421404694,0.013377926421404694,0.0,0.0,0.025055741337664295,0.9923634336677815,0.0,1.0,0.0
dumbbell,ifa,30.0,1,5,router,1.0000000783603278,0.3333333559883337,0.3333333559883337,0.17954004265876658,0.025106686662035013,0.607200075393592,0.0,0.024524993069368433,1.0,29.974916387959865,29.974916387959865,4.872910104098281e-196,0.0,0.00013455244306079549,0.9927841490858478,0.0,1.0,1.9604292313645235e-197
dumbbell,ifa,30.0,1,6,router,0.3333333559883337,0.3333333559883337,0.3333333559883337,0.0,1.0,0.8,0.0,1.0,1.0,29.974916387959865,29.974916387959865,4.872910104098281e-196,0.0,0.00013455244306079549,0.9927841490858478,0.0,1.0,1.9604292313645235e-197
dumbbell,ifa,30.0,1,7,router,0.3333333559883337,0.3333333559883337,0.3333333559883337,0.0,1.0,0.8,0.0,1.0,1.0,29.974916387959865,29.974916387959865,4.872910104098281e-196,0.0,0.00013455244306079549,0.9927841490858478,0.0,1.0,1.9604292313645235e-197
dumbbell,ifa,30.0,1,8,router,0.3333333559883337,0.3333333559883337,0.3333333559883337,0.0,1.0,0.8,0.0,1.0,1.0,29.974916387959865,29.974916387959865,4.872910104098281e-196,0.0,0.00013455244306079549,0.9927841490858478,0.0,0.9999999999996514,1.9604292320595135e-197
dumbbell,ifa,30.0,1,9,router,0.0,0.0,0.0,0.0,0.0,0.0,0.0,1.0,0.0,0.013377926421404694,0.013377926421404694,0.0,0.0,0.025055741337664295,0.9923634336677815,0.0,1.0,0.0
dumbbell,ifa,30.0,2,0,attacker,9.988333299999999,0.33000000581679534,0.3333333791501287,0.9651515151515152,0.03443136800104168,0.0016,0.0,0.03404090445013916,0.9992984154713421,39.98494983277592,29.98494983277592,1.6401297240931937e-132,0.2497790738776953,0.0003800276905063866,0.7449808510761732,0.0,0.7498982068683738,6.085898571712165e-134
dumbbell,ifa,30.0,2,1,benign_consumer,9.988333299999999,0.329999872921295,0.33333327292129505,0.9654545454545455,0.03522259773959858,0.0013333333333333335,0.0,0.03385476511292123,0.9996336996336996,10.0,9.391759906730816e-176,9.391759906730816e-176,0.9982264112698896,0.0003344481605351171,0.0016722408026755853,0.0,9.391759906730815e-177,0.7224080267558528
dumbbell,ifa,30.0,2,2,benign_consumer,9.988333299999999,0.3333332177627134,0.33666661809604675,0.9651212121212122,0.03480740506545652,0.0013333333333333335,0.0,0.034471442764021344,0.9991112783091538,10.0,8.59899652879976e-146,8.59899652879976e-146,0.9982264112698896,0.0003344481605351171,0.0016722408026755853,0.0,8.598996528799762e-147,0.8662207357859532
dumbbell,ifa,30.0,2,3,router,0.3333333048998725,0.3333333048998725,0.3333333048998725,0.0,1.0,0.8,0.0,1.0,1.0,29.96153846153846,29.96153846153846,5.988043394942718e-187,0.0,0.00013640961784307676,0.9930279263620508,0.0,1.0,2.4423118722565136e-188
dumbbell,ifa,30.0,2,4,router,0.0,0.0,0.0,0.0,0.0,0.0,0.0,1.0,0.0,0.013377926421404694,0.013377926421404694,0.0,0.0,0.025055741337664295,0.9923634336677815,0.0,1.0,0.0
dumbbell,ifa,30.0,2,5,router,1.003333129834137,0.3333333048998725,0.3333333048998725,0.1545923016648823,0.027282676279270834,0.6600000000000157,0.0,0.025535690861140374,1.0,29.974916387959865,29.974916387959865,5.988043394942718e-187,0.0,0.00013455244306079549,0.9927841490858478,0.0,1.0,2.4090605508613137e-188
dumbbell,ifa,30.0,2,6,router,0.3333333048998725,0.3333333048998725,0.3333333048998725,0.0,1.0,0.8,0.0,1.0,1.0,29.974916387959865,29.974916387959865,5.988043394942718e-187,0.0,0.00013455244306079549,0.9927841490858478,0.0,1.0,2.4090605508613137e-188
dumbbell,ifa,30.0,2,7,router,0.3333333048998725,0.3333333048998725,0.3333333048998725,0.0,1.0,0.8,0.0,1.0,1.0,29.974916387959865,29.974916387959865,5.988043394942718e-187,0.0,0.00013455244306079549,0.9927841490858478,0.0,1.0,2.4090605508613137e-188
dumbbell,ifa,30.0,2,8,router,0.3333333048998725,0.3333333048998725,0.3333333048998725,0.0,1.0,0.8,0.0,1.0,1.0,29.974916387959865,29.974916387959865,5.988043394942718e-187,0.0,0.00013455244306079549,0.9927841490858478,0.0,0.9999999999996514,2.4090605517153434e-188
dumbbell,ifa,30.0,2,9,router,0.0,0.0,0.0,0.0,0.0,0.0,0.0,1.0,0.0,0.013377926421404694,0.013377926421404694,0.0,0.0,0.025055741337664295,0.9923634336677815,0.0,1.0,0.0
dumbbell,ifa,30.0,3,0,attacker,9.988333299999999,0.33000003359633345,0.3333333335963335,0.9651515151515152,0.034714657745290194,0.0016,0.0,0.03400766772482168,1.0,39.98494983277592,29.98494983277592,4.801212408489544e-166,0.2497790738776953,0.0003800276905063866,0.7449808510761732,0.0,0.7498982068683738,1.7815476121349458e-167
dumbbell,ifa,30.0,3,1,benign_consumer,9.988333299999999,0.33666655553470404,0.3399998888680374,0.9647878787878787,0.03499882853018499,0.0013333333333333335,0.0,0.0347920764507964,0.998385218512495,10.0,9.454724204418862e-174,9.454724204418862e-174,0.9982264112698896,0.0003344481605351171,0.0016722408026755853,0.0,9.454724204418862e-175,0.7324414715719063
dumbbell,ifa,30.0,3,2,benign_consumer,9.988333299999999,0.3299999482356815,0.3333333819023482,0.9654545454545455,0.034776535204423656,0.0013333333333333335,0.0,0.03398691595604553,0.9983382073577102,10.0,2.201341514678591e-151,2.201341514678591e-151,0.9982264112698896,0.0003344481605351171,0.0016722408026755853,0.0,2.2013415146785912e-152,0.8394648829431438
dumbbell,ifa,30.0,3,3,router,0.33333330749987444,0.33333330749987444,0.33333330749987444,0.0,1.0,0.8,0.0,1.0,1.0,29.96153846153846,29.96153846153846,1.768310696914285e-197,0.0,0.00013640961784307676,0.9930279263620508,0.0,1.0,7.212316234444096e-199
dumbbell,ifa,30.0,3,4,router,0.0,0.0,0.0,0.0,0.0,0.0,0.0,1.0,0.0,0.013377926421404694,0.013377926421404694,0.0,0.0,0.025055741337664295,0.9923634336677815,0.0,1.0,0.0
dumbbell,ifa,30.0,3,5,router,1.0066664707000523,0.33333330749987444,0.33333330749987444,0.17271156855364017,0.02714002505562729,0.6158706079617438,0.0,0.02654091085075908,1.0,29.974916387959865,29.974916387959865,1.768310696914285e-197,0.0,0.00013455244306079549,0.9927841490858478,0.0,1.0,7.114122866360072e-199
dumbbell,ifa,30.0,3,6,router,0.33333330749987444,0.33333330749987444,0.33333330749987444,0.0,1.0,0.8,0.0,1.0,1.0,29.974916387959865,29.974916387959865,1.768310696914285e-197,0.0,0.00013455244306079549,0.9927841490858478,0.0,1.0,7.114122866360072e-199
dumbbell,ifa,30.0,3,7,router,0.33333330749987444,0.33333330749987444,0.33333330749987444,0.0,1.0,0.8,0.0,1.0,1.0,29.974916387959865,29.974916387959865,1.768310696914285e-197,0.0,0.00013455244306079549,0.9927841490858478,0.0,1.0,7.114122866360072e-199
dumbbell,ifa,30.0,3,8,router,0.33333330749987444,0.33333330749987444,0.33333330749987444,0.0,1.0,0.8,0.0,1.0,1.0,29.974916387959865,29.974916387959865,1.768310696914285e-197,0.0,0.00013455244306079549,0.9927841490858478,0.0,0.9999999999996514,7.114122868882072e-199
dumbbell,ifa,30.0,3,9,router,0.0,0.0,0.0,0.0,0.0,0.0,0.0,1.0,0.0,0.013377926421404694,0.013377926421404694,0.0,0.0,0.025055741337664295,0.9923634336677815,0.0,1.0,0.0
dumbbell,ifa,30.0,4,0,attacker,9.988333299999999,0.33000003873917744,0.33333329873917744,0.9651818181818183,0.03458747202311531,0.0016,0.0,0.033984334997832974,0.9981873426475231,39.98494983277592,29.98494983277592,4.299498315087334e-145,0.2497790738776953,0.0003800276905063866,0.7449808510761732,0.0,0.7498982068683738,1.5953805648805666e-146
dumbbell,ifa,30.0,4,1,benign_consumer,9.988333299999999,0.3366667053061212,0.3400001386394545,0.9647878787878787,0.03523110844442909,0.0013333333333333335,0.0,0.034559918382300145,0.9982455106547824,10.0,1.7197992043850463e-146,1.7197992043850463e-146,0.9982264112698896,0.0003344481605351171,0.0016722408026755853,0.0,1.7197992043850463e-147,0.862876254180602
dumbbell,ifa,30.0,4,2,benign_consumer,9.988333299999999,0.3299999678731657,0.33333330120649907,0.9654242424242424,0.03481747528819568,0.0013333333333333335,0.0,0.03404067005557257,1.0,10.0,2.9833854849838197e-105,2.9833854849838197e-105,0.9982264112698896,0.0003344481605351171,0.0016722408026755853,0.0,2.98338548498382e-106,1.0
dumbbell,ifa,30.0,4,3,router,0.3333333175404124,0.3333333175404124,0.3333333175404124,0.0,1.0,0.8,0.0,1.0,1.0,29.96153846153846,29.96153846153846,1.549552964045581e-183,0.0,0.00013640961784307676,0.9930279263620508,0.0,1.0,6.320080362644586e-185
dumbbell,ifa,30.0,4,4,router,0.0,0.0,0.0,0.0,0.0,0.0,0.0,1.0,0.0,0.013377926421404694,0.013377926421404694,0.0,0.0,0.025055741337664295,0.9923634336677815,0.0,1.0,0.0
dumbbell,ifa,30.0,4,5,router,1.0066667119184642,0.3333333175404124,0.3333333175404124,0.18212932672139834,0.033750274606517756,0.4915228102067699,0.0,0.03327513216825718,1.0,29.974916387959865,29.974916387959865,1.549552964045581e-183,0.0,0.00013455244306079549,0.9927841490858478,0.0,1.0,6.234034341021915e-185
dumbbell,ifa,30.0,4,6,router,0.3333333175404124,0.3333333175404124,0.3333333175404124,0.0,1.0,0.8,0.0,1.0,1.0,29.974916387959865,29.974916387959865,1.549552964045581e-183,0.0,0.00013455244306079549,0.9927841490858478,0.0,1.0,6.234034341021915e-185
dumbbell,ifa,30.0,4,7,router,0.3333333175404124,0.3333333175404124,0.3333333175404124,0.0,1.0,0.8,0.0,1.0,1.0,29.974916387959865,29.974916387959865,1.549552964045581e-183,0.0,0.00013455244306079549,0.9927841490858478,0.0,1.0,6.234034341021915e-185
dumbbell,ifa,30.0,4,8,router,0.3333333175404124,0.3333333175404124,0.3333333175404124,0.0,1.0,0.8,0.0,1.0,1.0,29.974916387959865,29.974916387959865,1.549552964045581e-183,0.0,0.00013455244306079549,0.9927841490858478,0.0,0.9999999999996514,6.23403434323193e-185
dumbbell,ifa,30.0,4,9,router,0.0,0.0,0.0,0.0,0.0,0.0,0.0,1.0,0.0,0.013377926421404694,0.013377926421404694,0.0,0.0,0.025055741337664295,0.9923634336677815,0.0,1.0,0.0
dumbbell,ifa,30.0,5,0,attacker,9.988333299999999,0.33333342428829893,0.3366667279549656,0.9648181818181818,0.03448435843415671,0.0016,0.0,0.03412714963180902,0.9993111720149854,39.98494983277592,29.98494983277592,2.624205698544732e-135,0.2497790738776953,0.0003800276905063866,0.7449808510761732,0.0,0.7498982068683738,9.737430880413233e-137
dumbbell,ifa,30.0,5,1,benign_consumer,9.988333299999999,0.32999997396107555,0.33333327396107554,0.9654545454545455,0.03473392712460415,0.0013333333333333335,0.0,0.034117626644838965,1.0,10.0,3.606915517976924e-161,3.606915517976924e-161,0.9982264112698896,0.0003344481605351171,0.0016722408026755853,0.0,3.606915517976924e-162,0.7926421404682275
dumbbell,ifa,30.0,5,2,benign_consumer,9.988333299999999,0.32999992938286193,0.33333322871619525,0.9654242424242424,0.03452579525564339,0.0013333333333333335,0.0,0.0340318432854217,0.9973194242593396,10.0,8.010995527587007e-125,8.010995527587007e-125,0.9982264112698896,0.0003344481605351171,0.0016722408026755853,0.0,8.010995527587006e-126,0.9665551839464883
dumbbell,ifa,30.0,5,3,router,0.33333336714929207,0.33333336714929207,0.33333336714929207,0.0,1.0,0.8,0.0,1.0,1.0,29.96153846153846,29.96153846153846,1.2198828171835415e-178,0.0,0.00013640961784307676,0.9930279263620508,0.0,1.0,4.975472162587228e-180
dumbbell,ifa,30.0,5,4,router,0.0,0.0,0.0,0.0,0.0,0.0,0.0,1.0,0.0,0.013377926421404694,0.013377926421404694,0.0,0.0,0.025055741337664295,0.9923634336677815,0.0,1.0,0.0
dumbbell,ifa,30.0,5,5,router,1.0033333276322365,0.33333336714929207,0.33333336714929207,0.16677751322751322,0.029829946825235213,0.42334706589927645,0.0,0.029358155330550393,1.0,29.974916387959865,29.974916387959865,1.2198828171835415e-178,0.0,0.00013455244306079549,0.9927841490858478,0.0,1.0,4.907732660994336e-180
dumbbell,ifa,30.0,5,6,router,0.33333336714929207,0.33333336714929207,0.33333336714929207,0.0,1.0,0.8,0.0,1.0,1.0,29.974916387959865,29.974916387959865,1.2198828171835415e-178,0.0,0.00013455244306079549,0.9927841490858478,0.0,1.0,4.907732660994336e-180
dumbbell,ifa,30.0,5,7,router,0.33333336714929207,0.33333336714929207,0.33333336714929207,0.0,1.0,0.8,0.0,1.0,1.0,29.974916387959865,29.974916387959865,1.2198828171835415e-178,0.0,0.00013455244306079549,0.9927841490858478,0.0,1.0,4.907732660994336e-180
dumbbell,ifa,30.0,5,8,router,0.33333336714929207,0.33333336714929207,0.33333336714929207,0.0,1.0,0.8,0.0,1.0,1.0,29.974916387959865,29.974916387959865,1.2198828171835415e-178,0.0,0.00013455244306079549,0.9927841490858478,0.0,0.9999999999996514,4.907732662734167e-180
dumbbell,ifa,30.0,5,9,router,0.0,0.0,0.0,0.0,0.0,0.0,0.0,1.0,0.0,0.013377926421404694,0.013377926421404694,0.0,0.0,0.025055741337664295,0.9923634336677815,0.0,1.0,0.0
dumbbell,ifa,50.0,1,0,attacker,9.988333299999999,0.3299999651950502,0.3333332420550502,0.9651515151515152,0.034467954774832436,0.0016,0.0,0.034133879054547664,0.9969265436268702,59.95819364548495,49.95819431438127,1.312102844101965e-134,0.1665872369858334,0.00027291593144068954,0.8275097631118026,0.0,0.8331979685867992,3.16724677908176e-136
dumbbell,ifa,50.0,1,1,benign_consumer,9.988333299999999,0.33000009209258313,0.33333335875924985,0.9654545454545455,0.03469869608221493,0.0013333333333333335,0.0,0.03399185383337538,0.9996899224806203,10.0,3.663259602378636e-154,3.663259602378636e-154,0.9982264112698896,0.0003344481605351171,0.0016722408026755853,0.0,3.6632596023786362e-155,0.8260869565217391
dumbbell,ifa,50.0,1,2,benign_consumer,9.988333299999999,0.3300000210726942,0.33333338773936094,0.9654545454545455,0.034523533559409396,0.0013333333333333335,0.0,0.03410391182185552,0.9986058485370822,10.0,4.100320664717012e-131,4.100320664717012e-131,0.9982264112698896,0.0003344481605351171,0.0016722408026755853,0.0,4.1003206647170124e-132,0.9364548494983278
dumbbell,ifa,50.0,1,3,router,0.3333333559883337,0.3333333559883337,0.3333333559883337,0.0,1.0,0.8,0.0,1.0,1.0,49.941471906354515,49.941471906354515,4.872910104098281e-196,0.0,8.278561778650621e-05,0.9928271632494181,0.0,1.0,1.206186534633653e-197
dumbbell,ifa,50.0,1,4,router,0.0,0.0,0.0,0.0,0.0,0.0,0.0,1.0,0.0,0.013377926421404694,0.013377926421404694,0.0,0.0,0.025055741337664295,0.9923634336677815,0.0,1.0,0.0
dumbbell,ifa,50.0,1,5,router,1.0000000783603278,0.3333333559883337,0.3333333559883337,0.17954004265876658,0.025106686662035013,0.607200075393592,0.0,0.024524993069368433,1.0,49.95819431438127,49.95819431438127,4.872910104098281e-196,0.0,8.073146584241486e-05,0.9928201725788539,0.0,1.0,1.1762575389052249e-197
dumbbell,ifa,50.0,1,6,router,0.3333333559883337,0.3333333559883337,0.3333333559883337,0.0,1.0,0.8,0.0,1.0,1.0,49.95819431438127,49.95819431438127,4.872910104098281e-196,0.0,8.073146584241486e-05,0.9928201725788539,0.0,1.0,1.1762575389052249e-197
dumbbell,ifa,50.0,1,7,router,0.3333333559883337,0.3333333559883337,0.3333333559883337,0.0,1.0,0.8,0.0,1.0,1.0,49.95819431438127,49.95819431438127,4.872910104098281e-196,0.0,8.073146584241486e-05,0.9928201725788539,0.0,1.0,1.1762575389052249e-197
dumbbell,ifa,50.0,1,8,router,0.3333333559883337,0.3333333559883337,0.3333333559883337,0.0,1.0,0.8,0.0,1.0,1.0,49.95819431438127,49.95819431438127,4.872910104098281e-196,0.0,8.073146584241486e-05,0.9927509567210862,0.0,1.0000000000001308,1.1762575387561697e-197
dumbbell,ifa,50.0,1,9,router,0.0,0.0,0.0,0.0,0.0,0.0,0.0,1.0,0.0,0.013377926421404694,0.013377926421404694,0.0,0.0,0.025055741337664295,0.9923634336677815,0.0,1.0,0.0
dumbbell,ifa,50.0,2,0,attacker,9.988333299999999,0.33000000581679534,0.3333333791501287,0.9651515151515152,0.03443136800104168,0.0016,0.0,0.03404090445013916,0.9992984154713421,59.95819364548495,49.95819431438127,1.6401297240931937e-132,0.1665872369858334,0.00027291593144068954,0.8275097631118026,0.0,0.8331979685867992,3.959061246476166e-134
dumbbell,ifa,50.0,2,1,benign_consumer,9.988333299999999,0.329999872921295,0.33333327292129505,0.9654545454545455,0.03522259773959858,0.0013333333333333335,0.0,0.03385476511292123,0.9996336996336996,10.0,9.391759906730816e-176,9.391759906730816e-176,0.9982264112698896,0.0003344481605351171,0.0016722408026755853,0.0,9.391759906730815e-177,0.7224080267558528
dumbbell,ifa,50.0,2,2,benign_consumer,9.988333299999999,0.3333332177627134,0.33666661809604675,0.9651212121212122,0.03480740506545652,0.0013333333333333335,0.0,0.034471442764021344,0.9991112783091538,10.0,8.59899652879976e-146,8.59899652879976e-146,0.9982264112698896,0.0003344481605351171,0.0016722408026755853,0.0,8.598996528799762e-147,0.8662207357859532
dumbbell,ifa,50.0,2,3,router,0.3333333048998725,0.3333333048998725,0.3333333048998725,0.0,1.0,0.8,0.0,1.0,1.0,49.941471906354515,49.941471906354515,5.988043394942718e-187,0.0,8.278561778650621e-05,0.9928271632494181,0.0,1.0,1.48221438049436e-188
dumbbell,ifa,50.0,2,4,router,0.0,0.0,0.0,0.0,0.0,0.0,0.0,1.0,0.0,0.013377926421404694,0.013377926421404694,0.0,0.0,0.025055741337664295,0.9923634336677815,0.0,1.0,0.0
dumbbell,ifa,50.0,2,5,router,1.003333129834137,0.3333333048998725,0.3333333048998725,0.1545923016648823,0.027282676279270834,0.6600000000000157,0.0,0.025535690861140374,1.0,49.95819431438127,49.95819431438127,5.988043394942718e-187,0.0,8.073146584241486e-05,0.9928201725788539,0.0,1.0,1.4454363306230953e-188
dumbbell,ifa,50.0,2,6,router,0.3333333048998725,0.3333333048998725,0.3333333048998725,0.0,1.0,0.8,0.0,1.0,1.0,49.95819431438127,49.95819431438127,5.988043394942718e-187,0.0,8.073146584241486e-05,0.9928201725788539,0.0,1.0,1.4454363306230953e-188
dumbbell,ifa,50.0,2,7,router,0.3333333048998725,0.3333333048998725,0.3333333048998725,0.0,1.0,0.8,0.0,1.0,1.0,49.95819431438127,49.95819431438127,5.988043394942718e-187,0.0,8.073146584241486e-05,0.9928201725788539,0.0,1.0,1.4454363306230953e-188
dumbbell,ifa,50.0,2,8,router,0.3333333048998725,0.3333333048998725,0.3333333048998725,0.0,1.0,0.8,0.0,1.0,1.0,49.95819431438127,49.95819431438127,5.988043394942718e-187,0.0,8.073146584241486e-05,0.9927509567210862,0.0,1.0000000000001308,1.445436330439931e-188
dumbbell,ifa,50.0,2,9,router,0.0,0.0,0.0,0.0,0.0,0.0,0.0,1.0,0.0,0.013377926421404694,0.013377926421404694,0.0,0.0,0.025055741337664295,0.9923634336677815,0.0,1.0,0.0
dumbbell,ifa,50.0,3,0,attacker,9.988333299999999,0.33000003359633345,0.3333333335963335,0.9651515151515152,0.034714657745290194,0.0016,0.0,0.03400766772482168,1.0,59.95819364548495,49.95819431438127,4.801212408489544e-166,0.1665872369858334,0.00027291593144068954,0.8275097631118026,0.0,0.8331979685867992,1.1589506561262581e-167
dumbbell,ifa,50.0,3,1,benign_consumer,9.988333299999999,0.33666655553470404,0.3399998888680374,0.9647878787878787,0.03499882853018499,0.0013333333333333335,0.0,0.0347920764507964,0.998385218512495,10.0,9.454724204418862e-174,9.454724204418862e-174,0.9982264112698896,0.0003344481605351171,0.0016722408026755853,0.0,9.454724204418862e-175,0.7324414715719063
dumbbell,ifa,50.0,3,2,benign_consumer,9.988333299999999,0.3299999482356815,0.3333333819023482,0.9654545454545455,0.034776535204423656,0.0013333333333333335,0.0,0.03398691595604553,0.9983382073577102,10.0,2.201341514678591e-151,2.201341514678591e-151,0.9982264112698896,0.0003344481605351171,0.0016722408026755853,0.0,2.2013415146785912e-152,0.8394648829431438
dumbbell,ifa,50.0,3,3,router,0.33333330749987444,0.33333330749987444,0.33333330749987444,0.0,1.0,0.8,0.0,1.0,1.0,49.941471906354515,49.941471906354515,1.768310696914285e-197,0.0,8.278561778650621e-05,0.9928271632494181,0.0,1.0,4.377081829531582e-199
dumbbell,ifa,50.0,3,4,router,0.0,0.0,0.0,0.0,0.0,0.0,0.0,1.0,0.0,0.013377926421404694,0.013377926421404694,0.0,0.0,0.025055741337664295,0.9923634336677815,0.0,1.0,0.0
dumbbell,ifa,50.0,3,5,router,1.0066664707000523,0.33333330749987444,0.33333330749987444,0.17271156855364017,0.02714002505562729,0.6158706079617438,0.0,0.02654091085075908,1.0,49.95819431438127,49.95819431438127,1.768310696914285e-197,0.0,8.073146584241486e-05,0.9928201725788539,0.0,1.0,4.268473720129974e-199
dumbbell,ifa,50.0,3,6,router,0.33333330749987444,0.33333330749987444,0.33333330749987444,0.0,1.0,0.8,0.0,1.0,1.0,49.95819431438127,49.95819431438127,1.768310696914285e-197,0.0,8.073146584241486e-05,0.9928201725788539,0.0,1.0,4.268473720129974e-199
dumbbell,ifa,50.0,3,7,router,0.33333330749987444,0.33333330749987444,0.33333330749987444,0.0,1.0,0.8,0.0,1.0,1.0,49.95819431438127,49.95819431438127,1.768310696914285e-197,0.0,8.073146584241486e-05,0.9928201725788539,0.0,1.0,4.268473720129974e-199
dumbbell,ifa,50.0,3,8,router,0.33333330749987444,0.33333330749987444,0.33333330749987444,0.0,1.0,0.8,0.0,1.0,1.0,49.95819431438127,49.95819431438127,1.768310696914285e-197,0.0,8.073146584241486e-05,0.9927509567210862,0.0,1.0000000000001308,4.268473719589079e-199
dumbbell,ifa,50.0,3,9,router,0.0,0.0,0.0,0.0,0.0,0.0,0.0,1.0,0.0,0.013377926421404694,0.013377926421404694,0.0,0.0,0.025055741337664295,0.9923634336677815,0.0,1.0,0.0
dumbbell,ifa,50.0,4,0,attacker,9.988333299999999,0.33000003873917744,0.33333329873917744,0.9651818181818183,0.03458747202311531,0.0016,0.0,0.033984334997832974,0.9981873426475231,59.95819364548495,49.95819431438127,4.299498315087334e-145,0.1665872369858334,0.00027291593144068954,0.8275097631118026,0.0,0.8331979685867992,1.037843356601944e-146
dumbbell,ifa,50.0,4,1,benign_consumer,9.988333299999999,0.3366667053061212,0.3400001386394545,0.9647878787878787,0.03523110844442909,0.0013333333333333335,0.0,0.034559918382300145,0.9982455106547824,10.0,1.7197992043850463e-146,1.7197992043850463e-146,0.9982264112698896,0.0003344481605351171,0.0016722408026755853,0.0,1.7197992043850463e-147,0.862876254180602
dumbbell,ifa,50.0,4,2,benign_consumer,9.988333299999999,0.3299999678731657,0.33333330120649907,0.9654242424242424,0.03481747528819568,0.0013333333333333335,0.0,0.03404067005557257,1.0,10.0,2.9833854849838197e-105,2.9833854849838197e-105,0.9982264112698896,0.0003344481605351171,0.0016722408026755853,0.0,2.98338548498382e-106,1.0
dumbbell,ifa,50.0,4,3,router,0.3333333175404124,0.3333333175404124,0.3333333175404124,0.0,1.0,0.8,0.0,1.0,1.0,49.941471906354515,49.941471906354515,1.549552964045581e-183,0.0,8.278561778650621e-05,0.9928271632494181,0.0,1.0,3.8355928382591295e-185
dumbbell,ifa,50.0,4,4,router,0.0,0.0,0.0,0.0,0.0,0.0,0.0,1.0,0.0,0.013377926421404694,0.013377926421404694,0.0,0.0,0.025055741337664295,0.9923634336677815,0.0,1.0,0.0
dumbbell,ifa,50.0,4,5,router,1.0066667119184642,0.3333333175404124,0.3333333175404124,0.18212932672139834,0.033750274606517756,0.4915228102067699,0.0,0.03327513216825718,1.0,49.95819431438127,49.95819431438127,1.549552964045581e-183,0.0,8.073146584241486e-05,0.9928201725788539,0.0,1.0,3.7404206048882464e-185
dumbbell,ifa,50.0,4,6,router,0.3333333175404124,0.3333333175404124,0.3333333175404124,0.0,1.0,0.8,0.0,1.0,1.0,49.95819431438127,49.95819431438127,1.549552964045581e-183,0.0,8.073146584241486e-05,0.9928201725788539,0.0,1.0,3.7404206048882464e-185
dumbbell,ifa,50.0,4,7,router,0.3333333175404124,0.3333333175404124,0.3333333175404124,0.0,1.0,0.8,0.0,1.0,1.0,49.95819431438127,49.95819431438127,1.549552964045581e-183,0.0,8.073146584241486e-05,0.9928201725788539,0.0,1.0,3.7404206048882464e-185
dumbbell,ifa,50.0,4,8,router,0.3333333175404124,0.3333333175404124,0.3333333175404124,0.0,1.0,0.8,0.0,1.0,1.0,49.95819431438127,49.95819431438127,1.549552964045581e-183,0.0,8.073146584241486e-05,0.9927509567210862,0.0,1.0000000000001308,3.740420604414263e-185
dumbbell,ifa,50.0,4,9,router,0.0,0.0,0.0,0.0,0.0,0.0,0.0,1.0,0.0,0.013377926421404694,0.013377926421404694,0.0,0.0,0.025055741337664295,0.9923634336677815,0.0,1.0,0.0
dumbbell,ifa,50.0,5,0,attacker,9.988333299999999,0.33333342428829893,0.3366667279549656,0.9648181818181818,0.03448435843415671,0.0016,0.0,0.03412714963180902,0.9993111720149854,59.95819364548495,49.95819431438127,2.624205698544732e-135,0.1665872369858334,0.00027291593144068954,0.8275097631118026,0.0,0.8331979685867992,6.334493578853269e-137
dumbbell,ifa,50.0,5,1,benign_consumer,9.988333299999999,0.32999997396107555,0.33333327396107554,0.9654545454545455,0.03473392712460415,0.0013333333333333335,0.0,0.034117626644838965,1.0,10.0,3.606915517976924e-161,3.606915517976924e-161,0.9982264112698896,0.0003344481605351171,0.0016722408026755853,0.0,3.606915517976924e-162,0.7926421404682275
dumbbell,ifa,50.0,5,2,benign_consumer,9.988333299999999,0.32999992938286193,0.33333322871619525,0.9654242424242424,0.03452579525564339,0.0013333333333333335,0.0,0.0340318432854217,0.9973194242593396,10.0,8.010995527587007e-125,8.010995527587007e-125,0.9982264112698896,0.0003344481605351171,0.0016722408026755853,0.0,8.010995527587006e-126,0.9665551839464883
dumbbell,ifa,50.0,5,3,router,0.33333336714929207,0.33333336714929207,0.33333336714929207,0.0,1.0,0.8,0.0,1.0,1.0,49.941471906354515,49.941471906354515,1.2198828171835415e-178,0.0,8.278561778650621e-05,0.9928271632494181,0.0,1.0,3.0195637546432355e-180
dumbbell,ifa,50.0,5,4,router,0.0,0.0,0.0,0.0,0.0,0.0,0.0,1.0,0.0,0.013377926421404694,0.013377926421404694,0.0,0.0,0.025055741337664295,0.9923634336677815,0.0,1.0,0.0
dumbbell,ifa,50.0,5,5,router,1.0033333276322365,0.33333336714929207,0.33333336714929207,0.16677751322751322,0.029829946825235213,0.42334706589927645,0.0,0.029358155330550393,1.0,49.95819431438127,49.95819431438127,1.2198828171835415e-178,0.0,8.073146584241486e-05,0.9928201725788539,0.0,1.0,2.9446395968131716e-180
dumbbell,ifa,50.0,5,6,router,0.33333336714929207,0.33333336714929207,0.33333336714929207,0.0,1.0,0.8,0.0,1.0,1.0,49.95819431438127,49.95819431438127,1.2198828171835415e-178,0.0,8.073146584241486e-05,0.9928201725788539,0.0,1.0,2.9446395968131716e-180
dumbbell,ifa,50.0,5,7,router,0.33333336714929207,0.33333336714929207,0.33333336714929207,0.0,1.0,0.8,0.0,1.0,1.0,49.95819431438127,49.95819431438127,1.2198828171835415e-178,0.0,8.073146584241486e-05,0.9928201725788539,0.0,1.0,2.9446395968131716e-180
dumbbell,ifa,50.0,5,8,router,0.33333336714929207,0.33333336714929207,0.33333336714929207,0.0,1.0,0.8,0.0,1.0,1.0,49.95819431438127,49.95819431438127,1.2198828171835415e-178,0.0,8.073146584241486e-05,0.9927509567210862,0.0,1.0000000000001308,2.9446395964400285e-180
dumbbell,ifa,50.0,5,9,router,0.0,0.0,0.0,0.0,0.0,0.0,0.0,1.0,0.0,0.013377926421404694,0.013377926421404694,0.0,0.0,0.025055741337664295,0.9923634336677815,0.0,1.0,0.0
dumbbell,ifa,100.0,1,0,attacker,9.988333299999999,0.3299999651950502,0.3333332420550502,0.9651515151515152,0.034467954774832436,0.0016,0.0,0.034133879054547664,0.9969265436268702,109.91973207357859,99.91973311036789,1.312102844101965e-134,0.09088240797386225,0.00015006920483054035,0.902795490859607,0.0,0.9090129601840025,1.570254194623522e-136
dumbbell,ifa,100.0,1,1,benign_consumer,9.988333299999999,0.33000009209258313,0.33333335875924985,0.9654545454545455,0.03469869608221493,0.0013333333333333335,0.0,0.03399185383337538,0.9996899224806203,10.0,3.663259602378636e-154,3.663259602378636e-154,0.9982264112698896,0.0003344481605351171,0.0016722408026755853,0.0,3.6632596023786362e-155,0.8260869565217391
dumbbell,ifa,100.0,1,2,benign_consumer,9.988333299999999,0.3300000210726942,0.33333338773936094,0.9654545454545455,0.034523533559409396,0.0013333333333333335,0.0,0.03410391182185552,0.9986058485370822,10.0,4.100320664717012e-131,4.100320664717012e-131,0.9982264112698896,0.0003344481605351171,0.0016722408026755853,0.0,4.1003206647170124e-132,0.9364548494983278
dumbbell,ifa,100.0,1,3,router,0.3333333559883337,0.3333333559883337,0.3333333559883337,0.0,1.0,0.8,0.0,1.0,1.0,99.88628762541806,99.88628762541806,4.872910104098281e-196,0.0,4.200955301389934e-05,0.9928703489583386,0.0,1.0,6.120792287657523e-198
dumbbell,ifa,100.0,1,4,router,0.0,0.0,0.0,0.0,0.0,0.0,0.0,1.0,0.0,0.016722408026755863,0.016722408026755863,0.0,0.0,0.022240802557903967,0.9934782608695653,0.0,1.0,0.0
dumbbell,ifa,100.0,1,5,router,1.0000000783603278,0.3333333559883337,0.3333333559883337,0.17954004265876658,0.025106686662035013,0.607200075393592,0.0,0.024524993069368433,1.0,99.91638762541805,99.91638762541805,4.872910104098281e-196,0.0,4.036573292333082e-05,0.9929131216375748,0.0,1.0,5.881287694835503e-198
dumbbell,ifa,100.0,1,6,router,0.3333333559883337,0.3333333559883337,0.3333333559883337,0.0,1.0,0.8,0.0,1.0,1.0,99.91638762541805,99.91638762541805,4.872910104098281e-196,0.0,4.036573292333082e-05,0.9929131216375748,0.0,1.0,5.881287694835503e-198
dumbbell,ifa,100.0,1,7,router,0.3333333559883337,0.3333333559883337,0.3333333559883337,0.0,1.0,0.8,0.0,1.0,1.0,99.9130431438127,99.9130431438127,4.872910104098281e-196,0.0,4.071322754402966e-05,0.9928823938122001,0.0,1.0,5.9319176611844206e-198
dumbbell,ifa,100.0,1,8,router,0.3333333559883337,0.3333333559883337,0.3333333559883337,0.0,1.0,0.8,0.0,1.0,1.0,99.90969866220735,99.90969933110368,4.872910104098281e-196,0.0,4.106764792409786e-05,0.9928506534141307,0.0,1.0000000066890204,5.9835567103740944e-198
dumbbell,ifa,100.0,1,9,router,0.0,0.0,0.0,0.0,0.0,0.0,0.0,1.0,0.0,0.016722408026755863,0.016722408026755863,0.0,0.0,0.022240802557903967,0.9934782608695653,0.0,1.0,0.0
dumbbell,ifa,100.0,2,0,attacker,9.988333299999999,0.33000000581679534,0.3333333791501287,0.9651515151515152,0.03443136800104168,0.0016,0.0,0.03404090445013916,0.9992984154713421,109.91973207357859,99.91973311036789,1.6401297240931937e-132,0.09088240797386225,0.00015006920483054035,0.902795490859607,0.0,0.9090129601840025,1.9628191188991686e-134
dumbbell,ifa,100.0,2,1,benign_consumer,9.988333299999999,0.329999872921295,0.33333327292129505,0.9654545454545455,0.03522259773959858,0.0013333333333333335,0.0,0.03385476511292123,0.9996336996336996,10.0,9.391759906730816e-176,9.391759906730816e-176,0.9982264112698896,0.0003344481605351171,0.0016722408026755853,0.0,9.391759906730815e-177,0.7224080267558528
dumbbell,ifa,100.0,2,2,benign_consumer,9.988333299999999,0.3333332177627134,0.33666661809604675,0.9651212121212122,0.03480740506545652,0.0013333333333333335,0.0,0.034471442764021344,0.9991112783091538,10.0,8.59899652879976e-146,8.59899652879976e-146,0.9982264112698896,0.0003344481605351171,0.0016722408026755853,0.0,8.598996528799762e-147,0.8662207357859532
dumbbell,ifa,100.0,2,3,router,0.3333333048998725,0.3333333048998725,0.3333333048998725,0.0,1.0,0.8,0.0,1.0,1.0,99.88628762541806,99.88628762541806,5.988043394942718e-187,0.0,4.200955301389934e-05,0.9928703489583386,0.0,1.0,7.521495311841428e-189
dumbbell,ifa,100.0,2,4,router,0.0,0.0,0.0,0.0,0.0,0.0,0.0,1.0,0.0,0.016722408026755863,0.016722408026755863,0.0,0.0,0.022240802557903967,0.9934782608695653,0.0,1.0,0.0
dumbbell,ifa,100.0,2,5,router,1.003333129834137,0.3333333048998725,0.3333333048998725,0.1545923016648823,0.027282676279270834,0.6600000000000157,0.0,0.025535690861140374,1.0,99.91638762541805,99.91638762541805,5.988043394942718e-187,0.0,4.036573292333082e-05,0.9929131216375748,0.0,1.0,7.227181653495654e-189
dumbbell,ifa,100.0,2,6,router,0.3333333048998725,0.3333333048998725,0.3333333048998725,0.0,1.0,0.8,0.0,1.0,1.0,99.91638762541805,99.91638762541805,5.988043394942718e-187,0.0,4.036573292333082e-05,0.9929131216375748,0.0,1.0,7.227181653495654e-189
dumbbell,ifa,100.0,2,7,router,0.3333333048998725,0.3333333048998725,0.3333333048998725,0.0,1.0,0.8,0.0,1.0,1.0,99.9130431438127,99.9130431438127,5.988043394942718e-187,0.0,4.071322754402966e-05,0.9928823938122001,0.0,1.0,7.28939795911765e-189
dumbbell,ifa,100.0,2,8,router,0.3333333048998725,0.3333333048998725,0.3333333048998725,0.0,1.0,0.8,0.0,1.0,1.0,99.90969866220735,99.90969933110368,5.988043394942718e-187,0.0,4.106764792409786e-05,0.9928506534141307,0.0,1.0000000066890204,7.352854269643588e-189
dumbbell,ifa,100.0,2,9,router,0.0,0.0,0.0,0.0,0.0,0.0,0.0,1.0,0.0,0.016722408026755863,0.016722408026755863,0.0,0.0,0.022240802557903967,0.9934782608695653,0.0,1.0,0.0
dumbbell,ifa,100.0,3,0,attacker,9.988333299999999,0.33000003359633345,0.3333333335963335,0.9651515151515152,0.034714657745290194,0.0016,0.0,0.03400766772482168,1.0,109.91973207357859,99.91973311036789,4.801212408489544e-166,0.09088240797386225,0.00015006920483054035,0.902795490859607,0.0,0.9090129601840025,5.745833072562249e-168
dumbbell,ifa,100.0,3,1,benign_consumer,9.988333299999999,0.33666655553470404,0.3399998888680374,0.9647878787878787,0.03499882853018499,0.0013333333333333335,0.0,0.0347920764507964,0.998385218512495,10.0,9.454724204418862e-174,9.454724204418862e-174,0.9982264112698896,0.0003344481605351171,0.0016722408026755853,0.0,9.454724204418862e-175,0.7324414715719063
dumbbell,ifa,100.0,3,2,benign_consumer,9.988333299999999,0.3299999482356815,0.3333333819023482,0.9654545454545455,0.034776535204423656,0.0013333333333333335,0.0,0.03398691595604553,0.9983382073577102,10.0,2.201341514678591e-151,2.201341514678591e-151,0.9982264112698896,0.0003344481605351171,0.0016722408026755853,0.0,2.2013415146785912e-152,0.8394648829431438
dumbbell,ifa,100.0,3,3,router,0.33333330749987444,0.33333330749987444,0.33333330749987444,0.0,1.0,0.8,0.0,1.0,1.0,99.88628762541806,99.88628762541806,1.768310696914285e-197,0.0,4.200955301389934e-05,0.9928703489583386,0.0,1.0,2.221149723397509e-199
dumbbell,ifa,100.0,3,4,router,0.0,0.0,0.0,0.0,0.0,0.0,0.0,1.0,0.0,0.016722408026755863,0.016722408026755863,0.0,0.0,0.022240802557903967,0.9934782608695653,0.0,1.0,0.0
dumbbell,ifa,100.0,3,5,router,1.0066664707000523,0.33333330749987444,0.33333330749987444,0.17271156855364017,0.02714002505562729,0.6158706079617438,0.0,0.02654091085075908,1.0,99.91638762541805,99.91638762541805,1.768310696914285e-197,0.0,4.036573292333082e-05,0.9929131216375748,0.0,1.0,2.134236860177256e-199
dumbbell,ifa,100.0,3,6,router,0.33333330749987444,0.33333330749987444,0.33333330749987444,0.0,1.0,0.8,0.0,1.0,1.0,99.91638762541805,99.91638762541805,1.768310696914285e-197,0.0,4.036573292333082e-05,0.9929131216375748,0.0,1.0,2.134236860177256e-199
dumbbell,ifa,100.0,3,7,router,0.33333330749987444,0.33333330749987444,0.33333330749987444,0.0,1.0,0.8,0.0,1.0,1.0,99.9130431438127,99.9130431438127,1.768310696914285e-197,0.0,4.071322754402966e-05,0.9928823938122001,0.0,1.0,2.1526097689284976e-199
dumbbell,ifa,100.0,3,8,router,0.33333330749987444,0.33333330749987444,0.33333330749987444,0.0,1.0,0.8,0.0,1.0,1.0,99.90969866220735,99.90969933110368,1.768310696914285e-197,0.0,4.106764792409786e-05,0.9928506534141307,0.0,1.0000000066890204,2.171348859781395e-199
dumbbell,ifa,100.0,3,9,router,0.0,0.0,0.0,0.0,0.0,0.0,0.0,1.0,0.0,0.016722408026755863,0.016722408026755863,0.0,0.0,0.022240802557903967,0.9934782608695653,0.0,1.0,0.0
dumbbell,ifa,100.0,4,0,attacker,9.988333299999999,0.33000003873917744,0.33333329873917744,0.9651818181818183,0.03458747202311531,0.0016,0.0,0.033984334997832974,0.9981873426475231,109.91973207357859,99.91973311036789,4.299498315087334e-145,0.09088240797386225,0.00015006920483054035,0.902795490859607,0.0,0.9090129601840025,5.145408607830898e-147
dumbbell,ifa,100.0,4,1,benign_consumer,9.988333299999999,0.3366667053061212,0.3400001386394545,0.9647878787878787,0.03523110844442909,0.0013333333333333335,0.0,0.034559918382300145,0.9982455106547824,10.0,1.7197992043850463e-146,1.7197992043850463e-146,0.9982264112698896,0.0003344481605351171,0.0016722408026755853,0.0,1.7197992043850463e-147,0.862876254180602
dumbbell,ifa,100.0,4,2,benign_consumer,9.988333299999999,0.3299999678731657,0.33333330120649907,0.9654242424242424,0.03481747528819568,0.0013333333333333335,0.0,0.03404067005557257,1.0,10.0,2.9833854849838197e-105,2.9833854849838197e-105,0.9982264112698896,0.0003344481605351171,0.0016722408026755853,0.0,2.98338548498382e-106,1.0
dumbbell,ifa,100.0,4,3,router,0.3333333175404124,0.3333333175404124,0.3333333175404124,0.0,1.0,0.8,0.0,1.0,1.0,99.88628762541806,99.88628762541806,1.549552964045581e-183,0.0,4.200955301389934e-05,0.9928703489583386,0.0,1.0,1.9463711720430053e-185
dumbbell,ifa,100.0,4,4,router,0.0,0.0,0.0,0.0,0.0,0.0,0.0,1.0,0.0,0.016722408026755863,0.016722408026755863,0.0,0.0,0.022240802557903967,0.9934782608695653,0.0,1.0,0.0
dumbbell,ifa,100.0,4,5,router,1.0066667119184642,0.3333333175404124,0.3333333175404124,0.18212932672139834,0.033750274606517756,0.4915228102067699,0.0,0.03327513216825718,1.0,99.91638762541805,99.91638762541805,1.549552964045581e-183,0.0,4.036573292333082e-05,0.9929131216375748,0.0,1.0,1.8702103025425032e-185
dumbbell,ifa,100.0,4,6,router,0.3333333175404124,0.3333333175404124,0.3333333175404124,0.0,1.0,0.8,0.0,1.0,1.0,99.91638762541805,99.91638762541805,1.549552964045581e-183,0.0,4.036573292333082e-05,0.9929131216375748,0.0,1.0,1.8702103025425032e-185
dumbbell,ifa,100.0,4,7,router,0.3333333175404124,0.3333333175404124,0.3333333175404124,0.0,1.0,0.8,0.0,1.0,1.0,99.9130431438127,99.9130431438127,1.549552964045581e-183,0.0,4.071322754402966e-05,0.9928823938122001,0.0,1.0,1.8863102935593867e-185
dumbbell,ifa,100.0,4,8,router,0.3333333175404124,0.3333333175404124,0.3333333175404124,0.0,1.0,0.8,0.0,1.0,1.0,99.90969866220735,99.90969933110368,1.549552964045581e-183,0.0,4.106764792409786e-05,0.9928506534141307,0.0,1.0000000066890204,1.9027311661689277e-185
dumbbell,ifa,100.0,4,9,router,0.0,0.0,0.0,0.0,0.0,0.0,0.0,1.0,0.0,0.016722408026755863,0.016722408026755863,0.0,0.0,0.022240802557903967,0.9934782608695653,0.0,1.0,0.0
dumbbell,ifa,100.0,5,0,attacker,9.988333299999999,0.33333342428829893,0.3366667279549656,0.9648181818181818,0.03448435843415671,0.0016,0.0,0.03412714963180902,0.9993111720149854,109.91973207357859,99.91973311036789,2.624205698544732e-135,0.09088240797386225,0.00015006920483054035,0.902795490859607,0.0,0.9090129601840025,3.140508399591755e-137
dumbbell,ifa,100.0,5,1,benign_consumer,9.988333299999999,0.32999997396107555,0.33333327396107554,0.9654545454545455,0.03473392712460415,0.0013333333333333335,0.0,0.034117626644838965,1.0,10.0,3.606915517976924e-161,3.606915517976924e-161,0.9982264112698896,0.0003344481605351171,0.0016722408026755853,0.0,3.606915517976924e-162,0.7926421404682275
dumbbell,ifa,100.0,5,2,benign_consumer,9.988333299999999,0.32999992938286193,0.33333322871619525,0.9654242424242424,0.03452579525564339,0.0013333333333333335,0.0,0.0340318432854217,0.9973194242593396,10.0,8.010995527587007e-125,8.010995527587007e-125,0.9982264112698896,0.0003344481605351171,0.0016722408026755853,0.0,8.010995527587006e-126,0.9665551839464883
dumbbell,ifa,100.0,5,3,router,0.33333336714929207,0.33333336714929207,0.33333336714929207,0.0,1.0,0.8,0.0,1.0,1.0,99.88628762541806,99.88628762541806,1.2198828171835415e-178,0.0,4.200955301389934e-05,0.9928703489583386,0.0,1.0,1.5322773122335516e-180
dumbbell,ifa,100.0,5,4,router,0.0,0.0,0.0,0.0,0.0,0.0,0.0,1.0,0.0,0.016722408026755863,0.016722408026755863,0.0,0.0,0.022240802557903967,0.9934782608695653,0.0,1.0,0.0
dumbbell,ifa,100.0,5,5,router,1.0033333276322365,0.33333336714929207,0.33333336714929207,0.16677751322751322,0.029829946825235213,0.42334706589927645,0.0,0.029358155330550393,1.0,99.91638762541805,99.91638762541805,1.2198828171835415e-178,0.0,4.036573292333082e-05,0.9929131216375748,0.0,1.0,1.472319798484035e-180
dumbbell,ifa,100.0,5,6,router,0.33333336714929207,0.33333336714929207,0.33333336714929207,0.0,1.0,0.8,0.0,1.0,1.0,99.91638762541805,99.91638762541805,1.2198828171835415e-178,0.0,4.036573292333082e-05,0.9929131216375748,0.0,1.0,1.472319798484035e-180
dumbbell,ifa,100.0,5,7,router,0.33333336714929207,0.33333336714929207,0.33333336714929207,0.0,1.0,0.8,0.0,1.0,1.0,99.9130431438127,99.9130431438127,1.2198828171835415e-178,0.0,4.071322754402966e-05,0.9928823938122001,0.0,1.0,1.4849944909836452e-180
dumbbell,ifa,100.0,5,8,router,0.33333336714929207,0.33333336714929207,0.33333336714929207,0.0,1.0,0.8,0.0,1.0,1.0,99.90969866220735,99.90969933110368,1.2198828171835415e-178,0.0,4.106764792409786e-05,0.9928506534141307,0.0,1.0000000066890204,1.4979217970183864e-180
dumbbell,ifa,100.0,5,9,router,0.0,0.0,0.0,0.0,0.0,0.0,0.0,1.0,0.0,0.016722408026755863,0.016722408026755863,0.0,0.0,0.022240802557903967,0.9934782608695653,0.0,1.0,0.0
tree,cp,10.0,1,0,router,0.3333333708796625,0.3333333708796625,0.3333333708796625,0.0,1.0,0.8033333333333333,0.0,1.0,1.0,26.902510468227426,26.902510468227426,26.902510468227426,0.0,1.0,0.001795692275202912,0.0,1.0,1.0
tree,cp,10.0,1,1,router,0.006666666666666667,0.006666666666666667,0.006666666666666667,0.0,1.0,0.8,0.0,1.0,1.0,0.013377926421404507,0.013377926421404507,0.013377926421404507,0.0,1.0,0.6956521745706786,0.0,1.0,1.0
tree,cp,10.0,1,2,router,0.6700000932667606,0.3400000375463292,0.3400000375463292,0.06828457459852809,0.022492865337810867,0.8,0.0,0.02249286968419144,1.0,26.91588913043478,26.915888394648828,26.915888394648828,0.0,0.9991229648421572,0.00035909201160795693,0.0,0.9999999550331998,1.0
tree,cp,10.0,1,3,router,1.0000000353912584,0.3366666701587499,0.3366666701587499,0.1687315333540824,0.023821894547200653,0.6087984986062608,0.0,0.023697468418183158,1.0,27.63409392307692,26.91588913043478,26.902510468227426,0.0899128775682366,0.9313504693271238,0.00034832379807265337,0.0,0.9313297927352826,0.9991229648421572
tree,cp,10.0,1,4,router,0.6666667126708652,0.3333334231080107,0.3333334231080107,0.11692847892847893,0.08708605327868278,0.576667106153205,0.0,0.08677108417449789,1.0,3.6418198290593655e-96,1.8909405551839756e-174,1.8909405551839756e-174,0.0,1.0,1.0,0.0,3.7869018387886765e-79,0.7290969899665551
tree,cp,10.0,1,5,router,0.6666666243578683,0.3333333114369584,0.3333333114369584,0.1221493043993044,0.07684571952371344,0.4284046933337204,0.0,0.076454151057957,1.0,13.776990444816054,13.720134993311037,13.720134993311037,0.009340747099512664,0.9915439321350511,0.0006656122772684356,0.0,0.9914106060394758,1.0
tree,cp,10.0,1,6,attacker,9.988333299999999,0.3299999651950502,0.3333333318617169,0.9654545454545455,0.03420383870500584,0.0013333333333333335,0.0,0.034133879054547664,1.0,20.03338793812709,13.91417060200669,13.913958929765887,0.5024341600428557,0.6020397224654924,0.0009242946292765307,0.0,0.566305126088971,0.8190142763827493
tree,cp,10.0,1,7,benign_consumer,9.988333299999999,0.33000009209258313,0.33333339209258317,0.9654915824915825,0.03443217718717723,0.0013333333333333335,0.0,0.03399185383337538,1.0,10.0,3.663259602378636e-154,3.663259602378636e-154,0.9982264112698896,0.0003344481605351171,0.0016722408026755853,0.0,3.6632596023786362e-155,0.8260869565217391
tree,cp,10.0,1,8,benign_consumer,9.988333299999999,0.3300000210726942,0.3333333544060276,0.9654545454545455,0.034173868138920364,0.0013333333333333335,0.0,0.03410391182185552,1.0,10.0,4.100320664717012e-131,4.100320664717012e-131,0.9982264112698896,0.0003344481605351171,0.0016722408026755853,0.0,4.1003206647170124e-132,0.9364548494983278
tree,cp,10.0,1,9,benign_consumer,9.988333299999999,0.329999991598171,0.3333333582648377,0.9655286195286196,0.03430494239804996,0.0013333333333333335,0.0,0.03386461237722141,1.0,10.0,3.6418198290593655e-96,3.6418198290593655e-96,0.9982264112698896,0.0003344481605351171,0.0016722408026755853,0.0,3.6418198290593657e-97,1.0
tree,cp,10.0,1,10,benign_consumer,9.988333299999999,0.3299999856652093,0.333333352331876,0.9654545454545455,0.03412081029804248,0.0013333333333333335,0.0,0.0340508506475843,1.0,10.0,1.909360831137492e-109,1.909360831137492e-109,0.9982264112698896,0.0003344481605351171,0.0016722408026755853,0.0,1.9093608311374923e-110,1.0
tree,cp,10.0,1,11,attacker,9.988333299999999,0.32999993869265887,0.3333332720259922,0.9655286195286196,0.0343572956346876,0.0013333333333333335,0.0,0.033916968947252386,1.0,20.03338793812709,13.777204816053512,13.776990444816054,0.512680978441848,0.5941824084831331,0.0009242946292765307,0.0,0.5566458464687029,0.8180060053987667
tree,cp,10.0,2,0,router,0.3333333486083269,0.3333333486083269,0.3333333486083269,0.0,1.0,0.8033333333333333,0.0,1.0,1.0,26.841242976588628,26.841242976588628,26.841242976588628,0.0,1.0,0.0018689034259706972,0.0,1.0,1.0
tree,cp,10.0,2,1,router,0.006666666666666667,0.006666666666666667,0.006666666666666667,0.0,1.0,0.8,0.0,1.0,1.0,0.016722406314380395,0.016722406314380395,0.016722406314380395,0.0,1.0,0.6254180602026416,0.0,1.0,1.0
tree,cp,10.0,2,2,router,0.6666665817067454,0.34000001527499357,0.34000001527499357,0.07373688401606023,0.024846837539540926,0.8,0.0,0.024846842308300938,1.0,26.861309799331107,26.85796538290301,26.85796538290301,2.9861442904921164e-05,0.9980951268170476,0.0003447762991421084,0.0,0.9999323697106375,1.0
tree,cp,10.0,2,3,router,0.9999999612056515,0.3333333144620005,0.3333333144620005,0.15453056933320092,0.02423461756435248,0.660000000000007,0.0,0.024234614858254754,1.0,27.66732978595318,26.861309799331107,26.844587424749164,0.0986323770396248,0.9206850575458156,0.00033519772306000507,0.0,0.9206738152428864,0.9981627572782924
tree,cp,10.0,2,4,router,0.6666664818332589,0.3333332672447449,0.3333332672447449,0.11170804780015307,0.06707661848256287,0.6261196718646783,0.0,0.06587916756767506,1.0,8.59899652879976e-146,7.563754515053059e-176,7.563754515053059e-176,0.0,0.8662207357859532,0.8662207357859532,0.0,0.13377926421404682,0.7224080267558528
tree,cp,10.0,2,5,router,0.6666667541030673,0.33333344913422774,0.33333344913422774,0.12144358092887506,0.092893370562294,0.46466624644163357,0.0,0.09289339191707988,1.0,13.87039460535117,13.810199505016724,13.806854688963211,0.017795650404346056,0.9868349109393715,0.0006793838093469761,0.0,0.9868256160170942,0.9998661828846593
tree,cp,10.0,2,6,attacker,9.988333299999999,0.33000000581679534,0.3333333058167953,0.9654915824915825,0.03448122780394101,0.0013333333333333335,0.0,0.03404090445013916,1.0,20.03338793812709,13.857343578595318,13.857130280936454,0.5033158870115392,0.592675921104638,0.0009242946292765307,0.0,0.5625262188599274,0.817795485708245
tree,cp,10.0,2,7,benign_consumer,9.988333299999999,0.329999872921295,0.33333320625462837,0.9655286195286196,0.03429509180035645,0.0013333333333333335,0.0,0.03385476511292123,1.0,10.0,9.391759906730816e-176,9.391759906730816e-176,0.9982264112698896,0.0003344481605351171,0.0016722408026755853,0.0,9.391759906730815e-177,0.7224080267558528
tree,cp,10.0,2,8,benign_consumer,9.988333299999999,0.3299999177627134,0.3333332177627134,0.9654915824915825,0.034471442764021344,0.0013333333333333335,0.0,0.034031119410219496,1.0,10.0,8.59899652879976e-146,8.59899652879976e-146,0.9982264112698896,0.0003344481605351171,0.0016722408026755853,0.0,8.598996528799762e-147,0.8662207357859532
tree,cp,10.0,2,9,benign_consumer,9.988333299999999,0.3299999307372122,0.33333326407054553,0.9654545454545455,0.034135222123026075,0.0013333333333333335,0.0,0.03406526580596123,1.0,10.0,3.0018775580976967e-170,3.0018775580976967e-170,0.9982264112698896,0.0003344481605351171,0.0016722408026755853,0.0,3.001877558097696e-171,0.7491638795986622
tree,cp,10.0,2,10,benign_consumer,9.988333299999999,0.3300000586054476,0.3333333919387809,0.9655286195286196,0.034342364769994006,0.0013333333333333335,0.0,0.033902038082558796,1.0,10.0,1.9551876303850336e-116,1.9551876303850336e-116,0.9982264112698896,0.0003344481605351171,0.0016722408026755853,0.0,1.9551876303850335e-117,1.0
tree,cp,10.0,2,11,attacker,9.988333299999999,0.33000002883095303,0.33333336216428633,0.9654915824915825,0.034424378362579236,0.0013333333333333335,0.0,0.03398405167544072,1.0,20.03338793812709,13.870607658862879,13.86704978929766,0.5060066744849353,0.5957315818592206,0.0009242946292765307,0.0,0.5617395047276985,0.8187506096063056
tree,cp,10.0,3,0,router,0.3333333637375,0.3333333637375,0.3333333637375,0.0,1.0,0.8033333333333333,0.0,1.0,1.0,26.842569030100336,26.842569030100336,26.842569030100336,0.0,1.0,0.002121432776017732,0.0,1.0,1.0
tree,cp,10.0,3,1,router,0.003424657534246575,0.003424657534246575,0.003424657534246575,0.0,1.0,0.821917808219178,0.0,1.0,1.0,0.022742471984325906,0.022742471984325906,0.022742471984325906,0.0,1.0,0.6655518405608027,0.0,1.0,1.0
tree,cp,10.0,3,2,router,0.66666665923766,0.33666669707083335,0.33666669707083335,0.0722529098698514,0.0195973888051672,0.6066781829776281,0.0,0.01940484669074879,1.0,26.86531254180602,26.865311502084662,26.865311502084662,0.0,0.9981841082980655,0.0003467883922343725,0.0,0.9999999238555678,1.0
tree,cp,10.0,3,3,router,0.99999988454307,0.3333333398213754,0.3333333398213754,0.14571437901872686,0.018447404178909083,0.6166709743295886,0.0,0.018447402829188816,1.0,27.63761943812709,26.86531254180602,26.842569030100336,0.09590442325583626,0.92683139052249,0.0003366218624519906,0.0,0.9268313416394093,0.9981841082980655
tree,cp,10.0,3,4,router,0.6666665936093982,0.33333331941628447,0.33333331941628447,0.13959456235772025,0.06994725683053096,0.6040289278001503,0.0,0.06994726341347562,1.0,2.2048636648086874e-151,9.236074335271697e-167,9.236074335271697e-167,0.0,0.8394648829431438,0.8394648829431438,0.0,0.16053511705685652,0.7658862876254181
tree,cp,10.0,3,5,router,0.6666665710334964,0.33333332874536575,0.33333332874536575,0.12280987190197716,0.06125374931040419,0.2572183669462852,0.0,0.06125374406774221,1.0,13.91815160535117,13.861296387959866,13.861296387959866,0.014813447422143074,0.9896905310043446,0.0006735911891195724,0.0,0.9896062599376111,1.0
tree,cp,10.0,3,6,attacker,9.988333299999999,0.33000003359633345,0.3333333335963335,0.9654915824915825,0.03444799107862353,0.0013333333333333335,0.0,0.03400766772482168,1.0,20.03338793812709,13.776536755852842,13.776323050167225,0.5086259754738015,0.5927155793152595,0.0009242946292765307,0.0,0.5578097783039248,0.8171951765500457
tree,cp,10.0,3,7,benign_consumer,9.988333299999999,0.3299999222013707,0.33333322220137074,0.9654915824915825,0.03444229486600891,0.0013333333333333335,0.0,0.03400197151220705,1.0,10.0,9.454724204418862e-174,9.454724204418862e-174,0.9982264112698896,0.0003344481605351171,0.0016722408026755853,0.0,9.454724204418862e-175,0.7324414715719063
tree,cp,10.0,3,8,benign_consumer,9.988333299999999,0.3299999482356815,0.3333332482356815,0.9655218855218854,0.03442723930984738,0.0013333333333333335,0.0,0.03398691595604553,1.0,10.0,2.201341514678591e-151,2.201341514678591e-151,0.9982264112698896,0.0003344481605351171,0.0016722408026755853,0.0,2.2013415146785912e-152,0.8394648829431438
tree,cp,10.0,3,9,benign_consumer,9.988333299999999,0.33000001204038326,0.3333333453737166,0.9654848484848484,0.034186444357031144,0.0013333333333333335,0.0,0.0341164880399663,1.0,10.0,3.5221501300962835e-154,3.5221501300962835e-154,0.9982264112698896,0.0003344481605351171,0.0016722408026755853,0.0,3.522150130096284e-155,0.8260869565217391
tree,cp,10.0,3,10,benign_consumer,9.988333299999999,0.330000009860751,0.333333309860751,0.9655218855218854,0.03447662863004319,0.0013333333333333335,0.0,0.03403630527624134,1.0,10.0,1.0750124624992137e-143,1.0750124624992137e-143,0.9982264112698896,0.0003344481605351171,0.0016722408026755853,0.0,1.0750124624992136e-144,0.8762541806020067
tree,cp,10.0,3,11,attacker,9.988333299999999,0.3299999278394121,0.3333332611727454,0.9654545454545455,0.03415694828899838,0.0013333333333333335,0.0,0.034086991971933545,1.0,20.03338793812709,13.918362909698997,13.91815160535117,0.5007197512632294,0.598604631003097,0.0009242946292765307,0.0,0.5659126143258364,0.8187207045885271
tree,cp,10.0,4,0,router,0.33333331781753334,0.33333331781753334,0.33333331781753334,0.0,1.0,0.8033333333333333,0.0,1.0,1.0,26.680062307692307,26.680062307692307,26.680062307692307,0.0,1.0,0.0022931209424764992,0.0,1.0,1.0
tree,cp,10.0,4,1,router,0.0,0.0,0.0,0.0,0.0,0.0,0.0,1.0,0.0,0.0033444816053511705,0.0033444816053511705,0.0033444816053511705,0.0,0.6020066889632107,0.5986622073578596,0.0,1.0,0.6020066889632107
tree,cp,10.0,4,2,router,0.6666667601744584,0.33333331781753334,0.33333331781753334,0.06556890331890332,0.023995152533587315,0.8,0.0,0.02399515216699633,1.0,26.683406622073576,26.68340678929766,26.68340678929766,0.0,0.9994708984282333,0.00036488120593750875,0.0,0.9999999954955845,1.0
tree,cp,10.0,4,3,router,1.0000000557964432,0.3333333557915875,0.3333333557915875,0.16323927706280647,0.022277185103717193,0.6079889987347289,0.0,0.022277190061396068,1.0,27.38775652173913,26.683406622073576,26.680062307692307,0.08433075490268274,0.9356915566339248,0.00035464439055395695,0.0,0.9356914567488139,0.9994708984282333
tree,cp,10.0,4,4,router,0.666666547201053,0.3333334043828709,0.3333334043828709,0.13589237614237612,0.05005252279234638,0.49151426428712447,0.0,0.050052542670806964,1.0,2.9833854849838197e-105,3.978532596073998e-189,3.978532596073998e-189,0.0,1.0,1.0,0.0,8.789066075143154e-85,0.6588628762541806
tree,cp,10.0,4,5,router,0.6666666236737315,0.33333327841781135,0.33333327841781135,0.11275012025012025,0.052279597720771925,0.6400000000682886,0.0,0.052279585369490254,1.0,13.765812006688963,13.732366655518396,13.732366655518396,0.008500318385470149,0.9932161926292735,0.000722324312957023,0.0,0.9930445801612291,1.0
tree,cp,10.0,4,6,attacker,9.988333299999999,0.33000003873917744,0.3333334054058441,0.9654915824915825,0.03442466501830483,0.0013333333333333335,0.0,0.033984334997832974,1.0,20.03338793812709,13.655600903010033,13.655389866220736,0.5268325877021529,0.5857576472450013,0.0009242946292765307,0.0,0.5449825088387027,0.8185453719571439
tree,cp,10.0,4,7,benign_consumer,9.988333299999999,0.33000000530612117,0.33333337197278784,0.9655656565656566,0.03422646052735956,0.0013333333333333335,0.0,0.03378613050688771,1.0,10.0,1.7197992043850463e-146,1.7197992043850463e-146,0.9982264112698896,0.0003344481605351171,0.0016722408026755853,0.0,1.7197992043850463e-147,0.862876254180602
tree,cp,10.0,4,8,benign_consumer,9.988333299999999,0.3299999678731657,0.3333332678731657,0.9654915824915825,0.03448099340937442,0.0013333333333333335,0.0,0.03404067005557257,1.0,10.0,2.9833854849838197e-105,2.9833854849838197e-105,0.9982264112698896,0.0003344481605351171,0.0016722408026755853,0.0,2.98338548498382e-106,1.0
tree,cp,10.0,4,9,benign_consumer,9.988333299999999,0.3299999793278873,0.3333332793278873,0.9655218855218854,0.034401663518563476,0.0013333333333333335,0.0,0.03396134016476163,1.0,10.0,3.3589849080266287e-140,3.3589849080266287e-140,0.9982264112698896,0.0003344481605351171,0.0016722408026755853,0.0,3.358984908026629e-141,0.8929765886287625
tree,cp,10.0,4,10,benign_consumer,9.988333299999999,0.3300000117305001,0.33333334506383344,0.9654545454545455,0.03417391472129743,0.0013333333333333335,0.0,0.03410395840423259,1.0,10.0,1.408859160494607e-155,1.408859160494607e-155,0.9982264112698896,0.0003344481605351171,0.0016722408026755853,0.0,1.4088591604946069e-156,0.8193979933110368
tree,cp,10.0,4,11,attacker,9.988333299999999,0.3299999119432314,0.3333332786098981,0.9654545454545455,0.03419089872096734,0.0013333333333333335,0.0,0.03412093907056583,1.0,20.03338793812709,13.766024046822743,13.765812006688963,0.5150767710550319,0.583736319177768,0.0009242946292765307,0.0,0.5522541375032666,0.8182051714001124
tree,cp,10.0,5,0,router,0.33333331195874366,0.33333331195874366,0.33333331195874366,0.0,1.0,0.8033333333333333,0.0,1.0,1.0,26.777194481605353,26.777194481605353,26.777194481605353,0.0,1.0,0.002104329198024871,0.0,1.0,1.0
tree,cp,10.0,5,1,router,0.013333333333334588,0.013333333333334588,0.013333333333334588,0.0,1.0,0.8,0.0,1.0,1.0,0.016722192267558528,0.013377924709030101,0.013377924709030101,0.0033444816053511705,0.979933110367893,0.552021404833191,0.0,0.979933110367893,1.0
tree,cp,10.0,5,2,router,0.6699999806420528,0.34666664529207825,0.34666664529207825,0.06729177355152588,0.026045658491332037,0.8,0.0,0.026151116652053608,1.0,26.79391662207358,26.79391667387291,26.79391667387291,0.0,0.9981159074911008,0.0003793170440869799,0.0,1.0000000208507691,1.0
tree,cp,10.0,5,3,router,1.000000006970829,0.336666610799579,0.333333310799579,0.16396758438693923,0.021028978464236583,0.6166688832684428,0.0,0.02102897002855987,0.999820826917036,27.588566020066892,26.79391662207358,26.777194481605353,0.10986923792211735,0.9168440489882352,0.00036130878290352436,0.0,0.9167939925378082,0.9981159074911008
tree,cp,10.0,5,4,router,0.6666666671305648,0.3333333698424738,0.3333333698424738,0.11799104816751876,0.05086065527749478,0.436678191513161,0.0,0.05062203170946469,1.0,8.010995527587007e-125,1.210200669185577e-178,1.210200669185577e-178,0.0,0.9665551839464883,0.9665551839464883,0.0,0.033444816053511704,0.7090301003344481
tree,cp,10.0,5,5,router,0.6666667226571608,0.3333332753881212,0.3333332753881212,0.11078872053872053,0.06668944228455195,0.45107872767778173,0.0,0.06668944465530775,1.0,13.837978528428094,13.784466989966555,13.784466989966555,0.008792294661859879,0.9920695748746038,0.0006941170312406586,0.0,0.9919976591424832,1.0
tree,cp,10.0,5,6,attacker,9.988333299999999,0.33000009095496563,0.33333339095496567,0.9655656565656566,0.034217691400823376,0.0013333333333333335,0.0,0.03377736804702152,1.0,20.03338793812709,13.804314715719064,13.804099030100335,0.5095690541342714,0.5907653315348106,0.0009242946292765307,0.0,0.5568965915942127,0.8180840857925371
tree,cp,10.0,5,7,benign_consumer,9.988333299999999,0.32999997396107555,0.3333333406277422,0.9654545454545455,0.03418758629524048,0.0013333333333333335,0.0,0.034117626644838965,1.0,10.0,3.606915517976924e-161,3.606915517976924e-161,0.9982264112698896,0.0003344481605351171,0.0016722408026755853,0.0,3.606915517976924e-162,0.7926421404682275
tree,cp,10.0,5,8,benign_consumer,9.988333299999999,0.32999992938286193,0.3333332627161953,0.9654915824915825,0.03447216997256022,0.0013333333333333335,0.0,0.0340318432854217,1.0,10.0,8.010995527587007e-125,8.010995527587007e-125,0.9982264112698896,0.0003344481605351171,0.0016722408026755853,0.0,8.010995527587006e-126,0.9665551839464883
tree,cp,10.0,5,9,benign_consumer,9.988333299999999,0.33000007108103613,0.3333334044143694,0.9655286195286196,0.03434410673539841,0.0013333333333333335,0.0,0.03390378004796319,1.0,10.0,8.59899652879976e-146,8.59899652879976e-146,0.9982264112698896,0.0003344481605351171,0.0016722408026755853,0.0,8.598996528799762e-147,0.8662207357859532
tree,cp,10.0,5,10,benign_consumer,9.988333299999999,0.3300000182723777,0.33333338493904435,0.9656026936026937,0.034094332949800916,0.0013333333333333335,0.0,0.033654002929029044,1.0,10.0,3.1282992813546417e-119,3.1282992813546417e-119,0.9982264112698896,0.0003344481605351171,0.0016722408026755853,0.0,3.1282992813546416e-120,0.9933110367892977
tree,cp,10.0,5,11,attacker,9.988333299999999,0.330000004384783,0.33333333771811635,0.9654915824915825,0.0344475769895522,0.0013333333333333335,0.0,0.03400725030241368,1.0,20.03338793812709,13.838190668896322,13.837978528428094,0.5077285033806773,0.5898951230687867,0.0009242946292765307,0.0,0.5589446255439184,0.8184245206109995
tree,cp,12.0,1,0,router,0.3333333708796625,0.3333333708796625,0.3333333708796625,0.0,1.0,0.8033333333333333,0.0,1.0,1.0,31.75499250836121,31.75499250836121,31.75499250836121,0.0,1.0,0.0008704157501728091,0.0,1.0,1.0
tree,cp,12.0,1,1,router,0.006666666666666667,0.006666666666666667,0.006666666666666667,0.0,1.0,0.8,0.0,1.0,1.0,0.016722406490405392,0.016722406490405392,0.016722406490405392,0.0,1.0,0.6956521745706435,0.0,1.0,1.0
tree,cp,12.0,1,2,router,0.6700000932667606,0.3400000375463292,0.3400000375463292,0.06828457459852809,0.022492865337810867,0.8,0.0,0.02249286968419144,1.0,31.771714214046824,31.77171491485161,31.77171491485161,0.0,0.9989336559637374,0.0010613469935102943,0.0,1.0000000241558675,1.0
tree,cp,12.0,1,3,router,1.0000000353912584,0.3366666701587499,0.3366666701587499,0.1687315333540824,0.023821894547200653,0.6087984986062608,0.0,0.023697468418183158,1.0,32.4533137458194,31.771714214046824,31.75499250836121,0.06263399821625652,0.9519138908806491,0.0009986474266264252,0.0,0.9518937088104276,0.9989336559637374
tree,cp,12.0,1,4,router,0.6666667126708652,0.3333334231080107,0.3333334231080107,0.11692847892847893,0.08708605327868278,0.576667106153205,0.0,0.08677108417449789,1.0,3.6418198290593655e-96,1.8909405551839756e-174,1.8909405551839756e-174,0.0,1.0,1.0,0.0,3.7869018387886765e-79,0.7290969899665551
tree,cp,12.0,1,5,router,0.6666666243578683,0.3333333114369584,0.3333333114369584,0.1221493043993044,0.07684571952371344,0.4284046933337204,0.0,0.076454151057957,1.0,16.2117545819398,16.191687591973245,16.191687591973245,0.0025699700756908993,0.9976928536458907,0.0020284357898469347,0.0,0.9975609527444939,1.0
tree,cp,12.0,1,6,attacker,9.988333299999999,0.3299999651950502,0.3333333318617169,0.9654545454545455,0.03420383870500584,0.0013333333333333335,0.0,0.034133879054547664,1.0,22.0398601270903,16.261626153846155,16.261626153846155,0.46088292201977166,0.6191111892109218,0.0009597881615639414,0.0,0.6166306809537553,1.0
tree,cp,12.0,1,7,benign_consumer,9.988333299999999,0.33000009209258313,0.33333339209258317,0.9654915824915825,0.03443217718717723,0.0013333333333333335,0.0,0.03399185383337538,1.0,10.0,3.663259602378636e-154,3.663259602378636e-154,0.9982264112698896,0.0003344481605351171,0.0016722408026755853,0.0,3.6632596023786362e-155,0.8260869565217391
tree,cp,12.0,1,8,benign_consumer,9.988333299999999,0.3300000210726942,0.3333333544060276,0.9654545454545455,0.034173868138920364,0.0013333333333333335,0.0,0.03410391182185552,1.0,10.0,4.100320664717012e-131,4.100320664717012e-131,0.9982264112698896,0.0003344481605351171,0.0016722408026755853,0.0,4.1003206647170124e-132,0.9364548494983278
tree,cp,12.0,1,9,benign_consumer,9.988333299999999,0.329999991598171,0.3333333582648377,0.9655286195286196,0.03430494239804996,0.0013333333333333335,0.0,0.03386461237722141,1.0,10.0,3.6418198290593655e-96,3.6418198290593655e-96,0.9982264112698896,0.0003344481605351171,0.0016722408026755853,0.0,3.6418198290593657e-97,1.0
tree,cp,12.0,1,10,benign_consumer,9.988333299999999,0.3299999856652093,0.333333352331876,0.9654545454545455,0.03412081029804248,0.0013333333333333335,0.0,0.0340508506475843,1.0,10.0,1.909360831137492e-109,1.909360831137492e-109,0.9982264112698896,0.0003344481605351171,0.0016722408026755853,0.0,1.9093608311374923e-110,1.0
tree,cp,12.0,1,11,attacker,9.988333299999999,0.32999993869265887,0.3333332720259922,0.9655286195286196,0.0343572956346876,0.0013333333333333335,0.0,0.033916968947252386,1.0,22.0398601270903,16.2117545819398,16.2117545819398,0.45893160355918733,0.6198617963784105,0.0009597881615639414,0.0,0.6179104446707667,1.0
tree,cp,12.0,2,0,router,0.3333333486083269,0.3333333486083269,0.3333333486083269,0.0,1.0,0.8033333333333333,0.0,1.0,1.0,31.743935585284277,31.743935585284277,31.743935585284277,0.0,1.0,0.0008359641644144958,0.0,1.0,1.0
tree,cp,12.0,2,1,router,0.006666666666666667,0.006666666666666667,0.006666666666666667,0.0,1.0,0.8,0.0,1.0,1.0,0.020066887919709647,0.020066887919709647,0.020066887919709647,0.0,1.0,0.6254180602026416,0.0,1.0,1.0
tree,cp,12.0,2,2,router,0.6666665817067454,0.34000001527499357,0.34000001527499357,0.07373688401606023,0.024846837539540926,0.8,0.0,0.024846842308300938,1.0,31.764002173913042,31.76400247320399,31.76400247320399,0.0,0.9982685067238127,0.0008962324096704736,0.0,1.0000000163086364,1.0
tree,cp,12.0,2,3,router,0.9999999612056515,0.3333333144620005,0.3333333144620005,0.15453056933320092,0.02423461756435248,0.660000000000007,0.0,0.024234614858254754,1.0,32.58339511705685,31.764002173913042,31.743935585284277,0.08120700918968247,0.9399515047153688,0.0008455099470634946,0.0,0.9398744191848296,0.9982685067238127
tree,cp,12.0,2,4,router,0.6666664818332589,0.3333332672447449,0.3333332672447449,0.11170804780015307,0.06707661848256287,0.6261196718646783,0.0,0.06587916756767506,1.0,8.59899652879976e-146,7.563754515053059e-176,7.563754515053059e-176,0.0,0.8662207357859532,0.8662207357859532,0.0,0.13377926421404682,0.7224080267558528
tree,cp,12.0,2,5,router,0.6666667541030673,0.33333344913422774,0.33333344913422774,0.12144358092887506,0.092893370562294,0.46466624644163357,0.0,0.09289339191707988,1.0,16.324927692307693,16.308205785953177,16.308205785953177,0.004021340977862717,0.9975723034662394,0.002127250304213556,0.0,0.9974299866788189,1.0
tree,cp,12.0,2,6,attacker,9.988333299999999,0.33000000581679534,0.3333333058167953,0.9654915824915825,0.03448122780394101,0.0013333333333333335,0.0,0.03404090445013916,1.0,22.0398601270903,16.27518933110368,16.27518933110368,0.46118098461291623,0.6186761255893433,0.0009597881615639414,0.0,0.6161956053394074,1.0
tree,cp,12.0,2,7,benign_consumer,9.988333299999999,0.329999872921295,0.33333320625462837,0.9655286195286196,0.03429509180035645,0.0013333333333333335,0.0,0.03385476511292123,1.0,10.0,9.391759906730816e-176,9.391759906730816e-176,0.9982264112698896,0.0003344481605351171,0.0016722408026755853,0.0,9.391759906730815e-177,0.7224080267558528
tree,cp,12.0,2,8,benign_consumer,9.988333299999999,0.3299999177627134,0.3333332177627134,0.9654915824915825,0.034471442764021344,0.0013333333333333335,0.0,0.034031119410219496,1.0,10.0,8.59899652879976e-146,8.59899652879976e-146,0.9982264112698896,0.0003344481605351171,0.0016722408026755853,0.0,8.598996528799762e-147,0.8662207357859532
tree,cp,12.0,2,9,benign_consumer,9.988333299999999,0.3299999307372122,0.33333326407054553,0.9654545454545455,0.034135222123026075,0.0013333333333333335,0.0,0.03406526580596123,1.0,10.0,3.0018775580976967e-170,3.0018775580976967e-170,0.9982264112698896,0.0003344481605351171,0.0016722408026755853,0.0,3.001877558097696e-171,0.7491638795986622
tree,cp,12.0,2,10,benign_consumer,9.988333299999999,0.3300000586054476,0.3333333919387809,0.9655286195286196,0.034342364769994006,0.0013333333333333335,0.0,0.033902038082558796,1.0,10.0,1.9551876303850336e-116,1.9551876303850336e-116,0.9982264112698896,0.0003344481605351171,0.0016722408026755853,0.0,1.9551876303850335e-117,1.0
tree,cp,12.0,2,11,attacker,9.988333299999999,0.33000002883095303,0.33333336216428633,0.9654915824915825,0.034424378362579236,0.0013333333333333335,0.0,0.03398405167544072,1.0,22.0398601270903,16.324927692307693,16.324927692307693,0.4520495363510331,0.6254335694060559,0.0009597881615639414,0.0,0.6231017316272158,1.0
tree,cp,12.0,3,0,router,0.3333333637375,0.3333333637375,0.3333333637375,0.0,1.0,0.8033333333333333,0.0,1.0,1.0,31.660199866220736,31.660199866220736,31.660199866220736,0.0,1.0,0.0009508570717155204,0.0,1.0,1.0
tree,cp,12.0,3,1,router,0.003424657534246575,0.003424657534246575,0.003424657534246575,0.0,1.0,0.821917808219178,0.0,1.0,1.0,0.026086953589677078,0.026086953589677078,0.026086953589677078,0.0,1.0,0.5585284313814047,0.0,1.0,1.0
tree,cp,12.0,3,2,router,0.66666665923766,0.33666669707083335,0.33666669707083335,0.0722529098698514,0.0195973888051672,0.6066781829776281,0.0,0.01940484669074879,1.0,31.686285919732445,31.686286819810416,31.686286819810416,0.0,0.9984827313610002,0.0010208916855089269,0.0,1.0000000255947483,1.0
tree,cp,12.0,3,3,router,0.99999988454307,0.3333333398213754,0.3333333398213754,0.14571437901872686,0.018447404178909083,0.6166709743295886,0.0,0.018447402829188816,1.0,32.56909795986622,31.686285919732445,31.660199866220736,0.08614510271961631,0.9376892629533548,0.0009386090883625473,0.0,0.937689007111315,0.9984827313610002
tree,cp,12.0,3,4,router,0.6666665936093982,0.33333331941628447,0.33333331941628447,0.13959456235772025,0.06994725683053096,0.6040289278001503,0.0,0.06994726341347562,1.0,2.2048636648086874e-151,9.236074335271697e-167,9.236074335271697e-167,0.0,0.8394648829431438,0.8394648829431438,0.0,0.16053511705685652,0.7658862876254181
tree,cp,12.0,3,5,router,0.6666665710334964,0.33333332874536575,0.33333332874536575,0.12280987190197716,0.06125374931040419,0.2572183669462852,0.0,0.06125374406774221,1.0,16.392242140468227,16.36214220735786,16.36214220735786,0.008540372670807452,0.9956283369304002,0.0017408441273578708,0.0,0.9955448423515547,1.0
tree,cp,12.0,3,6,attacker,9.988333299999999,0.33000003359633345,0.3333333335963335,0.9654915824915825,0.03444799107862353,0.0013333333333333335,0.0,0.03400766772482168,1.0,22.0398601270903,16.20695575250836,16.20695575250836,0.46267532360725516,0.6149749190442868,0.0009597881615639414,0.0,0.6125057788825082,1.0
tree,cp,12.0,3,7,benign_consumer,9.988333299999999,0.3299999222013707,0.33333322220137074,0.9654915824915825,0.03444229486600891,0.0013333333333333335,0.0,0.03400197151220705,1.0,10.0,9.454724204418862e-174,9.454724204418862e-174,0.9982264112698896,0.0003344481605351171,0.0016722408026755853,0.0,9.454724204418862e-175,0.7324414715719063
tree,cp,12.0,3,8,benign_consumer,9.988333299999999,0.3299999482356815,0.3333332482356815,0.9655218855218854,0.03442723930984738,0.0013333333333333335,0.0,0.03398691595604553,1.0,10.0,2.201341514678591e-151,2.201341514678591e-151,0.9982264112698896,0.0003344481605351171,0.0016722408026755853,0.0,2.2013415146785912e-152,0.8394648829431438
tree,cp,12.0,3,9,benign_consumer,9.988333299999999,0.33000001204038326,0.3333333453737166,0.9654848484848484,0.034186444357031144,0.0013333333333333335,0.0,0.0341164880399663,1.0,10.0,3.5221501300962835e-154,3.5221501300962835e-154,0.9982264112698896,0.0003344481605351171,0.0016722408026755853,0.0,3.522150130096284e-155,0.8260869565217391
tree,cp,12.0,3,10,benign_consumer,9.988333299999999,0.330000009860751,0.333333309860751,0.9655218855218854,0.03447662863004319,0.0013333333333333335,0.0,0.03403630527624134,1.0,10.0,1.0750124624992137e-143,1.0750124624992137e-143,0.9982264112698896,0.0003344481605351171,0.0016722408026755853,0.0,1.0750124624992136e-144,0.8762541806020067
tree,cp,12.0,3,11,attacker,9.988333299999999,0.3299999278394121,0.3333332611727454,0.9654545454545455,0.03415694828899838,0.0013333333333333335,0.0,0.034086991971933545,1.0,22.0398601270903,16.392242140468227,16.392242140468227,0.44958423911560047,0.627136336335437,0.0009597881615639414,0.0,0.6244209774126258,1.0
tree,cp,12.0,4,0,router,0.33333331781753334,0.33333331781753334,0.33333331781753334,0.0,1.0,0.8033333333333333,0.0,1.0,1.0,31.49050755852843,31.49050755852843,31.49050755852843,0.0,1.0,0.00126277868540663,0.0,1.0,1.0
tree,cp,12.0,4,1,router,0.0,0.0,0.0,0.0,0.0,0.0,0.0,1.0,0.0,0.006688963210702341,0.006688963210702341,0.006688963210702341,0.0,0.6020066889632107,0.5284280936454849,0.0,1.0,0.6020066889632107
tree,cp,12.0,4,2,router,0.6666667601744584,0.33333331781753334,0.33333331781753334,0.06556890331890332,0.023995152533587315,0.8,0.0,0.02399515216699633,1.0,31.497196120401338,31.497196521739134,31.497196521739134,0.0,0.9992832999568906,0.0010265710820301804,0.0,1.000000030099926,1.0
tree,cp,12.0,4,3,router,1.0000000557964432,0.3333333557915875,0.3333333557915875,0.16323927706280647,0.022277185103717193,0.6079889987347289,0.0,0.022277190061396068,1.0,32.20555357859532,31.497196120401338,31.49050755852843,0.06658598654636873,0.9512272550423103,0.0009376971186007718,0.0,0.9512271528166285,0.9992832999568906
tree,cp,12.0,4,4,router,0.666666547201053,0.3333334043828709,0.3333334043828709,0.13589237614237612,0.05005252279234638,0.49151426428712447,0.0,0.050052542670806964,1.0,2.9833854849838197e-105,3.978532596073998e-189,3.978532596073998e-189,0.0,1.0,1.0,0.0,8.789066075143154e-85,0.6588628762541806
tree,cp,12.0,4,5,router,0.6666666236737315,0.33333327841781135,0.33333327841781135,0.11275012025012025,0.052279597720771925,0.6400000000682886,0.0,0.052279585369490254,1.0,16.15966217391304,16.139595384615383,16.139595384615383,0.003590011301250022,0.9972723402655032,0.001985972103530851,0.0,0.9971039843688233,1.0
tree,cp,12.0,4,6,attacker,9.988333299999999,0.33000003873917744,0.3333334054058441,0.9654915824915825,0.03442466501830483,0.0013333333333333335,0.0,0.033984334997832974,1.0,22.0398601270903,16.06595819397993,16.06595819397993,0.4703753955714041,0.6108791519591498,0.0009597881615639414,0.0,0.6082173549968443,1.0
tree,cp,12.0,4,7,benign_consumer,9.988333299999999,0.33000000530612117,0.33333337197278784,0.9655656565656566,0.03422646052735956,0.0013333333333333335,0.0,0.03378613050688771,1.0,10.0,1.7197992043850463e-146,1.7197992043850463e-146,0.9982264112698896,0.0003344481605351171,0.0016722408026755853,0.0,1.7197992043850463e-147,0.862876254180602
tree,cp,12.0,4,8,benign_consumer,9.988333299999999,0.3299999678731657,0.3333332678731657,0.9654915824915825,0.03448099340937442,0.0013333333333333335,0.0,0.03404067005557257,1.0,10.0,2.9833854849838197e-105,2.9833854849838197e-105,0.9982264112698896,0.0003344481605351171,0.0016722408026755853,0.0,2.98338548498382e-106,1.0
tree,cp,12.0,4,9,benign_consumer,9.988333299999999,0.3299999793278873,0.3333332793278873,0.9655218855218854,0.034401663518563476,0.0013333333333333335,0.0,0.03396134016476163,1.0,10.0,3.3589849080266287e-140,3.3589849080266287e-140,0.9982264112698896,0.0003344481605351171,0.0016722408026755853,0.0,3.358984908026629e-141,0.8929765886287625
tree,cp,12.0,4,10,benign_consumer,9.988333299999999,0.3300000117305001,0.33333334506383344,0.9654545454545455,0.03417391472129743,0.0013333333333333335,0.0,0.03410395840423259,1.0,10.0,1.408859160494607e-155,1.408859160494607e-155,0.9982264112698896,0.0003344481605351171,0.0016722408026755853,0.0,1.4088591604946069e-156,0.8193979933110368
tree,cp,12.0,4,11,attacker,9.988333299999999,0.3299999119432314,0.3333332786098981,0.9654545454545455,0.03419089872096734,0.0013333333333333335,0.0,0.03412093907056583,1.0,22.0398601270903,16.15966217391304,16.15966217391304,0.4634575302340805,0.6148764895362258,0.0009597881615639414,0.0,0.6122681700364218,1.0
tree,cp,12.0,5,0,router,0.33333331195874366,0.33333331195874366,0.33333331195874366,0.0,1.0,0.8033333333333333,0.0,1.0,1.0,31.625093210702342,31.625093210702342,31.625093210702342,0.0,1.0,0.0008742362117958016,0.0,1.0,1.0
tree,cp,12.0,5,1,router,0.013333333333334588,0.013333333333334588,0.013333333333334588,0.0,1.0,0.8,0.0,1.0,1.0,0.016722192267558528,0.013377924709030101,0.013377924709030101,0.0033444816053511705,0.979933110367893,0.552021404833191,0.0,0.979933110367893,1.0
tree,cp,12.0,5,2,router,0.6699999806420528,0.34666664529207825,0.34666664529207825,0.06729177355152588,0.026045658491332037,0.8,0.0,0.026151116652053608,1.0,31.64181471571906,31.6418154029699,31.6418154029699,0.0,0.9986945452354997,0.0011425170899717091,0.0,1.0000000324038525,1.0
tree,cp,12.0,5,3,router,1.000000006970829,0.336666610799579,0.333333310799579,0.16396758438693923,0.021028978464236583,0.6166688832684428,0.0,0.02102897002855987,0.999820826917036,32.426427578595316,31.64181471571906,31.625093210702342,0.07544491188409064,0.9428300355605679,0.0010972469825057559,0.0,0.9427807508824536,0.9986945452354997
tree,cp,12.0,5,4,router,0.6666666671305648,0.3333333698424738,0.3333333698424738,0.11799104816751876,0.05086065527749478,0.436678191513161,0.0,0.05062203170946469,1.0,8.010995527587007e-125,1.210200669185577e-178,1.210200669185577e-178,0.0,0.9665551839464883,0.9665551839464883,0.0,0.033444816053511704,0.7090301003344481
tree,cp,12.0,5,5,router,0.6666667226571608,0.3333332753881212,0.3333332753881212,0.11078872053872053,0.06668944228455195,0.45107872767778173,0.0,0.06668944465530775,1.0,16.23516721070234,16.208411926421405,16.208411926421405,0.00459866220735786,0.9959049448801961,0.0025448378479505716,0.0,0.9958337114153806,1.0
tree,cp,12.0,5,6,attacker,9.988333299999999,0.33000009095496563,0.33333339095496567,0.9655656565656566,0.034217691400823376,0.0013333333333333335,0.0,0.03377736804702152,1.0,22.0398601270903,16.21801565217391,16.21801565217391,0.4599629818981209,0.6187794053283688,0.0009597881615639414,0.0,0.6165961982708467,1.0
tree,cp,12.0,5,7,benign_consumer,9.988333299999999,0.32999997396107555,0.3333333406277422,0.9654545454545455,0.03418758629524048,0.0013333333333333335,0.0,0.034117626644838965,1.0,10.0,3.606915517976924e-161,3.606915517976924e-161,0.9982264112698896,0.0003344481605351171,0.0016722408026755853,0.0,3.606915517976924e-162,0.7926421404682275
tree,cp,12.0,5,8,benign_consumer,9.988333299999999,0.32999992938286193,0.3333332627161953,0.9654915824915825,0.03447216997256022,0.0013333333333333335,0.0,0.0340318432854217,1.0,10.0,8.010995527587007e-125,8.010995527587007e-125,0.9982264112698896,0.0003344481605351171,0.0016722408026755853,0.0,8.010995527587006e-126,0.9665551839464883
tree,cp,12.0,5,9,benign_consumer,9.988333299999999,0.33000007108103613,0.3333334044143694,0.9655286195286196,0.03434410673539841,0.0013333333333333335,0.0,0.03390378004796319,1.0,10.0,8.59899652879976e-146,8.59899652879976e-146,0.9982264112698896,0.0003344481605351171,0.0016722408026755853,0.0,8.598996528799762e-147,0.8662207357859532
tree,cp,12.0,5,10,benign_consumer,9.988333299999999,0.3300000182723777,0.33333338493904435,0.9656026936026937,0.034094332949800916,0.0013333333333333335,0.0,0.033654002929029044,1.0,10.0,3.1282992813546417e-119,3.1282992813546417e-119,0.9982264112698896,0.0003344481605351171,0.0016722408026755853,0.0,3.1282992813546416e-120,0.9933110367892977
tree,cp,12.0,5,11,attacker,9.988333299999999,0.330000004384783,0.33333333771811635,0.9654915824915825,0.0344475769895522,0.0013333333333333335,0.0,0.03400725030241368,1.0,22.0398601270903,16.23516721070234,16.23516721070234,0.4606630243123472,0.6182250896486153,0.0009597881615639414,0.0,0.6158754173114964,1.0
tree,cp,15.0,1,0,router,0.3333333708796625,0.3333333708796625,0.3333333708796625,0.0,1.0,0.8033333333333333,0.0,1.0,1.0,38.81646408026756,38.81646408026756,38.81646408026756,0.0,1.0,0.0012944953929225945,0.0,1.0,1.0
tree,cp,15.0,1,1,router,0.006666666666666667,0.006666666666666667,0.006666666666666667,0.0,1.0,0.8,0.0,1.0,1.0,0.03009926267767427,0.02341136970110756,0.02341136970110756,0.006688963210702341,0.9297658862876255,0.5050167228053459,0.0,0.9297658862876255,1.0
tree,cp,15.0,1,2,router,0.6700000932667606,0.3400000375463292,0.3400000375463292,0.06828457459852809,0.022492865337810867,0.8,0.0,0.02249286968419144,1.0,38.84656347826087,38.84656334294523,38.84656334294523,0.0,0.9985262745976061,0.00031791423868944617,0.0,0.999999972535174,1.0
tree,cp,15.0,1,3,router,1.0000000353912584,0.3366666701587499,0.3366666701587499,0.1687315333540824,0.023821894547200653,0.6087984986062608,0.0,0.023697468418183158,1.0,39.62173698996655,38.84656347826087,38.81646408026756,0.06226072952340932,0.9596659467551705,0.00030959961610716656,0.0,0.9596537256717836,0.9985262745976061
tree,cp,15.0,1,4,router,0.6666667126708652,0.3333334231080107,0.3333334231080107,0.11692847892847893,0.08708605327868278,0.576667106153205,0.0,0.08677108417449789,1.0,3.6418198290593655e-96,1.8909405551839756e-174,1.8909405551839756e-174,0.0,1.0,1.0,0.0,3.7869018387886765e-79,0.7290969899665551
tree,cp,15.0,1,5,router,0.6666666243578683,0.3333333114369584,0.3333333114369584,0.1221493043993044,0.07684571952371344,0.4284046933337204,0.0,0.076454151057957,1.0,19.762505284280937,19.742438294314383,19.742438294314383,0.0025699700756908993,0.9984126650962084,0.0005973544548499094,0.0,0.9984109027860854,1.0
tree,cp,15.0,1,6,attacker,9.988333299999999,0.3299999651950502,0.3333333318617169,0.9654545454545455,0.03420383870500584,0.0013333333333333335,0.0,0.034133879054547664,1.0,25.048812473244148,19.879297558528428,19.879298695652174,0.3814044651001173,0.7020214841413728,0.0009144295334681904,0.0,0.7001779601066599,0.9134279977126865
tree,cp,15.0,1,7,benign_consumer,9.988333299999999,0.33000009209258313,0.33333339209258317,0.9654915824915825,0.03443217718717723,0.0013333333333333335,0.0,0.03399185383337538,1.0,10.0,3.663259602378636e-154,3.663259602378636e-154,0.9982264112698896,0.0003344481605351171,0.0016722408026755853,0.0,3.6632596023786362e-155,0.8260869565217391
tree,cp,15.0,1,8,benign_consumer,9.988333299999999,0.3300000210726942,0.3333333544060276,0.9654545454545455,0.034173868138920364,0.0013333333333333335,0.0,0.03410391182185552,1.0,10.0,4.100320664717012e-131,4.100320664717012e-131,0.9982264112698896,0.0003344481605351171,0.0016722408026755853,0.0,4.1003206647170124e-132,0.9364548494983278
tree,cp,15.0,1,9,benign_consumer,9.988333299999999,0.329999991598171,0.3333333582648377,0.9655286195286196,0.03430494239804996,0.0013333333333333335,0.0,0.03386461237722141,1.0,10.0,3.6418198290593655e-96,3.6418198290593655e-96,0.9982264112698896,0.0003344481605351171,0.0016722408026755853,0.0,3.6418198290593657e-97,1.0
tree,cp,15.0,1,10,benign_consumer,9.988333299999999,0.3299999856652093,0.333333352331876,0.9654545454545455,0.03412081029804248,0.0013333333333333335,0.0,0.0340508506475843,1.0,10.0,1.909360831137492e-109,1.909360831137492e-109,0.9982264112698896,0.0003344481605351171,0.0016722408026755853,0.0,1.9093608311374923e-110,1.0
tree,cp,15.0,1,11,attacker,9.988333299999999,0.32999993869265887,0.3333332720259922,0.9655286195286196,0.0343572956346876,0.0013333333333333335,0.0,0.033916968947252386,1.0,25.048812473244148,19.76250334448161,19.759160635451504,0.389087180935007,0.702648166981749,0.0009144295334681904,0.0,0.694797246267969,0.913100520476065
tree,cp,15.0,2,0,router,0.3333333486083269,0.3333333486083269,0.3333333486083269,0.0,1.0,0.8033333333333333,0.0,1.0,1.0,38.72761137123746,38.72761137123746,38.72761137123746,0.0,1.0,0.0011863511442264424,0.0,1.0,1.0
tree,cp,15.0,2,1,router,0.006666666666666667,0.006666666666666667,0.006666666666666667,0.0,1.0,0.8,0.0,1.0,1.0,0.026755853517824536,0.026755853517824536,0.026755853517824536,0.0,1.0,0.4363076922629318,0.0,1.0,1.0
tree,cp,15.0,2,2,router,0.6666665817067454,0.34000001527499357,0.34000001527499357,0.07373688401606023,0.024846837539540926,0.8,0.0,0.024846842308300938,1.0,38.75436722408027,38.754367224755285,38.754367224755285,0.0,0.9989360888665533,0.00031318515217117546,0.0,1.000000027543937,1.0
tree,cp,15.0,2,3,router,0.9999999612056515,0.3333333144620005,0.3333333144620005,0.15453056933320092,0.02423461756435248,0.660000000000007,0.0,0.024234614858254754,1.0,39.67409571906355,38.75436722408027,38.72761137123746,0.07182191633886502,0.9521429783950114,0.0003055910006690818,0.0,0.9520697623105407,0.9989360888665533
tree,cp,15.0,2,4,router,0.6666664818332589,0.3333332672447449,0.3333332672447449,0.11170804780015307,0.06707661848256287,0.6261196718646783,0.0,0.06587916756767506,1.0,8.59899652879976e-146,7.563754515053059e-176,7.563754515053059e-176,0.0,0.8662207357859532,0.8662207357859532,0.0,0.13377926421404682,0.7224080267558528
tree,cp,15.0,2,5,router,0.6666667541030673,0.33333344913422774,0.33333344913422774,0.12144358092887506,0.092893370562294,0.46466624644163357,0.0,0.09289339191707988,1.0,19.895800969899668,19.879078662207355,19.879078662207355,0.0024110350197306717,0.9987814921656248,0.0006069429185235266,0.0,0.9986469265621738,1.0
tree,cp,15.0,2,6,attacker,9.988333299999999,0.33000000581679534,0.3333333058167953,0.9654915824915825,0.03448122780394101,0.0013333333333333335,0.0,0.03404090445013916,1.0,25.048812473244148,19.795017157190635,19.79501705685619,0.3904447002273089,0.6991965467787427,0.0009144295334681904,0.0,0.6958210033097605,0.9137118243996272
tree,cp,15.0,2,7,benign_consumer,9.988333299999999,0.329999872921295,0.33333320625462837,0.9655286195286196,0.03429509180035645,0.0013333333333333335,0.0,0.03385476511292123,1.0,10.0,9.391759906730816e-176,9.391759906730816e-176,0.9982264112698896,0.0003344481605351171,0.0016722408026755853,0.0,9.391759906730815e-177,0.7224080267558528
tree,cp,15.0,2,8,benign_consumer,9.988333299999999,0.3299999177627134,0.3333332177627134,0.9654915824915825,0.034471442764021344,0.0013333333333333335,0.0,0.034031119410219496,1.0,10.0,8.59899652879976e-146,8.59899652879976e-146,0.9982264112698896,0.0003344481605351171,0.0016722408026755853,0.0,8.598996528799762e-147,0.8662207357859532
tree,cp,15.0,2,9,benign_consumer,9.988333299999999,0.3299999307372122,0.33333326407054553,0.9654545454545455,0.034135222123026075,0.0013333333333333335,0.0,0.03406526580596123,1.0,10.0,3.0018775580976967e-170,3.0018775580976967e-170,0.9982264112698896,0.0003344481605351171,0.0016722408026755853,0.0,3.001877558097696e-171,0.7491638795986622
tree,cp,15.0,2,10,benign_consumer,9.988333299999999,0.3300000586054476,0.3333333919387809,0.9655286195286196,0.034342364769994006,0.0013333333333333335,0.0,0.033902038082558796,1.0,10.0,1.9551876303850336e-116,1.9551876303850336e-116,0.9982264112698896,0.0003344481605351171,0.0016722408026755853,0.0,1.9551876303850335e-117,1.0
tree,cp,15.0,2,11,attacker,9.988333299999999,0.33000002883095303,0.33333336216428633,0.9654915824915825,0.034424378362579236,0.0013333333333333335,0.0,0.03398405167544072,1.0,25.048812473244148,19.895801036789297,19.895800969899668,0.3789569126525648,0.7037146734842225,0.0009144295334681904,0.0,0.7034505536100658,0.9142276941663664
tree,cp,15.0,3,0,router,0.3333333637375,0.3333333637375,0.3333333637375,0.0,1.0,0.8033333333333333,0.0,1.0,1.0,38.747528929765885,38.747528929765885,38.747528929765885,0.0,1.0,0.001418250798147342,0.0,1.0,1.0
tree,cp,15.0,3,1,router,0.003424657534246575,0.003424657534246575,0.003424657534246575,0.0,1.0,0.821917808219178,0.0,1.0,1.0,0.03946487921410685,0.03946487921410685,0.03946487921410685,0.0,1.0,0.4247491671673584,0.0,1.0,1.0
tree,cp,15.0,3,2,router,0.66666665923766,0.33666669707083335,0.33666669707083335,0.0722529098698514,0.0195973888051672,0.6066781829776281,0.0,0.01940484669074879,1.0,38.78699397993311,38.78699380897999,38.78699380897999,0.0,0.9982965154365101,0.0003153551197423299,0.0,0.9999999974823244,1.0
tree,cp,15.0,3,3,router,0.99999988454307,0.3333333398213754,0.3333333398213754,0.14571437901872686,0.018447404178909083,0.6166709743295886,0.0,0.018447402829188816,1.0,39.616395986622074,38.78699397993311,38.747528929765885,0.06515824780364245,0.958191206649719,0.00030795199244466594,0.0,0.958191098053448,0.9982965154365101
tree,cp,15.0,3,4,router,0.6666665936093982,0.33333331941628447,0.33333331941628447,0.13959456235772025,0.06994725683053096,0.6040289278001503,0.0,0.06994726341347562,1.0,2.2048636648086874e-151,9.236074335271697e-167,9.236074335271697e-167,0.0,0.8394648829431438,0.8394648829431438,0.0,0.16053511705685652,0.7658862876254181
tree,cp,15.0,3,5,router,0.6666665710334964,0.33333332874536575,0.33333332874536575,0.12280987190197716,0.06125374931040419,0.2572183669462852,0.0,0.06125374406774221,1.0,19.892154280936456,19.875432207357857,19.875432207357857,0.005078657252570297,0.998289149138956,0.0006066825687062019,0.0,0.9982122626451783,1.0
tree,cp,15.0,3,6,attacker,9.988333299999999,0.33000003359633345,0.3333333335963335,0.9654915824915825,0.03444799107862353,0.0013333333333333335,0.0,0.03400766772482168,1.0,25.048812473244148,19.74096314381271,19.740963779264213,0.38592403972838757,0.7024414899716855,0.0009144295334681904,0.0,0.6963188884329605,0.91286961758588
tree,cp,15.0,3,7,benign_consumer,9.988333299999999,0.3299999222013707,0.33333322220137074,0.9654915824915825,0.03444229486600891,0.0013333333333333335,0.0,0.03400197151220705,1.0,10.0,9.454724204418862e-174,9.454724204418862e-174,0.9982264112698896,0.0003344481605351171,0.0016722408026755853,0.0,9.454724204418862e-175,0.7324414715719063
tree,cp,15.0,3,8,benign_consumer,9.988333299999999,0.3299999482356815,0.3333332482356815,0.9655218855218854,0.03442723930984738,0.0013333333333333335,0.0,0.03398691595604553,1.0,10.0,2.201341514678591e-151,2.201341514678591e-151,0.9982264112698896,0.0003344481605351171,0.0016722408026755853,0.0,2.2013415146785912e-152,0.8394648829431438
tree,cp,15.0,3,9,benign_consumer,9.988333299999999,0.33000001204038326,0.3333333453737166,0.9654848484848484,0.034186444357031144,0.0013333333333333335,0.0,0.0341164880399663,1.0,10.0,3.5221501300962835e-154,3.5221501300962835e-154,0.9982264112698896,0.0003344481605351171,0.0016722408026755853,0.0,3.522150130096284e-155,0.8260869565217391
tree,cp,15.0,3,10,benign_consumer,9.988333299999999,0.330000009860751,0.333333309860751,0.9655218855218854,0.03447662863004319,0.0013333333333333335,0.0,0.03403630527624134,1.0,10.0,1.0750124624992137e-143,1.0750124624992137e-143,0.9982264112698896,0.0003344481605351171,0.0016722408026755853,0.0,1.0750124624992136e-144,0.8762541806020067
tree,cp,15.0,3,11,attacker,9.988333299999999,0.3299999278394121,0.3333332611727454,0.9654545454545455,0.03415694828899838,0.0013333333333333335,0.0,0.034086991971933545,1.0,25.048812473244148,19.892153511705686,19.892154280936456,0.3752814214770736,0.7079424207306172,0.0009144295334681904,0.0,0.7033892998805504,0.9128133045538178
tree,cp,15.0,4,0,router,0.33333331781753334,0.33333331781753334,0.33333331781753334,0.0,1.0,0.8033333333333333,0.0,1.0,1.0,38.47404665551839,38.47404665551839,38.47404665551839,0.0,1.0,0.001904420822096036,0.0,1.0,1.0
tree,cp,15.0,4,1,router,0.0,0.0,0.0,0.0,0.0,0.0,0.0,1.0,0.0,0.006688963210702341,0.006688963210702341,0.006688963210702341,0.0,0.6020066889632107,0.5284280936454849,0.0,1.0,0.6020066889632107
tree,cp,15.0,4,2,router,0.6666667601744584,0.33333331781753334,0.33333331781753334,0.06556890331890332,0.023995152533587315,0.8,0.0,0.02399515216699633,1.0,38.48073494983278,38.48073561872909,38.48073561872909,0.0,0.9991803640771267,0.00033056209313546864,0.0,1.000000012324277,1.0
tree,cp,15.0,4,3,router,1.0000000557964432,0.3333333557915875,0.3333333557915875,0.16323927706280647,0.022277185103717193,0.6079889987347289,0.0,0.022277190061396068,1.0,39.31281702341137,38.48073494983278,38.47404665551839,0.06997982299273788,0.955584807560526,0.00031961865432641307,0.0,0.9555844523592415,0.9991803640771267
tree,cp,15.0,4,4,router,0.666666547201053,0.3333334043828709,0.3333334043828709,0.13589237614237612,0.05005252279234638,0.49151426428712447,0.0,0.050052542670806964,1.0,2.9833854849838197e-105,3.978532596073998e-189,3.978532596073998e-189,0.0,1.0,1.0,0.0,8.789066075143154e-85,0.6588628762541806
tree,cp,15.0,4,5,router,0.6666666236737315,0.33333327841781135,0.33333327841781135,0.11275012025012025,0.052279597720771925,0.6400000000682886,0.0,0.052279585369490254,1.0,19.726468528428097,19.70974598662207,19.70974598662207,0.0019177704985744364,0.9987209305268625,0.0006472202659334275,0.0,0.9985612664752697,1.0
tree,cp,15.0,4,6,attacker,9.988333299999999,0.33000003873917744,0.3333334054058441,0.9654915824915825,0.03442466501830483,0.0013333333333333335,0.0,0.033984334997832974,1.0,25.048812473244148,19.603069030100336,19.603071036789295,0.4035124295993861,0.6932884978347837,0.0009144295334681904,0.0,0.683176445424487,0.9134544869556168
tree,cp,15.0,4,7,benign_consumer,9.988333299999999,0.33000000530612117,0.33333337197278784,0.9655656565656566,0.03422646052735956,0.0013333333333333335,0.0,0.03378613050688771,1.0,10.0,1.7197992043850463e-146,1.7197992043850463e-146,0.9982264112698896,0.0003344481605351171,0.0016722408026755853,0.0,1.7197992043850463e-147,0.862876254180602
tree,cp,15.0,4,8,benign_consumer,9.988333299999999,0.3299999678731657,0.3333332678731657,0.9654915824915825,0.03448099340937442,0.0013333333333333335,0.0,0.03404067005557257,1.0,10.0,2.9833854849838197e-105,2.9833854849838197e-105,0.9982264112698896,0.0003344481605351171,0.0016722408026755853,0.0,2.98338548498382e-106,1.0
tree,cp,15.0,4,9,benign_consumer,9.988333299999999,0.3299999793278873,0.3333332793278873,0.9655218855218854,0.034401663518563476,0.0013333333333333335,0.0,0.03396134016476163,1.0,10.0,3.3589849080266287e-140,3.3589849080266287e-140,0.9982264112698896,0.0003344481605351171,0.0016722408026755853,0.0,3.358984908026629e-141,0.8929765886287625
tree,cp,15.0,4,10,benign_consumer,9.988333299999999,0.3300000117305001,0.33333334506383344,0.9654545454545455,0.03417391472129743,0.0013333333333333335,0.0,0.03410395840423259,1.0,10.0,1.408859160494607e-155,1.408859160494607e-155,0.9982264112698896,0.0003344481605351171,0.0016722408026755853,0.0,1.4088591604946069e-156,0.8193979933110368
tree,cp,15.0,4,11,attacker,9.988333299999999,0.3299999119432314,0.3333332786098981,0.9654545454545455,0.03419089872096734,0.0013333333333333335,0.0,0.03412093907056583,1.0,25.048812473244148,19.726469096989966,19.726468528428097,0.38874657950744906,0.7001972246432276,0.0009144295334681904,0.0,0.693715788284477,0.9127156777430273
tree,cp,15.0,5,0,router,0.33333331195874366,0.33333331195874366,0.33333331195874366,0.0,1.0,0.8033333333333333,0.0,1.0,1.0,38.65481705685619,38.65481705685619,38.65481705685619,0.0,1.0,0.0012413905546004866,0.0,1.0,1.0
tree,cp,15.0,5,1,router,0.013333333333334588,0.013333333333334588,0.013333333333334588,0.0,1.0,0.8,0.0,1.0,1.0,0.016722192267558528,0.013377924709030101,0.013377924709030101,0.0033444816053511705,0.979933110367893,0.552021404833191,0.0,0.979933110367893,1.0
tree,cp,15.0,5,2,router,0.6699999806420528,0.34666664529207825,0.34666664529207825,0.06729177355152588,0.026045658491332037,0.8,0.0,0.026151116652053608,1.0,38.671539565217394,38.67153924912375,38.67153924912375,0.0,0.9993050806921652,0.0003328890649992784,0.0,0.9999999858764108,1.0
tree,cp,15.0,5,3,router,1.000000006970829,0.336666610799579,0.333333310799579,0.16396758438693923,0.021028978464236583,0.6166688832684428,0.0,0.02102897002855987,0.999820826917036,39.46342852842809,38.671539565217394,38.65481705685619,0.0692548566451559,0.9561946123160244,0.00031844508489747305,0.0,0.9561566379930735,0.9993050806921652
tree,cp,15.0,5,4,router,0.6666666671305648,0.3333333698424738,0.3333333698424738,0.11799104816751876,0.05086065527749478,0.436678191513161,0.0,0.05062203170946469,1.0,8.010995527587007e-125,1.210200669185577e-178,1.210200669185577e-178,0.0,0.9665551839464883,0.9665551839464883,0.0,0.033444816053511704,0.7090301003344481
tree,cp,15.0,5,5,router,0.6666667226571608,0.3333332753881212,0.3333332753881212,0.11078872053872053,0.06668944228455195,0.45107872767778173,0.0,0.06668944465530775,1.0,19.75903739130435,19.73228160535117,19.73228160535117,0.00459866220735786,0.9975088524200315,0.0006212328835880856,0.0,0.9974491579846255,1.0
tree,cp,15.0,5,6,attacker,9.988333299999999,0.33000009095496563,0.33333339095496567,0.9655656565656566,0.034217691400823376,0.0013333333333333335,0.0,0.03377736804702152,1.0,25.048812473244148,19.731146321070234,19.731146923076924,0.389709927753406,0.7027600671949463,0.0009144295334681904,0.0,0.6939459243511291,0.9129368428573338
tree,cp,15.0,5,7,benign_consumer,9.988333299999999,0.32999997396107555,0.3333333406277422,0.9654545454545455,0.03418758629524048,0.0013333333333333335,0.0,0.034117626644838965,1.0,10.0,3.606915517976924e-161,3.606915517976924e-161,0.9982264112698896,0.0003344481605351171,0.0016722408026755853,0.0,3.606915517976924e-162,0.7926421404682275
tree,cp,15.0,5,8,benign_consumer,9.988333299999999,0.32999992938286193,0.3333332627161953,0.9654915824915825,0.03447216997256022,0.0013333333333333335,0.0,0.0340318432854217,1.0,10.0,8.010995527587007e-125,8.010995527587007e-125,0.9982264112698896,0.0003344481605351171,0.0016722408026755853,0.0,8.010995527587006e-126,0.9665551839464883
tree,cp,15.0,5,9,benign_consumer,9.988333299999999,0.33000007108103613,0.3333334044143694,0.9655286195286196,0.03434410673539841,0.0013333333333333335,0.0,0.03390378004796319,1.0,10.0,8.59899652879976e-146,8.59899652879976e-146,0.9982264112698896,0.0003344481605351171,0.0016722408026755853,0.0,8.598996528799762e-147,0.8662207357859532
tree,cp,15.0,5,10,benign_consumer,9.988333299999999,0.3300000182723777,0.33333338493904435,0.9656026936026937,0.034094332949800916,0.0013333333333333335,0.0,0.033654002929029044,1.0,10.0,3.1282992813546417e-119,3.1282992813546417e-119,0.9982264112698896,0.0003344481605351171,0.0016722408026755853,0.0,3.1282992813546416e-120,0.9933110367892977
tree,cp,15.0,5,11,attacker,9.988333299999999,0.330000004384783,0.33333333771811635,0.9654915824915825,0.0344475769895522,0.0013333333333333335,0.0,0.03400725030241368,1.0,25.048812473244148,19.759035719063547,19.75903739130435,0.3912645325688804,0.6988644131144285,0.0009144295334681904,0.0,0.693301935856136,0.9131466963337482
tree,cp,20.0,1,0,router,0.3333333708796625,0.3333333708796625,0.3333333708796625,0.0,1.0,0.8033333333333333,0.0,1.0,1.0,50.04394913043478,50.04394913043478,50.04394913043478,0.0,1.0,0.0008255364241971245,0.0,1.0,1.0
tree,cp,20.0,1,1,router,0.006666666666666667,0.006666666666666667,0.006666666666666667,0.0,1.0,0.8,0.0,1.0,1.0,0.04682166899150753,0.03678929612196427,0.03678929612196427,0.010033444816053512,0.8628762884280826,0.34073578602070237,0.0,0.8628762884280826,1.0
tree,cp,20.0,1,2,router,0.6700000932667606,0.3400000375463292,0.3400000375463292,0.06828457459852809,0.022492865337810867,0.8,0.0,0.02249286968419144,1.0,50.0907712374582,50.090770799426295,50.090770799426295,0.0,0.9985417767011247,0.00026854204851041436,0.0,0.9999999834142481,1.0
tree,cp,20.0,1,3,router,1.0000000353912584,0.3366666701587499,0.3366666701587499,0.1687315333540824,0.023821894547200653,0.6087984986062608,0.0,0.023697468418183158,1.0,50.96870280936455,50.0907712374582,50.04394913043478,0.05276244804005812,0.9702140468283447,0.0002632794996155624,0.0,0.9702118172772287,0.9985393951475168
tree,cp,20.0,1,4,router,0.6666667126708652,0.3333334231080107,0.3333334231080107,0.11692847892847893,0.08708605327868278,0.576667106153205,0.0,0.08677108417449789,1.0,3.6418198290593655e-96,1.8909405551839756e-174,1.8909405551839756e-174,0.0,1.0,1.0,0.0,3.7869018387886765e-79,0.7290969899665551
tree,cp,20.0,1,5,router,0.6666666243578683,0.3333333114369584,0.3333333114369584,0.1221493043993044,0.07684571952371344,0.4284046933337204,0.0,0.076454151057957,1.0,25.434877324414717,25.414810802675586,25.414810802675586,0.001570469825815837,0.9991830053656815,0.000516281854732465,0.0,0.9990755325512344,1.0
tree,cp,20.0,1,6,attacker,9.988333299999999,0.3299999651950502,0.3333333318617169,0.9654545454545455,0.03420383870500584,0.0013333333333333335,0.0,0.034133879054547664,1.0,30.060142107023413,25.55410872909699,25.55389200668896,0.2888028638028638,0.7717033015552235,0.000868061057690406,0.0,0.7927961928219146,0.8315841678870792
tree,cp,20.0,1,7,benign_consumer,9.988333299999999,0.33000009209258313,0.33333339209258317,0.9654915824915825,0.03443217718717723,0.0013333333333333335,0.0,0.03399185383337538,1.0,10.0,3.663259602378636e-154,3.663259602378636e-154,0.9982264112698896,0.0003344481605351171,0.0016722408026755853,0.0,3.6632596023786362e-155,0.8260869565217391
tree,cp,20.0,1,8,benign_consumer,9.988333299999999,0.3300000210726942,0.3333333544060276,0.9654545454545455,0.034173868138920364,0.0013333333333333335,0.0,0.03410391182185552,1.0,10.0,4.100320664717012e-131,4.100320664717012e-131,0.9982264112698896,0.0003344481605351171,0.0016722408026755853,0.0,4.1003206647170124e-132,0.9364548494983278
tree,cp,20.0,1,9,benign_consumer,9.988333299999999,0.329999991598171,0.3333333582648377,0.9655286195286196,0.03430494239804996,0.0013333333333333335,0.0,0.03386461237722141,1.0,10.0,3.6418198290593655e-96,3.6418198290593655e-96,0.9982264112698896,0.0003344481605351171,0.0016722408026755853,0.0,3.6418198290593657e-97,1.0
tree,cp,20.0,1,10,benign_consumer,9.988333299999999,0.3299999856652093,0.333333352331876,0.9654545454545455,0.03412081029804248,0.0013333333333333335,0.0,0.0340508506475843,1.0,10.0,1.909360831137492e-109,1.909360831137492e-109,0.9982264112698896,0.0003344481605351171,0.0016722408026755853,0.0,1.9093608311374923e-110,1.0
tree,cp,20.0,1,11,attacker,9.988333299999999,0.32999993869265887,0.3333332720259922,0.9655286195286196,0.0343572956346876,0.0013333333333333335,0.0,0.033916968947252386,1.0,30.060142107023413,25.43509210702341,25.434877324414717,0.3002253181601008,0.7684862246133154,0.000868061057690406,0.0,0.7852072081741333,0.8310677593942255
tree,cp,20.0,2,0,router,0.3333333486083269,0.3333333486083269,0.3333333486083269,0.0,1.0,0.8033333333333333,0.0,1.0,1.0,50.14832451505016,50.14832451505016,50.14832451505016,0.0,1.0,0.0008449388154540048,0.0,1.0,1.0
tree,cp,20.0,2,1,router,0.006666666666666667,0.006666666666666667,0.006666666666666667,0.0,1.0,0.8,0.0,1.0,1.0,0.04347825610740168,0.040133774494027594,0.040133774494027594,0.0033444816053511705,0.8964866915223167,0.21592244641441422,0.0,0.8964866915223167,1.0
tree,cp,20.0,2,2,router,0.6666665817067454,0.34000001527499357,0.34000001527499357,0.07373688401606023,0.024846837539540926,0.8,0.0,0.024846842308300938,1.0,50.19180511705686,50.19180277115757,50.19180277115757,0.0,0.9986072177209124,0.000263204770838419,0.0,0.9999999235369801,1.0
tree,cp,20.0,2,3,router,0.9999999612056515,0.3333333144620005,0.3333333144620005,0.15453056933320092,0.02423461756435248,0.660000000000007,0.0,0.024234614858254754,1.0,51.10149347826087,50.19180511705686,50.14832451505016,0.05576172307409208,0.9686429391149023,0.0002577029029705636,0.0,0.9685824430602782,0.9986072170025135
tree,cp,20.0,2,4,router,0.6666664818332589,0.3333332672447449,0.3333332672447449,0.11170804780015307,0.06707661848256287,0.6261196718646783,0.0,0.06587916756767506,1.0,8.59899652879976e-146,7.563754515053059e-176,7.563754515053059e-176,0.0,0.8662207357859532,0.8662207357859532,0.0,0.13377926421404682,0.7224080267558528
tree,cp,20.0,2,5,router,0.6666667541030673,0.33333344913422774,0.33333344913422774,0.12144358092887506,0.092893370562294,0.46466624644163357,0.0,0.09289339191707988,1.0,25.60853193979933,25.591809096989966,25.591809096989966,0.0018547900008113298,0.9991441508713413,0.0005134323814884659,0.0,0.999029186809361,1.0
tree,cp,20.0,2,6,attacker,9.988333299999999,0.33000000581679534,0.3333333058167953,0.9654915824915825,0.03448122780394101,0.0013333333333333335,0.0,0.03404090445013916,1.0,30.060142107023413,25.509897525083613,25.509684381270905,0.29116933790846833,0.7668098279095504,0.000868061057690406,0.0,0.7912496194828093,0.8313147934086155
tree,cp,20.0,2,7,benign_consumer,9.988333299999999,0.329999872921295,0.33333320625462837,0.9655286195286196,0.03429509180035645,0.0013333333333333335,0.0,0.03385476511292123,1.0,10.0,9.391759906730816e-176,9.391759906730816e-176,0.9982264112698896,0.0003344481605351171,0.0016722408026755853,0.0,9.391759906730815e-177,0.7224080267558528
tree,cp,20.0,2,8,benign_consumer,9.988333299999999,0.3299999177627134,0.3333332177627134,0.9654915824915825,0.034471442764021344,0.0013333333333333335,0.0,0.034031119410219496,1.0,10.0,8.59899652879976e-146,8.59899652879976e-146,0.9982264112698896,0.0003344481605351171,0.0016722408026755853,0.0,8.598996528799762e-147,0.8662207357859532
tree,cp,20.0,2,9,benign_consumer,9.988333299999999,0.3299999307372122,0.33333326407054553,0.9654545454545455,0.034135222123026075,0.0013333333333333335,0.0,0.03406526580596123,1.0,10.0,3.0018775580976967e-170,3.0018775580976967e-170,0.9982264112698896,0.0003344481605351171,0.0016722408026755853,0.0,3.001877558097696e-171,0.7491638795986622
tree,cp,20.0,2,10,benign_consumer,9.988333299999999,0.3300000586054476,0.3333333919387809,0.9655286195286196,0.034342364769994006,0.0013333333333333335,0.0,0.033902038082558796,1.0,10.0,1.9551876303850336e-116,1.9551876303850336e-116,0.9982264112698896,0.0003344481605351171,0.0016722408026755853,0.0,1.9551876303850335e-117,1.0
tree,cp,20.0,2,11,attacker,9.988333299999999,0.33000002883095303,0.33333336216428633,0.9654915824915825,0.034424378362579236,0.0013333333333333335,0.0,0.03398405167544072,1.0,30.060142107023413,25.60874491638796,25.60853193979933,0.28512393403697756,0.7728954818420763,0.000868061057690406,0.0,0.7946143819637759,0.8319790341782612
tree,cp,20.0,3,0,router,0.3333333637375,0.3333333637375,0.3333333637375,0.0,1.0,0.8033333333333333,0.0,1.0,1.0,50.00877585284281,50.00877585284281,50.00877585284281,0.0,1.0,0.0009004790466065482,0.0,1.0,1.0
tree,cp,20.0,3,1,router,0.003424657534246575,0.003424657534246575,0.003424657534246575,0.0,1.0,0.821917808219178,0.0,1.0,1.0,0.0561872852595568,0.05284280445117962,0.05284280445117962,0.0033444816053511705,0.9832272627160308,0.2312240819993541,0.0,0.9832272627160308,1.0
tree,cp,20.0,3,2,router,0.66666665923766,0.33666669707083335,0.33666669707083335,0.0722529098698514,0.0195973888051672,0.6066781829776281,0.0,0.01940484669074879,1.0,50.068307959866225,50.064963138102364,50.064963138102364,3.013046491307361e-05,0.9981363259786546,0.00027209573577288205,0.0,0.9999429091544411,1.0
tree,cp,20.0,3,3,router,0.99999988454307,0.3333333398213754,0.3333333398213754,0.14571437901872686,0.018447404178909083,0.6166709743295886,0.0,0.018447402829188816,1.0,51.00446725752508,50.068307959866225,50.01212066889632,0.05731934497941211,0.9673295061277095,0.0002668309864087066,0.0,0.9673842323691304,0.9981934168713646
tree,cp,20.0,3,4,router,0.6666665936093982,0.33333331941628447,0.33333331941628447,0.13959456235772025,0.06994725683053096,0.6040289278001503,0.0,0.06994726341347562,1.0,2.2048636648086874e-151,9.236074335271697e-167,9.236074335271697e-167,0.0,0.8394648829431438,0.8394648829431438,0.0,0.16053511705685652,0.7658862876254181
tree,cp,20.0,3,5,router,0.6666665710334964,0.33333332874536575,0.33333332874536575,0.12280987190197716,0.06125374931040419,0.2572183669462852,0.0,0.06125374406774221,1.0,25.574114715719062,25.56073702341137,25.557392842809364,0.003521590852925186,0.9992964808599611,0.000532026775627515,0.0,0.9993407940949778,0.9998914539946501
tree,cp,20.0,3,6,attacker,9.988333299999999,0.33000003359633345,0.3333333335963335,0.9654915824915825,0.03444799107862353,0.0013333333333333335,0.0,0.03400766772482168,1.0,30.060142107023413,25.443944214046823,25.443730234113712,0.29501494881929663,0.7665031360101052,0.000868061057690406,0.0,0.7879934356801653,0.8309108700747151
tree,cp,20.0,3,7,benign_consumer,9.988333299999999,0.3299999222013707,0.33333322220137074,0.9654915824915825,0.03444229486600891,0.0013333333333333335,0.0,0.03400197151220705,1.0,10.0,9.454724204418862e-174,9.454724204418862e-174,0.9982264112698896,0.0003344481605351171,0.0016722408026755853,0.0,9.454724204418862e-175,0.7324414715719063
tree,cp,20.0,3,8,benign_consumer,9.988333299999999,0.3299999482356815,0.3333332482356815,0.9655218855218854,0.03442723930984738,0.0013333333333333335,0.0,0.03398691595604553,1.0,10.0,2.201341514678591e-151,2.201341514678591e-151,0.9982264112698896,0.0003344481605351171,0.0016722408026755853,0.0,2.2013415146785912e-152,0.8394648829431438
tree,cp,20.0,3,9,benign_consumer,9.988333299999999,0.33000001204038326,0.3333333453737166,0.9654848484848484,0.034186444357031144,0.0013333333333333335,0.0,0.0341164880399663,1.0,10.0,3.5221501300962835e-154,3.5221501300962835e-154,0.9982264112698896,0.0003344481605351171,0.0016722408026755853,0.0,3.522150130096284e-155,0.8260869565217391
tree,cp,20.0,3,10,benign_consumer,9.988333299999999,0.330000009860751,0.333333309860751,0.9655218855218854,0.03447662863004319,0.0013333333333333335,0.0,0.03403630527624134,1.0,10.0,1.0750124624992137e-143,1.0750124624992137e-143,0.9982264112698896,0.0003344481605351171,0.0016722408026755853,0.0,1.0750124624992136e-144,0.8762541806020067
tree,cp,20.0,3,11,attacker,9.988333299999999,0.3299999278394121,0.3333332611727454,0.9654545454545455,0.03415694828899838,0.0013333333333333335,0.0,0.034086991971933545,1.0,30.060142107023413,25.57432966555184,25.570770535117056,0.2894143899578682,0.76972381974494,0.000868061057690406,0.0,0.7931125966036988,0.8316681967649271
tree,cp,20.0,4,0,router,0.33333331781753334,0.33333331781753334,0.33333331781753334,0.0,1.0,0.8033333333333333,0.0,1.0,1.0,49.796424782608696,49.796424782608696,49.796424782608696,0.0,1.0,0.0010890469987211988,0.0,1.0,1.0
tree,cp,20.0,4,1,router,0.0,0.0,0.0,0.0,0.0,0.0,0.0,1.0,0.0,0.010033444816053512,0.006688963210702341,0.006688963210702341,0.0033444816053511705,0.2809364548494983,0.40468227424749165,0.0,0.6789297658862876,0.6020066889632107
tree,cp,20.0,4,2,router,0.6666667601744584,0.33333331781753334,0.33333331781753334,0.06556890331890332,0.023995152533587315,0.8,0.0,0.02399515216699633,1.0,49.80645779264214,49.806458227424756,49.806458227424756,0.0,0.9993637836698848,0.00027874932551244546,0.0,1.000000025744854,1.0
tree,cp,20.0,4,3,router,1.0000000557964432,0.3333333557915875,0.3333333557915875,0.16323927706280647,0.022277185103717193,0.6079889987347289,0.0,0.022277190061396068,1.0,50.65528347826087,49.80645779264214,49.796424782608696,0.05175312673487441,0.9704740640537634,0.0002718522034501377,0.0,0.9704727539425804,0.9993637836698848
tree,cp,20.0,4,4,router,0.666666547201053,0.3333334043828709,0.3333334043828709,0.13589237614237612,0.05005252279234638,0.49151426428712447,0.0,0.050052542670806964,1.0,2.9833854849838197e-105,3.978532596073998e-189,3.978532596073998e-189,0.0,1.0,1.0,0.0,8.789066075143154e-85,0.6588628762541806
tree,cp,20.0,4,5,router,0.6666666236737315,0.33333327841781135,0.33333327841781135,0.11275012025012025,0.052279597720771925,0.6400000000682886,0.0,0.052279585369490254,1.0,25.40579652173913,25.392418428093645,25.392418428093645,0.00024552969589885094,0.9996083625399045,0.0005426764127406652,0.0,0.9994770000559222,1.0
tree,cp,20.0,4,6,attacker,9.988333299999999,0.33000003873917744,0.3333334054058441,0.9654915824915825,0.03442466501830483,0.0013333333333333335,0.0,0.033984334997832974,1.0,30.060142107023413,25.263080033444815,25.262865050167225,0.31580593319723754,0.7658698301853532,0.000868061057690406,0.0,0.7745127406820126,0.8315620276084111
tree,cp,20.0,4,7,benign_consumer,9.988333299999999,0.33000000530612117,0.33333337197278784,0.9655656565656566,0.03422646052735956,0.0013333333333333335,0.0,0.03378613050688771,1.0,10.0,1.7197992043850463e-146,1.7197992043850463e-146,0.9982264112698896,0.0003344481605351171,0.0016722408026755853,0.0,1.7197992043850463e-147,0.862876254180602
tree,cp,20.0,4,8,benign_consumer,9.988333299999999,0.3299999678731657,0.3333332678731657,0.9654915824915825,0.03448099340937442,0.0013333333333333335,0.0,0.03404067005557257,1.0,10.0,2.9833854849838197e-105,2.9833854849838197e-105,0.9982264112698896,0.0003344481605351171,0.0016722408026755853,0.0,2.98338548498382e-106,1.0
tree,cp,20.0,4,9,benign_consumer,9.988333299999999,0.3299999793278873,0.3333332793278873,0.9655218855218854,0.034401663518563476,0.0013333333333333335,0.0,0.03396134016476163,1.0,10.0,3.3589849080266287e-140,3.3589849080266287e-140,0.9982264112698896,0.0003344481605351171,0.0016722408026755853,0.0,3.358984908026629e-141,0.8929765886287625
tree,cp,20.0,4,10,benign_consumer,9.988333299999999,0.3300000117305001,0.33333334506383344,0.9654545454545455,0.03417391472129743,0.0013333333333333335,0.0,0.03410395840423259,1.0,10.0,1.408859160494607e-155,1.408859160494607e-155,0.9982264112698896,0.0003344481605351171,0.0016722408026755853,0.0,1.4088591604946069e-156,0.8193979933110368
tree,cp,20.0,4,11,attacker,9.988333299999999,0.3299999119432314,0.3333332786098981,0.9654545454545455,0.03419089872096734,0.0013333333333333335,0.0,0.03412093907056583,1.0,30.060142107023413,25.406010769230768,25.40579652173913,0.2959676193371846,0.7658435357638641,0.000868061057690406,0.0,0.7866004619019337,0.831344162830383
tree,cp,20.0,5,0,router,0.33333331195874366,0.33333331195874366,0.33333331195874366,0.0,1.0,0.8033333333333333,0.0,1.0,1.0,50.091504782608695,50.091504782608695,50.091504782608695,0.0,1.0,0.0009019761424455037,0.0,1.0,1.0
tree,cp,20.0,5,1,router,0.013333333333334588,0.013333333333334588,0.013333333333334588,0.0,1.0,0.8,0.0,1.0,1.0,0.03678908190494849,0.026755851130434608,0.026755851130434608,0.010033444816053512,0.9228044334414642,0.2376360838016974,0.0,0.9228044334414642,1.0
tree,cp,20.0,5,2,router,0.6699999806420528,0.34666664529207825,0.34666664529207825,0.06729177355152588,0.026045658491332037,0.8,0.0,0.026151116652053608,1.0,50.12829277591973,50.128293864513644,50.128293864513644,0.0,0.9986287708770929,0.00027061008487585614,0.0,1.0000000294161566,1.0
tree,cp,20.0,5,3,router,1.000000006970829,0.336666610799579,0.333333310799579,0.16396758438693923,0.021028978464236583,0.6166688832684428,0.0,0.02102897002855987,0.999820826917036,50.950363779264215,50.12829277591973,50.091504782608695,0.053360403678351084,0.9701582664871029,0.0002656786999063951,0.0,0.9701302070498888,0.9986287708770929
tree,cp,20.0,5,4,router,0.6666666671305648,0.3333333698424738,0.3333333698424738,0.11799104816751876,0.05086065527749478,0.436678191513161,0.0,0.05062203170946469,1.0,8.010995527587007e-125,1.210200669185577e-178,1.210200669185577e-178,0.0,0.9665551839464883,0.9665551839464883,0.0,0.033444816053511704,0.7090301003344481
tree,cp,20.0,5,5,router,0.6666667226571608,0.3333332753881212,0.3333332753881212,0.11078872053872053,0.06668944228455195,0.45107872767778173,0.0,0.06668944465530775,1.0,25.422301939799333,25.402235284280938,25.402235284280938,0.0026813516318763696,0.998941718475697,0.0005228639650717091,0.0,0.9988906833795842,1.0
tree,cp,20.0,5,6,attacker,9.988333299999999,0.33000009095496563,0.33333339095496567,0.9655656565656566,0.034217691400823376,0.0013333333333333335,0.0,0.03377736804702152,1.0,30.060142107023413,25.54834254180602,25.548128494983278,0.2868721857852293,0.7721921721055992,0.000868061057690406,0.0,0.791540491787471,0.8310966867178763
tree,cp,20.0,5,7,benign_consumer,9.988333299999999,0.32999997396107555,0.3333333406277422,0.9654545454545455,0.03418758629524048,0.0013333333333333335,0.0,0.034117626644838965,1.0,10.0,3.606915517976924e-161,3.606915517976924e-161,0.9982264112698896,0.0003344481605351171,0.0016722408026755853,0.0,3.606915517976924e-162,0.7926421404682275
tree,cp,20.0,5,8,benign_consumer,9.988333299999999,0.32999992938286193,0.3333332627161953,0.9654915824915825,0.03447216997256022,0.0013333333333333335,0.0,0.0340318432854217,1.0,10.0,8.010995527587007e-125,8.010995527587007e-125,0.9982264112698896,0.0003344481605351171,0.0016722408026755853,0.0,8.010995527587006e-126,0.9665551839464883
tree,cp,20.0,5,9,benign_consumer,9.988333299999999,0.33000007108103613,0.3333334044143694,0.9655286195286196,0.03434410673539841,0.0013333333333333335,0.0,0.03390378004796319,1.0,10.0,8.59899652879976e-146,8.59899652879976e-146,0.9982264112698896,0.0003344481605351171,0.0016722408026755853,0.0,8.598996528799762e-147,0.8662207357859532
tree,cp,20.0,5,10,benign_consumer,9.988333299999999,0.3300000182723777,0.33333338493904435,0.9656026936026937,0.034094332949800916,0.0013333333333333335,0.0,0.033654002929029044,1.0,10.0,3.1282992813546417e-119,3.1282992813546417e-119,0.9982264112698896,0.0003344481605351171,0.0016722408026755853,0.0,3.1282992813546416e-120,0.9933110367892977
tree,cp,20.0,5,11,attacker,9.988333299999999,0.330000004384783,0.33333333771811635,0.9654915824915825,0.0344475769895522,0.0013333333333333335,0.0,0.03400725030241368,1.0,30.060142107023413,25.422519197324416,25.422301939799333,0.2939958592132505,0.7681173446623784,0.000868061057690406,0.0,0.7878387731047315,0.8309081521286955
tree,cp,30.0,1,0,router,0.3333333708796625,0.3333333708796625,0.3333333708796625,0.0,1.0,0.8033333333333333,0.0,1.0,1.0,71.91291772575251,71.91291772575251,71.91291772575251,0.0,1.0,0.0004130179122842767,0.0,1.0,1.0
tree,cp,30.0,1,1,router,0.006666666666666667,0.006666666666666667,0.006666666666666667,0.0,1.0,0.8,0.0,1.0,1.0,0.0535106293059858,0.04013377522117031,0.04013377522117031,0.013377926421404682,0.8461506686964594,0.4343812708889716,0.0,0.8461506686964594,1.0
tree,cp,30.0,1,2,router,0.6700000932667606,0.3400000375463292,0.3400000375463292,0.06828457459852809,0.022492865337810867,0.8,0.0,0.02249286968419144,1.0,71.96642943143813,71.9664283550585,71.9664283550585,0.0,0.999055324810202,0.00018651955170427616,0.0,1.0000000163359954,1.0
tree,cp,30.0,1,3,router,1.0000000353912584,0.3366666701587499,0.3366666701587499,0.1687315333540824,0.023821894547200653,0.6087984986062608,0.0,0.023697468418183158,1.0,72.81118829431439,71.96642943143813,71.91291772575251,0.03259644018625686,0.9835109592165168,0.00018467147461448622,0.0,0.9835072747028581,0.9990513857428341
tree,cp,30.0,1,4,router,0.6666667126708652,0.3333334231080107,0.3333334231080107,0.11692847892847893,0.08708605327868278,0.576667106153205,0.0,0.08677108417449789,1.0,3.6418198290593655e-96,1.8909405551839756e-174,1.8909405551839756e-174,0.0,1.0,1.0,0.0,3.7869018387886765e-79,0.7290969899665551
tree,cp,30.0,1,5,router,0.6666666243578683,0.3333333114369584,0.3333333114369584,0.1221493043993044,0.07684571952371344,0.4284046933337204,0.0,0.076454151057957,1.0,36.329683277591975,36.31965016722408,36.31965016722408,0.0001781589882276381,0.999749076640135,0.0003666097629284621,0.0,0.9997576480024385,1.0
tree,cp,30.0,1,6,attacker,9.988333299999999,0.3299999651950502,0.3333333318617169,0.9654545454545455,0.03420383870500584,0.0013333333333333335,0.0,0.034133879054547664,1.0,40.065272909699,36.4915381270903,36.4915381270903,0.1797120377840264,0.8858704296650731,0.00033708925909059923,0.0,0.8847016414181921,1.0
tree,cp,30.0,1,7,benign_consumer,9.988333299999999,0.33000009209258313,0.33333339209258317,0.9654915824915825,0.03443217718717723,0.0013333333333333335,0.0,0.03399185383337538,1.0,10.0,3.663259602378636e-154,3.663259602378636e-154,0.9982264112698896,0.0003344481605351171,0.0016722408026755853,0.0,3.6632596023786362e-155,0.8260869565217391
tree,cp,30.0,1,8,benign_consumer,9.988333299999999,0.3300000210726942,0.3333333544060276,0.9654545454545455,0.034173868138920364,0.0013333333333333335,0.0,0.03410391182185552,1.0,10.0,4.100320664717012e-131,4.100320664717012e-131,0.9982264112698896,0.0003344481605351171,0.0016722408026755853,0.0,4.1003206647170124e-132,0.9364548494983278
tree,cp,30.0,1,9,benign_consumer,9.988333299999999,0.329999991598171,0.3333333582648377,0.9655286195286196,0.03430494239804996,0.0013333333333333335,0.0,0.03386461237722141,1.0,10.0,3.6418198290593655e-96,3.6418198290593655e-96,0.9982264112698896,0.0003344481605351171,0.0016722408026755853,0.0,3.6418198290593657e-97,1.0
tree,cp,30.0,1,10,benign_consumer,9.988333299999999,0.3299999856652093,0.333333352331876,0.9654545454545455,0.03412081029804248,0.0013333333333333335,0.0,0.0340508506475843,1.0,10.0,1.909360831137492e-109,1.909360831137492e-109,0.9982264112698896,0.0003344481605351171,0.0016722408026755853,0.0,1.9093608311374923e-110,1.0
tree,cp,30.0,1,11,attacker,9.988333299999999,0.32999993869265887,0.3333332720259922,0.9655286195286196,0.0343572956346876,0.0013333333333333335,0.0,0.033916968947252386,1.0,40.065272909699,36.329683277591975,36.32633846153846,0.18269129599314918,0.8817618909447437,0.00033708925909059923,0.0,0.880824431759555,0.9999133731140765
tree,cp,30.0,2,0,router,0.3333333486083269,0.3333333486083269,0.3333333486083269,0.0,1.0,0.8033333333333333,0.0,1.0,1.0,72.02209130434782,72.02209130434782,72.02209130434782,0.0,1.0,0.00040716552469142206,0.0,1.0,1.0
tree,cp,30.0,2,1,router,0.006666666666666667,0.006666666666666667,0.006666666666666667,0.0,1.0,0.8,0.0,1.0,1.0,0.04347825782252011,0.040133776209146016,0.040133776209146016,0.0033444816053511705,0.8964866915223167,0.2576613115161773,0.0,0.8964866915223167,1.0
tree,cp,30.0,2,2,router,0.6666665817067454,0.34000001527499357,0.34000001527499357,0.07373688401606023,0.024846837539540926,0.8,0.0,0.024846842308300938,1.0,72.06556454849499,72.06556956217034,72.06556956217034,0.0,0.9991977556493394,0.00018515870459158366,0.0,1.0000000669172908,1.0
tree,cp,30.0,2,3,router,0.9999999612056515,0.3333333144620005,0.3333333144620005,0.15453056933320092,0.02423461756435248,0.660000000000007,0.0,0.024234614858254754,1.0,72.94115317725753,72.06556454849499,72.02209130434782,0.03294487604076455,0.983159370106285,0.0001834222215857255,0.0,0.983118513483116,0.9991977544555122
tree,cp,30.0,2,4,router,0.6666664818332589,0.3333332672447449,0.3333332672447449,0.11170804780015307,0.06707661848256287,0.6261196718646783,0.0,0.06587916756767506,1.0,8.59899652879976e-146,7.563754515053059e-176,7.563754515053059e-176,0.0,0.8662207357859532,0.8662207357859532,0.0,0.13377926421404682,0.7224080267558528
tree,cp,30.0,2,5,router,0.6666667541030673,0.33333344913422774,0.33333344913422774,0.12144358092887506,0.092893370562294,0.46466624644163357,0.0,0.09289339191707988,1.0,36.402876923076924,36.39284381270903,36.39284381270903,0.00018138061616322485,0.9998270029302221,0.00036586791877330817,0.0,0.9997465560170039,1.0
tree,cp,30.0,2,6,attacker,9.988333299999999,0.33000000581679534,0.3333333058167953,0.9654915824915825,0.03448122780394101,0.0013333333333333335,0.0,0.03404090445013916,1.0,40.065272909699,36.548309364548494,36.548309364548494,0.17765052125351485,0.8871661171051648,0.00033708925909059923,0.0,0.8859973636517136,1.0
tree,cp,30.0,2,7,benign_consumer,9.988333299999999,0.329999872921295,0.33333320625462837,0.9655286195286196,0.03429509180035645,0.0013333333333333335,0.0,0.03385476511292123,1.0,10.0,9.391759906730816e-176,9.391759906730816e-176,0.9982264112698896,0.0003344481605351171,0.0016722408026755853,0.0,9.391759906730815e-177,0.7224080267558528
tree,cp,30.0,2,8,benign_consumer,9.988333299999999,0.3299999177627134,0.3333332177627134,0.9654915824915825,0.034471442764021344,0.0013333333333333335,0.0,0.034031119410219496,1.0,10.0,8.59899652879976e-146,8.59899652879976e-146,0.9982264112698896,0.0003344481605351171,0.0016722408026755853,0.0,8.598996528799762e-147,0.8662207357859532
tree,cp,30.0,2,9,benign_consumer,9.988333299999999,0.3299999307372122,0.33333326407054553,0.9654545454545455,0.034135222123026075,0.0013333333333333335,0.0,0.03406526580596123,1.0,10.0,3.0018775580976967e-170,3.0018775580976967e-170,0.9982264112698896,0.0003344481605351171,0.0016722408026755853,0.0,3.001877558097696e-171,0.7491638795986622
tree,cp,30.0,2,10,benign_consumer,9.988333299999999,0.3300000586054476,0.3333333919387809,0.9655286195286196,0.034342364769994006,0.0013333333333333335,0.0,0.033902038082558796,1.0,10.0,1.9551876303850336e-116,1.9551876303850336e-116,0.9982264112698896,0.0003344481605351171,0.0016722408026755853,0.0,1.9551876303850335e-117,1.0
tree,cp,30.0,2,11,attacker,9.988333299999999,0.33000002883095303,0.33333336216428633,0.9654915824915825,0.034424378362579236,0.0013333333333333335,0.0,0.03398405167544072,1.0,40.065272909699,36.402876923076924,36.402876923076924,0.18233370929379483,0.8835975610974727,0.00033708925909059923,0.0,0.8824749583393428,1.0
tree,cp,30.0,3,0,router,0.3333333637375,0.3333333637375,0.3333333637375,0.0,1.0,0.8033333333333333,0.0,1.0,1.0,71.87664949832777,71.87664949832777,71.87664949832777,0.0,1.0,0.0004182898713091232,0.0,1.0,1.0
tree,cp,30.0,3,1,router,0.003424657534246575,0.003424657534246575,0.003424657534246575,0.0,1.0,0.821917808219178,0.0,1.0,1.0,0.06622072860775483,0.05953176619405278,0.05953176619405278,0.006688963210702341,0.9263710754254335,0.22787960048532996,0.0,0.9263710754254335,1.0
tree,cp,30.0,3,2,router,0.66666665923766,0.33666669707083335,0.33666669707083335,0.0722529098698514,0.0195973888051672,0.6066781829776281,0.0,0.01940484669074879,1.0,71.94286153846154,71.94287022693551,71.94287022693551,0.0,0.9989319745775295,0.0001888218607280755,0.0,1.0000000893558032,1.0
tree,cp,30.0,3,3,router,0.99999988454307,0.3333333398213754,0.3333333398213754,0.14571437901872686,0.018447404178909083,0.6166709743295886,0.0,0.018447402829188816,1.0,72.88130468227425,71.94286153846154,71.87664949832777,0.0344366026498914,0.9821302204181555,0.00018695075513297386,0.0,0.98212624225603,0.9989319745775295
tree,cp,30.0,3,4,router,0.6666665936093982,0.33333331941628447,0.33333331941628447,0.13959456235772025,0.06994725683053096,0.6040289278001503,0.0,0.06994726341347562,1.0,2.2048636648086874e-151,9.236074335271697e-167,9.236074335271697e-167,0.0,0.8394648829431438,0.8394648829431438,0.0,0.16053511705685652,0.7658862876254181
tree,cp,30.0,3,5,router,0.6666665710334964,0.33333332874536575,0.33333332874536575,0.12280987190197716,0.06125374931040419,0.2572183669462852,0.0,0.06125374406774221,1.0,36.51924882943144,36.51590434782609,36.51590434782609,6.431695394906098e-05,0.9999278260808894,0.0003751155408371892,0.0,0.9999097836183514,1.0
tree,cp,30.0,3,6,attacker,9.988333299999999,0.33000003359633345,0.3333333335963335,0.9654915824915825,0.03444799107862353,0.0013333333333333335,0.0,0.03400766772482168,1.0,40.065272909699,36.36540033444816,36.36540033444816,0.18821275837491092,0.8807810701752964,0.00033708925909059923,0.0,0.8796562310091521,1.0
tree,cp,30.0,3,7,benign_consumer,9.988333299999999,0.3299999222013707,0.33333322220137074,0.9654915824915825,0.03444229486600891,0.0013333333333333335,0.0,0.03400197151220705,1.0,10.0,9.454724204418862e-174,9.454724204418862e-174,0.9982264112698896,0.0003344481605351171,0.0016722408026755853,0.0,9.454724204418862e-175,0.7324414715719063
tree,cp,30.0,3,8,benign_consumer,9.988333299999999,0.3299999482356815,0.3333332482356815,0.9655218855218854,0.03442723930984738,0.0013333333333333335,0.0,0.03398691595604553,1.0,10.0,2.201341514678591e-151,2.201341514678591e-151,0.9982264112698896,0.0003344481605351171,0.0016722408026755853,0.0,2.2013415146785912e-152,0.8394648829431438
tree,cp,30.0,3,9,benign_consumer,9.988333299999999,0.33000001204038326,0.3333333453737166,0.9654848484848484,0.034186444357031144,0.0013333333333333335,0.0,0.0341164880399663,1.0,10.0,3.5221501300962835e-154,3.5221501300962835e-154,0.9982264112698896,0.0003344481605351171,0.0016722408026755853,0.0,3.522150130096284e-155,0.8260869565217391
tree,cp,30.0,3,10,benign_consumer,9.988333299999999,0.330000009860751,0.333333309860751,0.9655218855218854,0.03447662863004319,0.0013333333333333335,0.0,0.03403630527624134,1.0,10.0,1.0750124624992137e-143,1.0750124624992137e-143,0.9982264112698896,0.0003344481605351171,0.0016722408026755853,0.0,1.0750124624992136e-144,0.8762541806020067
tree,cp,30.0,3,11,attacker,9.988333299999999,0.3299999278394121,0.3333332611727454,0.9654545454545455,0.03415694828899838,0.0013333333333333335,0.0,0.034086991971933545,1.0,40.065272909699,36.51924882943144,36.51924882943144,0.17249493497711602,0.8884507890747333,0.00033708925909059923,0.0,0.887052255324337,1.0
tree,cp,30.0,4,0,router,0.33333331781753334,0.33333331781753334,0.33333331781753334,0.0,1.0,0.8033333333333333,0.0,1.0,1.0,71.65584882943143,71.65584882943143,71.65584882943143,0.0,1.0,0.0004419785404280766,0.0,1.0,1.0
tree,cp,30.0,4,1,router,0.0,0.0,0.0,0.0,0.0,0.0,0.0,1.0,0.0,0.016722407958256486,0.013377926352905316,0.013377926352905316,0.0033444816053511705,0.2809364548494983,0.30769231762408,0.0,0.6789297658862876,0.6020066889632107
tree,cp,30.0,4,2,router,0.6666667601744584,0.33333331781753334,0.33333331781753334,0.06556890331890332,0.023995152533587315,0.8,0.0,0.02399515216699633,1.0,71.67256923076923,71.67257123738969,71.67257123738969,0.0,0.9996616921633242,0.00018989681414082455,0.0,1.0000000162286222,1.0
tree,cp,30.0,4,3,router,1.0000000557964432,0.3333333557915875,0.3333333557915875,0.16323927706280647,0.022277185103717193,0.6079889987347289,0.0,0.022277190061396068,1.0,72.56473244147158,71.67256923076923,71.65584882943143,0.03835663519094706,0.981826287141045,0.0001879375758954581,0.0,0.9818258695737656,0.9996616921633242
tree,cp,30.0,4,4,router,0.666666547201053,0.3333334043828709,0.3333334043828709,0.13589237614237612,0.05005252279234638,0.49151426428712447,0.0,0.050052542670806964,1.0,2.9833854849838197e-105,3.978532596073998e-189,3.978532596073998e-189,0.0,1.0,1.0,0.0,8.789066075143154e-85,0.6588628762541806
tree,cp,30.0,4,5,router,0.6666666236737315,0.33333327841781135,0.33333327841781135,0.11275012025012025,0.052279597720771925,0.6400000000682886,0.0,0.052279585369490254,1.0,36.25377491638796,36.24374214046823,36.24374214046823,0.0001824262693827911,0.9998358055028961,0.00037253023820286725,0.0,0.9997536987114493,1.0
tree,cp,30.0,4,6,attacker,9.988333299999999,0.33000003873917744,0.3333334054058441,0.9654915824915825,0.03442466501830483,0.0013333333333333335,0.0,0.033984334997832974,1.0,40.065272909699,36.32099030100334,36.32099030100334,0.18361517313762502,0.8819395764841107,0.00033708925909059923,0.0,0.8806709786318657,1.0
tree,cp,30.0,4,7,benign_consumer,9.988333299999999,0.33000000530612117,0.33333337197278784,0.9655656565656566,0.03422646052735956,0.0013333333333333335,0.0,0.03378613050688771,1.0,10.0,1.7197992043850463e-146,1.7197992043850463e-146,0.9982264112698896,0.0003344481605351171,0.0016722408026755853,0.0,1.7197992043850463e-147,0.862876254180602
tree,cp,30.0,4,8,benign_consumer,9.988333299999999,0.3299999678731657,0.3333332678731657,0.9654915824915825,0.03448099340937442,0.0013333333333333335,0.0,0.03404067005557257,1.0,10.0,2.9833854849838197e-105,2.9833854849838197e-105,0.9982264112698896,0.0003344481605351171,0.0016722408026755853,0.0,2.98338548498382e-106,1.0
tree,cp,30.0,4,9,benign_consumer,9.988333299999999,0.3299999793278873,0.3333332793278873,0.9655218855218854,0.034401663518563476,0.0013333333333333335,0.0,0.03396134016476163,1.0,10.0,3.3589849080266287e-140,3.3589849080266287e-140,0.9982264112698896,0.0003344481605351171,0.0016722408026755853,0.0,3.358984908026629e-141,0.8929765886287625
tree,cp,30.0,4,10,benign_consumer,9.988333299999999,0.3300000117305001,0.33333334506383344,0.9654545454545455,0.03417391472129743,0.0013333333333333335,0.0,0.03410395840423259,1.0,10.0,1.408859160494607e-155,1.408859160494607e-155,0.9982264112698896,0.0003344481605351171,0.0016722408026755853,0.0,1.4088591604946069e-156,0.8193979933110368
tree,cp,30.0,4,11,attacker,9.988333299999999,0.3299999119432314,0.3333332786098981,0.9654545454545455,0.03419089872096734,0.0013333333333333335,0.0,0.03412093907056583,1.0,40.065272909699,36.25377491638796,36.25377491638796,0.19172629164610633,0.878128266901815,0.00033708925909059923,0.0,0.8768367110135923,1.0
tree,cp,30.0,5,0,router,0.33333331195874366,0.33333331195874366,0.33333331195874366,0.0,1.0,0.8033333333333333,0.0,1.0,1.0,71.87733244147158,71.87733244147158,71.87733244147158,0.0,1.0,0.000423458922611894,0.0,1.0,1.0
tree,cp,30.0,5,1,router,0.013333333333334588,0.013333333333334588,0.013333333333334588,0.0,1.0,0.8,0.0,1.0,1.0,0.0668894116483758,0.04682273823565517,0.04682273823565517,0.020066889632107024,0.695833385332582,0.1789151052002548,0.0,0.695833385332582,1.0
tree,cp,30.0,5,2,router,0.6699999806420528,0.34666664529207825,0.34666664529207825,0.06729177355152588,0.026045658491332037,0.8,0.0,0.026151116652053608,1.0,71.94421739130435,71.94422185311994,71.94422185311994,0.0,0.9987955143922616,0.00018873761329943478,0.0,1.0000000384903536,1.0
tree,cp,30.0,5,3,router,1.000000006970829,0.336666610799579,0.333333310799579,0.16396758438693923,0.021028978464236583,0.6166688832684428,0.0,0.02102897002855987,0.999820826917036,72.7863558528428,71.94421739130435,71.87733244147158,0.03347899898266052,0.9834922747656469,0.00018688047901564106,0.0,0.9834833623684642,0.9987955143922616
tree,cp,30.0,5,4,router,0.6666666671305648,0.3333333698424738,0.3333333698424738,0.11799104816751876,0.05086065527749478,0.436678191513161,0.0,0.05062203170946469,1.0,8.010995527587007e-125,1.210200669185577e-178,1.210200669185577e-178,0.0,0.9665551839464883,0.9665551839464883,0.0,0.033444816053511704,0.7090301003344481
tree,cp,30.0,5,5,router,0.6666667226571608,0.3333332753881212,0.3333332753881212,0.11078872053872053,0.06668944228455195,0.45107872767778173,0.0,0.06668944465530775,1.0,36.43095852842809,36.42426989966555,36.42426989966555,0.00012161751292186074,0.9998465222077625,0.0003771673635275963,0.0,0.9998294685305925,1.0
tree,cp,30.0,5,6,attacker,9.988333299999999,0.33000009095496563,0.33333339095496567,0.9655656565656566,0.034217691400823376,0.0013333333333333335,0.0,0.03377736804702152,1.0,40.065272909699,36.36208595317726,36.36208595317726,0.1941490500471256,0.8793775198882001,0.00033708925909059923,0.0,0.8782548383729006,1.0
tree,cp,30.0,5,7,benign_consumer,9.988333299999999,0.32999997396107555,0.3333333406277422,0.9654545454545455,0.03418758629524048,0.0013333333333333335,0.0,0.034117626644838965,1.0,10.0,3.606915517976924e-161,3.606915517976924e-161,0.9982264112698896,0.0003344481605351171,0.0016722408026755853,0.0,3.606915517976924e-162,0.7926421404682275
tree,cp,30.0,5,8,benign_consumer,9.988333299999999,0.32999992938286193,0.3333332627161953,0.9654915824915825,0.03447216997256022,0.0013333333333333335,0.0,0.0340318432854217,1.0,10.0,8.010995527587007e-125,8.010995527587007e-125,0.9982264112698896,0.0003344481605351171,0.0016722408026755853,0.0,8.010995527587006e-126,0.9665551839464883
tree,cp,30.0,5,9,benign_consumer,9.988333299999999,0.33000007108103613,0.3333334044143694,0.9655286195286196,0.03434410673539841,0.0013333333333333335,0.0,0.03390378004796319,1.0,10.0,8.59899652879976e-146,8.59899652879976e-146,0.9982264112698896,0.0003344481605351171,0.0016722408026755853,0.0,8.598996528799762e-147,0.8662207357859532
tree,cp,30.0,5,10,benign_consumer,9.988333299999999,0.3300000182723777,0.33333338493904435,0.9656026936026937,0.034094332949800916,0.0013333333333333335,0.0,0.033654002929029044,1.0,10.0,3.1282992813546417e-119,3.1282992813546417e-119,0.9982264112698896,0.0003344481605351171,0.0016722408026755853,0.0,3.1282992813546416e-120,0.9933110367892977
tree,cp,30.0,5,11,attacker,9.988333299999999,0.330000004384783,0.33333333771811635,0.9654915824915825,0.0344475769895522,0.0013333333333333335,0.0,0.03400725030241368,1.0,40.065272909699,36.43095852842809,36.43095852842809,0.18316467329296982,0.8837039502518469,0.00033708925909059923,0.0,0.8825019387079353,1.0
tree,cp,50.0,1,0,router,0.3333333708796625,0.3333333708796625,0.3333333708796625,0.0,1.0,0.8033333333333333,0.0,1.0,1.0,113.5543846153846,113.5543846153846,113.5543846153846,0.0,1.0,0.0001251317379047147,0.0,1.0,1.0
tree,cp,50.0,1,1,router,0.006666666666666667,0.006666666666666667,0.006666666666666667,0.0,1.0,0.8,0.0,1.0,1.0,0.0836056105408958,0.05016721969452546,0.05016721969452546,0.03177257525083612,0.5788280374989183,0.30085925964296456,0.0,0.5788280374989183,1.0
tree,cp,50.0,1,2,router,0.6700000932667606,0.3400000375463292,0.3400000375463292,0.06828457459852809,0.022492865337810867,0.8,0.0,0.02249286968419144,1.0,113.64470234113713,113.63799022592552,113.63799022592552,5.945862525316161e-05,0.9992118809284943,0.00015454657432236075,0.0,0.9999402978958164,1.0
tree,cp,50.0,1,3,router,1.0000000353912584,0.3366666701587499,0.3366666701587499,0.1687315333540824,0.023821894547200653,0.6087984986062608,0.0,0.023697468418183158,1.0,114.54970769230769,113.64470234113713,113.56109030100336,0.007878731330123703,0.9920677290032741,0.0001535858612631044,0.0,0.9921203657606686,0.9992703308357629
tree,cp,50.0,1,4,router,0.6666667126708652,0.3333334231080107,0.3333334231080107,0.11692847892847893,0.08708605327868278,0.576667106153205,0.0,0.08677108417449789,1.0,3.6418198290593655e-96,1.8909405551839756e-174,1.8909405551839756e-174,0.0,1.0,1.0,0.0,3.7869018387886765e-79,0.7290969899665551
tree,cp,50.0,1,5,router,0.6666666243578683,0.3333333114369584,0.3333333114369584,0.1221493043993044,0.07684571952371344,0.4284046933337204,0.0,0.076454151057957,1.0,57.21574280936454,57.20905384615384,57.20236454849499,0.00011735023176670773,0.9998096529207253,0.00030535227795658456,0.0,0.9998542964003243,0.9998825054864231
tree,cp,50.0,1,6,attacker,9.988333299999999,0.3299999651950502,0.3333333318617169,0.9654545454545455,0.03420383870500584,0.0013333333333333335,0.0,0.034133879054547664,1.0,59.958193812709034,57.34065384615385,57.34065384615385,0.043370498591453685,0.9569089536559374,0.00028794542401709613,0.0,0.9562901670273818,1.0
tree,cp,50.0,1,7,benign_consumer,9.988333299999999,0.33000009209258313,0.33333339209258317,0.9654915824915825,0.03443217718717723,0.0013333333333333335,0.0,0.03399185383337538,1.0,10.0,3.663259602378636e-154,3.663259602378636e-154,0.9982264112698896,0.0003344481605351171,0.0016722408026755853,0.0,3.6632596023786362e-155,0.8260869565217391
tree,cp,50.0,1,8,benign_consumer,9.988333299999999,0.3300000210726942,0.3333333544060276,0.9654545454545455,0.034173868138920364,0.0013333333333333335,0.0,0.03410391182185552,1.0,10.0,4.100320664717012e-131,4.100320664717012e-131,0.9982264112698896,0.0003344481605351171,0.0016722408026755853,0.0,4.1003206647170124e-132,0.9364548494983278
tree,cp,50.0,1,9,benign_consumer,9.988333299999999,0.329999991598171,0.3333333582648377,0.9655286195286196,0.03430494239804996,0.0013333333333333335,0.0,0.03386461237722141,1.0,10.0,3.6418198290593655e-96,3.6418198290593655e-96,0.9982264112698896,0.0003344481605351171,0.0016722408026755853,0.0,3.6418198290593657e-97,1.0
tree,cp,50.0,1,10,benign_consumer,9.988333299999999,0.3299999856652093,0.333333352331876,0.9654545454545455,0.03412081029804248,0.0013333333333333335,0.0,0.0340508506475843,1.0,10.0,1.909360831137492e-109,1.909360831137492e-109,0.9982264112698896,0.0003344481605351171,0.0016722408026755853,0.0,1.9093608311374923e-110,1.0
tree,cp,50.0,1,11,attacker,9.988333299999999,0.32999993869265887,0.3333332720259922,0.9655286195286196,0.0343572956346876,0.0013333333333333335,0.0,0.033916968947252386,1.0,59.958193812709034,57.21574280936454,57.20905351170569,0.04545880883193784,0.9547846318879953,0.00028794542401709613,0.0,0.9542189547048932,0.9998825054864231
tree,cp,50.0,2,0,router,0.3333333486083269,0.3333333486083269,0.3333333486083269,0.0,1.0,0.8033333333333333,0.0,1.0,1.0,113.62933110367892,113.62933110367892,113.62933110367892,0.0,1.0,0.0001234452488113817,0.0,1.0,1.0
tree,cp,50.0,2,1,router,0.006666666666666667,0.006666666666666667,0.006666666666666667,0.0,1.0,0.8,0.0,1.0,1.0,0.08361074899175852,0.056855112690726295,0.056855112690726295,0.02508361204013378,0.66831245031365,0.13658922268188922,0.0,0.66831245031365,1.0
tree,cp,50.0,2,2,router,0.6666665817067454,0.34000001527499357,0.34000001527499357,0.07373688401606023,0.024846837539540926,0.8,0.0,0.024846842308300938,1.0,113.71628428093646,113.71294185267068,113.71294185267068,2.908244874218409e-05,0.9992409708804657,0.00015434731089440936,0.0,0.9999706916736125,1.0
tree,cp,50.0,2,3,router,0.9999999612056515,0.3333333144620005,0.3333333144620005,0.15453056933320092,0.02423461756435248,0.660000000000007,0.0,0.024234614858254754,1.0,114.67545852842808,113.71628428093646,113.63267892976589,0.00832823190290778,0.9916668776896108,0.00015291269180347868,0.0,0.991658321185681,0.999264179391926
tree,cp,50.0,2,4,router,0.6666664818332589,0.3333332672447449,0.3333332672447449,0.11170804780015307,0.06707661848256287,0.6261196718646783,0.0,0.06587916756767506,1.0,8.59899652879976e-146,7.563754515053059e-176,7.563754515053059e-176,0.0,0.8662207357859532,0.8662207357859532,0.0,0.13377926421404682,0.7224080267558528
tree,cp,50.0,2,5,router,0.6666667541030673,0.33333344913422774,0.33333344913422774,0.12144358092887506,0.092893370562294,0.46466624644163357,0.0,0.09289339191707988,1.0,57.28173277591973,57.271699331103676,57.26835518394649,0.0001771092475740152,0.9998081429950406,0.0003043975455840331,0.0,0.9997913659185427,0.9999427332047091
tree,cp,50.0,2,6,attacker,9.988333299999999,0.33000000581679534,0.3333333058167953,0.9654915824915825,0.03448122780394101,0.0013333333333333335,0.0,0.03404090445013916,1.0,59.958193812709034,57.40375919732441,57.40375919732441,0.0423123265425475,0.9580718513856471,0.00028794542401709613,0.0,0.9573415864962037,1.0
tree,cp,50.0,2,7,benign_consumer,9.988333299999999,0.329999872921295,0.33333320625462837,0.9655286195286196,0.03429509180035645,0.0013333333333333335,0.0,0.03385476511292123,1.0,10.0,9.391759906730816e-176,9.391759906730816e-176,0.9982264112698896,0.0003344481605351171,0.0016722408026755853,0.0,9.391759906730815e-177,0.7224080267558528
tree,cp,50.0,2,8,benign_consumer,9.988333299999999,0.3299999177627134,0.3333332177627134,0.9654915824915825,0.034471442764021344,0.0013333333333333335,0.0,0.034031119410219496,1.0,10.0,8.59899652879976e-146,8.59899652879976e-146,0.9982264112698896,0.0003344481605351171,0.0016722408026755853,0.0,8.598996528799762e-147,0.8662207357859532
tree,cp,50.0,2,9,benign_consumer,9.988333299999999,0.3299999307372122,0.33333326407054553,0.9654545454545455,0.034135222123026075,0.0013333333333333335,0.0,0.03406526580596123,1.0,10.0,3.0018775580976967e-170,3.0018775580976967e-170,0.9982264112698896,0.0003344481605351171,0.0016722408026755853,0.0,3.001877558097696e-171,0.7491638795986622
tree,cp,50.0,2,10,benign_consumer,9.988333299999999,0.3300000586054476,0.3333333919387809,0.9655286195286196,0.034342364769994006,0.0013333333333333335,0.0,0.033902038082558796,1.0,10.0,1.9551876303850336e-116,1.9551876303850336e-116,0.9982264112698896,0.0003344481605351171,0.0016722408026755853,0.0,1.9551876303850335e-117,1.0
tree,cp,50.0,2,11,attacker,9.988333299999999,0.33000002883095303,0.33333336216428633,0.9654915824915825,0.034424378362579236,0.0013333333333333335,0.0,0.03398405167544072,1.0,59.958193812709034,57.28173277591973,57.27838862876254,0.04437475686584738,0.955993335233134,0.00028794542401709613,0.0,0.9553091303330044,0.9999427332047091
tree,cp,50.0,3,0,router,0.3333333637375,0.3333333637375,0.3333333637375,0.0,1.0,0.8033333333333333,0.0,1.0,1.0,113.51977926421404,113.51977926421404,113.51977926421404,0.0,1.0,0.00012622936045592905,0.0,1.0,1.0
tree,cp,50.0,3,1,router,0.003424657534246575,0.003424657534246575,0.003424657534246575,0.0,1.0,0.821917808219178,0.0,1.0,1.0,0.09632105988584012,0.07625417410455447,0.07625417410455447,0.01839464882943144,0.811771134635976,0.22787959859829102,0.0,0.811771134635976,1.0
tree,cp,50.0,3,2,router,0.66666665923766,0.33666669707083335,0.33666669707083335,0.0722529098698514,0.0195973888051672,0.6066781829776281,0.0,0.01940484669074879,1.0,113.62277926421406,113.61610032409988,113.61610032409988,5.842892032540571e-05,0.9990973004969022,0.00015665183325390476,0.0,0.9999414243609174,1.0
tree,cp,50.0,3,3,router,0.99999988454307,0.3333333398213754,0.3333333398213754,0.14571437901872686,0.018447404178909083,0.6166709743295886,0.0,0.018447402829188816,1.0,114.59535284280935,113.62277926421406,113.52647491638795,0.008451529407541254,0.991485454633124,0.0001549886540009734,0.0,0.991537614200641,0.999156021712976
tree,cp,50.0,3,4,router,0.6666665936093982,0.33333331941628447,0.33333331941628447,0.13959456235772025,0.06994725683053096,0.6040289278001503,0.0,0.06994726341347562,1.0,2.2048636648086874e-151,9.236074335271697e-167,9.236074335271697e-167,0.0,0.8394648829431438,0.8394648829431438,0.0,0.16053511705685652,0.7658862876254181
tree,cp,50.0,3,5,router,0.6666665710334964,0.33333332874536575,0.33333332874536575,0.12280987190197716,0.06125374931040419,0.2572183669462852,0.0,0.06125374406774221,1.0,57.33786086956522,57.33786086956522,57.33117224080267,0.0,0.9998849956548176,0.00031222953995759266,0.0,1.0,0.9998849956548176
tree,cp,50.0,3,6,attacker,9.988333299999999,0.33000003359633345,0.3333333335963335,0.9654915824915825,0.03444799107862353,0.0013333333333333335,0.0,0.03400766772482168,1.0,59.958193812709034,57.25749197324414,57.25749197324414,0.044738152676499075,0.9554761992664359,0.00028794542401709613,0.0,0.9548965541628824,1.0
tree,cp,50.0,3,7,benign_consumer,9.988333299999999,0.3299999222013707,0.33333322220137074,0.9654915824915825,0.03444229486600891,0.0013333333333333335,0.0,0.03400197151220705,1.0,10.0,9.454724204418862e-174,9.454724204418862e-174,0.9982264112698896,0.0003344481605351171,0.0016722408026755853,0.0,9.454724204418862e-175,0.7324414715719063
tree,cp,50.0,3,8,benign_consumer,9.988333299999999,0.3299999482356815,0.3333332482356815,0.9655218855218854,0.03442723930984738,0.0013333333333333335,0.0,0.03398691595604553,1.0,10.0,2.201341514678591e-151,2.201341514678591e-151,0.9982264112698896,0.0003344481605351171,0.0016722408026755853,0.0,2.2013415146785912e-152,0.8394648829431438
tree,cp,50.0,3,9,benign_consumer,9.988333299999999,0.33000001204038326,0.3333333453737166,0.9654848484848484,0.034186444357031144,0.0013333333333333335,0.0,0.0341164880399663,1.0,10.0,3.5221501300962835e-154,3.5221501300962835e-154,0.9982264112698896,0.0003344481605351171,0.0016722408026755853,0.0,3.522150130096284e-155,0.8260869565217391
tree,cp,50.0,3,10,benign_consumer,9.988333299999999,0.330000009860751,0.333333309860751,0.9655218855218854,0.03447662863004319,0.0013333333333333335,0.0,0.03403630527624134,1.0,10.0,1.0750124624992137e-143,1.0750124624992137e-143,0.9982264112698896,0.0003344481605351171,0.0016722408026755853,0.0,1.0750124624992136e-144,0.8762541806020067
tree,cp,50.0,3,11,attacker,9.988333299999999,0.3299999278394121,0.3333332611727454,0.9654545454545455,0.03415694828899838,0.0013333333333333335,0.0,0.034086991971933545,1.0,59.958193812709034,57.33786086956522,57.33117224080267,0.043344945028836686,0.9570786070430052,0.00028794542401709613,0.0,0.9562158342541339,0.9998849956548176
tree,cp,50.0,4,0,router,0.33333331781753334,0.33333331781753334,0.33333331781753334,0.0,1.0,0.8033333333333333,0.0,1.0,1.0,113.42617391304347,113.42617391304347,113.42617391304347,0.0,1.0,0.00012650335574875563,0.0,1.0,1.0
tree,cp,50.0,4,1,router,0.0,0.0,0.0,0.0,0.0,0.0,0.0,1.0,0.0,0.046822738656446324,0.03344481507101585,0.03344481507101585,0.013377926421404682,0.6321425546573104,0.21739130880028068,0.0,0.6956877051589826,0.9364548494983278
tree,cp,50.0,4,2,router,0.6666667601744584,0.33333331781753334,0.33333331781753334,0.06556890331890332,0.023995152533587315,0.8,0.0,0.02399515216699633,1.0,113.47966555183946,113.47299665169993,113.47299665169993,5.766776160843342e-05,0.9995324504023869,0.00015727632563478411,0.0,0.9999421757608344,1.0
tree,cp,50.0,4,3,router,1.0000000557964432,0.3333333557915875,0.3333333557915875,0.16323927706280647,0.022277185103717193,0.6079889987347289,0.0,0.022277190061396068,1.0,114.50221973244146,113.47966555183946,113.43285953177258,0.008899009574009886,0.9910448828732662,0.00015625475706706375,0.0,0.9910963897771371,0.9995904239636061
tree,cp,50.0,4,4,router,0.666666547201053,0.3333334043828709,0.3333334043828709,0.13589237614237612,0.05005252279234638,0.49151426428712447,0.0,0.050052542670806964,1.0,2.9833854849838197e-105,3.978532596073998e-189,3.978532596073998e-189,0.0,1.0,1.0,0.0,8.789066075143154e-85,0.6588628762541806
tree,cp,50.0,4,5,router,0.6666666236737315,0.33333327841781135,0.33333327841781135,0.11275012025012025,0.052279597720771925,0.6400000000682886,0.0,0.052279585369490254,1.0,57.20620133779264,57.19616856187291,57.18947926421404,0.0001824262693827911,0.9997337255650772,0.00030939823008771305,0.0,0.9997733435009486,0.9998848266770645
tree,cp,50.0,4,6,attacker,9.988333299999999,0.33000003873917744,0.3333334054058441,0.9654915824915825,0.03442466501830483,0.0013333333333333335,0.0,0.033984334997832974,1.0,59.958193812709034,57.306051170568566,57.306051170568566,0.04387249718682363,0.9566390487555579,0.00028794542401709613,0.0,0.955691051041027,1.0
tree,cp,50.0,4,7,benign_consumer,9.988333299999999,0.33000000530612117,0.33333337197278784,0.9655656565656566,0.03422646052735956,0.0013333333333333335,0.0,0.03378613050688771,1.0,10.0,1.7197992043850463e-146,1.7197992043850463e-146,0.9982264112698896,0.0003344481605351171,0.0016722408026755853,0.0,1.7197992043850463e-147,0.862876254180602
tree,cp,50.0,4,8,benign_consumer,9.988333299999999,0.3299999678731657,0.3333332678731657,0.9654915824915825,0.03448099340937442,0.0013333333333333335,0.0,0.03404067005557257,1.0,10.0,2.9833854849838197e-105,2.9833854849838197e-105,0.9982264112698896,0.0003344481605351171,0.0016722408026755853,0.0,2.98338548498382e-106,1.0
tree,cp,50.0,4,9,benign_consumer,9.988333299999999,0.3299999793278873,0.3333332793278873,0.9655218855218854,0.034401663518563476,0.0013333333333333335,0.0,0.03396134016476163,1.0,10.0,3.3589849080266287e-140,3.3589849080266287e-140,0.9982264112698896,0.0003344481605351171,0.0016722408026755853,0.0,3.358984908026629e-141,0.8929765886287625
tree,cp,50.0,4,10,benign_consumer,9.988333299999999,0.3300000117305001,0.33333334506383344,0.9654545454545455,0.03417391472129743,0.0013333333333333335,0.0,0.03410395840423259,1.0,10.0,1.408859160494607e-155,1.408859160494607e-155,0.9982264112698896,0.0003344481605351171,0.0016722408026755853,0.0,1.4088591604946069e-156,0.8193979933110368
tree,cp,50.0,4,11,attacker,9.988333299999999,0.3299999119432314,0.3333332786098981,0.9654545454545455,0.03419089872096734,0.0013333333333333335,0.0,0.03412093907056583,1.0,59.958193812709034,57.20620133779264,57.199512040133776,0.04557244549226018,0.9548211328664808,0.00028794542401709613,0.0,0.9540377267586733,0.9998848266770645
tree,cp,50.0,5,0,router,0.33333331195874366,0.33333331195874366,0.33333331195874366,0.0,1.0,0.8033333333333333,0.0,1.0,1.0,113.5521872909699,113.5521872909699,113.5521872909699,0.0,1.0,0.0001261788203806904,0.0,1.0,1.0
tree,cp,50.0,5,1,router,0.013333333333334588,0.013333333333334588,0.013333333333334588,0.0,1.0,0.8,0.0,1.0,1.0,0.09030077815893002,0.06020066533718443,0.06020066533718443,0.026755852842809364,0.7492540387638204,0.17891043354444552,0.0,0.7492540387638204,1.0
tree,cp,50.0,5,2,router,0.6699999806420528,0.34666664529207825,0.34666664529207825,0.06729177355152588,0.026045658491332037,0.8,0.0,0.026151116652053608,1.0,113.66254180602006,113.64248806912882,113.64248806912882,0.00017603901421432014,0.9990332155891357,0.0001554963179974151,0.0,0.9998240397166852,1.0
tree,cp,50.0,5,3,router,1.000000006970829,0.336666610799579,0.333333310799579,0.16396758438693923,0.021028978464236583,0.6166688832684428,0.0,0.02102897002855987,0.999820826917036,114.59833612040133,113.66254180602006,113.57224414715719,0.00813883726082704,0.9916884723501299,0.00015472140217655177,0.0,0.9918620912948342,0.9992092045078763
tree,cp,50.0,5,4,router,0.6666666671305648,0.3333333698424738,0.3333333698424738,0.11799104816751876,0.05086065527749478,0.436678191513161,0.0,0.05062203170946469,1.0,8.010995527587007e-125,1.210200669185577e-178,1.210200669185577e-178,0.0,0.9665551839464883,0.9665551839464883,0.0,0.033444816053511704,0.7090301003344481
tree,cp,50.0,5,5,router,0.6666667226571608,0.3333332753881212,0.3333332753881212,0.11078872053872053,0.06668944228455195,0.45107872767778173,0.0,0.06668944465530775,1.0,57.40386923076923,57.40052474916388,57.38045752508361,5.668612890425713e-05,0.9996059752240682,0.0003130935958247748,0.0,0.9999403971559483,0.9996536576623298
tree,cp,50.0,5,6,attacker,9.988333299999999,0.33000009095496563,0.33333339095496567,0.9655656565656566,0.034217691400823376,0.0013333333333333335,0.0,0.03377736804702152,1.0,59.958193812709034,57.19781137123746,57.19781137123746,0.045769204660865384,0.9546280967231623,0.00028794542401709613,0.0,0.9539074061811359,1.0
tree,cp,50.0,5,7,benign_consumer,9.988333299999999,0.32999997396107555,0.3333333406277422,0.9654545454545455,0.03418758629524048,0.0013333333333333335,0.0,0.034117626644838965,1.0,10.0,3.606915517976924e-161,3.606915517976924e-161,0.9982264112698896,0.0003344481605351171,0.0016722408026755853,0.0,3.606915517976924e-162,0.7926421404682275
tree,cp,50.0,5,8,benign_consumer,9.988333299999999,0.32999992938286193,0.3333332627161953,0.9654915824915825,0.03447216997256022,0.0013333333333333335,0.0,0.0340318432854217,1.0,10.0,8.010995527587007e-125,8.010995527587007e-125,0.9982264112698896,0.0003344481605351171,0.0016722408026755853,0.0,8.010995527587006e-126,0.9665551839464883
tree,cp,50.0,5,9,benign_consumer,9.988333299999999,0.33000007108103613,0.3333334044143694,0.9655286195286196,0.03434410673539841,0.0013333333333333335,0.0,0.03390378004796319,1.0,10.0,8.59899652879976e-146,8.59899652879976e-146,0.9982264112698896,0.0003344481605351171,0.0016722408026755853,0.0,8.598996528799762e-147,0.8662207357859532
tree,cp,50.0,5,10,benign_consumer,9.988333299999999,0.3300000182723777,0.33333338493904435,0.9656026936026937,0.034094332949800916,0.0013333333333333335,0.0,0.033654002929029044,1.0,10.0,3.1282992813546417e-119,3.1282992813546417e-119,0.9982264112698896,0.0003344481605351171,0.0016722408026755853,0.0,3.1282992813546416e-120,0.9933110367892977
tree,cp,50.0,5,11,attacker,9.988333299999999,0.330000004384783,0.33333333771811635,0.9654915824915825,0.0344475769895522,0.0013333333333333335,0.0,0.03400725030241368,1.0,59.958193812709034,57.40386923076923,57.38380200668896,0.04225417015866054,0.9577500822812669,0.00028794542401709613,0.0,0.9573290293263871,0.9996536576623298
tree,cp,100.0,1,0,router,0.3333333708796625,0.3333333708796625,0.3333333708796625,0.0,1.0,0.8033333333333333,0.0,1.0,1.0,215.50677591973243,215.50677591973243,215.50677591973243,0.0,1.0,6.594088643931248e-05,0.0,1.0,1.0
tree,cp,100.0,1,1,router,0.006666666666666667,0.006666666666666667,0.006666666666666667,0.0,1.0,0.8,0.0,1.0,1.0,0.1698932078519859,0.07357857792639697,0.07357857792639697,0.08974358974358974,0.5087830145310097,0.12162103575936625,0.0,0.5068878082879771,1.0
tree,cp,100.0,1,2,router,0.6700000932667606,0.3400000375463292,0.3400000375463292,0.06828457459852809,0.022492865337810867,0.8,0.0,0.02249286968419144,1.0,215.6967424749164,215.67666912758443,215.67666912758443,9.311965541067514e-05,0.9991234893903918,8.098597155770939e-05,0.0,0.9999069622465231,1.0
tree,cp,100.0,1,3,router,1.0000000353912584,0.3366666701587499,0.3366666701587499,0.1687315333540824,0.023821894547200653,0.6087984986062608,0.0,0.023697468418183158,1.0,216.49198327759197,215.6967424749164,215.52684615384615,0.003651937249918403,0.996240794973657,8.075382478819506e-05,0.0,0.9963330273797218,0.9992133261542989
tree,cp,100.0,1,4,router,0.6666667126708652,0.3333334231080107,0.3333334231080107,0.11692847892847893,0.08708605327868278,0.576667106153205,0.0,0.08677108417449789,1.0,3.6418198290593655e-96,1.8909405551839756e-174,1.8909405551839756e-174,0.0,1.0,1.0,0.0,3.7869018387886765e-79,0.7290969899665551
tree,cp,100.0,1,5,router,0.6666666243578683,0.3333333114369584,0.3333333114369584,0.1221493043993044,0.07684571952371344,0.4284046933337204,0.0,0.076454151057957,1.0,108.23675919732442,108.23341137123747,108.21000668896322,3.09674222717701e-05,0.9997840807601588,0.00016147199318316814,0.0,0.9999620763093517,0.9997841260058025
tree,cp,100.0,1,6,attacker,9.988333299999999,0.3299999651950502,0.3333333318617169,0.9654545454545455,0.03420383870500584,0.0013333333333333335,0.0,0.034133879054547664,1.0,109.91638628762541,108.25857190635452,108.25857190635452,0.014979355559065705,0.9850388568444655,0.00015761811057638466,0.0,0.9848914004069093,1.0
tree,cp,100.0,1,7,benign_consumer,9.988333299999999,0.33000009209258313,0.33333339209258317,0.9654915824915825,0.03443217718717723,0.0013333333333333335,0.0,0.03399185383337538,1.0,10.0,3.663259602378636e-154,3.663259602378636e-154,0.9982264112698896,0.0003344481605351171,0.0016722408026755853,0.0,3.6632596023786362e-155,0.8260869565217391
tree,cp,100.0,1,8,benign_consumer,9.988333299999999,0.3300000210726942,0.3333333544060276,0.9654545454545455,0.034173868138920364,0.0013333333333333335,0.0,0.03410391182185552,1.0,10.0,4.100320664717012e-131,4.100320664717012e-131,0.9982264112698896,0.0003344481605351171,0.0016722408026755853,0.0,4.1003206647170124e-132,0.9364548494983278
tree,cp,100.0,1,9,benign_consumer,9.988333299999999,0.329999991598171,0.3333333582648377,0.9655286195286196,0.03430494239804996,0.0013333333333333335,0.0,0.03386461237722141,1.0,10.0,3.6418198290593655e-96,3.6418198290593655e-96,0.9982264112698896,0.0003344481605351171,0.0016722408026755853,0.0,3.6418198290593657e-97,1.0
tree,cp,100.0,1,10,benign_consumer,9.988333299999999,0.3299999856652093,0.333333352331876,0.9654545454545455,0.03412081029804248,0.0013333333333333335,0.0,0.0340508506475843,1.0,10.0,1.909360831137492e-109,1.909360831137492e-109,0.9982264112698896,0.0003344481605351171,0.0016722408026755853,0.0,1.9093608311374923e-110,1.0
tree,cp,100.0,1,11,attacker,9.988333299999999,0.32999993869265887,0.3333332720259922,0.9655286195286196,0.0343572956346876,0.0013333333333333335,0.0,0.033916968947252386,1.0,109.91638628762541,108.23675919732442,108.21335451505017,0.015161234001813712,0.9847505462393084,0.00015761811057638466,0.0,0.98469386362566,0.9997841260058025
tree,cp,100.0,2,0,router,0.3333333486083269,0.3333333486083269,0.3333333486083269,0.0,1.0,0.8033333333333333,0.0,1.0,1.0,215.57579933110367,215.57579933110367,215.57579933110367,0.0,1.0,6.540817025505556e-05,0.0,1.0,1.0
tree,cp,100.0,2,1,router,0.006666666666666667,0.006666666666666667,0.006666666666666667,0.0,1.0,0.8,0.0,1.0,1.0,0.1672227658247396,0.0735775190208876,0.0735775190208876,0.08584169453734672,0.4803917725000353,0.04123321244947484,0.0,0.4803917725000353,1.0
tree,cp,100.0,2,2,router,0.6666665817067454,0.34000001527499357,0.34000001527499357,0.07373688401606023,0.024846837539540926,0.8,0.0,0.024846842308300938,1.0,215.7530066889632,215.7430220969284,215.7430220969284,4.6379779900116504e-05,0.999182815359516,8.075400309671481e-05,0.0,0.9999538222667347,1.0
tree,cp,100.0,2,3,router,0.9999999612056515,0.3333333144620005,0.3333333144620005,0.15453056933320092,0.02423461756435248,0.660000000000007,0.0,0.024234614858254754,1.0,216.6211939799331,215.7530066889632,215.58580267558528,0.004006746316256715,0.9959674177790495,8.044515687036513e-05,0.0,0.9959944492196281,0.9992258846921573
tree,cp,100.0,2,4,router,0.6666664818332589,0.3333332672447449,0.3333332672447449,0.11170804780015307,0.06707661848256287,0.6261196718646783,0.0,0.06587916756767506,1.0,8.59899652879976e-146,7.563754515053059e-176,7.563754515053059e-176,0.0,0.8662207357859532,0.8662207357859532,0.0,0.13377926421404682,0.7224080267558528
tree,cp,100.0,2,5,router,0.6666667541030673,0.33333344913422774,0.33333344913422774,0.12144358092887506,0.092893370562294,0.46466624644163357,0.0,0.09289339191707988,1.0,108.22018394648829,108.21684280936455,108.20683277591974,3.09674222717701e-05,0.9999080087404918,0.00016124060539575674,0.0,0.9999621052714809,0.9999080087404918
tree,cp,100.0,2,6,attacker,9.988333299999999,0.33000000581679534,0.3333333058167953,0.9654915824915825,0.03448122780394101,0.0013333333333333335,0.0,0.03404090445013916,1.0,109.91638628762541,108.40435117056857,108.40435117056857,0.013642384656877409,0.9864088579513068,0.00015761811057638466,0.0,0.9862162777900395,1.0
tree,cp,100.0,2,7,benign_consumer,9.988333299999999,0.329999872921295,0.33333320625462837,0.9655286195286196,0.03429509180035645,0.0013333333333333335,0.0,0.03385476511292123,1.0,10.0,9.391759906730816e-176,9.391759906730816e-176,0.9982264112698896,0.0003344481605351171,0.0016722408026755853,0.0,9.391759906730815e-177,0.7224080267558528
tree,cp,100.0,2,8,benign_consumer,9.988333299999999,0.3299999177627134,0.3333332177627134,0.9654915824915825,0.034471442764021344,0.0013333333333333335,0.0,0.034031119410219496,1.0,10.0,8.59899652879976e-146,8.59899652879976e-146,0.9982264112698896,0.0003344481605351171,0.0016722408026755853,0.0,8.598996528799762e-147,0.8662207357859532
tree,cp,100.0,2,9,benign_consumer,9.988333299999999,0.3299999307372122,0.33333326407054553,0.9654545454545455,0.034135222123026075,0.0013333333333333335,0.0,0.03406526580596123,1.0,10.0,3.0018775580976967e-170,3.0018775580976967e-170,0.9982264112698896,0.0003344481605351171,0.0016722408026755853,0.0,3.001877558097696e-171,0.7491638795986622
tree,cp,100.0,2,10,benign_consumer,9.988333299999999,0.3300000586054476,0.3333333919387809,0.9655286195286196,0.034342364769994006,0.0013333333333333335,0.0,0.033902038082558796,1.0,10.0,1.9551876303850336e-116,1.9551876303850336e-116,0.9982264112698896,0.0003344481605351171,0.0016722408026755853,0.0,1.9551876303850335e-117,1.0
tree,cp,100.0,2,11,attacker,9.988333299999999,0.33000002883095303,0.33333336216428633,0.9654915824915825,0.034424378362579236,0.0013333333333333335,0.0,0.03398405167544072,1.0,109.91638628762541,108.22018394648829,108.21017391304348,0.01531325589296604,0.9847510016768029,0.00015761811057638466,0.0,0.984542423013646,0.9999080087404918
tree,cp,100.0,3,0,router,0.3333333637375,0.3333333637375,0.3333333637375,0.0,1.0,0.8033333333333333,0.0,1.0,1.0,215.3800200668896,215.3800200668896,215.3800200668896,0.0,1.0,6.618327338114122e-05,0.0,1.0,1.0
tree,cp,100.0,3,1,router,0.003424657534246575,0.003424657534246575,0.003424657534246575,0.0,1.0,0.821917808219178,0.0,1.0,1.0,0.1364548170020739,0.07959864289843593,0.07959864289843593,0.05518394648829431,0.635542499348862,0.13636511737813492,0.0,0.635542499348862,1.0
tree,cp,100.0,3,2,router,0.66666665923766,0.33666669707083335,0.33666669707083335,0.0722529098698514,0.0195973888051672,0.6066781829776281,0.0,0.01940484669074879,1.0,215.53653846153847,215.5164748838917,215.5164748838917,9.283289543422387e-05,0.9992754479907353,8.127457916355896e-05,0.0,0.9999070517040729,1.0
tree,cp,100.0,3,3,router,0.99999988454307,0.3333333398213754,0.3333333398213754,0.14571437901872686,0.018447404178909083,0.6166709743295886,0.0,0.018447402829188816,1.0,216.4355551839465,215.53653846153847,215.40008361204013,0.00414651091092471,0.995774119696223,8.082501309830206e-05,0.0,0.9958478288632718,0.9993683970437601
tree,cp,100.0,3,4,router,0.6666665936093982,0.33333331941628447,0.33333331941628447,0.13959456235772025,0.06994725683053096,0.6040289278001503,0.0,0.06994726341347562,1.0,2.2048636648086874e-151,9.236074335271697e-167,9.236074335271697e-167,0.0,0.8394648829431438,0.8394648829431438,0.0,0.16053511705685652,0.7658862876254181
tree,cp,100.0,3,5,router,0.6666665710334964,0.33333332874536575,0.33333332874536575,0.12280987190197716,0.06125374931040419,0.2572183669462852,0.0,0.06125374406774221,1.0,108.23743143812709,108.23743143812709,108.21738461538462,0.0,0.9998154400426928,0.00016246146256664314,0.0,1.0,0.9998154400426928
tree,cp,100.0,3,6,attacker,9.988333299999999,0.33000003359633345,0.3333333335963335,0.9654915824915825,0.03444799107862353,0.0013333333333333335,0.0,0.03400766772482168,1.0,109.91638628762541,108.1981237458194,108.1981237458194,0.015536667710580754,0.9843434172388902,0.00015761811057638466,0.0,0.9843476473889194,1.0
tree,cp,100.0,3,7,benign_consumer,9.988333299999999,0.3299999222013707,0.33333322220137074,0.9654915824915825,0.03444229486600891,0.0013333333333333335,0.0,0.03400197151220705,1.0,10.0,9.454724204418862e-174,9.454724204418862e-174,0.9982264112698896,0.0003344481605351171,0.0016722408026755853,0.0,9.454724204418862e-175,0.7324414715719063
tree,cp,100.0,3,8,benign_consumer,9.988333299999999,0.3299999482356815,0.3333332482356815,0.9655218855218854,0.03442723930984738,0.0013333333333333335,0.0,0.03398691595604553,1.0,10.0,2.201341514678591e-151,2.201341514678591e-151,0.9982264112698896,0.0003344481605351171,0.0016722408026755853,0.0,2.2013415146785912e-152,0.8394648829431438
tree,cp,100.0,3,9,benign_consumer,9.988333299999999,0.33000001204038326,0.3333333453737166,0.9654848484848484,0.034186444357031144,0.0013333333333333335,0.0,0.0341164880399663,1.0,10.0,3.5221501300962835e-154,3.5221501300962835e-154,0.9982264112698896,0.0003344481605351171,0.0016722408026755853,0.0,3.522150130096284e-155,0.8260869565217391
tree,cp,100.0,3,10,benign_consumer,9.988333299999999,0.330000009860751,0.333333309860751,0.9655218855218854,0.03447662863004319,0.0013333333333333335,0.0,0.03403630527624134,1.0,10.0,1.0750124624992137e-143,1.0750124624992137e-143,0.9982264112698896,0.0003344481605351171,0.0016722408026755853,0.0,1.0750124624992136e-144,0.8762541806020067
tree,cp,100.0,3,11,attacker,9.988333299999999,0.3299999278394121,0.3333332611727454,0.9654545454545455,0.03415694828899838,0.0013333333333333335,0.0,0.034086991971933545,1.0,109.91638628762541,108.23743143812709,108.21738461538462,0.015141167315080358,0.9848887547767754,0.00015761811057638466,0.0,0.9846877212957159,0.9998154400426928
tree,cp,100.0,4,0,router,0.33333331781753334,0.33333331781753334,0.33333331781753334,0.0,1.0,0.8033333333333333,0.0,1.0,1.0,215.4204983277592,215.4204983277592,215.4204983277592,0.0,1.0,6.639033084972718e-05,0.0,1.0,1.0
tree,cp,100.0,4,1,router,0.0,0.0,0.0,0.0,0.0,0.0,0.0,1.0,0.0,0.1036789131354235,0.0501672177866626,0.0501672177866626,0.05351170568561873,0.37317704802359847,0.10046806026084693,0.0,0.37652152962894964,0.9966555183946488
tree,cp,100.0,4,2,router,0.6666667601744584,0.33333331781753334,0.33333331781753334,0.06556890331890332,0.023995152533587315,0.8,0.0,0.02399515216699633,1.0,215.5476220735786,215.52417724089463,215.52417724089463,0.0001085340044704302,0.9994139477309778,8.164981924515978e-05,0.0,0.9998913156727863,1.0
tree,cp,100.0,4,3,router,1.0000000557964432,0.3333333557915875,0.3333333557915875,0.16323927706280647,0.022277185103717193,0.6079889987347289,0.0,0.022277190061396068,1.0,216.49390301003345,215.5476220735786,215.44391638795986,0.0043617234815412536,0.995531467817163,8.142367792680609e-05,0.0,0.9956364485087902,0.9995192771416727
tree,cp,100.0,4,4,router,0.666666547201053,0.3333334043828709,0.3333334043828709,0.13589237614237612,0.05005252279234638,0.49151426428712447,0.0,0.050052542670806964,1.0,2.9833854849838197e-105,3.978532596073998e-189,3.978532596073998e-189,0.0,1.0,1.0,0.0,8.789066075143154e-85,0.6588628762541806
tree,cp,100.0,4,5,router,0.6666666236737315,0.33333327841781135,0.33333327841781135,0.11275012025012025,0.052279597720771925,0.6400000000682886,0.0,0.052279585369490254,1.0,108.2102575250836,108.20357190635451,108.18016053511705,6.310342651605982e-05,0.9997458808320471,0.00016207646096447206,0.0,0.999922982935051,0.999784383719459
tree,cp,100.0,4,6,attacker,9.988333299999999,0.33000003873917744,0.3333334054058441,0.9654915824915825,0.03442466501830483,0.0013333333333333335,0.0,0.033984334997832974,1.0,109.91638628762541,108.29033110367894,108.29033110367894,0.014644937833343629,0.9853850618483712,0.00015761811057638466,0.0,0.9851613159304343,1.0
tree,cp,100.0,4,7,benign_consumer,9.988333299999999,0.33000000530612117,0.33333337197278784,0.9655656565656566,0.03422646052735956,0.0013333333333333335,0.0,0.03378613050688771,1.0,10.0,1.7197992043850463e-146,1.7197992043850463e-146,0.9982264112698896,0.0003344481605351171,0.0016722408026755853,0.0,1.7197992043850463e-147,0.862876254180602
tree,cp,100.0,4,8,benign_consumer,9.988333299999999,0.3299999678731657,0.3333332678731657,0.9654915824915825,0.03448099340937442,0.0013333333333333335,0.0,0.03404067005557257,1.0,10.0,2.9833854849838197e-105,2.9833854849838197e-105,0.9982264112698896,0.0003344481605351171,0.0016722408026755853,0.0,2.98338548498382e-106,1.0
tree,cp,100.0,4,9,benign_consumer,9.988333299999999,0.3299999793278873,0.3333332793278873,0.9655218855218854,0.034401663518563476,0.0013333333333333335,0.0,0.03396134016476163,1.0,10.0,3.3589849080266287e-140,3.3589849080266287e-140,0.9982264112698896,0.0003344481605351171,0.0016722408026755853,0.0,3.358984908026629e-141,0.8929765886287625
tree,cp,100.0,4,10,benign_consumer,9.988333299999999,0.3300000117305001,0.33333334506383344,0.9654545454545455,0.03417391472129743,0.0013333333333333335,0.0,0.03410395840423259,1.0,10.0,1.408859160494607e-155,1.408859160494607e-155,0.9982264112698896,0.0003344481605351171,0.0016722408026755853,0.0,1.4088591604946069e-156,0.8193979933110368
tree,cp,100.0,4,11,attacker,9.988333299999999,0.3299999119432314,0.3333332786098981,0.9654545454545455,0.03419089872096734,0.0013333333333333335,0.0,0.03412093907056583,1.0,109.91638628762541,108.2102575250836,108.18684615384615,0.015385224080876255,0.9845868727740378,0.00015761811057638466,0.0,0.9844415516238949,0.999784383719459
tree,cp,100.0,5,0,router,0.33333331195874366,0.33333331195874366,0.33333331195874366,0.0,1.0,0.8033333333333333,0.0,1.0,1.0,215.52919063545153,215.52919063545153,215.52919063545153,0.0,1.0,6.598728513235514e-05,0.0,1.0,1.0
tree,cp,100.0,5,1,router,0.013333333333334588,0.013333333333334588,0.013333333333334588,0.0,1.0,0.8,0.0,1.0,1.0,0.14715696646081058,0.06354514403632724,0.06354514403632724,0.07803790412486064,0.4111826400948918,0.14115852279146832,0.0,0.4111826400948918,1.0
tree,cp,100.0,5,2,router,0.6699999806420528,0.34666664529207825,0.34666664529207825,0.06729177355152588,0.026045658491332037,0.8,0.0,0.026151116652053608,1.0,215.70979933110368,215.67634760191234,215.67634760191234,0.00015448429893983844,0.9991651397225891,8.117654372979106e-05,0.0,0.9998454558058029,1.0
tree,cp,100.0,5,3,router,1.000000006970829,0.336666610799579,0.333333310799579,0.16396758438693923,0.021028978464236583,0.6166688832684428,0.0,0.02102897002855987,0.999820826917036,216.58260200668894,215.70979933110368,215.56261872909698,0.004021700922589835,0.9958260389101572,8.09534740584242e-05,0.0,0.9959769277486137,0.9993195757512197
tree,cp,100.0,5,4,router,0.6666666671305648,0.3333333698424738,0.3333333698424738,0.11799104816751876,0.05086065527749478,0.436678191513161,0.0,0.05062203170946469,1.0,8.010995527587007e-125,1.210200669185577e-178,1.210200669185577e-178,0.0,0.9665551839464883,0.9665551839464883,0.0,0.033444816053511704,0.7090301003344481
tree,cp,100.0,5,5,router,0.6666667226571608,0.3333332753881212,0.3333332753881212,0.11078872053872053,0.06668944228455195,0.45107872767778173,0.0,0.06668944465530775,1.0,108.34380936454849,108.34380936454849,108.31034782608697,0.0,0.9996921322373552,0.00016266750059555106,0.0,1.0,0.9996921322373552
tree,cp,100.0,5,6,attacker,9.988333299999999,0.33000009095496563,0.33333339095496567,0.9655656565656566,0.034217691400823376,0.0013333333333333335,0.0,0.03377736804702152,1.0,109.91638628762541,108.23879264214047,108.23879264214047,0.01517126734518039,0.984892017409743,0.00015761811057638466,0.0,0.9847149388973631,1.0
tree,cp,100.0,5,7,benign_consumer,9.988333299999999,0.32999997396107555,0.3333333406277422,0.9654545454545455,0.03418758629524048,0.0013333333333333335,0.0,0.034117626644838965,1.0,10.0,3.606915517976924e-161,3.606915517976924e-161,0.9982264112698896,0.0003344481605351171,0.0016722408026755853,0.0,3.606915517976924e-162,0.7926421404682275
tree,cp,100.0,5,8,benign_consumer,9.988333299999999,0.32999992938286193,0.3333332627161953,0.9654915824915825,0.03447216997256022,0.0013333333333333335,0.0,0.0340318432854217,1.0,10.0,8.010995527587007e-125,8.010995527587007e-125,0.9982264112698896,0.0003344481605351171,0.0016722408026755853,0.0,8.010995527587006e-126,0.9665551839464883
tree,cp,100.0,5,9,benign_consumer,9.988333299999999,0.33000007108103613,0.3333334044143694,0.9655286195286196,0.03434410673539841,0.0013333333333333335,0.0,0.03390378004796319,1.0,10.0,8.59899652879976e-146,8.59899652879976e-146,0.9982264112698896,0.0003344481605351171,0.0016722408026755853,0.0,8.598996528799762e-147,0.8662207357859532
tree,cp,100.0,5,10,benign_consumer,9.988333299999999,0.3300000182723777,0.33333338493904435,0.9656026936026937,0.034094332949800916,0.0013333333333333335,0.0,0.033654002929029044,1.0,10.0,3.1282992813546417e-119,3.1282992813546417e-119,0.9982264112698896,0.0003344481605351171,0.0016722408026755853,0.0,3.1282992813546416e-120,0.9933110367892977
tree,cp,100.0,5,11,attacker,9.988333299999999,0.330000004384783,0.33333333771811635,0.9654915824915825,0.0344475769895522,0.0013333333333333335,0.0,0.03400725030241368,1.0,109.91638628762541,108.34380936454849,108.31034782608697,0.014167953298388079,0.9856681893630741,0.00015761811057638466,0.0,0.9856561158069141,0.9996921322373552
tree,ifa,10.0,1,0,router,0.3333333708796625,0.3333333708796625,0.3333333708796625,0.0,1.0,0.8033333333333333,0.0,1.0,1.0,9.978260903010034,9.978260903010034,2.5863749594770846e-202,0.0,0.00041626896755085673,0.9927311625010604,0.0,1.0,3.219116598547611e-203
tree,ifa,10.0,1,1,router,0.006666666666666667,0.006666666666666667,0.006666666666666667,0.0,1.0,0.8,0.0,1.0,1.0,0.013377926421278847,0.013377926421278847,1.3625667592391222e-212,0.0,0.005364925009367448,0.9909713474930866,0.0,1.0,0.0033444816053511705
tree,ifa,10.0,1,2,router,0.6700000932667606,0.3400000375463292,0.3400000375463292,0.06825424092815398,0.022802605716334322,0.8,0.0,0.02249286968419144,1.0,9.991638762541806,9.991638829431313,2.5863749596133414e-202,0.0,0.0004036573292333082,0.9922674745252075,0.0,1.0000000066889683,3.1215876023005516e-203
tree,ifa,10.0,1,3,router,1.0000000353912584,0.3366666701587499,0.3366666701587499,0.16868383860050526,0.024195174919936637,0.6087984986062608,0.0,0.023697468418183158,1.0,9.991638762541806,9.991638762541806,5.092265844560576e-194,0.0,0.0004036573292333082,0.9922674745252075,0.0,1.0,6.146035995957319e-195
tree,ifa,10.0,1,4,router,0.6666667126708652,0.3333334231080107,0.3333334231080107,0.11686113886113887,0.08761239827095814,0.576667106153205,0.0,0.08677108417449789,1.0,3.6418198290593655e-96,1.8909405551839756e-174,1.8909405551839756e-174,0.0,1.0,1.0,0.0,3.7869018387886765e-79,0.7290969899665551
tree,ifa,10.0,1,5,router,0.6666666243578683,0.3333333114369584,0.3333333114369584,0.12204829429829431,0.07755778837480361,0.4284046933337204,0.0,0.076454151057957,1.0,1.9093608311374927e-109,8.805388926053107e-153,8.805388926053107e-153,0.0,1.0,1.0,0.0,3.8415796599692897e-44,0.8327759197324415
tree,ifa,10.0,1,6,attacker,9.988333299999999,0.3299999651950502,0.3333333318617169,0.9654545454545455,0.034273795021958875,0.0013333333333333335,0.0,0.034133879054547664,1.0,19.99498320735786,9.994983277591974,1.312102844101965e-134,0.49924793403054274,0.0008805078060396717,0.49675652037362217,0.0,0.4998679255849763,1.4606146240947654e-135
tree,ifa,10.0,1,7,benign_consumer,9.988333299999999,0.33000009209258313,0.33333339209258317,0.9654242424242424,0.03450213350413026,0.0013333333333333335,0.0,0.03399185383337538,1.0,10.0,3.663259602378636e-154,3.663259602378636e-154,0.9982264112698896,0.0003344481605351171,0.0016722408026755853,0.0,3.6632596023786362e-155,0.8260869565217391
tree,ifa,10.0,1,8,benign_consumer,9.988333299999999,0.3300000210726942,0.3333333544060276,0.9654545454545455,0.034243824455873394,0.0013333333333333335,0.0,0.03410391182185552,1.0,10.0,4.100320664717012e-131,4.100320664717012e-131,0.9982264112698896,0.0003344481605351171,0.0016722408026755853,0.0,4.1003206647170124e-132,0.9364548494983278
tree,ifa,10.0,1,9,benign_consumer,9.988333299999999,0.329999991598171,0.3333333582648377,0.9653939393939394,0.0348152254023264,0.0013333333333333335,0.0,0.03386461237722141,1.0,10.0,3.6418198290593655e-96,3.6418198290593655e-96,0.9982264112698896,0.0003344481605351171,0.0016722408026755853,0.0,3.6418198290593657e-97,1.0
tree,ifa,10.0,1,10,benign_consumer,9.988333299999999,0.3299999856652093,0.333333352331876,0.9654545454545455,0.03419076661499551,0.0013333333333333335,0.0,0.0340508506475843,1.0,10.0,1.909360831137492e-109,1.909360831137492e-109,0.9982264112698896,0.0003344481605351171,0.0016722408026755853,0.0,1.9093608311374923e-110,1.0
tree,ifa,10.0,1,11,benign_consumer,9.988333299999999,0.32999993869265887,0.3333332720259922,0.9653939393939394,0.03486757863896404,0.0013333333333333335,0.0,0.033916968947252386,1.0,10.0,8.008444942762137e-125,8.008444942762137e-125,0.9982264112698896,0.0003344481605351171,0.0016722408026755853,0.0,8.008444942762137e-126,0.9665551839464883
tree,ifa,10.0,2,0,router,0.3333333486083269,0.3333333486083269,0.3333333486083269,0.0,1.0,0.8033333333333333,0.0,1.0,1.0,9.978260903010034,9.978260903010034,1.5862545973691594e-190,0.0,0.00041626896755085673,0.9927311625010604,0.0,1.0,1.9743225962610876e-191
tree,ifa,10.0,2,1,router,0.006666666666666667,0.006666666666666667,0.006666666666666667,0.0,1.0,0.8,0.0,1.0,1.0,0.013377926421278847,0.013377926421278847,1.3625667592391222e-212,0.0,0.005364925009367448,0.9909713474930866,0.0,1.0,0.0033444816053511705
tree,ifa,10.0,2,2,router,0.6666665817067454,0.34000001527499357,0.34000001527499357,0.07371026467267068,0.025137435491279097,0.8,0.0,0.024846842308300938,1.0,9.991638762541806,9.991638829431313,1.5862545973691594e-190,0.0,0.0004036573292333082,0.9922674745252075,0.0,1.0000000066889683,1.914506778054317e-191
tree,ifa,10.0,2,3,router,0.9999999612056515,0.3333333144620005,0.3333333144620005,0.1544968992995309,0.024617688647868726,0.660000000000007,0.0,0.024234614858254754,1.0,9.991638762541806,9.991638762541806,4.1242194817316006e-189,0.0,0.0004036573292333082,0.9922674745252075,0.0,1.0,4.97766634491068e-190
tree,ifa,10.0,2,4,router,0.6666664818332589,0.3333332672447449,0.3333332672447449,0.11164702567963439,0.06753475253881161,0.6261196718646783,0.0,0.06587916756767506,1.0,8.59899652879976e-146,7.563754515053059e-176,7.563754515053059e-176,0.0,0.8662207357859532,0.8662207357859532,0.0,0.13377926421404682,0.7224080267558528
tree,ifa,10.0,2,5,router,0.6666667541030673,0.33333344913422774,0.33333344913422774,0.12140623265623267,0.09323503255851329,0.46466624644163357,0.0,0.09289339191707988,1.0,1.9551876303850336e-116,8.805388926053107e-153,8.805388926053107e-153,0.0,1.0,1.0,0.0,3.7515426094973082e-37,0.8327759197324415
tree,ifa,10.0,2,6,attacker,9.988333299999999,0.33000000581679534,0.3333333058167953,0.9654545454545455,0.0344946869457528,0.0013333333333333335,0.0,0.03404090445013916,1.0,19.99498320735786,9.994983277591974,1.6401297240931937e-132,0.49924793403054274,0.0008805078060396717,0.49675652037362217,0.0,0.4998679255849763,1.825769568019164e-133
tree,ifa,10.0,2,7,benign_consumer,9.988333299999999,0.329999872921295,0.33333320625462837,0.9653939393939394,0.03473541848767985,0.0013333333333333335,0.0,0.03385476511292123,1.0,10.0,9.391759906730816e-176,9.391759906730816e-176,0.9982264112698896,0.0003344481605351171,0.0016722408026755853,0.0,9.391759906730815e-177,0.7224080267558528
tree,ifa,10.0,2,8,benign_consumer,9.988333299999999,0.3299999177627134,0.3333332177627134,0.9654242424242424,0.03454139908097438,0.0013333333333333335,0.0,0.034031119410219496,1.0,10.0,8.59899652879976e-146,8.59899652879976e-146,0.9982264112698896,0.0003344481605351171,0.0016722408026755853,0.0,8.598996528799762e-147,0.8662207357859532
tree,ifa,10.0,2,9,benign_consumer,9.988333299999999,0.3299999307372122,0.33333326407054553,0.9654545454545455,0.03427513475693214,0.0013333333333333335,0.0,0.03406526580596123,1.0,10.0,3.0018775580976967e-170,3.0018775580976967e-170,0.9982264112698896,0.0003344481605351171,0.0016722408026755853,0.0,3.001877558097696e-171,0.7491638795986622
tree,ifa,10.0,2,10,benign_consumer,9.988333299999999,0.3300000586054476,0.3333333919387809,0.9653939393939394,0.03478269145731742,0.0013333333333333335,0.0,0.033902038082558796,1.0,10.0,1.9551876303850336e-116,1.9551876303850336e-116,0.9982264112698896,0.0003344481605351171,0.0016722408026755853,0.0,1.9551876303850335e-117,1.0
tree,ifa,10.0,2,11,benign_consumer,9.988333299999999,0.33000002883095303,0.33333336216428633,0.9654242424242424,0.03456429099648531,0.0013333333333333335,0.0,0.03398405167544072,1.0,10.0,6.56053093774745e-134,6.56053093774745e-134,0.9982264112698896,0.0003344481605351171,0.0016722408026755853,0.0,6.560530937747449e-135,0.9230769230769231
tree,ifa,10.0,3,0,router,0.3333333637375,0.3333333637375,0.3333333637375,0.0,1.0,0.8033333333333333,0.0,1.0,1.0,9.978260903010034,9.978260903010034,1.825881608729473e-204,0.0,0.00041626896755085673,0.9927311625010604,0.0,1.0,2.2725729970733816e-205
tree,ifa,10.0,3,1,router,0.0033333333333333335,0.0033333333333333335,0.0033333333333333335,0.0,0.9733333333333334,0.8,0.0,1.0,0.9733333333333334,0.013377926421278847,0.013377926421278847,2.661263009623616e-207,0.0,0.005364925009367448,0.9909713474930866,0.0,1.0,0.0033444816053511705
tree,ifa,10.0,3,2,router,0.66666665923766,0.33666669707083335,0.33666669707083335,0.07221741741199869,0.019886218708977346,0.6066781829776281,0.0,0.01940484669074879,1.0,9.991638762541806,9.991638829431313,1.8285428717390967e-204,0.0,0.0004036573292333082,0.9922674745252075,0.0,1.0000000066889683,2.206933236615603e-205
tree,ifa,10.0,3,3,router,0.99999988454307,0.3333333398213754,0.3333333398213754,0.14567678503376444,0.018811106172853746,0.6166709743295886,0.0,0.018447402829188816,1.0,9.991638762541806,9.991638762541806,5.207946948080263e-201,0.0,0.0004036573292333082,0.9922674745252075,0.0,1.0,6.285654962974367e-202
tree,ifa,10.0,3,4,router,0.6666665936093982,0.33333331941628447,0.33333331941628447,0.1395030291769422,0.07061814514336238,0.6040289278001503,0.0,0.06994726341347562,1.0,2.2048636648086874e-151,9.236074335271697e-167,9.236074335271697e-167,0.0,0.8394648829431438,0.8394648829431438,0.0,0.16053511705685652,0.7658862876254181
tree,ifa,10.0,3,5,router,0.6666665710334964,0.33333332874536575,0.33333332874536575,0.12274884978145849,0.06173888575305771,0.2572183669462852,0.0,0.06125374406774221,1.0,3.4731049409740004e-82,1.515171532989925e-176,1.515171532989925e-176,0.0,1.0,1.0,0.0,3.137898778738155e-95,0.7190635451505016
tree,ifa,10.0,3,6,attacker,9.988333299999999,0.33000003359633345,0.3333333335963335,0.9654545454545455,0.034517947395576565,0.0013333333333333335,0.0,0.03400766772482168,1.0,19.99498320735786,9.994983277591974,4.801212408489544e-166,0.49924793403054274,0.0008805078060396717,0.49675652037362217,0.0,0.4998679255849763,5.344642826175294e-167
tree,ifa,10.0,3,7,benign_consumer,9.988333299999999,0.3299999222013707,0.33333322220137074,0.9654242424242424,0.034512251182961945,0.0013333333333333335,0.0,0.03400197151220705,1.0,10.0,9.454724204418862e-174,9.454724204418862e-174,0.9982264112698896,0.0003344481605351171,0.0016722408026755853,0.0,9.454724204418862e-175,0.7324414715719063
tree,ifa,10.0,3,8,benign_consumer,9.988333299999999,0.3299999482356815,0.3333332482356815,0.9654545454545455,0.03449719562680042,0.0013333333333333335,0.0,0.03398691595604553,1.0,10.0,2.201341514678591e-151,2.201341514678591e-151,0.9982264112698896,0.0003344481605351171,0.0016722408026755853,0.0,2.2013415146785912e-152,0.8394648829431438
tree,ifa,10.0,3,9,benign_consumer,9.988333299999999,0.33000001204038326,0.3333333453737166,0.9654848484848484,0.03432635699093721,0.0013333333333333335,0.0,0.0341164880399663,1.0,10.0,3.5221501300962835e-154,3.5221501300962835e-154,0.9982264112698896,0.0003344481605351171,0.0016722408026755853,0.0,3.522150130096284e-155,0.8260869565217391
tree,ifa,10.0,3,10,benign_consumer,9.988333299999999,0.330000009860751,0.333333309860751,0.9654545454545455,0.03454658494699622,0.0013333333333333335,0.0,0.03403630527624134,1.0,10.0,1.0750124624992137e-143,1.0750124624992137e-143,0.9982264112698896,0.0003344481605351171,0.0016722408026755853,0.0,1.0750124624992136e-144,0.8762541806020067
tree,ifa,10.0,3,11,benign_consumer,9.988333299999999,0.3299999278394121,0.3333332611727454,0.9654545454545455,0.03429686092290445,0.0013333333333333335,0.0,0.034086991971933545,1.0,10.0,3.4731049409740004e-82,3.4731049409740004e-82,0.9982264112698896,0.0003344481605351171,0.0016722408026755853,0.0,3.473104940974001e-83,1.0
tree,ifa,10.0,4,0,router,0.33333331781753334,0.33333331781753334,0.33333331781753334,0.0,1.0,0.8033333333333333,0.0,1.0,1.0,9.978260903010034,9.978260903010034,1.6243061462822033e-197,0.0,0.00041626896755085673,0.9927311625010604,0.0,1.0,2.021683232156744e-198
tree,ifa,10.0,4,1,router,0.0,0.0,0.0,0.0,0.0,0.0,0.0,1.0,0.0,0.013377926421278847,0.013377926421278847,0.0,0.0,0.0020204434040162773,0.9876268658877354,0.0,1.0,0.0
tree,ifa,10.0,4,2,router,0.6666667601744584,0.33333331781753334,0.33333331781753334,0.06552538300942556,0.024293808130713912,0.8,0.0,0.02399515216699633,1.0,9.991638762541806,9.991638829431313,1.6243061462822033e-197,0.0,0.0004036573292333082,0.9922674745252075,0.0,1.0000000066889683,1.9604325867059913e-198
tree,ifa,10.0,4,3,router,1.0000000557964432,0.3333333557915875,0.3333333557915875,0.1631803545038839,0.02265663598671175,0.6079889987347289,0.0,0.022277190061396068,1.0,9.991638762541806,9.991638762541806,1.5490590259247076e-183,0.0,0.0004036573292333082,0.9922674745252075,0.0,1.0,1.8696142535330554e-184
tree,ifa,10.0,4,4,router,0.666666547201053,0.3333334043828709,0.3333334043828709,0.13589237614237612,0.05019436019284087,0.49151426428712447,0.0,0.050052542670806964,1.0,2.9833854849838197e-105,3.978532596073998e-189,3.978532596073998e-189,0.0,1.0,1.0,0.0,8.789066075143154e-85,0.6588628762541806
tree,ifa,10.0,4,5,router,0.6666666236737315,0.33333327841781135,0.33333327841781135,0.11266678691678692,0.05291452985071447,0.6400000000682886,0.0,0.052279585369490254,1.0,5.503362286882207e-150,6.051003344770861e-178,6.051003344770861e-178,0.0,0.8461538461538461,0.8461538461538461,0.0,0.15384615384615385,0.7123745819397993
tree,ifa,10.0,4,6,attacker,9.988333299999999,0.33000003873917744,0.3333334054058441,0.9654545454545455,0.034494621335257866,0.0013333333333333335,0.0,0.033984334997832974,1.0,19.99498320735786,9.994983277591974,4.299498315087334e-145,0.49924793403054274,0.0008805078060396717,0.49675652037362217,0.0,0.4998679255849763,4.7861416854811335e-146
tree,ifa,10.0,4,7,benign_consumer,9.988333299999999,0.33000000530612117,0.33333337197278784,0.9653636363636364,0.03466678721468296,0.0013333333333333335,0.0,0.03378613050688771,1.0,10.0,1.7197992043850463e-146,1.7197992043850463e-146,0.9982264112698896,0.0003344481605351171,0.0016722408026755853,0.0,1.7197992043850463e-147,0.862876254180602
tree,ifa,10.0,4,8,benign_consumer,9.988333299999999,0.3299999678731657,0.3333332678731657,0.9654242424242424,0.03449445255118621,0.0013333333333333335,0.0,0.03404067005557257,1.0,10.0,2.9833854849838197e-105,2.9833854849838197e-105,0.9982264112698896,0.0003344481605351171,0.0016722408026755853,0.0,2.98338548498382e-106,1.0
tree,ifa,10.0,4,9,benign_consumer,9.988333299999999,0.3299999793278873,0.3333332793278873,0.9654545454545455,0.03454157615246955,0.0013333333333333335,0.0,0.03396134016476163,1.0,10.0,3.3589849080266287e-140,3.3589849080266287e-140,0.9982264112698896,0.0003344481605351171,0.0016722408026755853,0.0,3.358984908026629e-141,0.8929765886287625
tree,ifa,10.0,4,10,benign_consumer,9.988333299999999,0.3300000117305001,0.33333334506383344,0.9654545454545455,0.03424387103825046,0.0013333333333333335,0.0,0.03410395840423259,1.0,10.0,1.408859160494607e-155,1.408859160494607e-155,0.9982264112698896,0.0003344481605351171,0.0016722408026755853,0.0,1.4088591604946069e-156,0.8193979933110368
tree,ifa,10.0,4,11,benign_consumer,9.988333299999999,0.3299999119432314,0.3333332786098981,0.9654545454545455,0.034330811354873404,0.0013333333333333335,0.0,0.03412093907056583,1.0,10.0,5.503348198290602e-150,5.503348198290602e-150,0.9982264112698896,0.0003344481605351171,0.0016722408026755853,0.0,5.503348198290602e-151,0.8461538461538461
tree,ifa,10.0,5,0,router,0.33333331195874366,0.33333331195874366,0.33333331195874366,0.0,1.0,0.8033333333333333,0.0,1.0,1.0,9.978260903010034,9.978260903010034,5.0759611288887537e-194,0.0,0.00041626896755085673,0.9927311625010604,0.0,1.0,6.317765696672396e-195
tree,ifa,10.0,5,1,router,0.013333333333334588,0.013333333333334588,0.013333333333334588,0.0,1.0,0.8,0.0,1.0,1.0,0.013377926421278847,0.013377926421278847,2.1801037207277136e-211,0.0,0.005364925009367448,0.9909713474930866,0.0,1.0,0.0033444816053511705
tree,ifa,10.0,5,2,router,0.6699999806420528,0.34666664529207825,0.34666664529207825,0.06726609961057595,0.026372092143564743,0.8,0.0,0.026151116652053608,1.0,9.991638762541806,9.991638829431313,5.0759611288887537e-194,0.0,0.0004036573292333082,0.9922674745252075,0.0,1.0000000066889683,6.126357330463063e-195
tree,ifa,10.0,5,3,router,1.000000006970829,0.336666610799579,0.333333310799579,0.16390117072470015,0.021428663858163725,0.6166688832684428,0.0,0.02102897002855987,0.999820826917036,9.991638762541806,9.991638762541806,1.5862370409289424e-190,0.0,0.0004036573292333082,0.9922674745252075,0.0,1.0,1.9144857321920987e-191
tree,ifa,10.0,5,4,router,0.6666666671305648,0.3333333698424738,0.3333333698424738,0.11791635162223398,0.05138045330964546,0.436678191513161,0.0,0.05062203170946469,1.0,8.010995527587007e-125,1.210200669185577e-178,1.210200669185577e-178,0.0,0.9665551839464883,0.9665551839464883,0.0,0.033444816053511704,0.7090301003344481
tree,ifa,10.0,5,5,router,0.6666667226571608,0.3333332753881212,0.3333332753881212,0.11074193691298954,0.06706646150536533,0.45107872767778173,0.0,0.06668944465530775,1.0,3.1282992813546417e-119,1.5490765857391721e-183,1.5490765857391721e-183,0.0,0.9933110367892977,0.9933110367892977,0.0,0.006688963210702341,0.68561872909699
tree,ifa,10.0,5,6,attacker,9.988333299999999,0.33000009095496563,0.33333339095496567,0.9654545454545455,0.03465801808814677,0.0013333333333333335,0.0,0.03377736804702152,1.0,19.99498320735786,9.994983277591974,2.624205698544732e-135,0.49924793403054274,0.0008805078060396717,0.49675652037362217,0.0,0.4998679255849763,2.9212292585327773e-136
tree,ifa,10.0,5,7,benign_consumer,9.988333299999999,0.32999997396107555,0.3333333406277422,0.9654545454545455,0.034257542612193506,0.0013333333333333335,0.0,0.034117626644838965,1.0,10.0,3.606915517976924e-161,3.606915517976924e-161,0.9982264112698896,0.0003344481605351171,0.0016722408026755853,0.0,3.606915517976924e-162,0.7926421404682275
tree,ifa,10.0,5,8,benign_consumer,9.988333299999999,0.32999992938286193,0.3333332627161953,0.9654242424242424,0.034542126289513246,0.0013333333333333335,0.0,0.0340318432854217,1.0,10.0,8.010995527587007e-125,8.010995527587007e-125,0.9982264112698896,0.0003344481605351171,0.0016722408026755853,0.0,8.010995527587006e-126,0.9665551839464883
tree,ifa,10.0,5,9,benign_consumer,9.988333299999999,0.33000007108103613,0.3333334044143694,0.9653939393939394,0.03485438973967485,0.0013333333333333335,0.0,0.03390378004796319,1.0,10.0,8.59899652879976e-146,8.59899652879976e-146,0.9982264112698896,0.0003344481605351171,0.0016722408026755853,0.0,8.598996528799762e-147,0.8662207357859532
tree,ifa,10.0,5,10,benign_consumer,9.988333299999999,0.3300000182723777,0.33333338493904435,0.9653333333333334,0.03453465963712433,0.0013333333333333335,0.0,0.033654002929029044,1.0,10.0,3.1282992813546417e-119,3.1282992813546417e-119,0.9982264112698896,0.0003344481605351171,0.0016722408026755853,0.0,3.1282992813546416e-120,0.9933110367892977
tree,ifa,10.0,5,11,benign_consumer,9.988333299999999,0.330000004384783,0.33333333771811635,0.9654242424242424,0.03458748962345826,0.0013333333333333335,0.0,0.03400725030241368,1.0,10.0,4.299498315087334e-145,4.299498315087334e-145,0.9982264112698896,0.0003344481605351171,0.0016722408026755853,0.0,4.299498315087335e-146,0.8695652173913043
tree,ifa,12.0,1,0,router,0.3333333708796625,0.3333333708796625,0.3333333708796625,0.0,1.0,0.8033333333333333,0.0,1.0,1.0,11.98325016722408,11.98325016722408,2.5863749594770846e-202,0.0,0.0003073236405224796,0.9569028424912213,0.0,1.0,2.3766138592754546e-203
tree,ifa,12.0,1,1,router,0.006666666666666667,0.006666666666666667,0.006666666666666667,0.0,1.0,0.8,0.0,1.0,1.0,0.013377926421404762,0.013377926421404762,1.3625667592391222e-212,0.0,0.010861601455394908,0.9968784838350055,0.0,1.0,0.0033444816053511705
tree,ifa,12.0,1,2,router,0.6700000932667606,0.3400000375463292,0.3400000375463292,0.06825424092815398,0.022802605716334322,0.8,0.0,0.02249286968419144,1.0,11.996627090301004,11.996628093645484,2.5863749596133414e-202,0.0,0.00029530807541793284,0.956892150664935,0.0,1.0000000842155403,2.2836944743048204e-203
tree,ifa,12.0,1,3,router,1.0000000353912584,0.3366666701587499,0.3366666701587499,0.16868383860050526,0.024195174919936637,0.6087984986062608,0.0,0.023697468418183158,1.0,11.996627090301004,11.996627090301004,5.092265844560576e-194,0.0,0.00029530807541793284,0.956892150664935,0.0,1.0,4.496323807270015e-195
tree,ifa,12.0,1,4,router,0.6666667126708652,0.3333334231080107,0.3333334231080107,0.11686113886113887,0.08761239827095814,0.576667106153205,0.0,0.08677108417449789,1.0,3.6418198290593655e-96,1.8909405551839756e-174,1.8909405551839756e-174,0.0,1.0,1.0,0.0,3.7869018387886765e-79,0.7290969899665551
tree,ifa,12.0,1,5,router,0.6666666243578683,0.3333333114369584,0.3333333114369584,0.12204829429829431,0.07755778837480361,0.4284046933337204,0.0,0.076454151057957,1.0,1.9093608311374927e-109,8.805388926053107e-153,8.805388926053107e-153,0.0,1.0,1.0,0.0,3.8415796599692897e-44,0.8327759197324415
tree,ifa,12.0,1,6,attacker,9.988333299999999,0.3299999651950502,0.3333333318617169,0.9654545454545455,0.034273795021958875,0.0013333333333333335,0.0,0.034133879054547664,1.0,21.996655551839464,11.996655183946487,1.312102844101965e-134,0.45387567693805875,0.000783984032862074,0.5420965753088213,0.0,0.5453832581471647,1.1583617216377112e-135
tree,ifa,12.0,1,7,benign_consumer,9.988333299999999,0.33000009209258313,0.33333339209258317,0.9654242424242424,0.03450213350413026,0.0013333333333333335,0.0,0.03399185383337538,1.0,10.0,3.663259602378636e-154,3.663259602378636e-154,0.9982264112698896,0.0003344481605351171,0.0016722408026755853,0.0,3.6632596023786362e-155,0.8260869565217391
tree,ifa,12.0,1,8,benign_consumer,9.988333299999999,0.3300000210726942,0.3333333544060276,0.9654545454545455,0.034243824455873394,0.0013333333333333335,0.0,0.03410391182185552,1.0,10.0,4.100320664717012e-131,4.100320664717012e-131,0.9982264112698896,0.0003344481605351171,0.0016722408026755853,0.0,4.1003206647170124e-132,0.9364548494983278
tree,ifa,12.0,1,9,benign_consumer,9.988333299999999,0.329999991598171,0.3333333582648377,0.9653939393939394,0.0348152254023264,0.0013333333333333335,0.0,0.03386461237722141,1.0,10.0,3.6418198290593655e-96,3.6418198290593655e-96,0.9982264112698896,0.0003344481605351171,0.0016722408026755853,0.0,3.6418198290593657e-97,1.0
tree,ifa,12.0,1,10,benign_consumer,9.988333299999999,0.3299999856652093,0.333333352331876,0.9654545454545455,0.03419076661499551,0.0013333333333333335,0.0,0.0340508506475843,1.0,10.0,1.909360831137492e-109,1.909360831137492e-109,0.9982264112698896,0.0003344481605351171,0.0016722408026755853,0.0,1.9093608311374923e-110,1.0
tree,ifa,12.0,1,11,benign_consumer,9.988333299999999,0.32999993869265887,0.3333332720259922,0.9653939393939394,0.03486757863896404,0.0013333333333333335,0.0,0.033916968947252386,1.0,10.0,8.008444942762137e-125,8.008444942762137e-125,0.9982264112698896,0.0003344481605351171,0.0016722408026755853,0.0,8.008444942762137e-126,0.9665551839464883
tree,ifa,12.0,2,0,router,0.3333333486083269,0.3333333486083269,0.3333333486083269,0.0,1.0,0.8033333333333333,0.0,1.0,1.0,11.98325016722408,11.98325016722408,1.5862545973691594e-190,0.0,0.0003073236405224796,0.9569028424912213,0.0,1.0,1.4576057213605892e-191
tree,ifa,12.0,2,1,router,0.006666666666666667,0.006666666666666667,0.006666666666666667,0.0,1.0,0.8,0.0,1.0,1.0,0.013377926421404762,0.013377926421404762,1.3625667592391222e-212,0.0,0.010861601455394908,0.9968784838350055,0.0,1.0,0.0033444816053511705
tree,ifa,12.0,2,2,router,0.6666665817067454,0.34000001527499357,0.34000001527499357,0.07371026467267068,0.025137435491279097,0.8,0.0,0.024846842308300938,1.0,11.996627090301004,11.996628093645484,1.5862545973691594e-190,0.0,0.00029530807541793284,0.956892150664935,0.0,1.0000000842155403,1.4006170211822596e-191
tree,ifa,12.0,2,3,router,0.9999999612056515,0.3333333144620005,0.3333333144620005,0.1544968992995309,0.024617688647868726,0.660000000000007,0.0,0.024234614858254754,1.0,11.996627090301004,11.996627090301004,4.1242194817316006e-189,0.0,0.00029530807541793284,0.956892150664935,0.0,1.0,3.64156675242639e-190
tree,ifa,12.0,2,4,router,0.6666664818332589,0.3333332672447449,0.3333332672447449,0.11164702567963439,0.06753475253881161,0.6261196718646783,0.0,0.06587916756767506,1.0,8.59899652879976e-146,7.563754515053059e-176,7.563754515053059e-176,0.0,0.8662207357859532,0.8662207357859532,0.0,0.13377926421404682,0.7224080267558528
tree,ifa,12.0,2,5,router,0.6666667541030673,0.33333344913422774,0.33333344913422774,0.12140623265623267,0.09323503255851329,0.46466624644163357,0.0,0.09289339191707988,1.0,1.9551876303850336e-116,8.805388926053107e-153,8.805388926053107e-153,0.0,1.0,1.0,0.0,3.7515426094973082e-37,0.8327759197324415
tree,ifa,12.0,2,6,attacker,9.988333299999999,0.33000000581679534,0.3333333058167953,0.9654545454545455,0.0344946869457528,0.0013333333333333335,0.0,0.03404090445013916,1.0,21.996655551839464,11.996655183946487,1.6401297240931937e-132,0.45387567693805875,0.000783984032862074,0.5420965753088213,0.0,0.5453832581471647,1.4479531782100474e-133
tree,ifa,12.0,2,7,benign_consumer,9.988333299999999,0.329999872921295,0.33333320625462837,0.9653939393939394,0.03473541848767985,0.0013333333333333335,0.0,0.03385476511292123,1.0,10.0,9.391759906730816e-176,9.391759906730816e-176,0.9982264112698896,0.0003344481605351171,0.0016722408026755853,0.0,9.391759906730815e-177,0.7224080267558528
tree,ifa,12.0,2,8,benign_consumer,9.988333299999999,0.3299999177627134,0.3333332177627134,0.9654242424242424,0.03454139908097438,0.0013333333333333335,0.0,0.034031119410219496,1.0,10.0,8.59899652879976e-146,8.59899652879976e-146,0.9982264112698896,0.0003344481605351171,0.0016722408026755853,0.0,8.598996528799762e-147,0.8662207357859532
tree,ifa,12.0,2,9,benign_consumer,9.988333299999999,0.3299999307372122,0.33333326407054553,0.9654545454545455,0.03427513475693214,0.0013333333333333335,0.0,0.03406526580596123,1.0,10.0,3.0018775580976967e-170,3.0018775580976967e-170,0.9982264112698896,0.0003344481605351171,0.0016722408026755853,0.0,3.001877558097696e-171,0.7491638795986622
tree,ifa,12.0,2,10,benign_consumer,9.988333299999999,0.3300000586054476,0.3333333919387809,0.9653939393939394,0.03478269145731742,0.0013333333333333335,0.0,0.033902038082558796,1.0,10.0,1.9551876303850336e-116,1.9551876303850336e-116,0.9982264112698896,0.0003344481605351171,0.0016722408026755853,0.0,1.9551876303850335e-117,1.0
tree,ifa,12.0,2,11,benign_consumer,9.988333299999999,0.33000002883095303,0.33333336216428633,0.9654242424242424,0.03456429099648531,0.0013333333333333335,0.0,0.03398405167544072,1.0,10.0,6.56053093774745e-134,6.56053093774745e-134,0.9982264112698896,0.0003344481605351171,0.0016722408026755853,0.0,6.560530937747449e-135,0.9230769230769231
tree,ifa,12.0,3,0,router,0.3333333637375,0.3333333637375,0.3333333637375,0.0,1.0,0.8033333333333333,0.0,1.0,1.0,11.98325016722408,11.98325016722408,1.825881608729473e-204,0.0,0.0003073236405224796,0.9569028424912213,0.0,1.0,1.6777983437106964e-205
tree,ifa,12.0,3,1,router,0.0033333333333333335,0.0033333333333333335,0.0033333333333333335,0.0,0.9733333333333334,0.8,0.0,1.0,0.9733333333333334,0.013377926421404762,0.013377926421404762,2.661263009623616e-207,0.0,0.010861601455394908,0.9968784838350055,0.0,1.0,0.0033444816053511705
tree,ifa,12.0,3,2,router,0.66666665923766,0.33666669707083335,0.33666669707083335,0.07221741741199869,0.019886218708977346,0.6066781829776281,0.0,0.01940484669074879,1.0,11.996627090301004,11.996628093645484,1.8285428717390967e-204,0.0,0.00029530807541793284,0.956892150664935,0.0,1.0000000842155403,1.6145506129735178e-205
tree,ifa,12.0,3,3,router,0.99999988454307,0.3333333398213754,0.3333333398213754,0.14567678503376444,0.018811106172853746,0.6166709743295886,0.0,0.018447402829188816,1.0,11.996627090301004,11.996627090301004,5.207946948080263e-201,0.0,0.00029530807541793284,0.956892150664935,0.0,1.0,4.598466734304394e-202
tree,ifa,12.0,3,4,router,0.6666665936093982,0.33333331941628447,0.33333331941628447,0.1395030291769422,0.07061814514336238,0.6040289278001503,0.0,0.06994726341347562,1.0,2.2048636648086874e-151,9.236074335271697e-167,9.236074335271697e-167,0.0,0.8394648829431438,0.8394648829431438,0.0,0.16053511705685652,0.7658862876254181
tree,ifa,12.0,3,5,router,0.6666665710334964,0.33333332874536575,0.33333332874536575,0.12274884978145849,0.06173888575305771,0.2572183669462852,0.0,0.06125374406774221,1.0,3.4731049409740004e-82,1.515171532989925e-176,1.515171532989925e-176,0.0,1.0,1.0,0.0,3.137898778738155e-95,0.7190635451505016
tree,ifa,12.0,3,6,attacker,9.988333299999999,0.33000003359633345,0.3333333335963335,0.9654545454545455,0.034517947395576565,0.0013333333333333335,0.0,0.03400766772482168,1.0,21.996655551839464,11.996655183946487,4.801212408489544e-166,0.45387567693805875,0.000783984032862074,0.5420965753088213,0.0,0.5453832581471647,4.238646912908147e-167
tree,ifa,12.0,3,7,benign_consumer,9.988333299999999,0.3299999222013707,0.33333322220137074,0.9654242424242424,0.034512251182961945,0.0013333333333333335,0.0,0.03400197151220705,1.0,10.0,9.454724204418862e-174,9.454724204418862e-174,0.9982264112698896,0.0003344481605351171,0.0016722408026755853,0.0,9.454724204418862e-175,0.7324414715719063
tree,ifa,12.0,3,8,benign_consumer,9.988333299999999,0.3299999482356815,0.3333332482356815,0.9654545454545455,0.03449719562680042,0.0013333333333333335,0.0,0.03398691595604553,1.0,10.0,2.201341514678591e-151,2.201341514678591e-151,0.9982264112698896,0.0003344481605351171,0.0016722408026755853,0.0,2.2013415146785912e-152,0.8394648829431438
tree,ifa,12.0,3,9,benign_consumer,9.988333299999999,0.33000001204038326,0.3333333453737166,0.9654848484848484,0.03432635699093721,0.0013333333333333335,0.0,0.0341164880399663,1.0,10.0,3.5221501300962835e-154,3.5221501300962835e-154,0.9982264112698896,0.0003344481605351171,0.0016722408026755853,0.0,3.522150130096284e-155,0.8260869565217391
tree,ifa,12.0,3,10,benign_consumer,9.988333299999999,0.330000009860751,0.333333309860751,0.9654545454545455,0.03454658494699622,0.0013333333333333335,0.0,0.03403630527624134,1.0,10.0,1.0750124624992137e-143,1.0750124624992137e-143,0.9982264112698896,0.0003344481605351171,0.0016722408026755853,0.0,1.0750124624992136e-144,0.8762541806020067
tree,ifa,12.0,3,11,benign_consumer,9.988333299999999,0.3299999278394121,0.3333332611727454,0.9654545454545455,0.03429686092290445,0.0013333333333333335,0.0,0.034086991971933545,1.0,10.0,3.4731049409740004e-82,3.4731049409740004e-82,0.9982264112698896,0.0003344481605351171,0.0016722408026755853,0.0,3.473104940974001e-83,1.0
tree,ifa,12.0,4,0,router,0.33333331781753334,0.33333331781753334,0.33333331781753334,0.0,1.0,0.8033333333333333,0.0,1.0,1.0,11.98325016722408,11.98325016722408,1.6243061462822033e-197,0.0,0.0003073236405224796,0.9569028424912213,0.0,1.0,1.4925711513021482e-198
tree,ifa,12.0,4,1,router,0.0,0.0,0.0,0.0,0.0,0.0,0.0,1.0,0.0,0.013377926421404762,0.013377926421404762,0.0,0.0,0.007517119850043738,0.9935340022296544,0.0,1.0,0.0
tree,ifa,12.0,4,2,router,0.6666667601744584,0.33333331781753334,0.33333331781753334,0.06552538300942556,0.024293808130713912,0.8,0.0,0.02399515216699633,1.0,11.996627090301004,11.996628093645484,1.6243061462822033e-197,0.0,0.00029530807541793284,0.956892150664935,0.0,1.0000000842155403,1.4342154510677496e-198
tree,ifa,12.0,4,3,router,1.0000000557964432,0.3333333557915875,0.3333333557915875,0.1631803545038839,0.02265663598671175,0.6079889987347289,0.0,0.022277190061396068,1.0,11.996627090301004,11.996627090301004,1.5490590259247076e-183,0.0,0.00029530807541793284,0.956892150664935,0.0,1.0,1.3677744352364866e-184
tree,ifa,12.0,4,4,router,0.666666547201053,0.3333334043828709,0.3333334043828709,0.13589237614237612,0.05019436019284087,0.49151426428712447,0.0,0.050052542670806964,1.0,2.9833854849838197e-105,3.978532596073998e-189,3.978532596073998e-189,0.0,1.0,1.0,0.0,8.789066075143154e-85,0.6588628762541806
tree,ifa,12.0,4,5,router,0.6666666236737315,0.33333327841781135,0.33333327841781135,0.11266678691678692,0.05291452985071447,0.6400000000682886,0.0,0.052279585369490254,1.0,5.503362286882207e-150,6.051003344770861e-178,6.051003344770861e-178,0.0,0.8461538461538461,0.8461538461538461,0.0,0.15384615384615385,0.7123745819397993
tree,ifa,12.0,4,6,attacker,9.988333299999999,0.33000003873917744,0.3333334054058441,0.9654545454545455,0.034494621335257866,0.0013333333333333335,0.0,0.033984334997832974,1.0,21.996655551839464,11.996655183946487,4.299498315087334e-145,0.45387567693805875,0.000783984032862074,0.5420965753088213,0.0,0.5453832581471647,3.795719439163342e-146
tree,ifa,12.0,4,7,benign_consumer,9.988333299999999,0.33000000530612117,0.33333337197278784,0.9653636363636364,0.03466678721468296,0.0013333333333333335,0.0,0.03378613050688771,1.0,10.0,1.7197992043850463e-146,1.7197992043850463e-146,0.9982264112698896,0.0003344481605351171,0.0016722408026755853,0.0,1.7197992043850463e-147,0.862876254180602
tree,ifa,12.0,4,8,benign_consumer,9.988333299999999,0.3299999678731657,0.3333332678731657,0.9654242424242424,0.03449445255118621,0.0013333333333333335,0.0,0.03404067005557257,1.0,10.0,2.9833854849838197e-105,2.9833854849838197e-105,0.9982264112698896,0.0003344481605351171,0.0016722408026755853,0.0,2.98338548498382e-106,1.0
tree,ifa,12.0,4,9,benign_consumer,9.988333299999999,0.3299999793278873,0.3333332793278873,0.9654545454545455,0.03454157615246955,0.0013333333333333335,0.0,0.03396134016476163,1.0,10.0,3.3589849080266287e-140,3.3589849080266287e-140,0.9982264112698896,0.0003344481605351171,0.0016722408026755853,0.0,3.358984908026629e-141,0.8929765886287625
tree,ifa,12.0,4,10,benign_consumer,9.988333299999999,0.3300000117305001,0.33333334506383344,0.9654545454545455,0.03424387103825046,0.0013333333333333335,0.0,0.03410395840423259,1.0,10.0,1.408859160494607e-155,1.408859160494607e-155,0.9982264112698896,0.0003344481605351171,0.0016722408026755853,0.0,1.4088591604946069e-156,0.8193979933110368
tree,ifa,12.0,4,11,benign_consumer,9.988333299999999,0.3299999119432314,0.3333332786098981,0.9654545454545455,0.034330811354873404,0.0013333333333333335,0.0,0.03412093907056583,1.0,10.0,5.503348198290602e-150,5.503348198290602e-150,0.9982264112698896,0.0003344481605351171,0.0016722408026755853,0.0,5.503348198290602e-151,0.8461538461538461
tree,ifa,12.0,5,0,router,0.33333331195874366,0.33333331195874366,0.33333331195874366,0.0,1.0,0.8033333333333333,0.0,1.0,1.0,11.98325016722408,11.98325016722408,5.0759611288887537e-194,0.0,0.0003073236405224796,0.9569028424912213,0.0,1.0,4.6642889485373795e-195
tree,ifa,12.0,5,1,router,0.013333333333334588,0.013333333333334588,0.013333333333334588,0.0,1.0,0.8,0.0,1.0,1.0,0.013377926421404762,0.013377926421404762,2.1801037207277136e-211,0.0,0.010861601455394908,0.9968784838350055,0.0,1.0,0.0033444816053511705
tree,ifa,12.0,5,2,router,0.6699999806420528,0.34666664529207825,0.34666664529207825,0.06726609961057595,0.026372092143564743,0.8,0.0,0.026151116652053608,1.0,11.996627090301004,11.996628093645484,5.0759611288887537e-194,0.0,0.00029530807541793284,0.956892150664935,0.0,1.0000000842155403,4.481927226976806e-195
tree,ifa,12.0,5,3,router,1.000000006970829,0.336666610799579,0.333333310799579,0.16390117072470015,0.021428663858163725,0.6166688832684428,0.0,0.02102897002855987,0.999820826917036,11.996627090301004,11.996627090301004,1.5862370409289424e-190,0.0,0.00029530807541793284,0.956892150664935,0.0,1.0,1.4006015534992787e-191
tree,ifa,12.0,5,4,router,0.6666666671305648,0.3333333698424738,0.3333333698424738,0.11791635162223398,0.05138045330964546,0.436678191513161,0.0,0.05062203170946469,1.0,8.010995527587007e-125,1.210200669185577e-178,1.210200669185577e-178,0.0,0.9665551839464883,0.9665551839464883,0.0,0.033444816053511704,0.7090301003344481
tree,ifa,12.0,5,5,router,0.6666667226571608,0.3333332753881212,0.3333332753881212,0.11074193691298954,0.06706646150536533,0.45107872767778173,0.0,0.06668944465530775,1.0,3.1282992813546417e-119,1.5490765857391721e-183,1.5490765857391721e-183,0.0,0.9933110367892977,0.9933110367892977,0.0,0.006688963210702341,0.68561872909699
tree,ifa,12.0,5,6,attacker,9.988333299999999,0.33000009095496563,0.33333339095496567,0.9654545454545455,0.03465801808814677,0.0013333333333333335,0.0,0.03377736804702152,1.0,21.996655551839464,11.996655183946487,2.624205698544732e-135,0.45387567693805875,0.000783984032862074,0.5420965753088213,0.0,0.5453832581471647,2.3167234518938984e-136
tree,ifa,12.0,5,7,benign_consumer,9.988333299999999,0.32999997396107555,0.3333333406277422,0.9654545454545455,0.034257542612193506,0.0013333333333333335,0.0,0.034117626644838965,1.0,10.0,3.606915517976924e-161,3.606915517976924e-161,0.9982264112698896,0.0003344481605351171,0.0016722408026755853,0.0,3.606915517976924e-162,0.7926421404682275
tree,ifa,12.0,5,8,benign_consumer,9.988333299999999,0.32999992938286193,0.3333332627161953,0.9654242424242424,0.034542126289513246,0.0013333333333333335,0.0,0.0340318432854217,1.0,10.0,8.010995527587007e-125,8.010995527587007e-125,0.9982264112698896,0.0003344481605351171,0.0016722408026755853,0.0,8.010995527587006e-126,0.9665551839464883
tree,ifa,12.0,5,9,benign_consumer,9.988333299999999,0.33000007108103613,0.3333334044143694,0.9653939393939394,0.03485438973967485,0.0013333333333333335,0.0,0.03390378004796319,1.0,10.0,8.59899652879976e-146,8.59899652879976e-146,0.9982264112698896,0.0003344481605351171,0.0016722408026755853,0.0,8.598996528799762e-147,0.8662207357859532
tree,ifa,12.0,5,10,benign_consumer,9.988333299999999,0.3300000182723777,0.33333338493904435,0.9653333333333334,0.03453465963712433,0.0013333333333333335,0.0,0.033654002929029044,1.0,10.0,3.1282992813546417e-119,3.1282992813546417e-119,0.9982264112698896,0.0003344481605351171,0.0016722408026755853,0.0,3.1282992813546416e-120,0.9933110367892977
tree,ifa,12.0,5,11,benign_consumer,9.988333299999999,0.330000004384783,0.33333333771811635,0.9654242424242424,0.03458748962345826,0.0013333333333333335,0.0,0.03400725030241368,1.0,10.0,4.299498315087334e-145,4.299498315087334e-145,0.9982264112698896,0.0003344481605351171,0.0016722408026755853,0.0,4.299498315087335e-146,0.8695652173913043
tree,ifa,15.0,1,0,router,0.3333333708796625,0.3333333708796625,0.3333333708796625,0.0,1.0,0.8033333333333333,0.0,1.0,1.0,14.976867892976587,14.976867892976587,2.5863749594770846e-202,0.0,0.00026518219661598346,0.9728561051994729,0.0,1.0,2.0507230880640905e-203
tree,ifa,15.0,1,1,router,0.006666666666666667,0.006666666666666667,0.006666666666666667,0.0,1.0,0.8,0.0,1.0,1.0,0.013377926421404762,0.013377926421404762,1.3625667592391222e-212,0.0,0.010861601455394908,0.9968784838350055,0.0,1.0,0.0033444816053511705
tree,ifa,15.0,1,2,router,0.6700000932667606,0.3400000375463292,0.3400000375463292,0.06825424092815398,0.022802605716334322,0.8,0.0,0.02249286968419144,1.0,14.990245484949835,14.990245819397993,2.5863749596133414e-202,0.0,0.0002566437571657496,0.9722932970911516,0.0,1.0000000239961249,1.9846931916659865e-203
tree,ifa,15.0,1,3,router,1.0000000353912584,0.3366666701587499,0.3366666701587499,0.16868383860050526,0.024195174919936637,0.6087984986062608,0.0,0.023697468418183158,1.0,14.990245484949835,14.990245484949835,5.092265844560576e-194,0.0,0.0002566437571657496,0.9722932970911516,0.0,1.0,3.907625737398431e-195
tree,ifa,15.0,1,4,router,0.6666667126708652,0.3333334231080107,0.3333334231080107,0.11686113886113887,0.08761239827095814,0.576667106153205,0.0,0.08677108417449789,1.0,3.6418198290593655e-96,1.8909405551839756e-174,1.8909405551839756e-174,0.0,1.0,1.0,0.0,3.7869018387886765e-79,0.7290969899665551
tree,ifa,15.0,1,5,router,0.6666666243578683,0.3333333114369584,0.3333333114369584,0.12204829429829431,0.07755778837480361,0.4284046933337204,0.0,0.076454151057957,1.0,1.9093608311374927e-109,8.805388926053107e-153,8.805388926053107e-153,0.0,1.0,1.0,0.0,3.8415796599692897e-44,0.8327759197324415
tree,ifa,15.0,1,6,attacker,9.988333299999999,0.3299999651950502,0.3333333318617169,0.9654545454545455,0.034273795021958875,0.0013333333333333335,0.0,0.034133879054547664,1.0,24.99414712374582,14.994147491638797,1.312102844101965e-134,0.39946987237957143,0.000701902845327753,0.5961718920224018,0.0,0.5999017477828532,9.495437328807938e-136
tree,ifa,15.0,1,7,benign_consumer,9.988333299999999,0.33000009209258313,0.33333339209258317,0.9654242424242424,0.03450213350413026,0.0013333333333333335,0.0,0.03399185383337538,1.0,10.0,3.663259602378636e-154,3.663259602378636e-154,0.9982264112698896,0.0003344481605351171,0.0016722408026755853,0.0,3.6632596023786362e-155,0.8260869565217391
tree,ifa,15.0,1,8,benign_consumer,9.988333299999999,0.3300000210726942,0.3333333544060276,0.9654545454545455,0.034243824455873394,0.0013333333333333335,0.0,0.03410391182185552,1.0,10.0,4.100320664717012e-131,4.100320664717012e-131,0.9982264112698896,0.0003344481605351171,0.0016722408026755853,0.0,4.1003206647170124e-132,0.9364548494983278
tree,ifa,15.0,1,9,benign_consumer,9.988333299999999,0.329999991598171,0.3333333582648377,0.9653939393939394,0.0348152254023264,0.0013333333333333335,0.0,0.03386461237722141,1.0,10.0,3.6418198290593655e-96,3.6418198290593655e-96,0.9982264112698896,0.0003344481605351171,0.0016722408026755853,0.0,3.6418198290593657e-97,1.0
tree,ifa,15.0,1,10,benign_consumer,9.988333299999999,0.3299999856652093,0.333333352331876,0.9654545454545455,0.03419076661499551,0.0013333333333333335,0.0,0.0340508506475843,1.0,10.0,1.909360831137492e-109,1.909360831137492e-109,0.9982264112698896,0.0003344481605351171,0.0016722408026755853,0.0,1.9093608311374923e-110,1.0
tree,ifa,15.0,1,11,benign_consumer,9.988333299999999,0.32999993869265887,0.3333332720259922,0.9653939393939394,0.03486757863896404,0.0013333333333333335,0.0,0.033916968947252386,1.0,10.0,8.008444942762137e-125,8.008444942762137e-125,0.9982264112698896,0.0003344481605351171,0.0016722408026755853,0.0,8.008444942762137e-126,0.9665551839464883
tree,ifa,15.0,2,0,router,0.3333333486083269,0.3333333486083269,0.3333333486083269,0.0,1.0,0.8033333333333333,0.0,1.0,1.0,14.976867892976587,14.976867892976587,1.5862545973691594e-190,0.0,0.00026518219661598346,0.9728561051994729,0.0,1.0,1.257732990372109e-191
tree,ifa,15.0,2,1,router,0.006666666666666667,0.006666666666666667,0.006666666666666667,0.0,1.0,0.8,0.0,1.0,1.0,0.013377926421404762,0.013377926421404762,1.3625667592391222e-212,0.0,0.010861601455394908,0.9968784838350055,0.0,1.0,0.0033444816053511705
tree,ifa,15.0,2,2,router,0.6666665817067454,0.34000001527499357,0.34000001527499357,0.07371026467267068,0.025137435491279097,0.8,0.0,0.024846842308300938,1.0,14.990245484949835,14.990245819397993,1.5862545973691594e-190,0.0,0.0002566437571657496,0.9722932970911516,0.0,1.0000000239961249,1.2172359718291325e-191
tree,ifa,15.0,2,3,router,0.9999999612056515,0.3333333144620005,0.3333333144620005,0.1544968992995309,0.024617688647868726,0.660000000000007,0.0,0.024234614858254754,1.0,14.990245484949835,14.990245484949835,4.1242194817316006e-189,0.0,0.0002566437571657496,0.9722932970911516,0.0,1.0,3.1647809529550684e-190
tree,ifa,15.0,2,4,router,0.6666664818332589,0.3333332672447449,0.3333332672447449,0.11164702567963439,0.06753475253881161,0.6261196718646783,0.0,0.06587916756767506,1.0,8.59899652879976e-146,7.563754515053059e-176,7.563754515053059e-176,0.0,0.8662207357859532,0.8662207357859532,0.0,0.13377926421404682,0.7224080267558528
tree,ifa,15.0,2,5,router,0.6666667541030673,0.33333344913422774,0.33333344913422774,0.12140623265623267,0.09323503255851329,0.46466624644163357,0.0,0.09289339191707988,1.0,1.9551876303850336e-116,8.805388926053107e-153,8.805388926053107e-153,0.0,1.0,1.0,0.0,3.7515426094973082e-37,0.8327759197324415
tree,ifa,15.0,2,6,attacker,9.988333299999999,0.33000000581679534,0.3333333058167953,0.9654545454545455,0.0344946869457528,0.0013333333333333335,0.0,0.03404090445013916,1.0,24.99414712374582,14.994147491638797,1.6401297240931937e-132,0.39946987237957143,0.000701902845327753,0.5961718920224018,0.0,0.5999017477828532,1.1869305053306236e-133
tree,ifa,15.0,2,7,benign_consumer,9.988333299999999,0.329999872921295,0.33333320625462837,0.9653939393939394,0.03473541848767985,0.0013333333333333335,0.0,0.03385476511292123,1.0,10.0,9.391759906730816e-176,9.391759906730816e-176,0.9982264112698896,0.0003344481605351171,0.0016722408026755853,0.0,9.391759906730815e-177,0.7224080267558528
tree,ifa,15.0,2,8,benign_consumer,9.988333299999999,0.3299999177627134,0.3333332177627134,0.9654242424242424,0.03454139908097438,0.0013333333333333335,0.0,0.034031119410219496,1.0,10.0,8.59899652879976e-146,8.59899652879976e-146,0.9982264112698896,0.0003344481605351171,0.0016722408026755853,0.0,8.598996528799762e-147,0.8662207357859532
tree,ifa,15.0,2,9,benign_consumer,9.988333299999999,0.3299999307372122,0.33333326407054553,0.9654545454545455,0.03427513475693214,0.0013333333333333335,0.0,0.03406526580596123,1.0,10.0,3.0018775580976967e-170,3.0018775580976967e-170,0.9982264112698896,0.0003344481605351171,0.0016722408026755853,0.0,3.001877558097696e-171,0.7491638795986622
tree,ifa,15.0,2,10,benign_consumer,9.988333299999999,0.3300000586054476,0.3333333919387809,0.9653939393939394,0.03478269145731742,0.0013333333333333335,0.0,0.033902038082558796,1.0,10.0,1.9551876303850336e-116,1.9551876303850336e-116,0.9982264112698896,0.0003344481605351171,0.0016722408026755853,0.0,1.9551876303850335e-117,1.0
tree,ifa,15.0,2,11,benign_consumer,9.988333299999999,0.33000002883095303,0.33333336216428633,0.9654242424242424,0.03456429099648531,0.0013333333333333335,0.0,0.03398405167544072,1.0,10.0,6.56053093774745e-134,6.56053093774745e-134,0.9982264112698896,0.0003344481605351171,0.0016722408026755853,0.0,6.560530937747449e-135,0.9230769230769231
tree,ifa,15.0,3,0,router,0.3333333637375,0.3333333637375,0.3333333637375,0.0,1.0,0.8033333333333333,0.0,1.0,1.0,14.976867892976587,14.976867892976587,1.825881608729473e-204,0.0,0.00026518219661598346,0.9728561051994729,0.0,1.0,1.4477319641189224e-205
tree,ifa,15.0,3,1,router,0.0033333333333333335,0.0033333333333333335,0.0033333333333333335,0.0,0.9733333333333334,0.8,0.0,1.0,0.9733333333333334,0.013377926421404762,0.013377926421404762,2.661263009623616e-207,0.0,0.010861601455394908,0.9968784838350055,0.0,1.0,0.0033444816053511705
tree,ifa,15.0,3,2,router,0.66666665923766,0.33666669707083335,0.33666669707083335,0.07221741741199869,0.019886218708977346,0.6066781829776281,0.0,0.01940484669074879,1.0,14.990245484949835,14.990245819397993,1.8285428717390967e-204,0.0,0.0002566437571657496,0.9722932970911516,0.0,1.0000000239961249,1.4031595286949396e-205
tree,ifa,15.0,3,3,router,0.99999988454307,0.3333333398213754,0.3333333398213754,0.14567678503376444,0.018811106172853746,0.6166709743295886,0.0,0.018447402829188816,1.0,14.990245484949835,14.990245484949835,5.207946948080263e-201,0.0,0.0002566437571657496,0.9722932970911516,0.0,1.0,3.996395157600618e-202
tree,ifa,15.0,3,4,router,0.6666665936093982,0.33333331941628447,0.33333331941628447,0.1395030291769422,0.07061814514336238,0.6040289278001503,0.0,0.06994726341347562,1.0,2.2048636648086874e-151,9.236074335271697e-167,9.236074335271697e-167,0.0,0.8394648829431438,0.8394648829431438,0.0,0.16053511705685652,0.7658862876254181
tree,ifa,15.0,3,5,router,0.6666665710334964,0.33333332874536575,0.33333332874536575,0.12274884978145849,0.06173888575305771,0.2572183669462852,0.0,0.06125374406774221,1.0,3.4731049409740004e-82,1.515171532989925e-176,1.515171532989925e-176,0.0,1.0,1.0,0.0,3.137898778738155e-95,0.7190635451505016
tree,ifa,15.0,3,6,attacker,9.988333299999999,0.33000003359633345,0.3333333335963335,0.9654545454545455,0.034517947395576565,0.0013333333333333335,0.0,0.03400766772482168,1.0,24.99414712374582,14.994147491638797,4.801212408489544e-166,0.39946987237957143,0.000701902845327753,0.5961718920224018,0.0,0.5999017477828532,3.47454558996099e-167
tree,ifa,15.0,3,7,benign_consumer,9.988333299999999,0.3299999222013707,0.33333322220137074,0.9654242424242424,0.034512251182961945,0.0013333333333333335,0.0,0.03400197151220705,1.0,10.0,9.454724204418862e-174,9.454724204418862e-174,0.9982264112698896,0.0003344481605351171,0.0016722408026755853,0.0,9.454724204418862e-175,0.7324414715719063
tree,ifa,15.0,3,8,benign_consumer,9.988333299999999,0.3299999482356815,0.3333332482356815,0.9654545454545455,0.03449719562680042,0.0013333333333333335,0.0,0.03398691595604553,1.0,10.0,2.201341514678591e-151,2.201341514678591e-151,0.9982264112698896,0.0003344481605351171,0.0016722408026755853,0.0,2.2013415146785912e-152,0.8394648829431438
tree,ifa,15.0,3,9,benign_consumer,9.988333299999999,0.33000001204038326,0.3333333453737166,0.9654848484848484,0.03432635699093721,0.0013333333333333335,0.0,0.0341164880399663,1.0,10.0,3.5221501300962835e-154,3.5221501300962835e-154,0.9982264112698896,0.0003344481605351171,0.0016722408026755853,0.0,3.522150130096284e-155,0.8260869565217391
tree,ifa,15.0,3,10,benign_consumer,9.988333299999999,0.330000009860751,0.333333309860751,0.9654545454545455,0.03454658494699622,0.0013333333333333335,0.0,0.03403630527624134,1.0,10.0,1.0750124624992137e-143,1.0750124624992137e-143,0.9982264112698896,0.0003344481605351171,0.0016722408026755853,0.0,1.0750124624992136e-144,0.8762541806020067
tree,ifa,15.0,3,11,benign_consumer,9.988333299999999,0.3299999278394121,0.3333332611727454,0.9654545454545455,0.03429686092290445,0.0013333333333333335,0.0,0.034086991971933545,1.0,10.0,3.4731049409740004e-82,3.4731049409740004e-82,0.9982264112698896,0.0003344481605351171,0.0016722408026755853,0.0,3.473104940974001e-83,1.0
tree,ifa,15.0,4,0,router,0.33333331781753334,0.33333331781753334,0.33333331781753334,0.0,1.0,0.8033333333333333,0.0,1.0,1.0,14.976867892976587,14.976867892976587,1.6243061462822033e-197,0.0,0.00026518219661598346,0.9728561051994729,0.0,1.0,1.287903827978476e-198
tree,ifa,15.0,4,1,router,0.0,0.0,0.0,0.0,0.0,0.0,0.0,1.0,0.0,0.013377926421404762,0.013377926421404762,0.0,0.0,0.007517119850043738,0.9935340022296544,0.0,1.0,0.0
tree,ifa,15.0,4,2,router,0.6666667601744584,0.33333331781753334,0.33333331781753334,0.06552538300942556,0.024293808130713912,0.8,0.0,0.02399515216699633,1.0,14.990245484949835,14.990245819397993,1.6243061462822033e-197,0.0,0.0002566437571657496,0.9722932970911516,0.0,1.0000000239961249,1.2464353994147659e-198
tree,ifa,15.0,4,3,router,1.0000000557964432,0.3333333557915875,0.3333333557915875,0.1631803545038839,0.02265663598671175,0.6079889987347289,0.0,0.022277190061396068,1.0,14.990245484949835,14.990245484949835,1.5490590259247076e-183,0.0,0.0002566437571657496,0.9722932970911516,0.0,1.0,1.1886934362521432e-184
tree,ifa,15.0,4,4,router,0.666666547201053,0.3333334043828709,0.3333334043828709,0.13589237614237612,0.05019436019284087,0.49151426428712447,0.0,0.050052542670806964,1.0,2.9833854849838197e-105,3.978532596073998e-189,3.978532596073998e-189,0.0,1.0,1.0,0.0,8.789066075143154e-85,0.6588628762541806
tree,ifa,15.0,4,5,router,0.6666666236737315,0.33333327841781135,0.33333327841781135,0.11266678691678692,0.05291452985071447,0.6400000000682886,0.0,0.052279585369490254,1.0,5.503362286882207e-150,6.051003344770861e-178,6.051003344770861e-178,0.0,0.8461538461538461,0.8461538461538461,0.0,0.15384615384615385,0.7123745819397993
tree,ifa,15.0,4,6,attacker,9.988333299999999,0.33000003873917744,0.3333334054058441,0.9654545454545455,0.034494621335257866,0.0013333333333333335,0.0,0.033984334997832974,1.0,24.99414712374582,14.994147491638797,4.299498315087334e-145,0.39946987237957143,0.000701902845327753,0.5961718920224018,0.0,0.5999017477828532,3.1114646990037857e-146
tree,ifa,15.0,4,7,benign_consumer,9.988333299999999,0.33000000530612117,0.33333337197278784,0.9653636363636364,0.03466678721468296,0.0013333333333333335,0.0,0.03378613050688771,1.0,10.0,1.7197992043850463e-146,1.7197992043850463e-146,0.9982264112698896,0.0003344481605351171,0.0016722408026755853,0.0,1.7197992043850463e-147,0.862876254180602
tree,ifa,15.0,4,8,benign_consumer,9.988333299999999,0.3299999678731657,0.3333332678731657,0.9654242424242424,0.03449445255118621,0.0013333333333333335,0.0,0.03404067005557257,1.0,10.0,2.9833854849838197e-105,2.9833854849838197e-105,0.9982264112698896,0.0003344481605351171,0.0016722408026755853,0.0,2.98338548498382e-106,1.0
tree,ifa,15.0,4,9,benign_consumer,9.988333299999999,0.3299999793278873,0.3333332793278873,0.9654545454545455,0.03454157615246955,0.0013333333333333335,0.0,0.03396134016476163,1.0,10.0,3.3589849080266287e-140,3.3589849080266287e-140,0.9982264112698896,0.0003344481605351171,0.0016722408026755853,0.0,3.358984908026629e-141,0.8929765886287625
tree,ifa,15.0,4,10,benign_consumer,9.988333299999999,0.3300000117305001,0.33333334506383344,0.9654545454545455,0.03424387103825046,0.0013333333333333335,0.0,0.03410395840423259,1.0,10.0,1.408859160494607e-155,1.408859160494607e-155,0.9982264112698896,0.0003344481605351171,0.0016722408026755853,0.0,1.4088591604946069e-156,0.8193979933110368
tree,ifa,15.0,4,11,benign_consumer,9.988333299999999,0.3299999119432314,0.3333332786098981,0.9654545454545455,0.034330811354873404,0.0013333333333333335,0.0,0.03412093907056583,1.0,10.0,5.503348198290602e-150,5.503348198290602e-150,0.9982264112698896,0.0003344481605351171,0.0016722408026755853,0.0,5.503348198290602e-151,0.8461538461538461
tree,ifa,15.0,5,0,router,0.33333331195874366,0.33333331195874366,0.33333331195874366,0.0,1.0,0.8033333333333333,0.0,1.0,1.0,14.976867892976587,14.976867892976587,5.0759611288887537e-194,0.0,0.00026518219661598346,0.9728561051994729,0.0,1.0,4.024703068666588e-195
tree,ifa,15.0,5,1,router,0.013333333333334588,0.013333333333334588,0.013333333333334588,0.0,1.0,0.8,0.0,1.0,1.0,0.013377926421404762,0.013377926421404762,2.1801037207277136e-211,0.0,0.010861601455394908,0.9968784838350055,0.0,1.0,0.0033444816053511705
tree,ifa,15.0,5,2,router,0.6699999806420528,0.34666664529207825,0.34666664529207825,0.06726609961057595,0.026372092143564743,0.8,0.0,0.026151116652053608,1.0,14.990245484949835,14.990245819397993,5.0759611288887537e-194,0.0,0.0002566437571657496,0.9722932970911516,0.0,1.0000000239961249,3.8951141135712605e-195
tree,ifa,15.0,5,3,router,1.000000006970829,0.336666610799579,0.333333310799579,0.16390117072470015,0.021428663858163725,0.6166688832684428,0.0,0.02102897002855987,0.999820826917036,14.990245484949835,14.990245484949835,1.5862370409289424e-190,0.0,0.0002566437571657496,0.9722932970911516,0.0,1.0,1.2172225466351468e-191
tree,ifa,15.0,5,4,router,0.6666666671305648,0.3333333698424738,0.3333333698424738,0.11791635162223398,0.05138045330964546,0.436678191513161,0.0,0.05062203170946469,1.0,8.010995527587007e-125,1.210200669185577e-178,1.210200669185577e-178,0.0,0.9665551839464883,0.9665551839464883,0.0,0.033444816053511704,0.7090301003344481
tree,ifa,15.0,5,5,router,0.6666667226571608,0.3333332753881212,0.3333332753881212,0.11074193691298954,0.06706646150536533,0.45107872767778173,0.0,0.06668944465530775,1.0,3.1282992813546417e-119,1.5490765857391721e-183,1.5490765857391721e-183,0.0,0.9933110367892977,0.9933110367892977,0.0,0.006688963210702341,0.68561872909699
tree,ifa,15.0,5,6,attacker,9.988333299999999,0.33000009095496563,0.33333339095496567,0.9654545454545455,0.03465801808814677,0.0013333333333333335,0.0,0.03377736804702152,1.0,24.99414712374582,14.994147491638797,2.624205698544732e-135,0.39946987237957143,0.000701902845327753,0.5961718920224018,0.0,0.5999017477828532,1.8990874726567064e-136
tree,ifa,15.0,5,7,benign_consumer,9.988333299999999,0.32999997396107555,0.3333333406277422,0.9654545454545455,0.034257542612193506,0.0013333333333333335,0.0,0.034117626644838965,1.0,10.0,3.606915517976924e-161,3.606915517976924e-161,0.9982264112698896,0.0003344481605351171,0.0016722408026755853,0.0,3.606915517976924e-162,0.7926421404682275
tree,ifa,15.0,5,8,benign_consumer,9.988333299999999,0.32999992938286193,0.3333332627161953,0.9654242424242424,0.034542126289513246,0.0013333333333333335,0.0,0.0340318432854217,1.0,10.0,8.010995527587007e-125,8.010995527587007e-125,0.9982264112698896,0.0003344481605351171,0.0016722408026755853,0.0,8.010995527587006e-126,0.9665551839464883
tree,ifa,15.0,5,9,benign_consumer,9.988333299999999,0.33000007108103613,0.3333334044143694,0.9653939393939394,0.03485438973967485,0.0013333333333333335,0.0,0.03390378004796319,1.0,10.0,8.59899652879976e-146,8.59899652879976e-146,0.9982264112698896,0.0003344481605351171,0.0016722408026755853,0.0,8.598996528799762e-147,0.8662207357859532
tree,ifa,15.0,5,10,benign_consumer,9.988333299999999,0.3300000182723777,0.33333338493904435,0.9653333333333334,0.03453465963712433,0.0013333333333333335,0.0,0.033654002929029044,1.0,10.0,3.1282992813546417e-119,3.1282992813546417e-119,0.9982264112698896,0.0003344481605351171,0.0016722408026755853,0.0,3.1282992813546416e-120,0.9933110367892977
tree,ifa,15.0,5,11,benign_consumer,9.988333299999999,0.330000004384783,0.33333333771811635,0.9654242424242424,0.03458748962345826,0.0013333333333333335,0.0,0.03400725030241368,1.0,10.0,4.299498315087334e-145,4.299498315087334e-145,0.9982264112698896,0.0003344481605351171,0.0016722408026755853,0.0,4.299498315087335e-146,0.8695652173913043
tree,ifa,20.0,1,0,router,0.3333333708796625,0.3333333708796625,0.3333333708796625,0.0,1.0,0.8033333333333333,0.0,1.0,1.0,19.96989966555184,19.96989966555184,2.5863749594770846e-202,0.0,0.000205996310416437,0.9927809699782655,0.0,1.0,1.5930232529731538e-203
tree,ifa,20.0,1,1,router,0.006666666666666667,0.006666666666666667,0.006666666666666667,0.0,1.0,0.8,0.0,1.0,1.0,0.013377926421404762,0.013377926421404762,1.3625667592391222e-212,0.0,0.010861601455394908,0.9968784838350055,0.0,1.0,0.0033444816053511705
tree,ifa,20.0,1,2,router,0.6700000932667606,0.3400000375463292,0.3400000375463292,0.06825424092815398,0.022802605716334322,0.8,0.0,0.02249286968419144,1.0,19.98327725752508,19.983277591973245,2.5863749596133414e-202,0.0,0.0002018286646796755,0.9925684928208631,0.0,1.0000000167230414,1.5607938007557676e-203
tree,ifa,20.0,1,3,router,1.0000000353912584,0.3366666701587499,0.3366666701587499,0.16868383860050526,0.024195174919936637,0.6087984986062608,0.0,0.023697468418183158,1.0,19.98327725752508,19.98327725752508,5.092265844560576e-194,0.0,0.0002018286646796755,0.9925684928208631,0.0,1.0,3.073017998938215e-195
tree,ifa,20.0,1,4,router,0.6666667126708652,0.3333334231080107,0.3333334231080107,0.11686113886113887,0.08761239827095814,0.576667106153205,0.0,0.08677108417449789,1.0,3.6418198290593655e-96,1.8909405551839756e-174,1.8909405551839756e-174,0.0,1.0,1.0,0.0,3.7869018387886765e-79,0.7290969899665551
tree,ifa,20.0,1,5,router,0.6666666243578683,0.3333333114369584,0.3333333114369584,0.12204829429829431,0.07755778837480361,0.4284046933337204,0.0,0.076454151057957,1.0,1.9093608311374927e-109,8.805388926053107e-153,8.805388926053107e-153,0.0,1.0,1.0,0.0,3.8415796599692897e-44,0.8327759197324415
tree,ifa,20.0,1,6,attacker,9.988333299999999,0.3299999651950502,0.3333333318617169,0.9654545454545455,0.034273795021958875,0.0013333333333333335,0.0,0.034133879054547664,1.0,29.983277591973245,19.98327725752508,1.312102844101965e-134,0.3330036801285048,0.0006285614185945925,0.6621360703162901,0.0,0.6664571350453851,7.918116950593376e-136
tree,ifa,20.0,1,7,benign_consumer,9.988333299999999,0.33000009209258313,0.33333339209258317,0.9654242424242424,0.03450213350413026,0.0013333333333333335,0.0,0.03399185383337538,1.0,10.0,3.663259602378636e-154,3.663259602378636e-154,0.9982264112698896,0.0003344481605351171,0.0016722408026755853,0.0,3.6632596023786362e-155,0.8260869565217391
tree,ifa,20.0,1,8,benign_consumer,9.988333299999999,0.3300000210726942,0.3333333544060276,0.9654545454545455,0.034243824455873394,0.0013333333333333335,0.0,0.03410391182185552,1.0,10.0,4.100320664717012e-131,4.100320664717012e-131,0.9982264112698896,0.0003344481605351171,0.0016722408026755853,0.0,4.1003206647170124e-132,0.9364548494983278
tree,ifa,20.0,1,9,benign_consumer,9.988333299999999,0.329999991598171,0.3333333582648377,0.9653939393939394,0.0348152254023264,0.0013333333333333335,0.0,0.03386461237722141,1.0,10.0,3.6418198290593655e-96,3.6418198290593655e-96,0.9982264112698896,0.0003344481605351171,0.0016722408026755853,0.0,3.6418198290593657e-97,1.0
tree,ifa,20.0,1,10,benign_consumer,9.988333299999999,0.3299999856652093,0.333333352331876,0.9654545454545455,0.03419076661499551,0.0013333333333333335,0.0,0.0340508506475843,1.0,10.0,1.909360831137492e-109,1.909360831137492e-109,0.9982264112698896,0.0003344481605351171,0.0016722408026755853,0.0,1.9093608311374923e-110,1.0
tree,ifa,20.0,1,11,benign_consumer,9.988333299999999,0.32999993869265887,0.3333332720259922,0.9653939393939394,0.03486757863896404,0.0013333333333333335,0.0,0.033916968947252386,1.0,10.0,8.008444942762137e-125,8.008444942762137e-125,0.9982264112698896,0.0003344481605351171,0.0016722408026755853,0.0,8.008444942762137e-126,0.9665551839464883
tree,ifa,20.0,2,0,router,0.3333333486083269,0.3333333486083269,0.3333333486083269,0.0,1.0,0.8033333333333333,0.0,1.0,1.0,19.96989966555184,19.96989966555184,1.5862545973691594e-190,0.0,0.000205996310416437,0.9927809699782655,0.0,1.0,9.77020142352802e-192
tree,ifa,20.0,2,1,router,0.006666666666666667,0.006666666666666667,0.006666666666666667,0.0,1.0,0.8,0.0,1.0,1.0,0.013377926421404762,0.013377926421404762,1.3625667592391222e-212,0.0,0.010861601455394908,0.9968784838350055,0.0,1.0,0.0033444816053511705
tree,ifa,20.0,2,2,router,0.6666665817067454,0.34000001527499357,0.34000001527499357,0.07371026467267068,0.025137435491279097,0.8,0.0,0.024846842308300938,1.0,19.98327725752508,19.983277591973245,1.5862545973691594e-190,0.0,0.0002018286646796755,0.9925684928208631,0.0,1.0000000167230414,9.572533887852028e-192
tree,ifa,20.0,2,3,router,0.9999999612056515,0.3333333144620005,0.3333333144620005,0.1544968992995309,0.024617688647868726,0.660000000000007,0.0,0.024234614858254754,1.0,19.98327725752508,19.98327725752508,4.1242194817316006e-189,0.0,0.0002018286646796755,0.9925684928208631,0.0,1.0,2.488833173232483e-190
tree,ifa,20.0,2,4,router,0.6666664818332589,0.3333332672447449,0.3333332672447449,0.11164702567963439,0.06753475253881161,0.6261196718646783,0.0,0.06587916756767506,1.0,8.59899652879976e-146,7.563754515053059e-176,7.563754515053059e-176,0.0,0.8662207357859532,0.8662207357859532,0.0,0.13377926421404682,0.7224080267558528
tree,ifa,20.0,2,5,router,0.6666667541030673,0.33333344913422774,0.33333344913422774,0.12140623265623267,0.09323503255851329,0.46466624644163357,0.0,0.09289339191707988,1.0,1.9551876303850336e-116,8.805388926053107e-153,8.805388926053107e-153,0.0,1.0,1.0,0.0,3.7515426094973082e-37,0.8327759197324415
tree,ifa,20.0,2,6,attacker,9.988333299999999,0.33000000581679534,0.3333333058167953,0.9654545454545455,0.0344946869457528,0.0013333333333333335,0.0,0.03404090445013916,1.0,29.983277591973245,19.98327725752508,1.6401297240931937e-132,0.3330036801285048,0.0006285614185945925,0.6621360703162901,0.0,0.6664571350453851,9.897653119801628e-134
tree,ifa,20.0,2,7,benign_consumer,9.988333299999999,0.329999872921295,0.33333320625462837,0.9653939393939394,0.03473541848767985,0.0013333333333333335,0.0,0.03385476511292123,1.0,10.0,9.391759906730816e-176,9.391759906730816e-176,0.9982264112698896,0.0003344481605351171,0.0016722408026755853,0.0,9.391759906730815e-177,0.7224080267558528
tree,ifa,20.0,2,8,benign_consumer,9.988333299999999,0.3299999177627134,0.3333332177627134,0.9654242424242424,0.03454139908097438,0.0013333333333333335,0.0,0.034031119410219496,1.0,10.0,8.59899652879976e-146,8.59899652879976e-146,0.9982264112698896,0.0003344481605351171,0.0016722408026755853,0.0,8.598996528799762e-147,0.8662207357859532
tree,ifa,20.0,2,9,benign_consumer,9.988333299999999,0.3299999307372122,0.33333326407054553,0.9654545454545455,0.03427513475693214,0.0013333333333333335,0.0,0.03406526580596123,1.0,10.0,3.0018775580976967e-170,3.0018775580976967e-170,0.9982264112698896,0.0003344481605351171,0.0016722408026755853,0.0,3.001877558097696e-171,0.7491638795986622
tree,ifa,20.0,2,10,benign_consumer,9.988333299999999,0.3300000586054476,0.3333333919387809,0.9653939393939394,0.03478269145731742,0.0013333333333333335,0.0,0.033902038082558796,1.0,10.0,1.9551876303850336e-116,1.9551876303850336e-116,0.9982264112698896,0.0003344481605351171,0.0016722408026755853,0.0,1.9551876303850335e-117,1.0
tree,ifa,20.0,2,11,benign_consumer,9.988333299999999,0.33000002883095303,0.33333336216428633,0.9654242424242424,0.03456429099648531,0.0013333333333333335,0.0,0.03398405167544072,1.0,10.0,6.56053093774745e-134,6.56053093774745e-134,0.9982264112698896,0.0003344481605351171,0.0016722408026755853,0.0,6.560530937747449e-135,0.9230769230769231
tree,ifa,20.0,3,0,router,0.3333333637375,0.3333333637375,0.3333333637375,0.0,1.0,0.8033333333333333,0.0,1.0,1.0,19.96989966555184,19.96989966555184,1.825881608729473e-204,0.0,0.000205996310416437,0.9927809699782655,0.0,1.0,1.1246133982618413e-205
tree,ifa,20.0,3,1,router,0.0033333333333333335,0.0033333333333333335,0.0033333333333333335,0.0,0.9733333333333334,0.8,0.0,1.0,0.9733333333333334,0.013377926421404762,0.013377926421404762,2.661263009623616e-207,0.0,0.010861601455394908,0.9968784838350055,0.0,1.0,0.0033444816053511705
tree,ifa,20.0,3,2,router,0.66666665923766,0.33666669707083335,0.33666669707083335,0.07221741741199869,0.019886218708977346,0.6066781829776281,0.0,0.01940484669074879,1.0,19.98327725752508,19.983277591973245,1.8285428717390967e-204,0.0,0.0002018286646796755,0.9925684928208631,0.0,1.0000000167230414,1.1034666180288892e-205
tree,ifa,20.0,3,3,router,0.99999988454307,0.3333333398213754,0.3333333398213754,0.14567678503376444,0.018811106172853746,0.6166709743295886,0.0,0.018447402829188816,1.0,19.98327725752508,19.98327725752508,5.207946948080263e-201,0.0,0.0002018286646796755,0.9925684928208631,0.0,1.0,3.14282748246854e-202
tree,ifa,20.0,3,4,router,0.6666665936093982,0.33333331941628447,0.33333331941628447,0.1395030291769422,0.07061814514336238,0.6040289278001503,0.0,0.06994726341347562,1.0,2.2048636648086874e-151,9.236074335271697e-167,9.236074335271697e-167,0.0,0.8394648829431438,0.8394648829431438,0.0,0.16053511705685652,0.7658862876254181
tree,ifa,20.0,3,5,router,0.6666665710334964,0.33333332874536575,0.33333332874536575,0.12274884978145849,0.06173888575305771,0.2572183669462852,0.0,0.06125374406774221,1.0,3.4731049409740004e-82,1.515171532989925e-176,1.515171532989925e-176,0.0,1.0,1.0,0.0,3.137898778738155e-95,0.7190635451505016
tree,ifa,20.0,3,6,attacker,9.988333299999999,0.33000003359633345,0.3333333335963335,0.9654545454545455,0.034517947395576565,0.0013333333333333335,0.0,0.03400766772482168,1.0,29.983277591973245,19.98327725752508,4.801212408489544e-166,0.3330036801285048,0.0006285614185945925,0.6621360703162901,0.0,0.6664571350453851,2.8973766413727706e-167
tree,ifa,20.0,3,7,benign_consumer,9.988333299999999,0.3299999222013707,0.33333322220137074,0.9654242424242424,0.034512251182961945,0.0013333333333333335,0.0,0.03400197151220705,1.0,10.0,9.454724204418862e-174,9.454724204418862e-174,0.9982264112698896,0.0003344481605351171,0.0016722408026755853,0.0,9.454724204418862e-175,0.7324414715719063
tree,ifa,20.0,3,8,benign_consumer,9.988333299999999,0.3299999482356815,0.3333332482356815,0.9654545454545455,0.03449719562680042,0.0013333333333333335,0.0,0.03398691595604553,1.0,10.0,2.201341514678591e-151,2.201341514678591e-151,0.9982264112698896,0.0003344481605351171,0.0016722408026755853,0.0,2.2013415146785912e-152,0.8394648829431438
tree,ifa,20.0,3,9,benign_consumer,9.988333299999999,0.33000001204038326,0.3333333453737166,0.9654848484848484,0.03432635699093721,0.0013333333333333335,0.0,0.0341164880399663,1.0,10.0,3.5221501300962835e-154,3.5221501300962835e-154,0.9982264112698896,0.0003344481605351171,0.0016722408026755853,0.0,3.522150130096284e-155,0.8260869565217391
tree,ifa,20.0,3,10,benign_consumer,9.988333299999999,0.330000009860751,0.333333309860751,0.9654545454545455,0.03454658494699622,0.0013333333333333335,0.0,0.03403630527624134,1.0,10.0,1.0750124624992137e-143,1.0750124624992137e-143,0.9982264112698896,0.0003344481605351171,0.0016722408026755853,0.0,1.0750124624992136e-144,0.8762541806020067
tree,ifa,20.0,3,11,benign_consumer,9.988333299999999,0.3299999278394121,0.3333332611727454,0.9654545454545455,0.03429686092290445,0.0013333333333333335,0.0,0.034086991971933545,1.0,10.0,3.4731049409740004e-82,3.4731049409740004e-82,0.9982264112698896,0.0003344481605351171,0.0016722408026755853,0.0,3.473104940974001e-83,1.0
tree,ifa,20.0,4,0,router,0.33333331781753334,0.33333331781753334,0.33333331781753334,0.0,1.0,0.8033333333333333,0.0,1.0,1.0,19.96989966555184,19.96989966555184,1.6243061462822033e-197,0.0,0.000205996310416437,0.9927809699782655,0.0,1.0,1.0004571960420202e-198
tree,ifa,20.0,4,1,router,0.0,0.0,0.0,0.0,0.0,0.0,0.0,1.0,0.0,0.013377926421404762,0.013377926421404762,0.0,0.0,0.007517119850043738,0.9935340022296544,0.0,1.0,0.0
tree,ifa,20.0,4,2,router,0.6666667601744584,0.33333331781753334,0.33333331781753334,0.06552538300942556,0.024293808130713912,0.8,0.0,0.02399515216699633,1.0,19.98327725752508,19.983277591973245,1.6243061462822033e-197,0.0,0.0002018286646796755,0.9925684928208631,0.0,1.0000000167230414,9.802162931052351e-199
tree,ifa,20.0,4,3,router,1.0000000557964432,0.3333333557915875,0.3333333557915875,0.1631803545038839,0.02265663598671175,0.6079889987347289,0.0,0.022277190061396068,1.0,19.98327725752508,19.98327725752508,1.5490590259247076e-183,0.0,0.0002018286646796755,0.9925684928208631,0.0,1.0,9.348071270584227e-185
tree,ifa,20.0,4,4,router,0.666666547201053,0.3333334043828709,0.3333334043828709,0.13589237614237612,0.05019436019284087,0.49151426428712447,0.0,0.050052542670806964,1.0,2.9833854849838197e-105,3.978532596073998e-189,3.978532596073998e-189,0.0,1.0,1.0,0.0,8.789066075143154e-85,0.6588628762541806
tree,ifa,20.0,4,5,router,0.6666666236737315,0.33333327841781135,0.33333327841781135,0.11266678691678692,0.05291452985071447,0.6400000000682886,0.0,0.052279585369490254,1.0,5.503362286882207e-150,6.051003344770861e-178,6.051003344770861e-178,0.0,0.8461538461538461,0.8461538461538461,0.0,0.15384615384615385,0.7123745819397993
tree,ifa,20.0,4,6,attacker,9.988333299999999,0.33000003873917744,0.3333334054058441,0.9654545454545455,0.034494621335257866,0.0013333333333333335,0.0,0.033984334997832974,1.0,29.983277591973245,19.98327725752508,4.299498315087334e-145,0.3330036801285048,0.0006285614185945925,0.6621360703162901,0.0,0.6664571350453851,2.594608392451518e-146
tree,ifa,20.0,4,7,benign_consumer,9.988333299999999,0.33000000530612117,0.33333337197278784,0.9653636363636364,0.03466678721468296,0.0013333333333333335,0.0,0.03378613050688771,1.0,10.0,1.7197992043850463e-146,1.7197992043850463e-146,0.9982264112698896,0.0003344481605351171,0.0016722408026755853,0.0,1.7197992043850463e-147,0.862876254180602
tree,ifa,20.0,4,8,benign_consumer,9.988333299999999,0.3299999678731657,0.3333332678731657,0.9654242424242424,0.03449445255118621,0.0013333333333333335,0.0,0.03404067005557257,1.0,10.0,2.9833854849838197e-105,2.9833854849838197e-105,0.9982264112698896,0.0003344481605351171,0.0016722408026755853,0.0,2.98338548498382e-106,1.0
tree,ifa,20.0,4,9,benign_consumer,9.988333299999999,0.3299999793278873,0.3333332793278873,0.9654545454545455,0.03454157615246955,0.0013333333333333335,0.0,0.03396134016476163,1.0,10.0,3.3589849080266287e-140,3.3589849080266287e-140,0.9982264112698896,0.0003344481605351171,0.0016722408026755853,0.0,3.358984908026629e-141,0.8929765886287625
tree,ifa,20.0,4,10,benign_consumer,9.988333299999999,0.3300000117305001,0.33333334506383344,0.9654545454545455,0.03424387103825046,0.0013333333333333335,0.0,0.03410395840423259,1.0,10.0,1.408859160494607e-155,1.408859160494607e-155,0.9982264112698896,0.0003344481605351171,0.0016722408026755853,0.0,1.4088591604946069e-156,0.8193979933110368
tree,ifa,20.0,4,11,benign_consumer,9.988333299999999,0.3299999119432314,0.3333332786098981,0.9654545454545455,0.034330811354873404,0.0013333333333333335,0.0,0.03412093907056583,1.0,10.0,5.503348198290602e-150,5.503348198290602e-150,0.9982264112698896,0.0003344481605351171,0.0016722408026755853,0.0,5.503348198290602e-151,0.8461538461538461
tree,ifa,20.0,5,0,router,0.33333331195874366,0.33333331195874366,0.33333331195874366,0.0,1.0,0.8033333333333333,0.0,1.0,1.0,19.96989966555184,19.96989966555184,5.0759611288887537e-194,0.0,0.000205996310416437,0.9927809699782655,0.0,1.0,3.12643154075464e-195
tree,ifa,20.0,5,1,router,0.013333333333334588,0.013333333333334588,0.013333333333334588,0.0,1.0,0.8,0.0,1.0,1.0,0.013377926421404762,0.013377926421404762,2.1801037207277136e-211,0.0,0.010861601455394908,0.9968784838350055,0.0,1.0,0.0033444816053511705
tree,ifa,20.0,5,2,router,0.6699999806420528,0.34666664529207825,0.34666664529207825,0.06726609961057595,0.026372092143564743,0.8,0.0,0.026151116652053608,1.0,19.98327725752508,19.983277591973245,5.0759611288887537e-194,0.0,0.0002018286646796755,0.9925684928208631,0.0,1.0000000167230414,3.0631786644572817e-195
tree,ifa,20.0,5,3,router,1.000000006970829,0.336666610799579,0.333333310799579,0.16390117072470015,0.021428663858163725,0.6166688832684428,0.0,0.02102897002855987,0.999820826917036,19.98327725752508,19.98327725752508,1.5862370409289424e-190,0.0,0.0002018286646796755,0.9925684928208631,0.0,1.0,9.572428663949506e-192
tree,ifa,20.0,5,4,router,0.6666666671305648,0.3333333698424738,0.3333333698424738,0.11791635162223398,0.05138045330964546,0.436678191513161,0.0,0.05062203170946469,1.0,8.010995527587007e-125,1.210200669185577e-178,1.210200669185577e-178,0.0,0.9665551839464883,0.9665551839464883,0.0,0.033444816053511704,0.7090301003344481
tree,ifa,20.0,5,5,router,0.6666667226571608,0.3333332753881212,0.3333332753881212,0.11074193691298954,0.06706646150536533,0.45107872767778173,0.0,0.06668944465530775,1.0,3.1282992813546417e-119,1.5490765857391721e-183,1.5490765857391721e-183,0.0,0.9933110367892977,0.9933110367892977,0.0,0.006688963210702341,0.68561872909699
tree,ifa,20.0,5,6,attacker,9.988333299999999,0.33000009095496563,0.33333339095496567,0.9654545454545455,0.03465801808814677,0.0013333333333333335,0.0,0.03377736804702152,1.0,29.983277591973245,19.98327725752508,2.624205698544732e-135,0.3330036801285048,0.0006285614185945925,0.6621360703162901,0.0,0.6664571350453851,1.5836233952911113e-136
tree,ifa,20.0,5,7,benign_consumer,9.988333299999999,0.32999997396107555,0.3333333406277422,0.9654545454545455,0.034257542612193506,0.0013333333333333335,0.0,0.034117626644838965,1.0,10.0,3.606915517976924e-161,3.606915517976924e-161,0.9982264112698896,0.0003344481605351171,0.0016722408026755853,0.0,3.606915517976924e-162,0.7926421404682275
tree,ifa,20.0,5,8,benign_consumer,9.988333299999999,0.32999992938286193,0.3333332627161953,0.9654242424242424,0.034542126289513246,0.0013333333333333335,0.0,0.0340318432854217,1.0,10.0,8.010995527587007e-125,8.010995527587007e-125,0.9982264112698896,0.0003344481605351171,0.0016722408026755853,0.0,8.010995527587006e-126,0.9665551839464883
tree,ifa,20.0,5,9,benign_consumer,9.988333299999999,0.33000007108103613,0.3333334044143694,0.9653939393939394,0.03485438973967485,0.0013333333333333335,0.0,0.03390378004796319,1.0,10.0,8.59899652879976e-146,8.59899652879976e-146,0.9982264112698896,0.0003344481605351171,0.0016722408026755853,0.0,8.598996528799762e-147,0.8662207357859532
tree,ifa,20.0,5,10,benign_consumer,9.988333299999999,0.3300000182723777,0.33333338493904435,0.9653333333333334,0.03453465963712433,0.0013333333333333335,0.0,0.033654002929029044,1.0,10.0,3.1282992813546417e-119,3.1282992813546417e-119,0.9982264112698896,0.0003344481605351171,0.0016722408026755853,0.0,3.1282992813546416e-120,0.9933110367892977
tree,ifa,20.0,5,11,benign_consumer,9.988333299999999,0.330000004384783,0.33333333771811635,0.9654242424242424,0.03458748962345826,0.0013333333333333335,0.0,0.03400725030241368,1.0,10.0,4.299498315087334e-145,4.299498315087334e-145,0.9982264112698896,0.0003344481605351171,0.0016722408026755853,0.0,4.299498315087335e-146,0.8695652173913043
tree,ifa,30.0,1,0,router,0.3333333708796625,0.3333333708796625,0.3333333708796625,0.0,1.0,0.8033333333333333,0.0,1.0,1.0,29.96153846153846,29.96153846153846,2.5863749594770846e-202,0.0,0.00013640961784307676,0.9929187986678494,0.0,1.0,1.05489120263368e-203
tree,ifa,30.0,1,1,router,0.006666666666666667,0.006666666666666667,0.006666666666666667,0.0,1.0,0.8,0.0,1.0,1.0,0.013377926421404694,0.013377926421404694,1.3625667592391222e-212,0.0,0.02840022294301547,0.9957079152731326,0.0,1.0,0.0033444816053511705
tree,ifa,30.0,1,2,router,0.6700000932667606,0.3400000375463292,0.3400000375463292,0.06825424092815398,0.022802605716334322,0.8,0.0,0.02249286968419144,1.0,29.974916387959865,29.974916387959865,2.5863749596133414e-202,0.0,0.00013455244306079549,0.9927841490858478,0.0,0.9999999999996514,1.0405292010210467e-203
tree,ifa,30.0,1,3,router,1.0000000353912584,0.3366666701587499,0.3366666701587499,0.16868383860050526,0.024195174919936637,0.6087984986062608,0.0,0.023697468418183158,1.0,29.974916387959865,29.974916387959865,5.092265844560576e-194,0.0,0.00013455244306079549,0.9927841490858478,0.0,1.0,2.0486786650606644e-195
tree,ifa,30.0,1,4,router,0.6666667126708652,0.3333334231080107,0.3333334231080107,0.11686113886113887,0.08761239827095814,0.576667106153205,0.0,0.08677108417449789,1.0,3.6418198290593655e-96,1.8909405551839756e-174,1.8909405551839756e-174,0.0,1.0,1.0,0.0,3.7869018387886765e-79,0.7290969899665551
tree,ifa,30.0,1,5,router,0.6666666243578683,0.3333333114369584,0.3333333114369584,0.12204829429829431,0.07755778837480361,0.4284046933337204,0.0,0.076454151057957,1.0,1.9093608311374927e-109,8.805388926053107e-153,8.805388926053107e-153,0.0,1.0,1.0,0.0,3.8415796599692897e-44,0.8327759197324415
tree,ifa,30.0,1,6,attacker,9.988333299999999,0.3299999651950502,0.3333333318617169,0.9654545454545455,0.034273795021958875,0.0013333333333333335,0.0,0.034133879054547664,1.0,39.98494983277592,29.98494983277592,1.312102844101965e-134,0.2497648541429787,0.0004524139172695041,0.7450532373029364,0.0,0.7498982068683738,4.868715422967855e-136
tree,ifa,30.0,1,7,benign_consumer,9.988333299999999,0.33000009209258313,0.33333339209258317,0.9654242424242424,0.03450213350413026,0.0013333333333333335,0.0,0.03399185383337538,1.0,10.0,3.663259602378636e-154,3.663259602378636e-154,0.9982264112698896,0.0003344481605351171,0.0016722408026755853,0.0,3.6632596023786362e-155,0.8260869565217391
tree,ifa,30.0,1,8,benign_consumer,9.988333299999999,0.3300000210726942,0.3333333544060276,0.9654545454545455,0.034243824455873394,0.0013333333333333335,0.0,0.03410391182185552,1.0,10.0,4.100320664717012e-131,4.100320664717012e-131,0.9982264112698896,0.0003344481605351171,0.0016722408026755853,0.0,4.1003206647170124e-132,0.9364548494983278
tree,ifa,30.0,1,9,benign_consumer,9.988333299999999,0.329999991598171,0.3333333582648377,0.9653939393939394,0.0348152254023264,0.0013333333333333335,0.0,0.03386461237722141,1.0,10.0,3.6418198290593655e-96,3.6418198290593655e-96,0.9982264112698896,0.0003344481605351171,0.0016722408026755853,0.0,3.6418198290593657e-97,1.0
tree,ifa,30.0,1,10,benign_consumer,9.988333299999999,0.3299999856652093,0.333333352331876,0.9654545454545455,0.03419076661499551,0.0013333333333333335,0.0,0.0340508506475843,1.0,10.0,1.909360831137492e-109,1.909360831137492e-109,0.9982264112698896,0.0003344481605351171,0.0016722408026755853,0.0,1.9093608311374923e-110,1.0
tree,ifa,30.0,1,11,benign_consumer,9.988333299999999,0.32999993869265887,0.3333332720259922,0.9653939393939394,0.03486757863896404,0.0013333333333333335,0.0,0.033916968947252386,1.0,10.0,8.008444942762137e-125,8.008444942762137e-125,0.9982264112698896,0.0003344481605351171,0.0016722408026755853,0.0,8.008444942762137e-126,0.9665551839464883
tree,ifa,30.0,2,0,router,0.3333333486083269,0.3333333486083269,0.3333333486083269,0.0,1.0,0.8033333333333333,0.0,1.0,1.0,29.96153846153846,29.96153846153846,1.5862545973691594e-190,0.0,0.00013640961784307676,0.9929187986678494,0.0,1.0,6.4697733182984345e-192
tree,ifa,30.0,2,1,router,0.006666666666666667,0.006666666666666667,0.006666666666666667,0.0,1.0,0.8,0.0,1.0,1.0,0.013377926421404694,0.013377926421404694,1.3625667592391222e-212,0.0,0.02840022294301547,0.9957079152731326,0.0,1.0,0.0033444816053511705
tree,ifa,30.0,2,2,router,0.6666665817067454,0.34000001527499357,0.34000001527499357,0.07371026467267068,0.025137435491279097,0.8,0.0,0.024846842308300938,1.0,29.974916387959865,29.974916387959865,1.5862545973691594e-190,0.0,0.00013455244306079549,0.9927841490858478,0.0,0.9999999999996514,6.381689261740063e-192
tree,ifa,30.0,2,3,router,0.9999999612056515,0.3333333144620005,0.3333333144620005,0.1544968992995309,0.024617688647868726,0.660000000000007,0.0,0.024234614858254754,1.0,29.974916387959865,29.974916387959865,4.1242194817316006e-189,0.0,0.00013455244306079549,0.9927841490858478,0.0,1.0,1.6592221147609146e-190
tree,ifa,30.0,2,4,router,0.6666664818332589,0.3333332672447449,0.3333332672447449,0.11164702567963439,0.06753475253881161,0.6261196718646783,0.0,0.06587916756767506,1.0,8.59899652879976e-146,7.563754515053059e-176,7.563754515053059e-176,0.0,0.8662207357859532,0.8662207357859532,0.0,0.13377926421404682,0.7224080267558528
tree,ifa,30.0,2,5,router,0.6666667541030673,0.33333344913422774,0.33333344913422774,0.12140623265623267,0.09323503255851329,0.46466624644163357,0.0,0.09289339191707988,1.0,1.9551876303850336e-116,8.805388926053107e-153,8.805388926053107e-153,0.0,1.0,1.0,0.0,3.7515426094973082e-37,0.8327759197324415
tree,ifa,30.0,2,6,attacker,9.988333299999999,0.33000000581679534,0.3333333058167953,0.9654545454545455,0.0344946869457528,0.0013333333333333335,0.0,0.03404090445013916,1.0,39.98494983277592,29.98494983277592,1.6401297240931937e-132,0.2497648541429787,0.0004524139172695041,0.7450532373029364,0.0,0.7498982068683738,6.085898571712165e-134
tree,ifa,30.0,2,7,benign_consumer,9.988333299999999,0.329999872921295,0.33333320625462837,0.9653939393939394,0.03473541848767985,0.0013333333333333335,0.0,0.03385476511292123,1.0,10.0,9.391759906730816e-176,9.391759906730816e-176,0.9982264112698896,0.0003344481605351171,0.0016722408026755853,0.0,9.391759906730815e-177,0.7224080267558528
tree,ifa,30.0,2,8,benign_consumer,9.988333299999999,0.3299999177627134,0.3333332177627134,0.9654242424242424,0.03454139908097438,0.0013333333333333335,0.0,0.034031119410219496,1.0,10.0,8.59899652879976e-146,8.59899652879976e-146,0.9982264112698896,0.0003344481605351171,0.0016722408026755853,0.0,8.598996528799762e-147,0.8662207357859532
tree,ifa,30.0,2,9,benign_consumer,9.988333299999999,0.3299999307372122,0.33333326407054553,0.9654545454545455,0.03427513475693214,0.0013333333333333335,0.0,0.03406526580596123,1.0,10.0,3.0018775580976967e-170,3.0018775580976967e-170,0.9982264112698896,0.0003344481605351171,0.0016722408026755853,0.0,3.001877558097696e-171,0.7491638795986622
tree,ifa,30.0,2,10,benign_consumer,9.988333299999999,0.3300000586054476,0.3333333919387809,0.9653939393939394,0.03478269145731742,0.0013333333333333335,0.0,0.033902038082558796,1.0,10.0,1.9551876303850336e-116,1.9551876303850336e-116,0.9982264112698896,0.0003344481605351171,0.0016722408026755853,0.0,1.9551876303850335e-117,1.0
tree,ifa,30.0,2,11,benign_consumer,9.988333299999999,0.33000002883095303,0.33333336216428633,0.9654242424242424,0.03456429099648531,0.0013333333333333335,0.0,0.03398405167544072,1.0,10.0,6.56053093774745e-134,6.56053093774745e-134,0.9982264112698896,0.0003344481605351171,0.0016722408026755853,0.0,6.560530937747449e-135,0.9230769230769231
tree,ifa,30.0,3,0,router,0.3333333637375,0.3333333637375,0.3333333637375,0.0,1.0,0.8033333333333333,0.0,1.0,1.0,29.96153846153846,29.96153846153846,1.825881608729473e-204,0.0,0.00013640961784307676,0.9929187986678494,0.0,1.0,7.447127787593238e-206
tree,ifa,30.0,3,1,router,0.0033333333333333335,0.0033333333333333335,0.0033333333333333335,0.0,0.9733333333333334,0.8,0.0,1.0,0.9733333333333334,0.013377926421404694,0.013377926421404694,2.661263009623616e-207,0.0,0.02840022294301547,0.9957079152731326,0.0,1.0,0.0033444816053511705
tree,ifa,30.0,3,2,router,0.66666665923766,0.33666669707083335,0.33666669707083335,0.07221741741199869,0.019886218708977346,0.6066781829776281,0.0,0.01940484669074879,1.0,29.974916387959865,29.974916387959865,1.8285428717390967e-204,0.0,0.00013455244306079549,0.9927841490858478,0.0,0.9999999999996514,7.356444123849145e-206
tree,ifa,30.0,3,3,router,0.99999988454307,0.3333333398213754,0.3333333398213754,0.14567678503376444,0.018811106172853746,0.6166709743295886,0.0,0.018447402829188816,1.0,29.974916387959865,29.974916387959865,5.207946948080263e-201,0.0,0.00013455244306079549,0.9927841490858478,0.0,1.0,2.095218320727142e-202
tree,ifa,30.0,3,4,router,0.6666665936093982,0.33333331941628447,0.33333331941628447,0.1395030291769422,0.07061814514336238,0.6040289278001503,0.0,0.06994726341347562,1.0,2.2048636648086874e-151,9.236074335271697e-167,9.236074335271697e-167,0.0,0.8394648829431438,0.8394648829431438,0.0,0.16053511705685652,0.7658862876254181
tree,ifa,30.0,3,5,router,0.6666665710334964,0.33333332874536575,0.33333332874536575,0.12274884978145849,0.06173888575305771,0.2572183669462852,0.0,0.06125374406774221,1.0,3.4731049409740004e-82,1.515171532989925e-176,1.515171532989925e-176,0.0,1.0,1.0,0.0,3.137898778738155e-95,0.7190635451505016
tree,ifa,30.0,3,6,attacker,9.988333299999999,0.33000003359633345,0.3333333335963335,0.9654545454545455,0.034517947395576565,0.0013333333333333335,0.0,0.03400766772482168,1.0,39.98494983277592,29.98494983277592,4.801212408489544e-166,0.2497648541429787,0.0004524139172695041,0.7450532373029364,0.0,0.7498982068683738,1.7815476121349458e-167
tree,ifa,30.0,3,7,benign_consumer,9.988333299999999,0.3299999222013707,0.33333322220137074,0.9654242424242424,0.034512251182961945,0.0013333333333333335,0.0,0.03400197151220705,1.0,10.0,9.454724204418862e-174,9.454724204418862e-174,0.9982264112698896,0.0003344481605351171,0.0016722408026755853,0.0,9.454724204418862e-175,0.7324414715719063
tree,ifa,30.0,3,8,benign_consumer,9.988333299999999,0.3299999482356815,0.3333332482356815,0.9654545454545455,0.03449719562680042,0.0013333333333333335,0.0,0.03398691595604553,1.0,10.0,2.201341514678591e-151,2.201341514678591e-151,0.9982264112698896,0.0003344481605351171,0.0016722408026755853,0.0,2.2013415146785912e-152,0.8394648829431438
tree,ifa,30.0,3,9,benign_consumer,9.988333299999999,0.33000001204038326,0.3333333453737166,0.9654848484848484,0.03432635699093721,0.0013333333333333335,0.0,0.0341164880399663,1.0,10.0,3.5221501300962835e-154,3.5221501300962835e-154,0.9982264112698896,0.0003344481605351171,0.0016722408026755853,0.0,3.522150130096284e-155,0.8260869565217391
tree,ifa,30.0,3,10,benign_consumer,9.988333299999999,0.330000009860751,0.333333309860751,0.9654545454545455,0.03454658494699622,0.0013333333333333335,0.0,0.03403630527624134,1.0,10.0,1.0750124624992137e-143,1.0750124624992137e-143,0.9982264112698896,0.0003344481605351171,0.0016722408026755853,0.0,1.0750124624992136e-144,0.8762541806020067
tree,ifa,30.0,3,11,benign_consumer,9.988333299999999,0.3299999278394121,0.3333332611727454,0.9654545454545455,0.03429686092290445,0.0013333333333333335,0.0,0.034086991971933545,1.0,10.0,3.4731049409740004e-82,3.4731049409740004e-82,0.9982264112698896,0.0003344481605351171,0.0016722408026755853,0.0,3.473104940974001e-83,1.0
tree,ifa,30.0,4,0,router,0.33333331781753334,0.33333331781753334,0.33333331781753334,0.0,1.0,0.8033333333333333,0.0,1.0,1.0,29.96153846153846,29.96153846153846,1.6243061462822033e-197,0.0,0.00013640961784307676,0.9929187986678494,0.0,1.0,6.624972251660901e-199
tree,ifa,30.0,4,1,router,0.0,0.0,0.0,0.0,0.0,0.0,0.0,1.0,0.0,0.013377926421404694,0.013377926421404694,0.0,0.0,0.025055741337664295,0.9923634336677815,0.0,1.0,0.0
tree,ifa,30.0,4,2,router,0.6666667601744584,0.33333331781753334,0.33333331781753334,0.06552538300942556,0.024293808130713912,0.8,0.0,0.02399515216699633,1.0,29.974916387959865,29.974916387959865,1.6243061462822033e-197,0.0,0.00013455244306079549,0.9927841490858478,0.0,0.9999999999996514,6.53477529061638e-199
tree,ifa,30.0,4,3,router,1.0000000557964432,0.3333333557915875,0.3333333557915875,0.1631803545038839,0.02265663598671175,0.6079889987347289,0.0,0.022277190061396068,1.0,29.974916387959865,29.974916387959865,1.5490590259247076e-183,0.0,0.00013455244306079549,0.9927841490858478,0.0,1.0,6.232047510990675e-185
tree,ifa,30.0,4,4,router,0.666666547201053,0.3333334043828709,0.3333334043828709,0.13589237614237612,0.05019436019284087,0.49151426428712447,0.0,0.050052542670806964,1.0,2.9833854849838197e-105,3.978532596073998e-189,3.978532596073998e-189,0.0,1.0,1.0,0.0,8.789066075143154e-85,0.6588628762541806
tree,ifa,30.0,4,5,router,0.6666666236737315,0.33333327841781135,0.33333327841781135,0.11266678691678692,0.05291452985071447,0.6400000000682886,0.0,0.052279585369490254,1.0,5.503362286882207e-150,6.051003344770861e-178,6.051003344770861e-178,0.0,0.8461538461538461,0.8461538461538461,0.0,0.15384615384615385,0.7123745819397993
tree,ifa,30.0,4,6,attacker,9.988333299999999,0.33000003873917744,0.3333334054058441,0.9654545454545455,0.034494621335257866,0.0013333333333333335,0.0,0.033984334997832974,1.0,39.98494983277592,29.98494983277592,4.299498315087334e-145,0.2497648541429787,0.0004524139172695041,0.7450532373029364,0.0,0.7498982068683738,1.5953805648805666e-146
tree,ifa,30.0,4,7,benign_consumer,9.988333299999999,0.33000000530612117,0.33333337197278784,0.9653636363636364,0.03466678721468296,0.0013333333333333335,0.0,0.03378613050688771,1.0,10.0,1.7197992043850463e-146,1.7197992043850463e-146,0.9982264112698896,0.0003344481605351171,0.0016722408026755853,0.0,1.7197992043850463e-147,0.862876254180602
tree,ifa,30.0,4,8,benign_consumer,9.988333299999999,0.3299999678731657,0.3333332678731657,0.9654242424242424,0.03449445255118621,0.0013333333333333335,0.0,0.03404067005557257,1.0,10.0,2.9833854849838197e-105,2.9833854849838197e-105,0.9982264112698896,0.0003344481605351171,0.0016722408026755853,0.0,2.98338548498382e-106,1.0
tree,ifa,30.0,4,9,benign_consumer,9.988333299999999,0.3299999793278873,0.3333332793278873,0.9654545454545455,0.03454157615246955,0.0013333333333333335,0.0,0.03396134016476163,1.0,10.0,3.3589849080266287e-140,3.3589849080266287e-140,0.9982264112698896,0.0003344481605351171,0.0016722408026755853,0.0,3.358984908026629e-141,0.8929765886287625
tree,ifa,30.0,4,10,benign_consumer,9.988333299999999,0.3300000117305001,0.33333334506383344,0.9654545454545455,0.03424387103825046,0.0013333333333333335,0.0,0.03410395840423259,1.0,10.0,1.408859160494607e-155,1.408859160494607e-155,0.9982264112698896,0.0003344481605351171,0.0016722408026755853,0.0,1.4088591604946069e-156,0.8193979933110368
tree,ifa,30.0,4,11,benign_consumer,9.988333299999999,0.3299999119432314,0.3333332786098981,0.9654545454545455,0.034330811354873404,0.0013333333333333335,0.0,0.03412093907056583,1.0,10.0,5.503348198290602e-150,5.503348198290602e-150,0.9982264112698896,0.0003344481605351171,0.0016722408026755853,0.0,5.503348198290602e-151,0.8461538461538461
tree,ifa,30.0,5,0,router,0.33333331195874366,0.33333331195874366,0.33333331195874366,0.0,1.0,0.8033333333333333,0.0,1.0,1.0,29.96153846153846,29.96153846153846,5.0759611288887537e-194,0.0,0.00013640961784307676,0.9929187986678494,0.0,1.0,2.070305678499457e-195
tree,ifa,30.0,5,1,router,0.013333333333334588,0.013333333333334588,0.013333333333334588,0.0,1.0,0.8,0.0,1.0,1.0,0.013377926421404694,0.013377926421404694,2.1801037207277136e-211,0.0,0.02840022294301547,0.9957079152731326,0.0,1.0,0.0033444816053511705
tree,ifa,30.0,5,2,router,0.6699999806420528,0.34666664529207825,0.34666664529207825,0.06726609961057595,0.026372092143564743,0.8,0.0,0.026151116652053608,1.0,29.974916387959865,29.974916387959865,5.0759611288887537e-194,0.0,0.00013455244306079549,0.9927841490858478,0.0,0.9999999999996514,2.042119110653232e-195
tree,ifa,30.0,5,3,router,1.000000006970829,0.336666610799579,0.333333310799579,0.16390117072470015,0.021428663858163725,0.6166688832684428,0.0,0.02102897002855987,0.999820826917036,29.974916387959865,29.974916387959865,1.5862370409289424e-190,0.0,0.00013455244306079549,0.9927841490858478,0.0,1.0,6.381619106501949e-192
tree,ifa,30.0,5,4,router,0.6666666671305648,0.3333333698424738,0.3333333698424738,0.11791635162223398,0.05138045330964546,0.436678191513161,0.0,0.05062203170946469,1.0,8.010995527587007e-125,1.210200669185577e-178,1.210200669185577e-178,0.0,0.9665551839464883,0.9665551839464883,0.0,0.033444816053511704,0.7090301003344481
tree,ifa,30.0,5,5,router,0.6666667226571608,0.3333332753881212,0.3333332753881212,0.11074193691298954,0.06706646150536533,0.45107872767778173,0.0,0.06668944465530775,1.0,3.1282992813546417e-119,1.5490765857391721e-183,1.5490765857391721e-183,0.0,0.9933110367892977,0.9933110367892977,0.0,0.006688963210702341,0.68561872909699
tree,ifa,30.0,5,6,attacker,9.988333299999999,0.33000009095496563,0.33333339095496567,0.9654545454545455,0.03465801808814677,0.0013333333333333335,0.0,0.03377736804702152,1.0,39.98494983277592,29.98494983277592,2.624205698544732e-135,0.2497648541429787,0.0004524139172695041,0.7450532373029364,0.0,0.7498982068683738,9.737430880413233e-137
tree,ifa,30.0,5,7,benign_consumer,9.988333299999999,0.32999997396107555,0.3333333406277422,0.9654545454545455,0.034257542612193506,0.0013333333333333335,0.0,0.034117626644838965,1.0,10.0,3.606915517976924e-161,3.606915517976924e-161,0.9982264112698896,0.0003344481605351171,0.0016722408026755853,0.0,3.606915517976924e-162,0.7926421404682275
tree,ifa,30.0,5,8,benign_consumer,9.988333299999999,0.32999992938286193,0.3333332627161953,0.9654242424242424,0.034542126289513246,0.0013333333333333335,0.0,0.0340318432854217,1.0,10.0,8.010995527587007e-125,8.010995527587007e-125,0.9982264112698896,0.0003344481605351171,0.0016722408026755853,0.0,8.010995527587006e-126,0.9665551839464883
tree,ifa,30.0,5,9,benign_consumer,9.988333299999999,0.33000007108103613,0.3333334044143694,0.9653939393939394,0.03485438973967485,0.0013333333333333335,0.0,0.03390378004796319,1.0,10.0,8.59899652879976e-146,8.59899652879976e-146,0.9982264112698896,0.0003344481605351171,0.0016722408026755853,0.0,8.598996528799762e-147,0.8662207357859532
tree,ifa,30.0,5,10,benign_consumer,9.988333299999999,0.3300000182723777,0.33333338493904435,0.9653333333333334,0.03453465963712433,0.0013333333333333335,0.0,0.033654002929029044,1.0,10.0,3.1282992813546417e-119,3.1282992813546417e-119,0.9982264112698896,0.0003344481605351171,0.0016722408026755853,0.0,3.1282992813546416e-120,0.9933110367892977
tree,ifa,30.0,5,11,benign_consumer,9.988333299999999,0.330000004384783,0.33333333771811635,0.9654242424242424,0.03458748962345826,0.0013333333333333335,0.0,0.03400725030241368,1.0,10.0,4.299498315087334e-145,4.299498315087334e-145,0.9982264112698896,0.0003344481605351171,0.0016722408026755853,0.0,4.299498315087335e-146,0.8695652173913043
tree,ifa,50.0,1,0,router,0.3333333708796625,0.3333333708796625,0.3333333708796625,0.0,1.0,0.8033333333333333,0.0,1.0,1.0,49.94481638795986,49.94481638795986,2.5863749594770846e-202,0.0,8.137767708192757e-05,0.9928981222191383,0.0,1.0,6.2931483529450785e-204
tree,ifa,50.0,1,1,router,0.006666666666666667,0.006666666666666667,0.006666666666666667,0.0,1.0,0.8,0.0,1.0,1.0,0.013377926421404694,0.013377926421404694,1.3625667592391222e-212,0.0,0.02840022294301547,0.9957079152731326,0.0,1.0,0.0033444816053511705
tree,ifa,50.0,1,2,router,0.6700000932667606,0.3400000375463292,0.3400000375463292,0.06825424092815398,0.022802605716334322,0.8,0.0,0.02249286968419144,1.0,49.95819431438127,49.95819431438127,2.5863749596133414e-202,0.0,8.073146584241486e-05,0.9928201725788539,0.0,1.0000000000001308,6.243175203581053e-204
tree,ifa,50.0,1,3,router,1.0000000353912584,0.3366666701587499,0.3366666701587499,0.16868383860050526,0.024195174919936637,0.6087984986062608,0.0,0.023697468418183158,1.0,49.95819431438127,49.95819431438127,5.092265844560576e-194,0.0,8.073146584241486e-05,0.9928201725788539,0.0,1.0,1.229207199126803e-195
tree,ifa,50.0,1,4,router,0.6666667126708652,0.3333334231080107,0.3333334231080107,0.11686113886113887,0.08761239827095814,0.576667106153205,0.0,0.08677108417449789,1.0,3.6418198290593655e-96,1.8909405551839756e-174,1.8909405551839756e-174,0.0,1.0,1.0,0.0,3.7869018387886765e-79,0.7290969899665551
tree,ifa,50.0,1,5,router,0.6666666243578683,0.3333333114369584,0.3333333114369584,0.12204829429829431,0.07755778837480361,0.4284046933337204,0.0,0.076454151057957,1.0,1.9093608311374927e-109,8.805388926053107e-153,8.805388926053107e-153,0.0,1.0,1.0,0.0,3.8415796599692897e-44,0.8327759197324415
tree,ifa,50.0,1,6,attacker,9.988333299999999,0.3299999651950502,0.3333333318617169,0.9654545454545455,0.034273795021958875,0.0013333333333333335,0.0,0.034133879054547664,1.0,59.95819364548495,49.95819431438127,1.312102844101965e-134,0.1665794409914153,0.0003248999183817708,0.8275617470987436,0.0,0.8331979685867992,3.16724677908176e-136
tree,ifa,50.0,1,7,benign_consumer,9.988333299999999,0.33000009209258313,0.33333339209258317,0.9654242424242424,0.03450213350413026,0.0013333333333333335,0.0,0.03399185383337538,1.0,10.0,3.663259602378636e-154,3.663259602378636e-154,0.9982264112698896,0.0003344481605351171,0.0016722408026755853,0.0,3.6632596023786362e-155,0.8260869565217391
tree,ifa,50.0,1,8,benign_consumer,9.988333299999999,0.3300000210726942,0.3333333544060276,0.9654545454545455,0.034243824455873394,0.0013333333333333335,0.0,0.03410391182185552,1.0,10.0,4.100320664717012e-131,4.100320664717012e-131,0.9982264112698896,0.0003344481605351171,0.0016722408026755853,0.0,4.1003206647170124e-132,0.9364548494983278
tree,ifa,50.0,1,9,benign_consumer,9.988333299999999,0.329999991598171,0.3333333582648377,0.9653939393939394,0.0348152254023264,0.0013333333333333335,0.0,0.03386461237722141,1.0,10.0,3.6418198290593655e-96,3.6418198290593655e-96,0.9982264112698896,0.0003344481605351171,0.0016722408026755853,0.0,3.6418198290593657e-97,1.0
tree,ifa,50.0,1,10,benign_consumer,9.988333299999999,0.3299999856652093,0.333333352331876,0.9654545454545455,0.03419076661499551,0.0013333333333333335,0.0,0.0340508506475843,1.0,10.0,1.909360831137492e-109,1.909360831137492e-109,0.9982264112698896,0.0003344481605351171,0.0016722408026755853,0.0,1.9093608311374923e-110,1.0
tree,ifa,50.0,1,11,benign_consumer,9.988333299999999,0.32999993869265887,0.3333332720259922,0.9653939393939394,0.03486757863896404,0.0013333333333333335,0.0,0.033916968947252386,1.0,10.0,8.008444942762137e-125,8.008444942762137e-125,0.9982264112698896,0.0003344481605351171,0.0016722408026755853,0.0,8.008444942762137e-126,0.9665551839464883
tree,ifa,50.0,2,0,router,0.3333333486083269,0.3333333486083269,0.3333333486083269,0.0,1.0,0.8033333333333333,0.0,1.0,1.0,49.94481638795986,49.94481638795986,1.5862545973691594e-190,0.0,8.137767708192757e-05,0.9928981222191383,0.0,1.0,3.8596627492347474e-192
tree,ifa,50.0,2,1,router,0.006666666666666667,0.006666666666666667,0.006666666666666667,0.0,1.0,0.8,0.0,1.0,1.0,0.013377926421404694,0.013377926421404694,1.3625667592391222e-212,0.0,0.02840022294301547,0.9957079152731326,0.0,1.0,0.0033444816053511705
tree,ifa,50.0,2,2,router,0.6666665817067454,0.34000001527499357,0.34000001527499357,0.07371026467267068,0.025137435491279097,0.8,0.0,0.024846842308300938,1.0,49.95819431438127,49.95819431438127,1.5862545973691594e-190,0.0,8.073146584241486e-05,0.9928201725788539,0.0,1.0000000000001308,3.8290135554830296e-192
tree,ifa,50.0,2,3,router,0.9999999612056515,0.3333333144620005,0.3333333144620005,0.1544968992995309,0.024617688647868726,0.660000000000007,0.0,0.024234614858254754,1.0,49.95819431438127,49.95819431438127,4.1242194817316006e-189,0.0,8.073146584241486e-05,0.9928201725788539,0.0,1.0,9.955332689297672e-191
tree,ifa,50.0,2,4,router,0.6666664818332589,0.3333332672447449,0.3333332672447449,0.11164702567963439,0.06753475253881161,0.6261196718646783,0.0,0.06587916756767506,1.0,8.59899652879976e-146,7.563754515053059e-176,7.563754515053059e-176,0.0,0.8662207357859532,0.8662207357859532,0.0,0.13377926421404682,0.7224080267558528
tree,ifa,50.0,2,5,router,0.6666667541030673,0.33333344913422774,0.33333344913422774,0.12140623265623267,0.09323503255851329,0.46466624644163357,0.0,0.09289339191707988,1.0,1.9551876303850336e-116,8.805388926053107e-153,8.805388926053107e-153,0.0,1.0,1.0,0.0,3.7515426094973082e-37,0.8327759197324415
tree,ifa,50.0,2,6,attacker,9.988333299999999,0.33000000581679534,0.3333333058167953,0.9654545454545455,0.0344946869457528,0.0013333333333333335,0.0,0.03404090445013916,1.0,59.95819364548495,49.95819431438127,1.6401297240931937e-132,0.1665794409914153,0.0003248999183817708,0.8275617470987436,0.0,0.8331979685867992,3.959061246476166e-134
tree,ifa,50.0,2,7,benign_consumer,9.988333299999999,0.329999872921295,0.33333320625462837,0.9653939393939394,0.03473541848767985,0.0013333333333333335,0.0,0.03385476511292123,1.0,10.0,9.391759906730816e-176,9.391759906730816e-176,0.9982264112698896,0.0003344481605351171,0.0016722408026755853,0.0,9.391759906730815e-177,0.7224080267558528
tree,ifa,50.0,2,8,benign_consumer,9.988333299999999,0.3299999177627134,0.3333332177627134,0.9654242424242424,0.03454139908097438,0.0013333333333333335,0.0,0.034031119410219496,1.0,10.0,8.59899652879976e-146,8.59899652879976e-146,0.9982264112698896,0.0003344481605351171,0.0016722408026755853,0.0,8.598996528799762e-147,0.8662207357859532
tree,ifa,50.0,2,9,benign_consumer,9.988333299999999,0.3299999307372122,0.33333326407054553,0.9654545454545455,0.03427513475693214,0.0013333333333333335,0.0,0.03406526580596123,1.0,10.0,3.0018775580976967e-170,3.0018775580976967e-170,0.9982264112698896,0.0003344481605351171,0.0016722408026755853,0.0,3.001877558097696e-171,0.7491638795986622
tree,ifa,50.0,2,10,benign_consumer,9.988333299999999,0.3300000586054476,0.3333333919387809,0.9653939393939394,0.03478269145731742,0.0013333333333333335,0.0,0.033902038082558796,1.0,10.0,1.9551876303850336e-116,1.9551876303850336e-116,0.9982264112698896,0.0003344481605351171,0.0016722408026755853,0.0,1.9551876303850335e-117,1.0
tree,ifa,50.0,2,11,benign_consumer,9.988333299999999,0.33000002883095303,0.33333336216428633,0.9654242424242424,0.03456429099648531,0.0013333333333333335,0.0,0.03398405167544072,1.0,10.0,6.56053093774745e-134,6.56053093774745e-134,0.9982264112698896,0.0003344481605351171,0.0016722408026755853,0.0,6.560530937747449e-135,0.9230769230769231
tree,ifa,50.0,3,0,router,0.3333333637375,0.3333333637375,0.3333333637375,0.0,1.0,0.8033333333333333,0.0,1.0,1.0,49.94481638795986,49.94481638795986,1.825881608729473e-204,0.0,8.137767708192757e-05,0.9928981222191383,0.0,1.0,4.4427216596000524e-206
tree,ifa,50.0,3,1,router,0.0033333333333333335,0.0033333333333333335,0.0033333333333333335,0.0,0.9733333333333334,0.8,0.0,1.0,0.9733333333333334,0.013377926421404694,0.013377926421404694,2.661263009623616e-207,0.0,0.02840022294301547,0.9957079152731326,0.0,1.0,0.0033444816053511705
tree,ifa,50.0,3,2,router,0.66666665923766,0.33666669707083335,0.33666669707083335,0.07221741741199869,0.019886218708977346,0.6066781829776281,0.0,0.01940484669074879,1.0,49.95819431438127,49.95819431438127,1.8285428717390967e-204,0.0,8.073146584241486e-05,0.9928201725788539,0.0,1.0000000000001308,4.413866472510044e-206
tree,ifa,50.0,3,3,router,0.99999988454307,0.3333333398213754,0.3333333398213754,0.14567678503376444,0.018811106172853746,0.6166709743295886,0.0,0.018447402829188816,1.0,49.95819431438127,49.95819431438127,5.207946948080263e-201,0.0,8.073146584241486e-05,0.9928201725788539,0.0,1.0,1.2571309925287434e-202
tree,ifa,50.0,3,4,router,0.6666665936093982,0.33333331941628447,0.33333331941628447,0.1395030291769422,0.07061814514336238,0.6040289278001503,0.0,0.06994726341347562,1.0,2.2048636648086874e-151,9.236074335271697e-167,9.236074335271697e-167,0.0,0.8394648829431438,0.8394648829431438,0.0,0.16053511705685652,0.7658862876254181
tree,ifa,50.0,3,5,router,0.6666665710334964,0.33333332874536575,0.33333332874536575,0.12274884978145849,0.06173888575305771,0.2572183669462852,0.0,0.06125374406774221,1.0,3.4731049409740004e-82,1.515171532989925e-176,1.515171532989925e-176,0.0,1.0,1.0,0.0,3.137898778738155e-95,0.7190635451505016
tree,ifa,50.0,3,6,attacker,9.988333299999999,0.33000003359633345,0.3333333335963335,0.9654545454545455,0.034517947395576565,0.0013333333333333335,0.0,0.03400766772482168,1.0,59.95819364548495,49.95819431438127,4.801212408489544e-166,0.1665794409914153,0.0003248999183817708,0.8275617470987436,0.0,0.8331979685867992,1.1589506561262581e-167
tree,ifa,50.0,3,7,benign_consumer,9.988333299999999,0.3299999222013707,0.33333322220137074,0.9654242424242424,0.034512251182961945,0.0013333333333333335,0.0,0.03400197151220705,1.0,10.0,9.454724204418862e-174,9.454724204418862e-174,0.9982264112698896,0.0003344481605351171,0.0016722408026755853,0.0,9.454724204418862e-175,0.7324414715719063
tree,ifa,50.0,3,8,benign_consumer,9.988333299999999,0.3299999482356815,0.3333332482356815,0.9654545454545455,0.03449719562680042,0.0013333333333333335,0.0,0.03398691595604553,1.0,10.0,2.201341514678591e-151,2.201341514678591e-151,0.9982264112698896,0.0003344481605351171,0.0016722408026755853,0.0,2.2013415146785912e-152,0.8394648829431438
tree,ifa,50.0,3,9,benign_consumer,9.988333299999999,0.33000001204038326,0.3333333453737166,0.9654848484848484,0.03432635699093721,0.0013333333333333335,0.0,0.0341164880399663,1.0,10.0,3.5221501300962835e-154,3.5221501300962835e-154,0.9982264112698896,0.0003344481605351171,0.0016722408026755853,0.0,3.522150130096284e-155,0.8260869565217391
tree,ifa,50.0,3,10,benign_consumer,9.988333299999999,0.330000009860751,0.333333309860751,0.9654545454545455,0.03454658494699622,0.0013333333333333335,0.0,0.03403630527624134,1.0,10.0,1.0750124624992137e-143,1.0750124624992137e-143,0.9982264112698896,0.0003344481605351171,0.0016722408026755853,0.0,1.0750124624992136e-144,0.8762541806020067
tree,ifa,50.0,3,11,benign_consumer,9.988333299999999,0.3299999278394121,0.3333332611727454,0.9654545454545455,0.03429686092290445,0.0013333333333333335,0.0,0.034086991971933545,1.0,10.0,3.4731049409740004e-82,3.4731049409740004e-82,0.9982264112698896,0.0003344481605351171,0.0016722408026755853,0.0,3.473104940974001e-83,1.0
tree,ifa,50.0,4,0,router,0.33333331781753334,0.33333331781753334,0.33333331781753334,0.0,1.0,0.8033333333333333,0.0,1.0,1.0,49.94481638795986,49.94481638795986,1.6243061462822033e-197,0.0,8.137767708192757e-05,0.9928981222191383,0.0,1.0,3.95224956005798e-199
tree,ifa,50.0,4,1,router,0.0,0.0,0.0,0.0,0.0,0.0,0.0,1.0,0.0,0.013377926421404694,0.013377926421404694,0.0,0.0,0.025055741337664295,0.9923634336677815,0.0,1.0,0.0
tree,ifa,50.0,4,2,router,0.6666667601744584,0.33333331781753334,0.33333331781753334,0.06552538300942556,0.024293808130713912,0.8,0.0,0.02399515216699633,1.0,49.95819431438127,49.95819431438127,1.6243061462822033e-197,0.0,8.073146584241486e-05,0.9928201725788539,0.0,1.0000000000001308,3.920865172771367e-199
tree,ifa,50.0,4,3,router,1.0000000557964432,0.3333333557915875,0.3333333557915875,0.1631803545038839,0.02265663598671175,0.6079889987347289,0.0,0.022277190061396068,1.0,49.95819431438127,49.95819431438127,1.5490590259247076e-183,0.0,8.073146584241486e-05,0.9928201725788539,0.0,1.0,3.739228506869414e-185
tree,ifa,50.0,4,4,router,0.666666547201053,0.3333334043828709,0.3333334043828709,0.13589237614237612,0.05019436019284087,0.49151426428712447,0.0,0.050052542670806964,1.0,2.9833854849838197e-105,3.978532596073998e-189,3.978532596073998e-189,0.0,1.0,1.0,0.0,8.789066075143154e-85,0.6588628762541806
tree,ifa,50.0,4,5,router,0.6666666236737315,0.33333327841781135,0.33333327841781135,0.11266678691678692,0.05291452985071447,0.6400000000682886,0.0,0.052279585369490254,1.0,5.503362286882207e-150,6.051003344770861e-178,6.051003344770861e-178,0.0,0.8461538461538461,0.8461538461538461,0.0,0.15384615384615385,0.7123745819397993
tree,ifa,50.0,4,6,attacker,9.988333299999999,0.33000003873917744,0.3333334054058441,0.9654545454545455,0.034494621335257866,0.0013333333333333335,0.0,0.033984334997832974,1.0,59.95819364548495,49.95819431438127,4.299498315087334e-145,0.1665794409914153,0.0003248999183817708,0.8275617470987436,0.0,0.8331979685867992,1.037843356601944e-146
tree,ifa,50.0,4,7,benign_consumer,9.988333299999999,0.33000000530612117,0.33333337197278784,0.9653636363636364,0.03466678721468296,0.0013333333333333335,0.0,0.03378613050688771,1.0,10.0,1.7197992043850463e-146,1.7197992043850463e-146,0.9982264112698896,0.0003344481605351171,0.0016722408026755853,0.0,1.7197992043850463e-147,0.862876254180602
tree,ifa,50.0,4,8,benign_consumer,9.988333299999999,0.3299999678731657,0.3333332678731657,0.9654242424242424,0.03449445255118621,0.0013333333333333335,0.0,0.03404067005557257,1.0,10.0,2.9833854849838197e-105,2.9833854849838197e-105,0.9982264112698896,0.0003344481605351171,0.0016722408026755853,0.0,2.98338548498382e-106,1.0
tree,ifa,50.0,4,9,benign_consumer,9.988333299999999,0.3299999793278873,0.3333332793278873,0.9654545454545455,0.03454157615246955,0.0013333333333333335,0.0,0.03396134016476163,1.0,10.0,3.3589849080266287e-140,3.3589849080266287e-140,0.9982264112698896,0.0003344481605351171,0.0016722408026755853,0.0,3.358984908026629e-141,0.8929765886287625
tree,ifa,50.0,4,10,benign_consumer,9.988333299999999,0.3300000117305001,0.33333334506383344,0.9654545454545455,0.03424387103825046,0.0013333333333333335,0.0,0.03410395840423259,1.0,10.0,1.408859160494607e-155,1.408859160494607e-155,0.9982264112698896,0.0003344481605351171,0.0016722408026755853,0.0,1.4088591604946069e-156,0.8193979933110368
tree,ifa,50.0,4,11,benign_consumer,9.988333299999999,0.3299999119432314,0.3333332786098981,0.9654545454545455,0.034330811354873404,0.0013333333333333335,0.0,0.03412093907056583,1.0,10.0,5.503348198290602e-150,5.503348198290602e-150,0.9982264112698896,0.0003344481605351171,0.0016722408026755853,0.0,5.503348198290602e-151,0.8461538461538461
tree,ifa,50.0,5,0,router,0.33333331195874366,0.33333331195874366,0.33333331195874366,0.0,1.0,0.8033333333333333,0.0,1.0,1.0,49.94481638795986,49.94481638795986,5.0759611288887537e-194,0.0,8.137767708192757e-05,0.9928981222191383,0.0,1.0,1.2350790929494773e-195
tree,ifa,50.0,5,1,router,0.013333333333334588,0.013333333333334588,0.013333333333334588,0.0,1.0,0.8,0.0,1.0,1.0,0.013377926421404694,0.013377926421404694,2.1801037207277136e-211,0.0,0.02840022294301547,0.9957079152731326,0.0,1.0,0.0033444816053511705
tree,ifa,50.0,5,2,router,0.6699999806420528,0.34666664529207825,0.34666664529207825,0.06726609961057595,0.026372092143564743,0.8,0.0,0.026151116652053608,1.0,49.95819431438127,49.95819431438127,5.0759611288887537e-194,0.0,8.073146584241486e-05,0.9928201725788539,0.0,1.0000000000001308,1.2252714658924208e-195
tree,ifa,50.0,5,3,router,1.000000006970829,0.336666610799579,0.333333310799579,0.16390117072470015,0.021428663858163725,0.6166688832684428,0.0,0.02102897002855987,0.999820826917036,49.95819431438127,49.95819431438127,1.5862370409289424e-190,0.0,8.073146584241486e-05,0.9928201725788539,0.0,1.0,3.82897146418278e-192
tree,ifa,50.0,5,4,router,0.6666666671305648,0.3333333698424738,0.3333333698424738,0.11791635162223398,0.05138045330964546,0.436678191513161,0.0,0.05062203170946469,1.0,8.010995527587007e-125,1.210200669185577e-178,1.210200669185577e-178,0.0,0.9665551839464883,0.9665551839464883,0.0,0.033444816053511704,0.7090301003344481
tree,ifa,50.0,5,5,router,0.6666667226571608,0.3333332753881212,0.3333332753881212,0.11074193691298954,0.06706646150536533,0.45107872767778173,0.0,0.06668944465530775,1.0,3.1282992813546417e-119,1.5490765857391721e-183,1.5490765857391721e-183,0.0,0.9933110367892977,0.9933110367892977,0.0,0.006688963210702341,0.68561872909699
tree,ifa,50.0,5,6,attacker,9.988333299999999,0.33000009095496563,0.33333339095496567,0.9654545454545455,0.03465801808814677,0.0013333333333333335,0.0,0.03377736804702152,1.0,59.95819364548495,49.95819431438127,2.624205698544732e-135,0.1665794409914153,0.0003248999183817708,0.8275617470987436,0.0,0.8331979685867992,6.334493578853269e-137
tree,ifa,50.0,5,7,benign_consumer,9.988333299999999,0.32999997396107555,0.3333333406277422,0.9654545454545455,0.034257542612193506,0.0013333333333333335,0.0,0.034117626644838965,1.0,10.0,3.606915517976924e-161,3.606915517976924e-161,0.9982264112698896,0.0003344481605351171,0.0016722408026755853,0.0,3.606915517976924e-162,0.7926421404682275
tree,ifa,50.0,5,8,benign_consumer,9.988333299999999,0.32999992938286193,0.3333332627161953,0.9654242424242424,0.034542126289513246,0.0013333333333333335,0.0,0.0340318432854217,1.0,10.0,8.010995527587007e-125,8.010995527587007e-125,0.9982264112698896,0.0003344481605351171,0.0016722408026755853,0.0,8.010995527587006e-126,0.9665551839464883
tree,ifa,50.0,5,9,benign_consumer,9.988333299999999,0.33000007108103613,0.3333334044143694,0.9653939393939394,0.03485438973967485,0.0013333333333333335,0.0,0.03390378004796319,1.0,10.0,8.59899652879976e-146,8.59899652879976e-146,0.9982264112698896,0.0003344481605351171,0.0016722408026755853,0.0,8.598996528799762e-147,0.8662207357859532
tree,ifa,50.0,5,10,benign_consumer,9.988333299999999,0.3300000182723777,0.33333338493904435,0.9653333333333334,0.03453465963712433,0.0013333333333333335,0.0,0.033654002929029044,1.0,10.0,3.1282992813546417e-119,3.1282992813546417e-119,0.9982264112698896,0.0003344481605351171,0.0016722408026755853,0.0,3.1282992813546416e-120,0.9933110367892977
tree,ifa,50.0,5,11,benign_consumer,9.988333299999999,0.330000004384783,0.33333333771811635,0.9654242424242424,0.03458748962345826,0.0013333333333333335,0.0,0.03400725030241368,1.0,10.0,4.299498315087334e-145,4.299498315087334e-145,0.9982264112698896,0.0003344481605351171,0.0016722408026755853,0.0,4.299498315087335e-146,0.8695652173913043
tree,ifa,100.0,1,0,router,0.3333333708796625,0.3333333708796625,0.3333333708796625,0.0,1.0,0.8033333333333333,0.0,1.0,1.0,99.89632140468228,99.89632140468228,2.5863749594770846e-202,0.0,4.0922640521506974e-05,0.9929338450432869,0.0,1.0,3.1646547064315977e-204
tree,ifa,100.0,1,1,router,0.006666666666666667,0.006666666666666667,0.006666666666666667,0.0,1.0,0.8,0.0,1.0,1.0,0.016722408026755863,0.016722408026755863,1.3625667592391222e-212,0.0,0.02558528416325514,0.9968227424749164,0.0,1.0,0.0033444816053511705
tree,ifa,100.0,1,2,router,0.6700000932667606,0.3400000375463292,0.3400000375463292,0.06825424092815398,0.022802605716334322,0.8,0.0,0.02249286968419144,1.0,99.91638762541805,99.91638829431439,2.5863749596133414e-202,0.0,4.036573292333082e-05,0.9929131216375748,0.0,1.000000006689017,3.1215876021913766e-204
tree,ifa,100.0,1,3,router,1.0000000353912584,0.3366666701587499,0.3366666701587499,0.16868383860050526,0.024195174919936637,0.6087984986062608,0.0,0.023697468418183158,1.0,99.91638762541805,99.91638762541805,5.092265844560576e-194,0.0,4.036573292333082e-05,0.9929131216375748,0.0,1.0,6.146035995957318e-196
tree,ifa,100.0,1,4,router,0.6666667126708652,0.3333334231080107,0.3333334231080107,0.11686113886113887,0.08761239827095814,0.576667106153205,0.0,0.08677108417449789,1.0,3.6418198290593655e-96,1.8909405551839756e-174,1.8909405551839756e-174,0.0,1.0,1.0,0.0,3.7869018387886765e-79,0.7290969899665551
tree,ifa,100.0,1,5,router,0.6666666243578683,0.3333333114369584,0.3333333114369584,0.12204829429829431,0.07755778837480361,0.4284046933337204,0.0,0.076454151057957,1.0,1.9093608311374927e-109,8.805388926053107e-153,8.805388926053107e-153,0.0,1.0,1.0,0.0,3.8415796599692897e-44,0.8327759197324415
tree,ifa,100.0,1,6,attacker,9.988333299999999,0.3299999651950502,0.3333333318617169,0.9654545454545455,0.034273795021958875,0.0013333333333333335,0.0,0.034133879054547664,1.0,109.91973207357859,99.91973311036789,1.312102844101965e-134,0.0908799437227531,0.00017865381527445146,0.9028240754700508,0.0,0.9090129601840025,1.570254194623522e-136
tree,ifa,100.0,1,7,benign_consumer,9.988333299999999,0.33000009209258313,0.33333339209258317,0.9654242424242424,0.03450213350413026,0.0013333333333333335,0.0,0.03399185383337538,1.0,10.0,3.663259602378636e-154,3.663259602378636e-154,0.9982264112698896,0.0003344481605351171,0.0016722408026755853,0.0,3.6632596023786362e-155,0.8260869565217391
tree,ifa,100.0,1,8,benign_consumer,9.988333299999999,0.3300000210726942,0.3333333544060276,0.9654545454545455,0.034243824455873394,0.0013333333333333335,0.0,0.03410391182185552,1.0,10.0,4.100320664717012e-131,4.100320664717012e-131,0.9982264112698896,0.0003344481605351171,0.0016722408026755853,0.0,4.1003206647170124e-132,0.9364548494983278
tree,ifa,100.0,1,9,benign_consumer,9.988333299999999,0.329999991598171,0.3333333582648377,0.9653939393939394,0.0348152254023264,0.0013333333333333335,0.0,0.03386461237722141,1.0,10.0,3.6418198290593655e-96,3.6418198290593655e-96,0.9982264112698896,0.0003344481605351171,0.0016722408026755853,0.0,3.6418198290593657e-97,1.0
tree,ifa,100.0,1,10,benign_consumer,9.988333299999999,0.3299999856652093,0.333333352331876,0.9654545454545455,0.03419076661499551,0.0013333333333333335,0.0,0.0340508506475843,1.0,10.0,1.909360831137492e-109,1.909360831137492e-109,0.9982264112698896,0.0003344481605351171,0.0016722408026755853,0.0,1.9093608311374923e-110,1.0
tree,ifa,100.0,1,11,benign_consumer,9.988333299999999,0.32999993869265887,0.3333332720259922,0.9653939393939394,0.03486757863896404,0.0013333333333333335,0.0,0.033916968947252386,1.0,10.0,8.008444942762137e-125,8.008444942762137e-125,0.9982264112698896,0.0003344481605351171,0.0016722408026755853,0.0,8.008444942762137e-126,0.9665551839464883
tree,ifa,100.0,2,0,router,0.3333333486083269,0.3333333486083269,0.3333333486083269,0.0,1.0,0.8033333333333333,0.0,1.0,1.0,99.89632140468228,99.89632140468228,1.5862545973691594e-190,0.0,4.0922640521506974e-05,0.9929338450432869,0.0,1.0,1.9409203622511423e-192
tree,ifa,100.0,2,1,router,0.006666666666666667,0.006666666666666667,0.006666666666666667,0.0,1.0,0.8,0.0,1.0,1.0,0.016722408026755863,0.016722408026755863,1.3625667592391222e-212,0.0,0.02558528416325514,0.9968227424749164,0.0,1.0,0.0033444816053511705
tree,ifa,100.0,2,2,router,0.6666665817067454,0.34000001527499357,0.34000001527499357,0.07371026467267068,0.025137435491279097,0.8,0.0,0.024846842308300938,1.0,99.91638762541805,99.91638829431439,1.5862545973691594e-190,0.0,4.036573292333082e-05,0.9929131216375748,0.0,1.000000006689017,1.914506777987359e-192
tree,ifa,100.0,2,3,router,0.9999999612056515,0.3333333144620005,0.3333333144620005,0.1544968992995309,0.024617688647868726,0.660000000000007,0.0,0.024234614858254754,1.0,99.91638762541805,99.91638762541805,4.1242194817316006e-189,0.0,4.036573292333082e-05,0.9929131216375748,0.0,1.0,4.9776663449106794e-191
tree,ifa,100.0,2,4,router,0.6666664818332589,0.3333332672447449,0.3333332672447449,0.11164702567963439,0.06753475253881161,0.6261196718646783,0.0,0.06587916756767506,1.0,8.59899652879976e-146,7.563754515053059e-176,7.563754515053059e-176,0.0,0.8662207357859532,0.8662207357859532,0.0,0.13377926421404682,0.7224080267558528
tree,ifa,100.0,2,5,router,0.6666667541030673,0.33333344913422774,0.33333344913422774,0.12140623265623267,0.09323503255851329,0.46466624644163357,0.0,0.09289339191707988,1.0,1.9551876303850336e-116,8.805388926053107e-153,8.805388926053107e-153,0.0,1.0,1.0,0.0,3.7515426094973082e-37,0.8327759197324415
tree,ifa,100.0,2,6,attacker,9.988333299999999,0.33000000581679534,0.3333333058167953,0.9654545454545455,0.0344946869457528,0.0013333333333333335,0.0,0.03404090445013916,1.0,109.91973207357859,99.91973311036789,1.6401297240931937e-132,0.0908799437227531,0.00017865381527445146,0.9028240754700508,0.0,0.9090129601840025,1.9628191188991686e-134
tree,ifa,100.0,2,7,benign_consumer,9.988333299999999,0.329999872921295,0.33333320625462837,0.9653939393939394,0.03473541848767985,0.0013333333333333335,0.0,0.03385476511292123,1.0,10.0,9.391759906730816e-176,9.391759906730816e-176,0.9982264112698896,0.0003344481605351171,0.0016722408026755853,0.0,9.391759906730815e-177,0.7224080267558528
tree,ifa,100.0,2,8,benign_consumer,9.988333299999999,0.3299999177627134,0.3333332177627134,0.9654242424242424,0.03454139908097438,0.0013333333333333335,0.0,0.034031119410219496,1.0,10.0,8.59899652879976e-146,8.59899652879976e-146,0.9982264112698896,0.0003344481605351171,0.0016722408026755853,0.0,8.598996528799762e-147,0.8662207357859532
tree,ifa,100.0,2,9,benign_consumer,9.988333299999999,0.3299999307372122,0.33333326407054553,0.9654545454545455,0.03427513475693214,0.0013333333333333335,0.0,0.03406526580596123,1.0,10.0,3.0018775580976967e-170,3.0018775580976967e-170,0.9982264112698896,0.0003344481605351171,0.0016722408026755853,0.0,3.001877558097696e-171,0.7491638795986622
tree,ifa,100.0,2,10,benign_consumer,9.988333299999999,0.3300000586054476,0.3333333919387809,0.9653939393939394,0.03478269145731742,0.0013333333333333335,0.0,0.033902038082558796,1.0,10.0,1.9551876303850336e-116,1.9551876303850336e-116,0.9982264112698896,0.0003344481605351171,0.0016722408026755853,0.0,1.9551876303850335e-117,1.0
tree,ifa,100.0,2,11,benign_consumer,9.988333299999999,0.33000002883095303,0.33333336216428633,0.9654242424242424,0.03456429099648531,0.0013333333333333335,0.0,0.03398405167544072,1.0,10.0,6.56053093774745e-134,6.56053093774745e-134,0.9982264112698896,0.0003344481605351171,0.0016722408026755853,0.0,6.560530937747449e-135,0.9230769230769231
tree,ifa,100.0,3,0,router,0.3333333637375,0.3333333637375,0.3333333637375,0.0,1.0,0.8033333333333333,0.0,1.0,1.0,99.89632140468228,99.89632140468228,1.825881608729473e-204,0.0,4.0922640521506974e-05,0.9929338450432869,0.0,1.0,2.234124993201848e-206
tree,ifa,100.0,3,1,router,0.0033333333333333335,0.0033333333333333335,0.0033333333333333335,0.0,0.9733333333333334,0.8,0.0,1.0,0.9733333333333334,0.016722408026755863,0.016722408026755863,2.661263009623616e-207,0.0,0.02558528416325514,0.9968227424749164,0.0,1.0,0.0033444816053511705
tree,ifa,100.0,3,2,router,0.66666665923766,0.33666669707083335,0.33666669707083335,0.07221741741199869,0.019886218708977346,0.6066781829776281,0.0,0.01940484669074879,1.0,99.91638762541805,99.91638829431439,1.8285428717390967e-204,0.0,4.036573292333082e-05,0.9929131216375748,0.0,1.000000006689017,2.2069332365384178e-206
tree,ifa,100.0,3,3,router,0.99999988454307,0.3333333398213754,0.3333333398213754,0.14567678503376444,0.018811106172853746,0.6166709743295886,0.0,0.018447402829188816,1.0,99.91638762541805,99.91638762541805,5.207946948080263e-201,0.0,4.036573292333082e-05,0.9929131216375748,0.0,1.0,6.285654962974366e-203
tree,ifa,100.0,3,4,router,0.6666665936093982,0.33333331941628447,0.33333331941628447,0.1395030291769422,0.07061814514336238,0.6040289278001503,0.0,0.06994726341347562,1.0,2.2048636648086874e-151,9.236074335271697e-167,9.236074335271697e-167,0.0,0.8394648829431438,0.8394648829431438,0.0,0.16053511705685652,0.7658862876254181
tree,ifa,100.0,3,5,router,0.6666665710334964,0.33333332874536575,0.33333332874536575,0.12274884978145849,0.06173888575305771,0.2572183669462852,0.0,0.06125374406774221,1.0,3.4731049409740004e-82,1.515171532989925e-176,1.515171532989925e-176,0.0,1.0,1.0,0.0,3.137898778738155e-95,0.7190635451505016
tree,ifa,100.0,3,6,attacker,9.988333299999999,0.33000003359633345,0.3333333335963335,0.9654545454545455,0.034517947395576565,0.0013333333333333335,0.0,0.03400766772482168,1.0,109.91973207357859,99.91973311036789,4.801212408489544e-166,0.0908799437227531,0.00017865381527445146,0.9028240754700508,0.0,0.9090129601840025,5.745833072562249e-168
tree,ifa,100.0,3,7,benign_consumer,9.988333299999999,0.3299999222013707,0.33333322220137074,0.9654242424242424,0.034512251182961945,0.0013333333333333335,0.0,0.03400197151220705,1.0,10.0,9.454724204418862e-174,9.454724204418862e-174,0.9982264112698896,0.0003344481605351171,0.0016722408026755853,0.0,9.454724204418862e-175,0.7324414715719063
tree,ifa,100.0,3,8,benign_consumer,9.988333299999999,0.3299999482356815,0.3333332482356815,0.9654545454545455,0.03449719562680042,0.0013333333333333335,0.0,0.03398691595604553,1.0,10.0,2.201341514678591e-151,2.201341514678591e-151,0.9982264112698896,0.0003344481605351171,0.0016722408026755853,0.0,2.2013415146785912e-152,0.8394648829431438
tree,ifa,100.0,3,9,benign_consumer,9.988333299999999,0.33000001204038326,0.3333333453737166,0.9654848484848484,0.03432635699093721,0.0013333333333333335,0.0,0.0341164880399663,1.0,10.0,3.5221501300962835e-154,3.5221501300962835e-154,0.9982264112698896,0.0003344481605351171,0.0016722408026755853,0.0,3.522150130096284e-155,0.8260869565217391
tree,ifa,100.0,3,10,benign_consumer,9.988333299999999,0.330000009860751,0.333333309860751,0.9654545454545455,0.03454658494699622,0.0013333333333333335,0.0,0.03403630527624134,1.0,10.0,1.0750124624992137e-143,1.0750124624992137e-143,0.9982264112698896,0.0003344481605351171,0.0016722408026755853,0.0,1.0750124624992136e-144,0.8762541806020067
tree,ifa,100.0,3,11,benign_consumer,9.988333299999999,0.3299999278394121,0.3333332611727454,0.9654545454545455,0.03429686092290445,0.0013333333333333335,0.0,0.034086991971933545,1.0,10.0,3.4731049409740004e-82,3.4731049409740004e-82,0.9982264112698896,0.0003344481605351171,0.0016722408026755853,0.0,3.473104940974001e-83,1.0
tree,ifa,100.0,4,0,router,0.33333331781753334,0.33333331781753334,0.33333331781753334,0.0,1.0,0.8033333333333333,0.0,1.0,1.0,99.89632140468228,99.89632140468228,1.6243061462822033e-197,0.0,4.0922640521506974e-05,0.9929338450432869,0.0,1.0,1.9874797808416646e-199
tree,ifa,100.0,4,1,router,0.0,0.0,0.0,0.0,0.0,0.0,0.0,1.0,0.0,0.016722408026755863,0.016722408026755863,0.0,0.0,0.022240802557903967,0.9934782608695653,0.0,1.0,0.0
tree,ifa,100.0,4,2,router,0.6666667601744584,0.33333331781753334,0.33333331781753334,0.06552538300942556,0.024293808130713912,0.8,0.0,0.02399515216699633,1.0,99.91638762541805,99.91638829431439,1.6243061462822033e-197,0.0,4.036573292333082e-05,0.9929131216375748,0.0,1.000000006689017,1.960432586637427e-199
tree,ifa,100.0,4,3,router,1.0000000557964432,0.3333333557915875,0.3333333557915875,0.1631803545038839,0.02265663598671175,0.6079889987347289,0.0,0.022277190061396068,1.0,99.91638762541805,99.91638762541805,1.5490590259247076e-183,0.0,4.036573292333082e-05,0.9929131216375748,0.0,1.0,1.8696142535330556e-185
tree,ifa,100.0,4,4,router,0.666666547201053,0.3333334043828709,0.3333334043828709,0.13589237614237612,0.05019436019284087,0.49151426428712447,0.0,0.050052542670806964,1.0,2.9833854849838197e-105,3.978532596073998e-189,3.978532596073998e-189,0.0,1.0,1.0,0.0,8.789066075143154e-85,0.6588628762541806
tree,ifa,100.0,4,5,router,0.6666666236737315,0.33333327841781135,0.33333327841781135,0.11266678691678692,0.05291452985071447,0.6400000000682886,0.0,0.052279585369490254,1.0,5.503362286882207e-150,6.051003344770861e-178,6.051003344770861e-178,0.0,0.8461538461538461,0.8461538461538461,0.0,0.15384615384615385,0.7123745819397993
tree,ifa,100.0,4,6,attacker,9.988333299999999,0.33000003873917744,0.3333334054058441,0.9654545454545455,0.034494621335257866,0.0013333333333333335,0.0,0.033984334997832974,1.0,109.91973207357859,99.91973311036789,4.299498315087334e-145,0.0908799437227531,0.00017865381527445146,0.9028240754700508,0.0,0.9090129601840025,5.145408607830898e-147
tree,ifa,100.0,4,7,benign_consumer,9.988333299999999,0.33000000530612117,0.33333337197278784,0.9653636363636364,0.03466678721468296,0.0013333333333333335,0.0,0.03378613050688771,1.0,10.0,1.7197992043850463e-146,1.7197992043850463e-146,0.9982264112698896,0.0003344481605351171,0.0016722408026755853,0.0,1.7197992043850463e-147,0.862876254180602
tree,ifa,100.0,4,8,benign_consumer,9.988333299999999,0.3299999678731657,0.3333332678731657,0.9654242424242424,0.03449445255118621,0.0013333333333333335,0.0,0.03404067005557257,1.0,10.0,2.9833854849838197e-105,2.9833854849838197e-105,0.9982264112698896,0.0003344481605351171,0.0016722408026755853,0.0,2.98338548498382e-106,1.0
tree,ifa,100.0,4,9,benign_consumer,9.988333299999999,0.3299999793278873,0.3333332793278873,0.9654545454545455,0.03454157615246955,0.0013333333333333335,0.0,0.03396134016476163,1.0,10.0,3.3589849080266287e-140,3.3589849080266287e-140,0.9982264112698896,0.0003344481605351171,0.0016722408026755853,0.0,3.358984908026629e-141,0.8929765886287625
tree,ifa,100.0,4,10,benign_consumer,9.988333299999999,0.3300000117305001,0.33333334506383344,0.9654545454545455,0.03424387103825046,0.0013333333333333335,0.0,0.03410395840423259,1.0,10.0,1.408859160494607e-155,1.408859160494607e-155,0.9982264112698896,0.0003344481605351171,0.0016722408026755853,0.0,1.4088591604946069e-156,0.8193979933110368
tree,ifa,100.0,4,11,benign_consumer,9.988333299999999,0.3299999119432314,0.3333332786098981,0.9654545454545455,0.034330811354873404,0.0013333333333333335,0.0,0.03412093907056583,1.0,10.0,5.503348198290602e-150,5.503348198290602e-150,0.9982264112698896,0.0003344481605351171,0.0016722408026755853,0.0,5.503348198290602e-151,0.8461538461538461
tree,ifa,100.0,5,0,router,0.33333331195874366,0.33333331195874366,0.33333331195874366,0.0,1.0,0.8033333333333333,0.0,1.0,1.0,99.89632140468228,99.89632140468228,5.0759611288887537e-194,0.0,4.0922640521506974e-05,0.9929338450432869,0.0,1.0,6.2108798875899895e-196
tree,ifa,100.0,5,1,router,0.013333333333334588,0.013333333333334588,0.013333333333334588,0.0,1.0,0.8,0.0,1.0,1.0,0.016722408026755863,0.016722408026755863,2.1801037207277136e-211,0.0,0.02558528416325514,0.9968227424749164,0.0,1.0,0.0033444816053511705
tree,ifa,100.0,5,2,router,0.6699999806420528,0.34666664529207825,0.34666664529207825,0.06726609961057595,0.026372092143564743,0.8,0.0,0.026151116652053608,1.0,99.91638762541805,99.91638829431439,5.0759611288887537e-194,0.0,4.036573292333082e-05,0.9929131216375748,0.0,1.000000006689017,6.126357330248799e-196
tree,ifa,100.0,5,3,router,1.000000006970829,0.336666610799579,0.333333310799579,0.16390117072470015,0.021428663858163725,0.6166688832684428,0.0,0.02102897002855987,0.999820826917036,99.91638762541805,99.91638762541805,1.5862370409289424e-190,0.0,4.036573292333082e-05,0.9929131216375748,0.0,1.0,1.914485732192099e-192
tree,ifa,100.0,5,4,router,0.6666666671305648,0.3333333698424738,0.3333333698424738,0.11791635162223398,0.05138045330964546,0.436678191513161,0.0,0.05062203170946469,1.0,8.010995527587007e-125,1.210200669185577e-178,1.210200669185577e-178,0.0,0.9665551839464883,0.9665551839464883,0.0,0.033444816053511704,0.7090301003344481
tree,ifa,100.0,5,5,router,0.6666667226571608,0.3333332753881212,0.3333332753881212,0.11074193691298954,0.06706646150536533,0.45107872767778173,0.0,0.06668944465530775,1.0,3.1282992813546417e-119,1.5490765857391721e-183,1.5490765857391721e-183,0.0,0.9933110367892977,0.9933110367892977,0.0,0.006688963210702341,0.68561872909699
tree,ifa,100.0,5,6,attacker,9.988333299999999,0.33000009095496563,0.33333339095496567,0.9654545454545455,0.03465801808814677,0.0013333333333333335,0.0,0.03377736804702152,1.0,109.91973207357859,99.91973311036789,2.624205698544732e-135,0.0908799437227531,0.00017865381527445146,0.9028240754700508,0.0,0.9090129601840025,3.140508399591755e-137
tree,ifa,100.0,5,7,benign_consumer,9.988333299999999,0.32999997396107555,0.3333333406277422,0.9654545454545455,0.034257542612193506,0.0013333333333333335,0.0,0.034117626644838965,1.0,10.0,3.606915517976924e-161,3.606915517976924e-161,0.9982264112698896,0.0003344481605351171,0.0016722408026755853,0.0,3.606915517976924e-162,0.7926421404682275
tree,ifa,100.0,5,8,benign_consumer,9.988333299999999,0.32999992938286193,0.3333332627161953,0.9654242424242424,0.034542126289513246,0.0013333333333333335,0.0,0.0340318432854217,1.0,10.0,8.010995527587007e-125,8.010995527587007e-125,0.9982264112698896,0.0003344481605351171,0.0016722408026755853,0.0,8.010995527587006e-126,0.9665551839464883
tree,ifa,100.0,5,9,benign_consumer,9.988333299999999,0.33000007108103613,0.3333334044143694,0.9653939393939394,0.03485438973967485,0.0013333333333333335,0.0,0.03390378004796319,1.0,10.0,8.59899652879976e-146,8.59899652879976e-146,0.9982264112698896,0.0003344481605351171,0.0016722408026755853,0.0,8.598996528799762e-147,0.8662207357859532
tree,ifa,100.0,5,10,benign_consumer,9.988333299999999,0.3300000182723777,0.33333338493904435,0.9653333333333334,0.03453465963712433,0.0013333333333333335,0.0,0.033654002929029044,1.0,10.0,3.1282992813546417e-119,3.1282992813546417e-119,0.9982264112698896,0.0003344481605351171,0.0016722408026755853,0.0,3.1282992813546416e-120,0.9933110367892977
tree,ifa,100.0,5,11,benign_consumer,9.988333299999999,0.330000004384783,0.33333333771811635,0.9654242424242424,0.03458748962345826,0.0013333333333333335,0.0,0.03400725030241368,1.0,10.0,4.299498315087334e-145,4.299498315087334e-145,0.9982264112698896,0.0003344481605351171,0.0016722408026755853,0.0,4.299498315087335e-146,0.8695652173913043
